    0 8 00000001 cd09fdcc 0000001e 00000019
    1 8 00000002 cd09fdcc 0000002e 00000019
    2 8 00000003 cd09fdcc 0000003e 00000019
    3 8 00000004 cd09fdcc 0000004e 00000019
    4 8 00000005 cd09fdcc 0000005e 00000019
    5 8 00000006 cd09fdcc 0000006e 00000019
    6 8 00000007 cd09fdcc 0000007e 00000019
    7 8 00000008 cd09fdcc 0000008e 00000019
    8 8 00000009 cd09fdcc 0000009e 00000015
    9 8 0000000a cd09fdcc 0000000e 00000015
   10 9 00000001 cd09fd0c bf0fbc24 f4000000
   11 8 00000001 cd09fd0c 1b1a1918 00000010
   12 9 00000001 cd09fd0c bf0fbc24 f4000000
   13 8 00000001 cd09fd0c 1b1a1918 00000050
   14 9 00000002 cd09fd0c bf0fbc24 f4000000
   15 8 00000002 cd09fd0c 2b2a2928 00000010
   16 9 00000002 cd09fd0c bf0fbc24 f4000000
   17 8 00000002 cd09fd0c 2b2a2928 00000050
   18 9 00000003 cd09fd0c bf0fbc24 f4000000
   19 8 00000003 cd09fd0c 3b3a3938 00000010
   20 9 00000003 cd09fd0c bf0fbc24 f4000000
   21 8 00000003 cd09fd0c 3b3a3938 00000050
   22 9 00000004 cd09fd0c bf0fbc24 f4000000
   23 8 00000004 cd09fd0c 4b4a4948 00000010
   24 9 00000004 cd09fd0c bf0fbc24 f4000000
   25 8 00000004 cd09fd0c 4b4a4948 00000050
   26 9 00000005 cd09fd0c bf0fbc24 f4000000
   27 8 00000005 cd09fd0c 5b5a5958 00000010
   28 9 00000005 cd09fd0c bf0fbc24 f4000000
   29 8 00000005 cd09fd0c 5b5a5958 00000050
   30 9 00000006 cd09fd0c bf0fbc24 f4000000
   31 8 00000006 cd09fd0c 6b6a6968 00000010
   32 9 00000006 cd09fd0c bf0fbc24 f4000000
   33 8 00000006 cd09fd0c 6b6a6968 00000050
   34 9 00000007 cd09fd0c bf0fbc24 f4000000
   35 8 00000007 cd09fd0c 7b7a7978 00000010
   36 9 00000007 cd09fd0c bf0fbc24 f4000000
   37 8 00000007 cd09fd0c 7b7a7978 00000050
   38 9 00000008 cd09fd0c bf0fbc24 f4000000
   39 8 00000008 cd09fd0c 8b8a8988 00000010
   40 9 00000008 cd09fd0c bf0fbc24 f4000000
   41 8 00000008 cd09fd0c 8b8a8988 00000050
   42 9 00000009 cd09fd0c bf0fbc24 f4000000
   43 8 00000009 cd09fd0c 9b9a9998 00000010
   44 9 00000009 cd09fd0c bf0fbc24 f4000000
   45 8 00000009 cd09fd0c 9b9a9998 00000050
   46 9 00000009 cd09fd04 bf0fbc24 f4000000
   47 8 00000009 cd09fd04 9b9a9998 00000051
   48 9 0000000a cd09fd04 bf0fbc24 f4000000
   49 8 0000000a cd09fd04 0b0a0908 00000004
   50 c bf116308 bf11630c bf0fbc24 f4000000
   51 Q 00000000 00000000 00000000 f4000000
   52 Q 00000000 00000001 00000000 f4000000
   53 Q 00000001 00000000 00000000 f4000000
   54 Q 00000001 00000001 00000000 f4000000
   55 Q 00000002 00000000 00000000 f4000000
   56 Q 00000002 00000001 00000000 f4000000
   57 Q 00000003 00000000 00000000 f4000000
   58 Q 00000003 00000001 00000000 f4000000
   59 Q 00000004 00000000 00000000 f4000000
   60 Q 00000004 00000001 00000000 f4000000
   61 Q 00000005 00000000 00000000 f4000000
   62 Q 00000005 00000001 00000000 f4000000
   63 Q 00000006 00000000 00000000 f4000000
   64 Q 00000006 00000001 00000000 f4000000
   65 Q 00000007 00000000 00000000 f4000000
   66 Q 00000007 00000001 00000000 f4000000
   67 $ 0000000a 000000ff bf0fda04 f4000000
   68 a 00000001 00000001 bf0fd994 00000001
   69 k 00000001 0013dd00 bf0fd9b0 00000001
   70 M 00000001 040200ff bf0fd710 00000001
   71 x 00000001 00000002 bf0fd908 00000001
   72 o 00000002 00000000 bf0fbc40 f4000000
   73 = 00000000 00000008 bf0fbd58 f4000000
   74 l 00000000 00000000 00000001 00000320
   75 e 00000000 00000000 00000001 00000320
   76 f 00000000 00000000 00000320 00000320
   77 l 00000000 00000003 00000001 00000190
   78 e 00000000 00000003 00000001 00000190
   79 f 00000000 00000003 00000190 00000190
   80 l 00000000 00000004 00000001 00000190
   81 e 00000000 00000004 00000001 00000190
   82 f 00000000 00000004 00000190 00000190
   83 l 00000000 00000005 00000001 00000190
   84 e 00000000 00000005 00000001 00000190
   85 f 00000000 00000005 00000190 00000190
   86 l 00000000 00000006 00000001 000003e8
   87 e 00000000 00000006 00000001 000003e8
   88 f 00000000 00000006 000003e8 000003e8
   89 l 00000001 00000000 00000001 00000320
   90 e 00000001 00000000 00000001 00000320
   91 f 00000001 00000000 00000320 00000320
   92 l 00000001 00000003 00000001 00000190
   93 e 00000001 00000003 00000001 00000190
   94 f 00000001 00000003 00000190 00000190
   95 l 00000001 00000004 00000001 00000190
   96 e 00000001 00000004 00000001 00000190
   97 f 00000001 00000004 00000190 00000190
   98 l 00000001 00000005 00000001 00000190
   99 e 00000001 00000005 00000001 00000190
  100 f 00000001 00000005 00000190 00000190
  101 l 00000001 00000006 00000001 000003e8
  102 e 00000001 00000006 00000001 000003e8
  103 f 00000001 00000006 000003e8 000003e8
  104 J 00000000 00000000 00000007 00000000
  105 : 00000080 00000007 00000007 00000000
  106 J 00000000 00000001 00000007 00000000
  107 : 00000081 00000007 00000007 00000000
  108 J 00000000 00000002 00000006 00000000
  109 : 00000082 00000006 00000006 00000000
  110 J 00000000 0000002d 00000006 00000000
  111 : 000000ad 00000006 00000006 00000000
  112 J 00000000 0000002e 00000006 00000000
  113 : 000000ae 00000006 00000006 00000000
  114 J 00000000 0000002f 00000006 00000000
  115 : 000000af 00000006 00000006 00000000
  116 J 00000000 00000030 00000006 00000000
  117 : 000000b0 00000006 00000006 00000000
  118 J 00000000 00000008 00000006 00000000
  119 : 00000088 00000006 00000006 00000000
  120 J 00000000 00000009 00000006 00000000
  121 : 00000089 00000006 00000006 00000000
  122 J 00000000 0000000a 00000006 00000000
  123 : 0000008a 00000006 00000006 00000000
  124 J 00000000 0000000b 00000006 00000000
  125 : 0000008b 00000006 00000006 00000000
  126 J 00000000 0000000c 00000006 00000000
  127 : 0000008c 00000006 00000006 00000000
  128 J 00000000 00000010 00000006 00000000
  129 : 00000090 00000006 00000006 00000000
  130 J 00000000 00000011 00000006 00000000
  131 : 00000091 00000006 00000006 00000000
  132 J 00000000 00000012 00000006 00000000
  133 : 00000092 00000006 00000006 00000000
  134 J 00000000 00000013 00000006 00000000
  135 : 00000093 00000006 00000006 00000000
  136 J 00000000 00000014 00000006 00000000
  137 : 00000094 00000006 00000006 00000000
  138 J 00000000 00000015 00000006 00000000
  139 : 00000095 00000006 00000006 00000000
  140 J 00000000 00000016 00000006 00000000
  141 : 00000096 00000006 00000006 00000000
  142 J 00000000 0000001b 00000006 00000000
  143 : 0000009b 00000006 00000006 00000000
  144 J 00000000 0000001c 00000006 00000000
  145 : 0000009c 00000006 00000006 00000000
  146 J 00000000 0000001d 00000006 00000000
  147 : 0000009d 00000006 00000006 00000000
  148 J 00000000 0000001e 00000006 00000000
  149 : 0000009e 00000006 00000006 00000000
  150 J 00000000 0000001f 00000006 00000000
  151 : 0000009f 00000006 00000006 00000000
  152 J 00000000 00000020 00000006 00000000
  153 : 000000a0 00000006 00000006 00000000
  154 J 00000000 00000021 00000006 00000000
  155 : 000000a1 00000006 00000006 00000000
  156 J 00000000 00000022 00000006 00000000
  157 : 000000a2 00000006 00000006 00000000
  158 J 00000000 00000023 00000006 00000000
  159 : 000000a3 00000006 00000006 00000000
  160 J 00000000 00000024 00000006 00000000
  161 : 000000a4 00000006 00000006 00000000
  162 J 00000000 00000025 00000006 00000000
  163 : 000000a5 00000006 00000006 00000000
  164 J 00000000 00000026 00000006 00000000
  165 : 000000a6 00000006 00000006 00000000
  166 J 00000000 00000027 00000006 00000000
  167 : 000000a7 00000006 00000006 00000000
  168 J 00000000 00000028 00000006 00000000
  169 : 000000a8 00000006 00000006 00000000
  170 J 00000000 00000029 00000006 00000000
  171 : 000000a9 00000006 00000006 00000000
  172 J 00000000 0000002a 00000006 00000000
  173 : 000000aa 00000006 00000006 00000000
  174 J 00000000 0000002b 00000006 00000000
  175 : 000000ab 00000006 00000006 00000000
  176 J 00000000 00000048 00000006 00000000
  177 : 000000c8 00000006 00000006 00000000
  178 J 00000000 00000049 00000006 00000000
  179 : 000000c9 00000006 00000006 00000000
  180 J 00000000 0000002c 00000005 00000000
  181 : 000000ac 00000005 00000005 00000000
  182 J 00000000 00000053 00000005 00000000
  183 : 000000d3 00000005 00000005 00000000
  184 J 00000000 00000003 00000004 00000000
  185 : 00000083 00000004 00000004 00000000
  186 J 00000000 00000004 00000004 00000000
  187 : 00000084 00000004 00000004 00000000
  188 J 00000000 00000005 00000004 00000000
  189 : 00000085 00000004 00000004 00000000
  190 J 00000000 00000006 00000004 00000000
  191 : 00000086 00000004 00000004 00000000
  192 J 00000000 00000007 00000004 00000000
  193 : 00000087 00000004 00000004 00000000
  194 J 00000000 0000000d 00000004 00000000
  195 : 0000008d 00000004 00000004 00000000
  196 J 00000000 0000000e 00000004 00000000
  197 : 0000008e 00000004 00000004 00000000
  198 J 00000000 0000000f 00000004 00000000
  199 : 0000008f 00000004 00000004 00000000
  200 J 00000000 00000017 00000004 00000000
  201 : 00000097 00000004 00000004 00000000
  202 J 00000000 00000018 00000004 00000000
  203 : 00000098 00000004 00000004 00000000
  204 J 00000000 00000019 00000004 00000000
  205 : 00000099 00000004 00000004 00000000
  206 J 00000000 0000001a 00000004 00000000
  207 : 0000009a 00000004 00000004 00000000
  208 J 00000000 00000033 00000004 00000000
  209 : 000000b3 00000004 00000004 00000000
  210 J 00000000 00000034 00000004 00000000
  211 : 000000b4 00000004 00000004 00000000
  212 J 00000000 00000035 00000004 00000000
  213 : 000000b5 00000004 00000004 00000000
  214 J 00000000 00000036 00000004 00000000
  215 : 000000b6 00000004 00000004 00000000
  216 J 00000000 00000037 00000004 00000000
  217 : 000000b7 00000004 00000004 00000000
  218 J 00000000 00000038 00000004 00000000
  219 : 000000b8 00000004 00000004 00000000
  220 J 00000000 00000039 00000004 00000000
  221 : 000000b9 00000004 00000004 00000000
  222 J 00000000 0000003a 00000004 00000000
  223 : 000000ba 00000004 00000004 00000000
  224 J 00000000 0000003b 00000004 00000000
  225 : 000000bb 00000004 00000004 00000000
  226 J 00000000 0000003c 00000004 00000000
  227 : 000000bc 00000004 00000004 00000000
  228 J 00000000 0000003d 00000004 00000000
  229 : 000000bd 00000004 00000004 00000000
  230 J 00000000 0000003e 00000004 00000000
  231 : 000000be 00000004 00000004 00000000
  232 J 00000000 0000003f 00000004 00000000
  233 : 000000bf 00000004 00000004 00000000
  234 J 00000000 00000040 00000004 00000000
  235 : 000000c0 00000004 00000004 00000000
  236 J 00000000 00000041 00000004 00000000
  237 : 000000c1 00000004 00000004 00000000
  238 J 00000000 00000042 00000004 00000000
  239 : 000000c2 00000004 00000004 00000000
  240 J 00000000 00000043 00000004 00000000
  241 : 000000c3 00000004 00000004 00000000
  242 J 00000000 00000044 00000004 00000000
  243 : 000000c4 00000004 00000004 00000000
  244 J 00000000 00000045 00000004 00000000
  245 : 000000c5 00000004 00000004 00000000
  246 J 00000000 00000046 00000004 00000000
  247 : 000000c6 00000004 00000004 00000000
  248 J 00000000 0000004d 00000004 00000000
  249 : 000000cd 00000004 00000004 00000000
  250 J 00000000 0000004e 00000004 00000000
  251 : 000000ce 00000004 00000004 00000000
  252 J 00000000 0000004f 00000004 00000000
  253 : 000000cf 00000004 00000004 00000000
  254 J 00000000 00000055 00000004 00000000
  255 : 000000d5 00000004 00000004 00000000
  256 J 00000000 00000058 00000004 00000000
  257 : 000000d8 00000004 00000004 00000000
  258 J 00000000 00000059 00000004 00000000
  259 : 000000d9 00000004 00000004 00000000
  260 J 00000000 0000005a 00000004 00000000
  261 : 000000da 00000004 00000004 00000000
  262 J 00000000 0000005b 00000004 00000000
  263 : 000000db 00000004 00000004 00000000
  264 J 00000000 0000005c 00000004 00000000
  265 : 000000dc 00000004 00000004 00000000
  266 J 00000000 0000005d 00000004 00000000
  267 : 000000dd 00000004 00000004 00000000
  268 J 00000000 0000005e 00000004 00000000
  269 : 000000de 00000004 00000004 00000000
  270 J 00000000 0000005f 00000004 00000000
  271 : 000000df 00000004 00000004 00000000
  272 J 00000000 00000062 00000004 00000000
  273 : 000000e2 00000004 00000004 00000000
  274 J 00000000 00000063 00000004 00000000
  275 : 000000e3 00000004 00000004 00000000
  276 J 00000000 00000064 00000004 00000000
  277 : 000000e4 00000004 00000004 00000000
  278 J 00000000 00000065 00000004 00000000
  279 : 000000e5 00000004 00000004 00000000
  280 J 00000000 00000066 00000004 00000000
  281 : 000000e6 00000004 00000004 00000000
  282 J 00000000 00000067 00000004 00000000
  283 : 000000e7 00000004 00000004 00000000
  284 J 00000000 00000068 00000004 00000000
  285 : 000000e8 00000004 00000004 00000000
  286 J 00000000 00000069 00000004 00000000
  287 : 000000e9 00000004 00000004 00000000
  288 J 00000000 0000006a 00000004 00000000
  289 : 000000ea 00000004 00000004 00000000
  290 J 00000000 0000006b 00000004 00000000
  291 : 000000eb 00000004 00000004 00000000
  292 J 00000000 0000006c 00000004 00000000
  293 : 000000ec 00000004 00000004 00000000
  294 J 00000000 0000006d 00000004 00000000
  295 : 000000ed 00000004 00000004 00000000
  296 J 00000000 0000006e 00000004 00000000
  297 : 000000ee 00000004 00000004 00000000
  298 J 00000000 0000006f 00000004 00000000
  299 : 000000ef 00000004 00000004 00000000
  300 J 00000000 00000070 00000004 00000000
  301 : 000000f0 00000004 00000004 00000000
  302 J 00000000 00000071 00000004 00000000
  303 : 000000f1 00000004 00000004 00000000
  304 J 00000000 00000072 00000004 00000000
  305 : 000000f2 00000004 00000004 00000000
  306 J 00000000 00000073 00000004 00000000
  307 : 000000f3 00000004 00000004 00000000
  308 J 00000000 00000074 00000004 00000000
  309 : 000000f4 00000004 00000004 00000000
  310 J 00000000 00000075 00000004 00000000
  311 : 000000f5 00000004 00000004 00000000
  312 J 00000000 00000076 00000004 00000000
  313 : 000000f6 00000004 00000004 00000000
  314 J 00000000 00000077 00000004 00000000
  315 : 000000f7 00000004 00000004 00000000
  316 J 00000000 00000078 00000004 00000000
  317 : 000000f8 00000004 00000004 00000000
  318 J 00000000 00000079 00000004 00000000
  319 : 000000f9 00000004 00000004 00000000
  320 J 00000000 0000007a 00000004 00000000
  321 : 000000fa 00000004 00000004 00000000
  322 J 00000000 0000007b 00000004 00000000
  323 : 000000fb 00000004 00000004 00000000
  324 J 00000000 0000007c 00000004 00000000
  325 : 000000fc 00000004 00000004 00000000
  326 J 00000000 0000007d 00000004 00000000
  327 : 000000fd 00000004 00000004 00000000
  328 J 00000000 0000007e 00000004 00000000
  329 : 000000fe 00000004 00000004 00000000
  330 J 00000000 0000007f 00000004 00000000
  331 : 000000ff 00000004 00000004 00000000
  332 J 00000000 00000032 00000004 00000000
  333 : 000000b2 00000004 00000004 00000000
  334 J 00000000 00000047 00000003 00000000
  335 : 000000c7 00000003 00000003 00000000
  336 J 00000000 00000031 00000003 00000000
  337 : 000000b1 00000003 00000003 00000000
  338 J 00000000 00000050 00000003 00000000
  339 : 000000d0 00000003 00000003 00000000
  340 J 00000000 00000051 00000003 00000000
  341 : 000000d1 00000003 00000003 00000000
  342 J 00000000 00000052 00000003 00000000
  343 : 000000d2 00000003 00000003 00000000
  344 J 00000000 00000054 00000003 00000000
  345 : 000000d4 00000003 00000003 00000000
  346 J 00000000 00000056 00000003 00000000
  347 : 000000d6 00000003 00000003 00000000
  348 J 00000000 00000057 00000003 00000000
  349 : 000000d7 00000003 00000003 00000000
  350 J 00000000 0000004b 00000002 00000000
  351 : 000000cb 00000002 00000002 00000000
  352 J 00000000 0000004c 00000001 00000000
  353 : 000000cc 00000001 00000001 00000000
  354 J 00000000 00000060 00000001 00000000
  355 : 000000e0 00000001 00000001 00000000
  356 J 00000000 00000061 00000001 00000000
  357 : 000000e1 00000001 00000001 00000000
  358 J 00000000 0000004a 00000000 00000000
  359 : 000000ca 00000000 00000000 00000000
  360 J 00000000 00000000 00000007 00000001
  361 : 00000080 00000007 00000007 00000000
  362 J 00000000 00000001 00000007 00000001
  363 : 00000081 00000007 00000007 00000000
  364 J 00000000 00000002 00000006 00000001
  365 : 00000082 00000006 00000006 00000000
  366 J 00000000 0000002d 00000006 00000001
  367 : 000000ad 00000006 00000006 00000000
  368 J 00000000 0000002e 00000006 00000001
  369 : 000000ae 00000006 00000006 00000000
  370 J 00000000 0000002f 00000006 00000001
  371 : 000000af 00000006 00000006 00000000
  372 J 00000000 00000030 00000006 00000001
  373 : 000000b0 00000006 00000006 00000000
  374 J 00000000 00000008 00000006 00000001
  375 : 00000088 00000006 00000006 00000000
  376 J 00000000 00000009 00000006 00000001
  377 : 00000089 00000006 00000006 00000000
  378 J 00000000 0000000a 00000006 00000001
  379 : 0000008a 00000006 00000006 00000000
  380 J 00000000 0000000b 00000006 00000001
  381 : 0000008b 00000006 00000006 00000000
  382 J 00000000 0000000c 00000006 00000001
  383 : 0000008c 00000006 00000006 00000000
  384 J 00000000 00000010 00000006 00000001
  385 : 00000090 00000006 00000006 00000000
  386 J 00000000 00000011 00000006 00000001
  387 : 00000091 00000006 00000006 00000000
  388 J 00000000 00000012 00000006 00000001
  389 : 00000092 00000006 00000006 00000000
  390 J 00000000 00000013 00000006 00000001
  391 : 00000093 00000006 00000006 00000000
  392 J 00000000 00000014 00000006 00000001
  393 : 00000094 00000006 00000006 00000000
  394 J 00000000 00000015 00000006 00000001
  395 : 00000095 00000006 00000006 00000000
  396 J 00000000 00000016 00000006 00000001
  397 : 00000096 00000006 00000006 00000000
  398 J 00000000 0000001b 00000006 00000001
  399 : 0000009b 00000006 00000006 00000000
  400 J 00000000 0000001c 00000006 00000001
  401 : 0000009c 00000006 00000006 00000000
  402 J 00000000 0000001d 00000006 00000001
  403 : 0000009d 00000006 00000006 00000000
  404 J 00000000 0000001e 00000006 00000001
  405 : 0000009e 00000006 00000006 00000000
  406 J 00000000 0000001f 00000006 00000001
  407 : 0000009f 00000006 00000006 00000000
  408 J 00000000 00000020 00000006 00000001
  409 : 000000a0 00000006 00000006 00000000
  410 J 00000000 00000021 00000006 00000001
  411 : 000000a1 00000006 00000006 00000000
  412 J 00000000 00000022 00000006 00000001
  413 : 000000a2 00000006 00000006 00000000
  414 J 00000000 00000023 00000006 00000001
  415 : 000000a3 00000006 00000006 00000000
  416 J 00000000 00000024 00000006 00000001
  417 : 000000a4 00000006 00000006 00000000
  418 J 00000000 00000025 00000006 00000001
  419 : 000000a5 00000006 00000006 00000000
  420 J 00000000 00000026 00000006 00000001
  421 : 000000a6 00000006 00000006 00000000
  422 J 00000000 00000027 00000006 00000001
  423 : 000000a7 00000006 00000006 00000000
  424 J 00000000 00000028 00000006 00000001
  425 : 000000a8 00000006 00000006 00000000
  426 J 00000000 00000029 00000006 00000001
  427 : 000000a9 00000006 00000006 00000000
  428 J 00000000 0000002a 00000006 00000001
  429 : 000000aa 00000006 00000006 00000000
  430 J 00000000 0000002b 00000006 00000001
  431 : 000000ab 00000006 00000006 00000000
  432 J 00000000 00000048 00000006 00000001
  433 : 000000c8 00000006 00000006 00000000
  434 J 00000000 00000049 00000006 00000001
  435 : 000000c9 00000006 00000006 00000000
  436 J 00000000 0000002c 00000005 00000001
  437 : 000000ac 00000005 00000005 00000000
  438 J 00000000 00000053 00000005 00000001
  439 : 000000d3 00000005 00000005 00000000
  440 J 00000000 00000003 00000004 00000001
  441 : 00000083 00000004 00000004 00000000
  442 J 00000000 00000004 00000004 00000001
  443 : 00000084 00000004 00000004 00000000
  444 J 00000000 00000005 00000004 00000001
  445 : 00000085 00000004 00000004 00000000
  446 J 00000000 00000006 00000004 00000001
  447 : 00000086 00000004 00000004 00000000
  448 J 00000000 00000007 00000004 00000001
  449 : 00000087 00000004 00000004 00000000
  450 J 00000000 0000000d 00000004 00000001
  451 : 0000008d 00000004 00000004 00000000
  452 J 00000000 0000000e 00000004 00000001
  453 : 0000008e 00000004 00000004 00000000
  454 J 00000000 0000000f 00000004 00000001
  455 : 0000008f 00000004 00000004 00000000
  456 J 00000000 00000017 00000004 00000001
  457 : 00000097 00000004 00000004 00000000
  458 J 00000000 00000018 00000004 00000001
  459 : 00000098 00000004 00000004 00000000
  460 J 00000000 00000019 00000004 00000001
  461 : 00000099 00000004 00000004 00000000
  462 J 00000000 0000001a 00000004 00000001
  463 : 0000009a 00000004 00000004 00000000
  464 J 00000000 00000033 00000004 00000001
  465 : 000000b3 00000004 00000004 00000000
  466 J 00000000 00000034 00000004 00000001
  467 : 000000b4 00000004 00000004 00000000
  468 J 00000000 00000035 00000004 00000001
  469 : 000000b5 00000004 00000004 00000000
  470 J 00000000 00000036 00000004 00000001
  471 : 000000b6 00000004 00000004 00000000
  472 J 00000000 00000037 00000004 00000001
  473 : 000000b7 00000004 00000004 00000000
  474 J 00000000 00000038 00000004 00000001
  475 : 000000b8 00000004 00000004 00000000
  476 J 00000000 00000039 00000004 00000001
  477 : 000000b9 00000004 00000004 00000000
  478 J 00000000 0000003a 00000004 00000001
  479 : 000000ba 00000004 00000004 00000000
  480 J 00000000 0000003b 00000004 00000001
  481 : 000000bb 00000004 00000004 00000000
  482 J 00000000 0000003c 00000004 00000001
  483 : 000000bc 00000004 00000004 00000000
  484 J 00000000 0000003d 00000004 00000001
  485 : 000000bd 00000004 00000004 00000000
  486 J 00000000 0000003e 00000004 00000001
  487 : 000000be 00000004 00000004 00000000
  488 J 00000000 0000003f 00000004 00000001
  489 : 000000bf 00000004 00000004 00000000
  490 J 00000000 00000040 00000004 00000001
  491 : 000000c0 00000004 00000004 00000000
  492 J 00000000 00000041 00000004 00000001
  493 : 000000c1 00000004 00000004 00000000
  494 J 00000000 00000042 00000004 00000001
  495 : 000000c2 00000004 00000004 00000000
  496 J 00000000 00000043 00000004 00000001
  497 : 000000c3 00000004 00000004 00000000
  498 J 00000000 00000044 00000004 00000001
  499 : 000000c4 00000004 00000004 00000000
  500 J 00000000 00000045 00000004 00000001
  501 : 000000c5 00000004 00000004 00000000
  502 J 00000000 00000046 00000004 00000001
  503 : 000000c6 00000004 00000004 00000000
  504 J 00000000 0000004d 00000004 00000001
  505 : 000000cd 00000004 00000004 00000000
  506 J 00000000 0000004e 00000004 00000001
  507 : 000000ce 00000004 00000004 00000000
  508 J 00000000 0000004f 00000004 00000001
  509 : 000000cf 00000004 00000004 00000000
  510 J 00000000 00000055 00000004 00000001
  511 : 000000d5 00000004 00000004 00000000
  512 J 00000000 00000058 00000004 00000001
  513 : 000000d8 00000004 00000004 00000000
  514 J 00000000 00000059 00000004 00000001
  515 : 000000d9 00000004 00000004 00000000
  516 J 00000000 0000005a 00000004 00000001
  517 : 000000da 00000004 00000004 00000000
  518 J 00000000 0000005b 00000004 00000001
  519 : 000000db 00000004 00000004 00000000
  520 J 00000000 0000005c 00000004 00000001
  521 : 000000dc 00000004 00000004 00000000
  522 J 00000000 0000005d 00000004 00000001
  523 : 000000dd 00000004 00000004 00000000
  524 J 00000000 0000005e 00000004 00000001
  525 : 000000de 00000004 00000004 00000000
  526 J 00000000 0000005f 00000004 00000001
  527 : 000000df 00000004 00000004 00000000
  528 J 00000000 00000062 00000004 00000001
  529 : 000000e2 00000004 00000004 00000000
  530 J 00000000 00000063 00000004 00000001
  531 : 000000e3 00000004 00000004 00000000
  532 J 00000000 00000064 00000004 00000001
  533 : 000000e4 00000004 00000004 00000000
  534 J 00000000 00000065 00000004 00000001
  535 : 000000e5 00000004 00000004 00000000
  536 J 00000000 00000066 00000004 00000001
  537 : 000000e6 00000004 00000004 00000000
  538 J 00000000 00000067 00000004 00000001
  539 : 000000e7 00000004 00000004 00000000
  540 J 00000000 00000068 00000004 00000001
  541 : 000000e8 00000004 00000004 00000000
  542 J 00000000 00000069 00000004 00000001
  543 : 000000e9 00000004 00000004 00000000
  544 J 00000000 0000006a 00000004 00000001
  545 : 000000ea 00000004 00000004 00000000
  546 J 00000000 0000006b 00000004 00000001
  547 : 000000eb 00000004 00000004 00000000
  548 J 00000000 0000006c 00000004 00000001
  549 : 000000ec 00000004 00000004 00000000
  550 J 00000000 0000006d 00000004 00000001
  551 : 000000ed 00000004 00000004 00000000
  552 J 00000000 0000006e 00000004 00000001
  553 : 000000ee 00000004 00000004 00000000
  554 J 00000000 0000006f 00000004 00000001
  555 : 000000ef 00000004 00000004 00000000
  556 J 00000000 00000070 00000004 00000001
  557 : 000000f0 00000004 00000004 00000000
  558 J 00000000 00000071 00000004 00000001
  559 : 000000f1 00000004 00000004 00000000
  560 J 00000000 00000072 00000004 00000001
  561 : 000000f2 00000004 00000004 00000000
  562 J 00000000 00000073 00000004 00000001
  563 : 000000f3 00000004 00000004 00000000
  564 J 00000000 00000074 00000004 00000001
  565 : 000000f4 00000004 00000004 00000000
  566 J 00000000 00000075 00000004 00000001
  567 : 000000f5 00000004 00000004 00000000
  568 J 00000000 00000076 00000004 00000001
  569 : 000000f6 00000004 00000004 00000000
  570 J 00000000 00000077 00000004 00000001
  571 : 000000f7 00000004 00000004 00000000
  572 J 00000000 00000078 00000004 00000001
  573 : 000000f8 00000004 00000004 00000000
  574 J 00000000 00000079 00000004 00000001
  575 : 000000f9 00000004 00000004 00000000
  576 J 00000000 0000007a 00000004 00000001
  577 : 000000fa 00000004 00000004 00000000
  578 J 00000000 0000007b 00000004 00000001
  579 : 000000fb 00000004 00000004 00000000
  580 J 00000000 0000007c 00000004 00000001
  581 : 000000fc 00000004 00000004 00000000
  582 J 00000000 0000007d 00000004 00000001
  583 : 000000fd 00000004 00000004 00000000
  584 J 00000000 0000007e 00000004 00000001
  585 : 000000fe 00000004 00000004 00000000
  586 J 00000000 0000007f 00000004 00000001
  587 : 000000ff 00000004 00000004 00000000
  588 J 00000000 00000032 00000004 00000001
  589 : 000000b2 00000004 00000004 00000000
  590 J 00000000 00000047 00000003 00000001
  591 : 000000c7 00000003 00000003 00000000
  592 J 00000000 00000031 00000003 00000001
  593 : 000000b1 00000003 00000003 00000000
  594 J 00000000 00000050 00000003 00000001
  595 : 000000d0 00000003 00000003 00000000
  596 J 00000000 00000051 00000003 00000001
  597 : 000000d1 00000003 00000003 00000000
  598 J 00000000 00000052 00000003 00000001
  599 : 000000d2 00000003 00000003 00000000
  600 J 00000000 00000054 00000003 00000001
  601 : 000000d4 00000003 00000003 00000000
  602 J 00000000 00000056 00000003 00000001
  603 : 000000d6 00000003 00000003 00000000
  604 J 00000000 00000057 00000003 00000001
  605 : 000000d7 00000003 00000003 00000000
  606 J 00000000 0000004b 00000002 00000001
  607 : 000000cb 00000002 00000002 00000000
  608 J 00000000 0000004c 00000001 00000001
  609 : 000000cc 00000001 00000001 00000000
  610 J 00000000 00000060 00000001 00000001
  611 : 000000e0 00000001 00000001 00000000
  612 J 00000000 00000061 00000001 00000001
  613 : 000000e1 00000001 00000001 00000000
  614 J 00000000 0000004a 00000000 00000001
  615 : 000000ca 00000000 00000000 00000000
  616 J 00000001 00000000 00000007 00000000
  617 : 00000100 00000007 00000007 00000001
  618 J 00000001 00000001 00000007 00000000
  619 : 00000101 00000007 00000007 00000001
  620 J 00000001 00000002 00000006 00000000
  621 : 00000102 00000006 00000006 00000001
  622 J 00000001 0000002d 00000006 00000000
  623 : 0000012d 00000006 00000006 00000001
  624 J 00000001 0000002e 00000006 00000000
  625 : 0000012e 00000006 00000006 00000001
  626 J 00000001 0000002f 00000006 00000000
  627 : 0000012f 00000006 00000006 00000001
  628 J 00000001 00000030 00000006 00000000
  629 : 00000130 00000006 00000006 00000001
  630 J 00000001 00000008 00000006 00000000
  631 : 00000108 00000006 00000006 00000001
  632 J 00000001 00000009 00000006 00000000
  633 : 00000109 00000006 00000006 00000001
  634 J 00000001 0000000a 00000006 00000000
  635 : 0000010a 00000006 00000006 00000001
  636 J 00000001 0000000b 00000006 00000000
  637 : 0000010b 00000006 00000006 00000001
  638 J 00000001 0000000c 00000006 00000000
  639 : 0000010c 00000006 00000006 00000001
  640 J 00000001 00000010 00000006 00000000
  641 : 00000110 00000006 00000006 00000001
  642 J 00000001 00000011 00000006 00000000
  643 : 00000111 00000006 00000006 00000001
  644 J 00000001 00000012 00000006 00000000
  645 : 00000112 00000006 00000006 00000001
  646 J 00000001 00000013 00000006 00000000
  647 : 00000113 00000006 00000006 00000001
  648 J 00000001 00000014 00000006 00000000
  649 : 00000114 00000006 00000006 00000001
  650 J 00000001 00000015 00000006 00000000
  651 : 00000115 00000006 00000006 00000001
  652 J 00000001 00000016 00000006 00000000
  653 : 00000116 00000006 00000006 00000001
  654 J 00000001 0000001b 00000006 00000000
  655 : 0000011b 00000006 00000006 00000001
  656 J 00000001 0000001c 00000006 00000000
  657 : 0000011c 00000006 00000006 00000001
  658 J 00000001 0000001d 00000006 00000000
  659 : 0000011d 00000006 00000006 00000001
  660 J 00000001 0000001e 00000006 00000000
  661 : 0000011e 00000006 00000006 00000001
  662 J 00000001 0000001f 00000006 00000000
  663 : 0000011f 00000006 00000006 00000001
  664 J 00000001 00000020 00000006 00000000
  665 : 00000120 00000006 00000006 00000001
  666 J 00000001 00000021 00000006 00000000
  667 : 00000121 00000006 00000006 00000001
  668 J 00000001 00000022 00000006 00000000
  669 : 00000122 00000006 00000006 00000001
  670 J 00000001 00000023 00000006 00000000
  671 : 00000123 00000006 00000006 00000001
  672 J 00000001 00000024 00000006 00000000
  673 : 00000124 00000006 00000006 00000001
  674 J 00000001 00000025 00000006 00000000
  675 : 00000125 00000006 00000006 00000001
  676 J 00000001 00000026 00000006 00000000
  677 : 00000126 00000006 00000006 00000001
  678 J 00000001 00000027 00000006 00000000
  679 : 00000127 00000006 00000006 00000001
  680 J 00000001 00000028 00000006 00000000
  681 : 00000128 00000006 00000006 00000001
  682 J 00000001 00000029 00000006 00000000
  683 : 00000129 00000006 00000006 00000001
  684 J 00000001 0000002a 00000006 00000000
  685 : 0000012a 00000006 00000006 00000001
  686 J 00000001 0000002b 00000006 00000000
  687 : 0000012b 00000006 00000006 00000001
  688 J 00000001 00000048 00000006 00000000
  689 : 00000148 00000006 00000006 00000001
  690 J 00000001 00000049 00000006 00000000
  691 : 00000149 00000006 00000006 00000001
  692 J 00000001 0000002c 00000005 00000000
  693 : 0000012c 00000005 00000005 00000001
  694 J 00000001 00000053 00000005 00000000
  695 : 00000153 00000005 00000005 00000001
  696 J 00000001 00000003 00000004 00000000
  697 : 00000103 00000004 00000004 00000001
  698 J 00000001 00000004 00000004 00000000
  699 : 00000104 00000004 00000004 00000001
  700 J 00000001 00000005 00000004 00000000
  701 : 00000105 00000004 00000004 00000001
  702 J 00000001 00000006 00000004 00000000
  703 : 00000106 00000004 00000004 00000001
  704 J 00000001 00000007 00000004 00000000
  705 : 00000107 00000004 00000004 00000001
  706 J 00000001 0000000d 00000004 00000000
  707 : 0000010d 00000004 00000004 00000001
  708 J 00000001 0000000e 00000004 00000000
  709 : 0000010e 00000004 00000004 00000001
  710 J 00000001 0000000f 00000004 00000000
  711 : 0000010f 00000004 00000004 00000001
  712 J 00000001 00000017 00000004 00000000
  713 : 00000117 00000004 00000004 00000001
  714 J 00000001 00000018 00000004 00000000
  715 : 00000118 00000004 00000004 00000001
  716 J 00000001 00000019 00000004 00000000
  717 : 00000119 00000004 00000004 00000001
  718 J 00000001 0000001a 00000004 00000000
  719 : 0000011a 00000004 00000004 00000001
  720 J 00000001 00000033 00000004 00000000
  721 : 00000133 00000004 00000004 00000001
  722 J 00000001 00000034 00000004 00000000
  723 : 00000134 00000004 00000004 00000001
  724 J 00000001 00000035 00000004 00000000
  725 : 00000135 00000004 00000004 00000001
  726 J 00000001 00000036 00000004 00000000
  727 : 00000136 00000004 00000004 00000001
  728 J 00000001 00000037 00000004 00000000
  729 : 00000137 00000004 00000004 00000001
  730 J 00000001 00000038 00000004 00000000
  731 : 00000138 00000004 00000004 00000001
  732 J 00000001 00000039 00000004 00000000
  733 : 00000139 00000004 00000004 00000001
  734 J 00000001 0000003a 00000004 00000000
  735 : 0000013a 00000004 00000004 00000001
  736 J 00000001 0000003b 00000004 00000000
  737 : 0000013b 00000004 00000004 00000001
  738 J 00000001 0000003c 00000004 00000000
  739 : 0000013c 00000004 00000004 00000001
  740 J 00000001 0000003d 00000004 00000000
  741 : 0000013d 00000004 00000004 00000001
  742 J 00000001 0000003e 00000004 00000000
  743 : 0000013e 00000004 00000004 00000001
  744 J 00000001 0000003f 00000004 00000000
  745 : 0000013f 00000004 00000004 00000001
  746 J 00000001 00000040 00000004 00000000
  747 : 00000140 00000004 00000004 00000001
  748 J 00000001 00000041 00000004 00000000
  749 : 00000141 00000004 00000004 00000001
  750 J 00000001 00000042 00000004 00000000
  751 : 00000142 00000004 00000004 00000001
  752 J 00000001 00000043 00000004 00000000
  753 : 00000143 00000004 00000004 00000001
  754 J 00000001 00000044 00000004 00000000
  755 : 00000144 00000004 00000004 00000001
  756 J 00000001 00000045 00000004 00000000
  757 : 00000145 00000004 00000004 00000001
  758 J 00000001 00000046 00000004 00000000
  759 : 00000146 00000004 00000004 00000001
  760 J 00000001 0000004d 00000004 00000000
  761 : 0000014d 00000004 00000004 00000001
  762 J 00000001 0000004e 00000004 00000000
  763 : 0000014e 00000004 00000004 00000001
  764 J 00000001 0000004f 00000004 00000000
  765 : 0000014f 00000004 00000004 00000001
  766 J 00000001 00000055 00000004 00000000
  767 : 00000155 00000004 00000004 00000001
  768 J 00000001 00000058 00000004 00000000
  769 : 00000158 00000004 00000004 00000001
  770 J 00000001 00000059 00000004 00000000
  771 : 00000159 00000004 00000004 00000001
  772 J 00000001 0000005a 00000004 00000000
  773 : 0000015a 00000004 00000004 00000001
  774 J 00000001 0000005b 00000004 00000000
  775 : 0000015b 00000004 00000004 00000001
  776 J 00000001 0000005c 00000004 00000000
  777 : 0000015c 00000004 00000004 00000001
  778 J 00000001 0000005d 00000004 00000000
  779 : 0000015d 00000004 00000004 00000001
  780 J 00000001 0000005e 00000004 00000000
  781 : 0000015e 00000004 00000004 00000001
  782 J 00000001 0000005f 00000004 00000000
  783 : 0000015f 00000004 00000004 00000001
  784 J 00000001 00000062 00000004 00000000
  785 : 00000162 00000004 00000004 00000001
  786 J 00000001 00000063 00000004 00000000
  787 : 00000163 00000004 00000004 00000001
  788 J 00000001 00000064 00000004 00000000
  789 : 00000164 00000004 00000004 00000001
  790 J 00000001 00000065 00000004 00000000
  791 : 00000165 00000004 00000004 00000001
  792 J 00000001 00000066 00000004 00000000
  793 : 00000166 00000004 00000004 00000001
  794 J 00000001 00000067 00000004 00000000
  795 : 00000167 00000004 00000004 00000001
  796 J 00000001 00000068 00000004 00000000
  797 : 00000168 00000004 00000004 00000001
  798 J 00000001 00000069 00000004 00000000
  799 : 00000169 00000004 00000004 00000001
  800 J 00000001 0000006a 00000004 00000000
  801 : 0000016a 00000004 00000004 00000001
  802 J 00000001 0000006b 00000004 00000000
  803 : 0000016b 00000004 00000004 00000001
  804 J 00000001 0000006c 00000004 00000000
  805 : 0000016c 00000004 00000004 00000001
  806 J 00000001 0000006d 00000004 00000000
  807 : 0000016d 00000004 00000004 00000001
  808 J 00000001 0000006e 00000004 00000000
  809 : 0000016e 00000004 00000004 00000001
  810 J 00000001 0000006f 00000004 00000000
  811 : 0000016f 00000004 00000004 00000001
  812 J 00000001 00000070 00000004 00000000
  813 : 00000170 00000004 00000004 00000001
  814 J 00000001 00000071 00000004 00000000
  815 : 00000171 00000004 00000004 00000001
  816 J 00000001 00000072 00000004 00000000
  817 : 00000172 00000004 00000004 00000001
  818 J 00000001 00000073 00000004 00000000
  819 : 00000173 00000004 00000004 00000001
  820 J 00000001 00000074 00000004 00000000
  821 : 00000174 00000004 00000004 00000001
  822 J 00000001 00000075 00000004 00000000
  823 : 00000175 00000004 00000004 00000001
  824 J 00000001 00000076 00000004 00000000
  825 : 00000176 00000004 00000004 00000001
  826 J 00000001 00000077 00000004 00000000
  827 : 00000177 00000004 00000004 00000001
  828 J 00000001 00000078 00000004 00000000
  829 : 00000178 00000004 00000004 00000001
  830 J 00000001 00000079 00000004 00000000
  831 : 00000179 00000004 00000004 00000001
  832 J 00000001 0000007a 00000004 00000000
  833 : 0000017a 00000004 00000004 00000001
  834 J 00000001 0000007b 00000004 00000000
  835 : 0000017b 00000004 00000004 00000001
  836 J 00000001 0000007c 00000004 00000000
  837 : 0000017c 00000004 00000004 00000001
  838 J 00000001 0000007d 00000004 00000000
  839 : 0000017d 00000004 00000004 00000001
  840 J 00000001 0000007e 00000004 00000000
  841 : 0000017e 00000004 00000004 00000001
  842 J 00000001 0000007f 00000004 00000000
  843 : 0000017f 00000004 00000004 00000001
  844 J 00000001 00000032 00000004 00000000
  845 : 00000132 00000004 00000004 00000001
  846 J 00000001 00000047 00000003 00000000
  847 : 00000147 00000003 00000003 00000001
  848 J 00000001 00000031 00000003 00000000
  849 : 00000131 00000003 00000003 00000001
  850 J 00000001 00000050 00000003 00000000
  851 : 00000150 00000003 00000003 00000001
  852 J 00000001 00000051 00000003 00000000
  853 : 00000151 00000003 00000003 00000001
  854 J 00000001 00000052 00000003 00000000
  855 : 00000152 00000003 00000003 00000001
  856 J 00000001 00000054 00000003 00000000
  857 : 00000154 00000003 00000003 00000001
  858 J 00000001 00000056 00000003 00000000
  859 : 00000156 00000003 00000003 00000001
  860 J 00000001 00000057 00000003 00000000
  861 : 00000157 00000003 00000003 00000001
  862 J 00000001 0000004b 00000002 00000000
  863 : 0000014b 00000002 00000002 00000001
  864 J 00000001 0000004c 00000001 00000000
  865 : 0000014c 00000001 00000001 00000001
  866 J 00000001 00000060 00000001 00000000
  867 : 00000160 00000001 00000001 00000001
  868 J 00000001 00000061 00000001 00000000
  869 : 00000161 00000001 00000001 00000001
  870 J 00000001 0000004a 00000000 00000000
  871 : 0000014a 00000000 00000000 00000001
  872 J 00000001 00000000 00000007 00000001
  873 : 00000100 00000007 00000007 00000001
  874 J 00000001 00000001 00000007 00000001
  875 : 00000101 00000007 00000007 00000001
  876 J 00000001 00000002 00000006 00000001
  877 : 00000102 00000006 00000006 00000001
  878 J 00000001 0000002d 00000006 00000001
  879 : 0000012d 00000006 00000006 00000001
  880 J 00000001 0000002e 00000006 00000001
  881 : 0000012e 00000006 00000006 00000001
  882 J 00000001 0000002f 00000006 00000001
  883 : 0000012f 00000006 00000006 00000001
  884 J 00000001 00000030 00000006 00000001
  885 : 00000130 00000006 00000006 00000001
  886 J 00000001 00000008 00000006 00000001
  887 : 00000108 00000006 00000006 00000001
  888 J 00000001 00000009 00000006 00000001
  889 : 00000109 00000006 00000006 00000001
  890 J 00000001 0000000a 00000006 00000001
  891 : 0000010a 00000006 00000006 00000001
  892 J 00000001 0000000b 00000006 00000001
  893 : 0000010b 00000006 00000006 00000001
  894 J 00000001 0000000c 00000006 00000001
  895 : 0000010c 00000006 00000006 00000001
  896 J 00000001 00000010 00000006 00000001
  897 : 00000110 00000006 00000006 00000001
  898 J 00000001 00000011 00000006 00000001
  899 : 00000111 00000006 00000006 00000001
  900 J 00000001 00000012 00000006 00000001
  901 : 00000112 00000006 00000006 00000001
  902 J 00000001 00000013 00000006 00000001
  903 : 00000113 00000006 00000006 00000001
  904 J 00000001 00000014 00000006 00000001
  905 : 00000114 00000006 00000006 00000001
  906 J 00000001 00000015 00000006 00000001
  907 : 00000115 00000006 00000006 00000001
  908 J 00000001 00000016 00000006 00000001
  909 : 00000116 00000006 00000006 00000001
  910 J 00000001 0000001b 00000006 00000001
  911 : 0000011b 00000006 00000006 00000001
  912 J 00000001 0000001c 00000006 00000001
  913 : 0000011c 00000006 00000006 00000001
  914 J 00000001 0000001d 00000006 00000001
  915 : 0000011d 00000006 00000006 00000001
  916 J 00000001 0000001e 00000006 00000001
  917 : 0000011e 00000006 00000006 00000001
  918 J 00000001 0000001f 00000006 00000001
  919 : 0000011f 00000006 00000006 00000001
  920 J 00000001 00000020 00000006 00000001
  921 : 00000120 00000006 00000006 00000001
  922 J 00000001 00000021 00000006 00000001
  923 : 00000121 00000006 00000006 00000001
  924 J 00000001 00000022 00000006 00000001
  925 : 00000122 00000006 00000006 00000001
  926 J 00000001 00000023 00000006 00000001
  927 : 00000123 00000006 00000006 00000001
  928 J 00000001 00000024 00000006 00000001
  929 : 00000124 00000006 00000006 00000001
  930 J 00000001 00000025 00000006 00000001
  931 : 00000125 00000006 00000006 00000001
  932 J 00000001 00000026 00000006 00000001
  933 : 00000126 00000006 00000006 00000001
  934 J 00000001 00000027 00000006 00000001
  935 : 00000127 00000006 00000006 00000001
  936 J 00000001 00000028 00000006 00000001
  937 : 00000128 00000006 00000006 00000001
  938 J 00000001 00000029 00000006 00000001
  939 : 00000129 00000006 00000006 00000001
  940 J 00000001 0000002a 00000006 00000001
  941 : 0000012a 00000006 00000006 00000001
  942 J 00000001 0000002b 00000006 00000001
  943 : 0000012b 00000006 00000006 00000001
  944 J 00000001 00000048 00000006 00000001
  945 : 00000148 00000006 00000006 00000001
  946 J 00000001 00000049 00000006 00000001
  947 : 00000149 00000006 00000006 00000001
  948 J 00000001 0000002c 00000005 00000001
  949 : 0000012c 00000005 00000005 00000001
  950 J 00000001 00000053 00000005 00000001
  951 : 00000153 00000005 00000005 00000001
  952 J 00000001 00000003 00000004 00000001
  953 : 00000103 00000004 00000004 00000001
  954 J 00000001 00000004 00000004 00000001
  955 : 00000104 00000004 00000004 00000001
  956 J 00000001 00000005 00000004 00000001
  957 : 00000105 00000004 00000004 00000001
  958 J 00000001 00000006 00000004 00000001
  959 : 00000106 00000004 00000004 00000001
  960 J 00000001 00000007 00000004 00000001
  961 : 00000107 00000004 00000004 00000001
  962 J 00000001 0000000d 00000004 00000001
  963 : 0000010d 00000004 00000004 00000001
  964 J 00000001 0000000e 00000004 00000001
  965 : 0000010e 00000004 00000004 00000001
  966 J 00000001 0000000f 00000004 00000001
  967 : 0000010f 00000004 00000004 00000001
  968 J 00000001 00000017 00000004 00000001
  969 : 00000117 00000004 00000004 00000001
  970 J 00000001 00000018 00000004 00000001
  971 : 00000118 00000004 00000004 00000001
  972 J 00000001 00000019 00000004 00000001
  973 : 00000119 00000004 00000004 00000001
  974 J 00000001 0000001a 00000004 00000001
  975 : 0000011a 00000004 00000004 00000001
  976 J 00000001 00000033 00000004 00000001
  977 : 00000133 00000004 00000004 00000001
  978 J 00000001 00000034 00000004 00000001
  979 : 00000134 00000004 00000004 00000001
  980 J 00000001 00000035 00000004 00000001
  981 : 00000135 00000004 00000004 00000001
  982 J 00000001 00000036 00000004 00000001
  983 : 00000136 00000004 00000004 00000001
  984 J 00000001 00000037 00000004 00000001
  985 : 00000137 00000004 00000004 00000001
  986 J 00000001 00000038 00000004 00000001
  987 : 00000138 00000004 00000004 00000001
  988 J 00000001 00000039 00000004 00000001
  989 : 00000139 00000004 00000004 00000001
  990 J 00000001 0000003a 00000004 00000001
  991 : 0000013a 00000004 00000004 00000001
  992 J 00000001 0000003b 00000004 00000001
  993 : 0000013b 00000004 00000004 00000001
  994 J 00000001 0000003c 00000004 00000001
  995 : 0000013c 00000004 00000004 00000001
  996 J 00000001 0000003d 00000004 00000001
  997 : 0000013d 00000004 00000004 00000001
  998 J 00000001 0000003e 00000004 00000001
  999 : 0000013e 00000004 00000004 00000001
 1000 J 00000001 0000003f 00000004 00000001
 1001 : 0000013f 00000004 00000004 00000001
 1002 J 00000001 00000040 00000004 00000001
 1003 : 00000140 00000004 00000004 00000001
 1004 J 00000001 00000041 00000004 00000001
 1005 : 00000141 00000004 00000004 00000001
 1006 J 00000001 00000042 00000004 00000001
 1007 : 00000142 00000004 00000004 00000001
 1008 J 00000001 00000043 00000004 00000001
 1009 : 00000143 00000004 00000004 00000001
 1010 J 00000001 00000044 00000004 00000001
 1011 : 00000144 00000004 00000004 00000001
 1012 J 00000001 00000045 00000004 00000001
 1013 : 00000145 00000004 00000004 00000001
 1014 J 00000001 00000046 00000004 00000001
 1015 : 00000146 00000004 00000004 00000001
 1016 J 00000001 0000004d 00000004 00000001
 1017 : 0000014d 00000004 00000004 00000001
 1018 J 00000001 0000004e 00000004 00000001
 1019 : 0000014e 00000004 00000004 00000001
 1020 J 00000001 0000004f 00000004 00000001
 1021 : 0000014f 00000004 00000004 00000001
 1022 J 00000001 00000055 00000004 00000001
 1023 : 00000155 00000004 00000004 00000001
 1024 J 00000001 00000058 00000004 00000001
 1025 : 00000158 00000004 00000004 00000001
 1026 J 00000001 00000059 00000004 00000001
 1027 : 00000159 00000004 00000004 00000001
 1028 J 00000001 0000005a 00000004 00000001
 1029 : 0000015a 00000004 00000004 00000001
 1030 J 00000001 0000005b 00000004 00000001
 1031 : 0000015b 00000004 00000004 00000001
 1032 J 00000001 0000005c 00000004 00000001
 1033 : 0000015c 00000004 00000004 00000001
 1034 J 00000001 0000005d 00000004 00000001
 1035 : 0000015d 00000004 00000004 00000001
 1036 J 00000001 0000005e 00000004 00000001
 1037 : 0000015e 00000004 00000004 00000001
 1038 J 00000001 0000005f 00000004 00000001
 1039 : 0000015f 00000004 00000004 00000001
 1040 J 00000001 00000062 00000004 00000001
 1041 : 00000162 00000004 00000004 00000001
 1042 J 00000001 00000063 00000004 00000001
 1043 : 00000163 00000004 00000004 00000001
 1044 J 00000001 00000064 00000004 00000001
 1045 : 00000164 00000004 00000004 00000001
 1046 J 00000001 00000065 00000004 00000001
 1047 : 00000165 00000004 00000004 00000001
 1048 J 00000001 00000066 00000004 00000001
 1049 : 00000166 00000004 00000004 00000001
 1050 J 00000001 00000067 00000004 00000001
 1051 : 00000167 00000004 00000004 00000001
 1052 J 00000001 00000068 00000004 00000001
 1053 : 00000168 00000004 00000004 00000001
 1054 J 00000001 00000069 00000004 00000001
 1055 : 00000169 00000004 00000004 00000001
 1056 J 00000001 0000006a 00000004 00000001
 1057 : 0000016a 00000004 00000004 00000001
 1058 J 00000001 0000006b 00000004 00000001
 1059 : 0000016b 00000004 00000004 00000001
 1060 J 00000001 0000006c 00000004 00000001
 1061 : 0000016c 00000004 00000004 00000001
 1062 J 00000001 0000006d 00000004 00000001
 1063 : 0000016d 00000004 00000004 00000001
 1064 J 00000001 0000006e 00000004 00000001
 1065 : 0000016e 00000004 00000004 00000001
 1066 J 00000001 0000006f 00000004 00000001
 1067 : 0000016f 00000004 00000004 00000001
 1068 J 00000001 00000070 00000004 00000001
 1069 : 00000170 00000004 00000004 00000001
 1070 J 00000001 00000071 00000004 00000001
 1071 : 00000171 00000004 00000004 00000001
 1072 J 00000001 00000072 00000004 00000001
 1073 : 00000172 00000004 00000004 00000001
 1074 J 00000001 00000073 00000004 00000001
 1075 : 00000173 00000004 00000004 00000001
 1076 J 00000001 00000074 00000004 00000001
 1077 : 00000174 00000004 00000004 00000001
 1078 J 00000001 00000075 00000004 00000001
 1079 : 00000175 00000004 00000004 00000001
 1080 J 00000001 00000076 00000004 00000001
 1081 : 00000176 00000004 00000004 00000001
 1082 J 00000001 00000077 00000004 00000001
 1083 : 00000177 00000004 00000004 00000001
 1084 J 00000001 00000078 00000004 00000001
 1085 : 00000178 00000004 00000004 00000001
 1086 J 00000001 00000079 00000004 00000001
 1087 : 00000179 00000004 00000004 00000001
 1088 J 00000001 0000007a 00000004 00000001
 1089 : 0000017a 00000004 00000004 00000001
 1090 J 00000001 0000007b 00000004 00000001
 1091 : 0000017b 00000004 00000004 00000001
 1092 J 00000001 0000007c 00000004 00000001
 1093 : 0000017c 00000004 00000004 00000001
 1094 J 00000001 0000007d 00000004 00000001
 1095 : 0000017d 00000004 00000004 00000001
 1096 J 00000001 0000007e 00000004 00000001
 1097 : 0000017e 00000004 00000004 00000001
 1098 J 00000001 0000007f 00000004 00000001
 1099 : 0000017f 00000004 00000004 00000001
 1100 J 00000001 00000032 00000004 00000001
 1101 : 00000132 00000004 00000004 00000001
 1102 J 00000001 00000047 00000003 00000001
 1103 : 00000147 00000003 00000003 00000001
 1104 J 00000001 00000031 00000003 00000001
 1105 : 00000131 00000003 00000003 00000001
 1106 J 00000001 00000050 00000003 00000001
 1107 : 00000150 00000003 00000003 00000001
 1108 J 00000001 00000051 00000003 00000001
 1109 : 00000151 00000003 00000003 00000001
 1110 J 00000001 00000052 00000003 00000001
 1111 : 00000152 00000003 00000003 00000001
 1112 J 00000001 00000054 00000003 00000001
 1113 : 00000154 00000003 00000003 00000001
 1114 J 00000001 00000056 00000003 00000001
 1115 : 00000156 00000003 00000003 00000001
 1116 J 00000001 00000057 00000003 00000001
 1117 : 00000157 00000003 00000003 00000001
 1118 J 00000001 0000004b 00000002 00000001
 1119 : 0000014b 00000002 00000002 00000001
 1120 J 00000001 0000004c 00000001 00000001
 1121 : 0000014c 00000001 00000001 00000001
 1122 J 00000001 00000060 00000001 00000001
 1123 : 00000160 00000001 00000001 00000001
 1124 J 00000001 00000061 00000001 00000001
 1125 : 00000161 00000001 00000001 00000001
 1126 J 00000001 0000004a 00000000 00000001
 1127 : 0000014a 00000000 00000000 00000001
 1128 J 00000002 00000000 00000007 00000000
 1129 : 00000180 00000007 00000007 00000002
 1130 J 00000002 00000001 00000007 00000000
 1131 : 00000181 00000007 00000007 00000002
 1132 J 00000002 00000002 00000006 00000000
 1133 : 00000182 00000006 00000006 00000002
 1134 J 00000002 0000002d 00000006 00000000
 1135 : 000001ad 00000006 00000006 00000002
 1136 J 00000002 0000002e 00000006 00000000
 1137 : 000001ae 00000006 00000006 00000002
 1138 J 00000002 0000002f 00000006 00000000
 1139 : 000001af 00000006 00000006 00000002
 1140 J 00000002 00000030 00000006 00000000
 1141 : 000001b0 00000006 00000006 00000002
 1142 J 00000002 00000008 00000006 00000000
 1143 : 00000188 00000006 00000006 00000002
 1144 J 00000002 00000009 00000006 00000000
 1145 : 00000189 00000006 00000006 00000002
 1146 J 00000002 0000000a 00000006 00000000
 1147 : 0000018a 00000006 00000006 00000002
 1148 J 00000002 0000000b 00000006 00000000
 1149 : 0000018b 00000006 00000006 00000002
 1150 J 00000002 0000000c 00000006 00000000
 1151 : 0000018c 00000006 00000006 00000002
 1152 J 00000002 00000010 00000006 00000000
 1153 : 00000190 00000006 00000006 00000002
 1154 J 00000002 00000011 00000006 00000000
 1155 : 00000191 00000006 00000006 00000002
 1156 J 00000002 00000012 00000006 00000000
 1157 : 00000192 00000006 00000006 00000002
 1158 J 00000002 00000013 00000006 00000000
 1159 : 00000193 00000006 00000006 00000002
 1160 J 00000002 00000014 00000006 00000000
 1161 : 00000194 00000006 00000006 00000002
 1162 J 00000002 00000015 00000006 00000000
 1163 : 00000195 00000006 00000006 00000002
 1164 J 00000002 00000016 00000006 00000000
 1165 : 00000196 00000006 00000006 00000002
 1166 J 00000002 0000001b 00000006 00000000
 1167 : 0000019b 00000006 00000006 00000002
 1168 J 00000002 0000001c 00000006 00000000
 1169 : 0000019c 00000006 00000006 00000002
 1170 J 00000002 0000001d 00000006 00000000
 1171 : 0000019d 00000006 00000006 00000002
 1172 J 00000002 0000001e 00000006 00000000
 1173 : 0000019e 00000006 00000006 00000002
 1174 J 00000002 0000001f 00000006 00000000
 1175 : 0000019f 00000006 00000006 00000002
 1176 J 00000002 00000020 00000006 00000000
 1177 : 000001a0 00000006 00000006 00000002
 1178 J 00000002 00000021 00000006 00000000
 1179 : 000001a1 00000006 00000006 00000002
 1180 J 00000002 00000022 00000006 00000000
 1181 : 000001a2 00000006 00000006 00000002
 1182 J 00000002 00000023 00000006 00000000
 1183 : 000001a3 00000006 00000006 00000002
 1184 J 00000002 00000024 00000006 00000000
 1185 : 000001a4 00000006 00000006 00000002
 1186 J 00000002 00000025 00000006 00000000
 1187 : 000001a5 00000006 00000006 00000002
 1188 J 00000002 00000026 00000006 00000000
 1189 : 000001a6 00000006 00000006 00000002
 1190 J 00000002 00000027 00000006 00000000
 1191 : 000001a7 00000006 00000006 00000002
 1192 J 00000002 00000028 00000006 00000000
 1193 : 000001a8 00000006 00000006 00000002
 1194 J 00000002 00000029 00000006 00000000
 1195 : 000001a9 00000006 00000006 00000002
 1196 J 00000002 0000002a 00000006 00000000
 1197 : 000001aa 00000006 00000006 00000002
 1198 J 00000002 0000002b 00000006 00000000
 1199 : 000001ab 00000006 00000006 00000002
 1200 J 00000002 00000048 00000006 00000000
 1201 : 000001c8 00000006 00000006 00000002
 1202 J 00000002 00000049 00000006 00000000
 1203 : 000001c9 00000006 00000006 00000002
 1204 J 00000002 0000002c 00000005 00000000
 1205 : 000001ac 00000005 00000005 00000002
 1206 J 00000002 00000053 00000005 00000000
 1207 : 000001d3 00000005 00000005 00000002
 1208 J 00000002 00000003 00000004 00000000
 1209 : 00000183 00000004 00000004 00000002
 1210 J 00000002 00000004 00000004 00000000
 1211 : 00000184 00000004 00000004 00000002
 1212 J 00000002 00000005 00000004 00000000
 1213 : 00000185 00000004 00000004 00000002
 1214 J 00000002 00000006 00000004 00000000
 1215 : 00000186 00000004 00000004 00000002
 1216 J 00000002 00000007 00000004 00000000
 1217 : 00000187 00000004 00000004 00000002
 1218 J 00000002 0000000d 00000004 00000000
 1219 : 0000018d 00000004 00000004 00000002
 1220 J 00000002 0000000e 00000004 00000000
 1221 : 0000018e 00000004 00000004 00000002
 1222 J 00000002 0000000f 00000004 00000000
 1223 : 0000018f 00000004 00000004 00000002
 1224 J 00000002 00000017 00000004 00000000
 1225 : 00000197 00000004 00000004 00000002
 1226 J 00000002 00000018 00000004 00000000
 1227 : 00000198 00000004 00000004 00000002
 1228 J 00000002 00000019 00000004 00000000
 1229 : 00000199 00000004 00000004 00000002
 1230 J 00000002 0000001a 00000004 00000000
 1231 : 0000019a 00000004 00000004 00000002
 1232 J 00000002 00000033 00000004 00000000
 1233 : 000001b3 00000004 00000004 00000002
 1234 J 00000002 00000034 00000004 00000000
 1235 : 000001b4 00000004 00000004 00000002
 1236 J 00000002 00000035 00000004 00000000
 1237 : 000001b5 00000004 00000004 00000002
 1238 J 00000002 00000036 00000004 00000000
 1239 : 000001b6 00000004 00000004 00000002
 1240 J 00000002 00000037 00000004 00000000
 1241 : 000001b7 00000004 00000004 00000002
 1242 J 00000002 00000038 00000004 00000000
 1243 : 000001b8 00000004 00000004 00000002
 1244 J 00000002 00000039 00000004 00000000
 1245 : 000001b9 00000004 00000004 00000002
 1246 J 00000002 0000003a 00000004 00000000
 1247 : 000001ba 00000004 00000004 00000002
 1248 J 00000002 0000003b 00000004 00000000
 1249 : 000001bb 00000004 00000004 00000002
 1250 J 00000002 0000003c 00000004 00000000
 1251 : 000001bc 00000004 00000004 00000002
 1252 J 00000002 0000003d 00000004 00000000
 1253 : 000001bd 00000004 00000004 00000002
 1254 J 00000002 0000003e 00000004 00000000
 1255 : 000001be 00000004 00000004 00000002
 1256 J 00000002 0000003f 00000004 00000000
 1257 : 000001bf 00000004 00000004 00000002
 1258 J 00000002 00000040 00000004 00000000
 1259 : 000001c0 00000004 00000004 00000002
 1260 J 00000002 00000041 00000004 00000000
 1261 : 000001c1 00000004 00000004 00000002
 1262 J 00000002 00000042 00000004 00000000
 1263 : 000001c2 00000004 00000004 00000002
 1264 J 00000002 00000043 00000004 00000000
 1265 : 000001c3 00000004 00000004 00000002
 1266 J 00000002 00000044 00000004 00000000
 1267 : 000001c4 00000004 00000004 00000002
 1268 J 00000002 00000045 00000004 00000000
 1269 : 000001c5 00000004 00000004 00000002
 1270 J 00000002 00000046 00000004 00000000
 1271 : 000001c6 00000004 00000004 00000002
 1272 J 00000002 0000004d 00000004 00000000
 1273 : 000001cd 00000004 00000004 00000002
 1274 J 00000002 0000004e 00000004 00000000
 1275 : 000001ce 00000004 00000004 00000002
 1276 J 00000002 0000004f 00000004 00000000
 1277 : 000001cf 00000004 00000004 00000002
 1278 J 00000002 00000055 00000004 00000000
 1279 : 000001d5 00000004 00000004 00000002
 1280 J 00000002 00000058 00000004 00000000
 1281 : 000001d8 00000004 00000004 00000002
 1282 J 00000002 00000059 00000004 00000000
 1283 : 000001d9 00000004 00000004 00000002
 1284 J 00000002 0000005a 00000004 00000000
 1285 : 000001da 00000004 00000004 00000002
 1286 J 00000002 0000005b 00000004 00000000
 1287 : 000001db 00000004 00000004 00000002
 1288 J 00000002 0000005c 00000004 00000000
 1289 : 000001dc 00000004 00000004 00000002
 1290 J 00000002 0000005d 00000004 00000000
 1291 : 000001dd 00000004 00000004 00000002
 1292 J 00000002 0000005e 00000004 00000000
 1293 : 000001de 00000004 00000004 00000002
 1294 J 00000002 0000005f 00000004 00000000
 1295 : 000001df 00000004 00000004 00000002
 1296 J 00000002 00000062 00000004 00000000
 1297 : 000001e2 00000004 00000004 00000002
 1298 J 00000002 00000063 00000004 00000000
 1299 : 000001e3 00000004 00000004 00000002
 1300 J 00000002 00000064 00000004 00000000
 1301 : 000001e4 00000004 00000004 00000002
 1302 J 00000002 00000065 00000004 00000000
 1303 : 000001e5 00000004 00000004 00000002
 1304 J 00000002 00000066 00000004 00000000
 1305 : 000001e6 00000004 00000004 00000002
 1306 J 00000002 00000067 00000004 00000000
 1307 : 000001e7 00000004 00000004 00000002
 1308 J 00000002 00000068 00000004 00000000
 1309 : 000001e8 00000004 00000004 00000002
 1310 J 00000002 00000069 00000004 00000000
 1311 : 000001e9 00000004 00000004 00000002
 1312 J 00000002 0000006a 00000004 00000000
 1313 : 000001ea 00000004 00000004 00000002
 1314 J 00000002 0000006b 00000004 00000000
 1315 : 000001eb 00000004 00000004 00000002
 1316 J 00000002 0000006c 00000004 00000000
 1317 : 000001ec 00000004 00000004 00000002
 1318 J 00000002 0000006d 00000004 00000000
 1319 : 000001ed 00000004 00000004 00000002
 1320 J 00000002 0000006e 00000004 00000000
 1321 : 000001ee 00000004 00000004 00000002
 1322 J 00000002 0000006f 00000004 00000000
 1323 : 000001ef 00000004 00000004 00000002
 1324 J 00000002 00000070 00000004 00000000
 1325 : 000001f0 00000004 00000004 00000002
 1326 J 00000002 00000071 00000004 00000000
 1327 : 000001f1 00000004 00000004 00000002
 1328 J 00000002 00000072 00000004 00000000
 1329 : 000001f2 00000004 00000004 00000002
 1330 J 00000002 00000073 00000004 00000000
 1331 : 000001f3 00000004 00000004 00000002
 1332 J 00000002 00000074 00000004 00000000
 1333 : 000001f4 00000004 00000004 00000002
 1334 J 00000002 00000075 00000004 00000000
 1335 : 000001f5 00000004 00000004 00000002
 1336 J 00000002 00000076 00000004 00000000
 1337 : 000001f6 00000004 00000004 00000002
 1338 J 00000002 00000077 00000004 00000000
 1339 : 000001f7 00000004 00000004 00000002
 1340 J 00000002 00000078 00000004 00000000
 1341 : 000001f8 00000004 00000004 00000002
 1342 J 00000002 00000079 00000004 00000000
 1343 : 000001f9 00000004 00000004 00000002
 1344 J 00000002 0000007a 00000004 00000000
 1345 : 000001fa 00000004 00000004 00000002
 1346 J 00000002 0000007b 00000004 00000000
 1347 : 000001fb 00000004 00000004 00000002
 1348 J 00000002 0000007c 00000004 00000000
 1349 : 000001fc 00000004 00000004 00000002
 1350 J 00000002 0000007d 00000004 00000000
 1351 : 000001fd 00000004 00000004 00000002
 1352 J 00000002 0000007e 00000004 00000000
 1353 : 000001fe 00000004 00000004 00000002
 1354 J 00000002 0000007f 00000004 00000000
 1355 : 000001ff 00000004 00000004 00000002
 1356 J 00000002 00000032 00000004 00000000
 1357 : 000001b2 00000004 00000004 00000002
 1358 J 00000002 00000047 00000003 00000000
 1359 : 000001c7 00000003 00000003 00000002
 1360 J 00000002 00000031 00000003 00000000
 1361 : 000001b1 00000003 00000003 00000002
 1362 J 00000002 00000050 00000003 00000000
 1363 : 000001d0 00000003 00000003 00000002
 1364 J 00000002 00000051 00000003 00000000
 1365 : 000001d1 00000003 00000003 00000002
 1366 J 00000002 00000052 00000003 00000000
 1367 : 000001d2 00000003 00000003 00000002
 1368 J 00000002 00000054 00000003 00000000
 1369 : 000001d4 00000003 00000003 00000002
 1370 J 00000002 00000056 00000003 00000000
 1371 : 000001d6 00000003 00000003 00000002
 1372 J 00000002 00000057 00000003 00000000
 1373 : 000001d7 00000003 00000003 00000002
 1374 J 00000002 0000004b 00000002 00000000
 1375 : 000001cb 00000002 00000002 00000002
 1376 J 00000002 0000004c 00000001 00000000
 1377 : 000001cc 00000001 00000001 00000002
 1378 J 00000002 00000060 00000001 00000000
 1379 : 000001e0 00000001 00000001 00000002
 1380 J 00000002 00000061 00000001 00000000
 1381 : 000001e1 00000001 00000001 00000002
 1382 J 00000002 0000004a 00000000 00000000
 1383 : 000001ca 00000000 00000000 00000002
 1384 J 00000002 00000000 00000007 00000001
 1385 : 00000180 00000007 00000007 00000002
 1386 J 00000002 00000001 00000007 00000001
 1387 : 00000181 00000007 00000007 00000002
 1388 J 00000002 00000002 00000006 00000001
 1389 : 00000182 00000006 00000006 00000002
 1390 J 00000002 0000002d 00000006 00000001
 1391 : 000001ad 00000006 00000006 00000002
 1392 J 00000002 0000002e 00000006 00000001
 1393 : 000001ae 00000006 00000006 00000002
 1394 J 00000002 0000002f 00000006 00000001
 1395 : 000001af 00000006 00000006 00000002
 1396 J 00000002 00000030 00000006 00000001
 1397 : 000001b0 00000006 00000006 00000002
 1398 J 00000002 00000008 00000006 00000001
 1399 : 00000188 00000006 00000006 00000002
 1400 J 00000002 00000009 00000006 00000001
 1401 : 00000189 00000006 00000006 00000002
 1402 J 00000002 0000000a 00000006 00000001
 1403 : 0000018a 00000006 00000006 00000002
 1404 J 00000002 0000000b 00000006 00000001
 1405 : 0000018b 00000006 00000006 00000002
 1406 J 00000002 0000000c 00000006 00000001
 1407 : 0000018c 00000006 00000006 00000002
 1408 J 00000002 00000010 00000006 00000001
 1409 : 00000190 00000006 00000006 00000002
 1410 J 00000002 00000011 00000006 00000001
 1411 : 00000191 00000006 00000006 00000002
 1412 J 00000002 00000012 00000006 00000001
 1413 : 00000192 00000006 00000006 00000002
 1414 J 00000002 00000013 00000006 00000001
 1415 : 00000193 00000006 00000006 00000002
 1416 J 00000002 00000014 00000006 00000001
 1417 : 00000194 00000006 00000006 00000002
 1418 J 00000002 00000015 00000006 00000001
 1419 : 00000195 00000006 00000006 00000002
 1420 J 00000002 00000016 00000006 00000001
 1421 : 00000196 00000006 00000006 00000002
 1422 J 00000002 0000001b 00000006 00000001
 1423 : 0000019b 00000006 00000006 00000002
 1424 J 00000002 0000001c 00000006 00000001
 1425 : 0000019c 00000006 00000006 00000002
 1426 J 00000002 0000001d 00000006 00000001
 1427 : 0000019d 00000006 00000006 00000002
 1428 J 00000002 0000001e 00000006 00000001
 1429 : 0000019e 00000006 00000006 00000002
 1430 J 00000002 0000001f 00000006 00000001
 1431 : 0000019f 00000006 00000006 00000002
 1432 J 00000002 00000020 00000006 00000001
 1433 : 000001a0 00000006 00000006 00000002
 1434 J 00000002 00000021 00000006 00000001
 1435 : 000001a1 00000006 00000006 00000002
 1436 J 00000002 00000022 00000006 00000001
 1437 : 000001a2 00000006 00000006 00000002
 1438 J 00000002 00000023 00000006 00000001
 1439 : 000001a3 00000006 00000006 00000002
 1440 J 00000002 00000024 00000006 00000001
 1441 : 000001a4 00000006 00000006 00000002
 1442 J 00000002 00000025 00000006 00000001
 1443 : 000001a5 00000006 00000006 00000002
 1444 J 00000002 00000026 00000006 00000001
 1445 : 000001a6 00000006 00000006 00000002
 1446 J 00000002 00000027 00000006 00000001
 1447 : 000001a7 00000006 00000006 00000002
 1448 J 00000002 00000028 00000006 00000001
 1449 : 000001a8 00000006 00000006 00000002
 1450 J 00000002 00000029 00000006 00000001
 1451 : 000001a9 00000006 00000006 00000002
 1452 J 00000002 0000002a 00000006 00000001
 1453 : 000001aa 00000006 00000006 00000002
 1454 J 00000002 0000002b 00000006 00000001
 1455 : 000001ab 00000006 00000006 00000002
 1456 J 00000002 00000048 00000006 00000001
 1457 : 000001c8 00000006 00000006 00000002
 1458 J 00000002 00000049 00000006 00000001
 1459 : 000001c9 00000006 00000006 00000002
 1460 J 00000002 0000002c 00000005 00000001
 1461 : 000001ac 00000005 00000005 00000002
 1462 J 00000002 00000053 00000005 00000001
 1463 : 000001d3 00000005 00000005 00000002
 1464 J 00000002 00000003 00000004 00000001
 1465 : 00000183 00000004 00000004 00000002
 1466 J 00000002 00000004 00000004 00000001
 1467 : 00000184 00000004 00000004 00000002
 1468 J 00000002 00000005 00000004 00000001
 1469 : 00000185 00000004 00000004 00000002
 1470 J 00000002 00000006 00000004 00000001
 1471 : 00000186 00000004 00000004 00000002
 1472 J 00000002 00000007 00000004 00000001
 1473 : 00000187 00000004 00000004 00000002
 1474 J 00000002 0000000d 00000004 00000001
 1475 : 0000018d 00000004 00000004 00000002
 1476 J 00000002 0000000e 00000004 00000001
 1477 : 0000018e 00000004 00000004 00000002
 1478 J 00000002 0000000f 00000004 00000001
 1479 : 0000018f 00000004 00000004 00000002
 1480 J 00000002 00000017 00000004 00000001
 1481 : 00000197 00000004 00000004 00000002
 1482 J 00000002 00000018 00000004 00000001
 1483 : 00000198 00000004 00000004 00000002
 1484 J 00000002 00000019 00000004 00000001
 1485 : 00000199 00000004 00000004 00000002
 1486 J 00000002 0000001a 00000004 00000001
 1487 : 0000019a 00000004 00000004 00000002
 1488 J 00000002 00000033 00000004 00000001
 1489 : 000001b3 00000004 00000004 00000002
 1490 J 00000002 00000034 00000004 00000001
 1491 : 000001b4 00000004 00000004 00000002
 1492 J 00000002 00000035 00000004 00000001
 1493 : 000001b5 00000004 00000004 00000002
 1494 J 00000002 00000036 00000004 00000001
 1495 : 000001b6 00000004 00000004 00000002
 1496 J 00000002 00000037 00000004 00000001
 1497 : 000001b7 00000004 00000004 00000002
 1498 J 00000002 00000038 00000004 00000001
 1499 : 000001b8 00000004 00000004 00000002
 1500 J 00000002 00000039 00000004 00000001
 1501 : 000001b9 00000004 00000004 00000002
 1502 J 00000002 0000003a 00000004 00000001
 1503 : 000001ba 00000004 00000004 00000002
 1504 J 00000002 0000003b 00000004 00000001
 1505 : 000001bb 00000004 00000004 00000002
 1506 J 00000002 0000003c 00000004 00000001
 1507 : 000001bc 00000004 00000004 00000002
 1508 J 00000002 0000003d 00000004 00000001
 1509 : 000001bd 00000004 00000004 00000002
 1510 J 00000002 0000003e 00000004 00000001
 1511 : 000001be 00000004 00000004 00000002
 1512 J 00000002 0000003f 00000004 00000001
 1513 : 000001bf 00000004 00000004 00000002
 1514 J 00000002 00000040 00000004 00000001
 1515 : 000001c0 00000004 00000004 00000002
 1516 J 00000002 00000041 00000004 00000001
 1517 : 000001c1 00000004 00000004 00000002
 1518 J 00000002 00000042 00000004 00000001
 1519 : 000001c2 00000004 00000004 00000002
 1520 J 00000002 00000043 00000004 00000001
 1521 : 000001c3 00000004 00000004 00000002
 1522 J 00000002 00000044 00000004 00000001
 1523 : 000001c4 00000004 00000004 00000002
 1524 J 00000002 00000045 00000004 00000001
 1525 : 000001c5 00000004 00000004 00000002
 1526 J 00000002 00000046 00000004 00000001
 1527 : 000001c6 00000004 00000004 00000002
 1528 J 00000002 0000004d 00000004 00000001
 1529 : 000001cd 00000004 00000004 00000002
 1530 J 00000002 0000004e 00000004 00000001
 1531 : 000001ce 00000004 00000004 00000002
 1532 J 00000002 0000004f 00000004 00000001
 1533 : 000001cf 00000004 00000004 00000002
 1534 J 00000002 00000055 00000004 00000001
 1535 : 000001d5 00000004 00000004 00000002
 1536 J 00000002 00000058 00000004 00000001
 1537 : 000001d8 00000004 00000004 00000002
 1538 J 00000002 00000059 00000004 00000001
 1539 : 000001d9 00000004 00000004 00000002
 1540 J 00000002 0000005a 00000004 00000001
 1541 : 000001da 00000004 00000004 00000002
 1542 J 00000002 0000005b 00000004 00000001
 1543 : 000001db 00000004 00000004 00000002
 1544 J 00000002 0000005c 00000004 00000001
 1545 : 000001dc 00000004 00000004 00000002
 1546 J 00000002 0000005d 00000004 00000001
 1547 : 000001dd 00000004 00000004 00000002
 1548 J 00000002 0000005e 00000004 00000001
 1549 : 000001de 00000004 00000004 00000002
 1550 J 00000002 0000005f 00000004 00000001
 1551 : 000001df 00000004 00000004 00000002
 1552 J 00000002 00000062 00000004 00000001
 1553 : 000001e2 00000004 00000004 00000002
 1554 J 00000002 00000063 00000004 00000001
 1555 : 000001e3 00000004 00000004 00000002
 1556 J 00000002 00000064 00000004 00000001
 1557 : 000001e4 00000004 00000004 00000002
 1558 J 00000002 00000065 00000004 00000001
 1559 : 000001e5 00000004 00000004 00000002
 1560 J 00000002 00000066 00000004 00000001
 1561 : 000001e6 00000004 00000004 00000002
 1562 J 00000002 00000067 00000004 00000001
 1563 : 000001e7 00000004 00000004 00000002
 1564 J 00000002 00000068 00000004 00000001
 1565 : 000001e8 00000004 00000004 00000002
 1566 J 00000002 00000069 00000004 00000001
 1567 : 000001e9 00000004 00000004 00000002
 1568 J 00000002 0000006a 00000004 00000001
 1569 : 000001ea 00000004 00000004 00000002
 1570 J 00000002 0000006b 00000004 00000001
 1571 : 000001eb 00000004 00000004 00000002
 1572 J 00000002 0000006c 00000004 00000001
 1573 : 000001ec 00000004 00000004 00000002
 1574 J 00000002 0000006d 00000004 00000001
 1575 : 000001ed 00000004 00000004 00000002
 1576 J 00000002 0000006e 00000004 00000001
 1577 : 000001ee 00000004 00000004 00000002
 1578 J 00000002 0000006f 00000004 00000001
 1579 : 000001ef 00000004 00000004 00000002
 1580 J 00000002 00000070 00000004 00000001
 1581 : 000001f0 00000004 00000004 00000002
 1582 J 00000002 00000071 00000004 00000001
 1583 : 000001f1 00000004 00000004 00000002
 1584 J 00000002 00000072 00000004 00000001
 1585 : 000001f2 00000004 00000004 00000002
 1586 J 00000002 00000073 00000004 00000001
 1587 : 000001f3 00000004 00000004 00000002
 1588 J 00000002 00000074 00000004 00000001
 1589 : 000001f4 00000004 00000004 00000002
 1590 J 00000002 00000075 00000004 00000001
 1591 : 000001f5 00000004 00000004 00000002
 1592 J 00000002 00000076 00000004 00000001
 1593 : 000001f6 00000004 00000004 00000002
 1594 J 00000002 00000077 00000004 00000001
 1595 : 000001f7 00000004 00000004 00000002
 1596 J 00000002 00000078 00000004 00000001
 1597 : 000001f8 00000004 00000004 00000002
 1598 J 00000002 00000079 00000004 00000001
 1599 : 000001f9 00000004 00000004 00000002
 1600 J 00000002 0000007a 00000004 00000001
 1601 : 000001fa 00000004 00000004 00000002
 1602 J 00000002 0000007b 00000004 00000001
 1603 : 000001fb 00000004 00000004 00000002
 1604 J 00000002 0000007c 00000004 00000001
 1605 : 000001fc 00000004 00000004 00000002
 1606 J 00000002 0000007d 00000004 00000001
 1607 : 000001fd 00000004 00000004 00000002
 1608 J 00000002 0000007e 00000004 00000001
 1609 : 000001fe 00000004 00000004 00000002
 1610 J 00000002 0000007f 00000004 00000001
 1611 : 000001ff 00000004 00000004 00000002
 1612 J 00000002 00000032 00000004 00000001
 1613 : 000001b2 00000004 00000004 00000002
 1614 J 00000002 00000047 00000003 00000001
 1615 : 000001c7 00000003 00000003 00000002
 1616 J 00000002 00000031 00000003 00000001
 1617 : 000001b1 00000003 00000003 00000002
 1618 J 00000002 00000050 00000003 00000001
 1619 : 000001d0 00000003 00000003 00000002
 1620 J 00000002 00000051 00000003 00000001
 1621 : 000001d1 00000003 00000003 00000002
 1622 J 00000002 00000052 00000003 00000001
 1623 : 000001d2 00000003 00000003 00000002
 1624 J 00000002 00000054 00000003 00000001
 1625 : 000001d4 00000003 00000003 00000002
 1626 J 00000002 00000056 00000003 00000001
 1627 : 000001d6 00000003 00000003 00000002
 1628 J 00000002 00000057 00000003 00000001
 1629 : 000001d7 00000003 00000003 00000002
 1630 J 00000002 0000004b 00000002 00000001
 1631 : 000001cb 00000002 00000002 00000002
 1632 J 00000002 0000004c 00000001 00000001
 1633 : 000001cc 00000001 00000001 00000002
 1634 J 00000002 00000060 00000001 00000001
 1635 : 000001e0 00000001 00000001 00000002
 1636 J 00000002 00000061 00000001 00000001
 1637 : 000001e1 00000001 00000001 00000002
 1638 J 00000002 0000004a 00000000 00000001
 1639 : 000001ca 00000000 00000000 00000002
 1640 J 00000003 00000000 00000007 00000000
 1641 : 00000200 00000007 00000007 00000003
 1642 J 00000003 00000001 00000007 00000000
 1643 : 00000201 00000007 00000007 00000003
 1644 J 00000003 00000002 00000006 00000000
 1645 : 00000202 00000006 00000006 00000003
 1646 J 00000003 0000002d 00000006 00000000
 1647 : 0000022d 00000006 00000006 00000003
 1648 J 00000003 0000002e 00000006 00000000
 1649 : 0000022e 00000006 00000006 00000003
 1650 J 00000003 0000002f 00000006 00000000
 1651 : 0000022f 00000006 00000006 00000003
 1652 J 00000003 00000030 00000006 00000000
 1653 : 00000230 00000006 00000006 00000003
 1654 J 00000003 00000008 00000006 00000000
 1655 : 00000208 00000006 00000006 00000003
 1656 J 00000003 00000009 00000006 00000000
 1657 : 00000209 00000006 00000006 00000003
 1658 J 00000003 0000000a 00000006 00000000
 1659 : 0000020a 00000006 00000006 00000003
 1660 J 00000003 0000000b 00000006 00000000
 1661 : 0000020b 00000006 00000006 00000003
 1662 J 00000003 0000000c 00000006 00000000
 1663 : 0000020c 00000006 00000006 00000003
 1664 J 00000003 00000010 00000006 00000000
 1665 : 00000210 00000006 00000006 00000003
 1666 J 00000003 00000011 00000006 00000000
 1667 : 00000211 00000006 00000006 00000003
 1668 J 00000003 00000012 00000006 00000000
 1669 : 00000212 00000006 00000006 00000003
 1670 J 00000003 00000013 00000006 00000000
 1671 : 00000213 00000006 00000006 00000003
 1672 J 00000003 00000014 00000006 00000000
 1673 : 00000214 00000006 00000006 00000003
 1674 J 00000003 00000015 00000006 00000000
 1675 : 00000215 00000006 00000006 00000003
 1676 J 00000003 00000016 00000006 00000000
 1677 : 00000216 00000006 00000006 00000003
 1678 J 00000003 0000001b 00000006 00000000
 1679 : 0000021b 00000006 00000006 00000003
 1680 J 00000003 0000001c 00000006 00000000
 1681 : 0000021c 00000006 00000006 00000003
 1682 J 00000003 0000001d 00000006 00000000
 1683 : 0000021d 00000006 00000006 00000003
 1684 J 00000003 0000001e 00000006 00000000
 1685 : 0000021e 00000006 00000006 00000003
 1686 J 00000003 0000001f 00000006 00000000
 1687 : 0000021f 00000006 00000006 00000003
 1688 J 00000003 00000020 00000006 00000000
 1689 : 00000220 00000006 00000006 00000003
 1690 J 00000003 00000021 00000006 00000000
 1691 : 00000221 00000006 00000006 00000003
 1692 J 00000003 00000022 00000006 00000000
 1693 : 00000222 00000006 00000006 00000003
 1694 J 00000003 00000023 00000006 00000000
 1695 : 00000223 00000006 00000006 00000003
 1696 J 00000003 00000024 00000006 00000000
 1697 : 00000224 00000006 00000006 00000003
 1698 J 00000003 00000025 00000006 00000000
 1699 : 00000225 00000006 00000006 00000003
 1700 J 00000003 00000026 00000006 00000000
 1701 : 00000226 00000006 00000006 00000003
 1702 J 00000003 00000027 00000006 00000000
 1703 : 00000227 00000006 00000006 00000003
 1704 J 00000003 00000028 00000006 00000000
 1705 : 00000228 00000006 00000006 00000003
 1706 J 00000003 00000029 00000006 00000000
 1707 : 00000229 00000006 00000006 00000003
 1708 J 00000003 0000002a 00000006 00000000
 1709 : 0000022a 00000006 00000006 00000003
 1710 J 00000003 0000002b 00000006 00000000
 1711 : 0000022b 00000006 00000006 00000003
 1712 J 00000003 00000048 00000006 00000000
 1713 : 00000248 00000006 00000006 00000003
 1714 J 00000003 00000049 00000006 00000000
 1715 : 00000249 00000006 00000006 00000003
 1716 J 00000003 0000002c 00000005 00000000
 1717 : 0000022c 00000005 00000005 00000003
 1718 J 00000003 00000053 00000005 00000000
 1719 : 00000253 00000005 00000005 00000003
 1720 J 00000003 00000003 00000004 00000000
 1721 : 00000203 00000004 00000004 00000003
 1722 J 00000003 00000004 00000004 00000000
 1723 : 00000204 00000004 00000004 00000003
 1724 J 00000003 00000005 00000004 00000000
 1725 : 00000205 00000004 00000004 00000003
 1726 J 00000003 00000006 00000004 00000000
 1727 : 00000206 00000004 00000004 00000003
 1728 J 00000003 00000007 00000004 00000000
 1729 : 00000207 00000004 00000004 00000003
 1730 J 00000003 0000000d 00000004 00000000
 1731 : 0000020d 00000004 00000004 00000003
 1732 J 00000003 0000000e 00000004 00000000
 1733 : 0000020e 00000004 00000004 00000003
 1734 J 00000003 0000000f 00000004 00000000
 1735 : 0000020f 00000004 00000004 00000003
 1736 J 00000003 00000017 00000004 00000000
 1737 : 00000217 00000004 00000004 00000003
 1738 J 00000003 00000018 00000004 00000000
 1739 : 00000218 00000004 00000004 00000003
 1740 J 00000003 00000019 00000004 00000000
 1741 : 00000219 00000004 00000004 00000003
 1742 J 00000003 0000001a 00000004 00000000
 1743 : 0000021a 00000004 00000004 00000003
 1744 J 00000003 00000033 00000004 00000000
 1745 : 00000233 00000004 00000004 00000003
 1746 J 00000003 00000034 00000004 00000000
 1747 : 00000234 00000004 00000004 00000003
 1748 J 00000003 00000035 00000004 00000000
 1749 : 00000235 00000004 00000004 00000003
 1750 J 00000003 00000036 00000004 00000000
 1751 : 00000236 00000004 00000004 00000003
 1752 J 00000003 00000037 00000004 00000000
 1753 : 00000237 00000004 00000004 00000003
 1754 J 00000003 00000038 00000004 00000000
 1755 : 00000238 00000004 00000004 00000003
 1756 J 00000003 00000039 00000004 00000000
 1757 : 00000239 00000004 00000004 00000003
 1758 J 00000003 0000003a 00000004 00000000
 1759 : 0000023a 00000004 00000004 00000003
 1760 J 00000003 0000003b 00000004 00000000
 1761 : 0000023b 00000004 00000004 00000003
 1762 J 00000003 0000003c 00000004 00000000
 1763 : 0000023c 00000004 00000004 00000003
 1764 J 00000003 0000003d 00000004 00000000
 1765 : 0000023d 00000004 00000004 00000003
 1766 J 00000003 0000003e 00000004 00000000
 1767 : 0000023e 00000004 00000004 00000003
 1768 J 00000003 0000003f 00000004 00000000
 1769 : 0000023f 00000004 00000004 00000003
 1770 J 00000003 00000040 00000004 00000000
 1771 : 00000240 00000004 00000004 00000003
 1772 J 00000003 00000041 00000004 00000000
 1773 : 00000241 00000004 00000004 00000003
 1774 J 00000003 00000042 00000004 00000000
 1775 : 00000242 00000004 00000004 00000003
 1776 J 00000003 00000043 00000004 00000000
 1777 : 00000243 00000004 00000004 00000003
 1778 J 00000003 00000044 00000004 00000000
 1779 : 00000244 00000004 00000004 00000003
 1780 J 00000003 00000045 00000004 00000000
 1781 : 00000245 00000004 00000004 00000003
 1782 J 00000003 00000046 00000004 00000000
 1783 : 00000246 00000004 00000004 00000003
 1784 J 00000003 0000004d 00000004 00000000
 1785 : 0000024d 00000004 00000004 00000003
 1786 J 00000003 0000004e 00000004 00000000
 1787 : 0000024e 00000004 00000004 00000003
 1788 J 00000003 0000004f 00000004 00000000
 1789 : 0000024f 00000004 00000004 00000003
 1790 J 00000003 00000055 00000004 00000000
 1791 : 00000255 00000004 00000004 00000003
 1792 J 00000003 00000058 00000004 00000000
 1793 : 00000258 00000004 00000004 00000003
 1794 J 00000003 00000059 00000004 00000000
 1795 : 00000259 00000004 00000004 00000003
 1796 J 00000003 0000005a 00000004 00000000
 1797 : 0000025a 00000004 00000004 00000003
 1798 J 00000003 0000005b 00000004 00000000
 1799 : 0000025b 00000004 00000004 00000003
 1800 J 00000003 0000005c 00000004 00000000
 1801 : 0000025c 00000004 00000004 00000003
 1802 J 00000003 0000005d 00000004 00000000
 1803 : 0000025d 00000004 00000004 00000003
 1804 J 00000003 0000005e 00000004 00000000
 1805 : 0000025e 00000004 00000004 00000003
 1806 J 00000003 0000005f 00000004 00000000
 1807 : 0000025f 00000004 00000004 00000003
 1808 J 00000003 00000062 00000004 00000000
 1809 : 00000262 00000004 00000004 00000003
 1810 J 00000003 00000063 00000004 00000000
 1811 : 00000263 00000004 00000004 00000003
 1812 J 00000003 00000064 00000004 00000000
 1813 : 00000264 00000004 00000004 00000003
 1814 J 00000003 00000065 00000004 00000000
 1815 : 00000265 00000004 00000004 00000003
 1816 J 00000003 00000066 00000004 00000000
 1817 : 00000266 00000004 00000004 00000003
 1818 J 00000003 00000067 00000004 00000000
 1819 : 00000267 00000004 00000004 00000003
 1820 J 00000003 00000068 00000004 00000000
 1821 : 00000268 00000004 00000004 00000003
 1822 J 00000003 00000069 00000004 00000000
 1823 : 00000269 00000004 00000004 00000003
 1824 J 00000003 0000006a 00000004 00000000
 1825 : 0000026a 00000004 00000004 00000003
 1826 J 00000003 0000006b 00000004 00000000
 1827 : 0000026b 00000004 00000004 00000003
 1828 J 00000003 0000006c 00000004 00000000
 1829 : 0000026c 00000004 00000004 00000003
 1830 J 00000003 0000006d 00000004 00000000
 1831 : 0000026d 00000004 00000004 00000003
 1832 J 00000003 0000006e 00000004 00000000
 1833 : 0000026e 00000004 00000004 00000003
 1834 J 00000003 0000006f 00000004 00000000
 1835 : 0000026f 00000004 00000004 00000003
 1836 J 00000003 00000070 00000004 00000000
 1837 : 00000270 00000004 00000004 00000003
 1838 J 00000003 00000071 00000004 00000000
 1839 : 00000271 00000004 00000004 00000003
 1840 J 00000003 00000072 00000004 00000000
 1841 : 00000272 00000004 00000004 00000003
 1842 J 00000003 00000073 00000004 00000000
 1843 : 00000273 00000004 00000004 00000003
 1844 J 00000003 00000074 00000004 00000000
 1845 : 00000274 00000004 00000004 00000003
 1846 J 00000003 00000075 00000004 00000000
 1847 : 00000275 00000004 00000004 00000003
 1848 J 00000003 00000076 00000004 00000000
 1849 : 00000276 00000004 00000004 00000003
 1850 J 00000003 00000077 00000004 00000000
 1851 : 00000277 00000004 00000004 00000003
 1852 J 00000003 00000078 00000004 00000000
 1853 : 00000278 00000004 00000004 00000003
 1854 J 00000003 00000079 00000004 00000000
 1855 : 00000279 00000004 00000004 00000003
 1856 J 00000003 0000007a 00000004 00000000
 1857 : 0000027a 00000004 00000004 00000003
 1858 J 00000003 0000007b 00000004 00000000
 1859 : 0000027b 00000004 00000004 00000003
 1860 J 00000003 0000007c 00000004 00000000
 1861 : 0000027c 00000004 00000004 00000003
 1862 J 00000003 0000007d 00000004 00000000
 1863 : 0000027d 00000004 00000004 00000003
 1864 J 00000003 0000007e 00000004 00000000
 1865 : 0000027e 00000004 00000004 00000003
 1866 J 00000003 0000007f 00000004 00000000
 1867 : 0000027f 00000004 00000004 00000003
 1868 J 00000003 00000032 00000004 00000000
 1869 : 00000232 00000004 00000004 00000003
 1870 J 00000003 00000047 00000003 00000000
 1871 : 00000247 00000003 00000003 00000003
 1872 J 00000003 00000031 00000003 00000000
 1873 : 00000231 00000003 00000003 00000003
 1874 J 00000003 00000050 00000003 00000000
 1875 : 00000250 00000003 00000003 00000003
 1876 J 00000003 00000051 00000003 00000000
 1877 : 00000251 00000003 00000003 00000003
 1878 J 00000003 00000052 00000003 00000000
 1879 : 00000252 00000003 00000003 00000003
 1880 J 00000003 00000054 00000003 00000000
 1881 : 00000254 00000003 00000003 00000003
 1882 J 00000003 00000056 00000003 00000000
 1883 : 00000256 00000003 00000003 00000003
 1884 J 00000003 00000057 00000003 00000000
 1885 : 00000257 00000003 00000003 00000003
 1886 J 00000003 0000004b 00000002 00000000
 1887 : 0000024b 00000002 00000002 00000003
 1888 J 00000003 0000004c 00000001 00000000
 1889 : 0000024c 00000001 00000001 00000003
 1890 J 00000003 00000060 00000001 00000000
 1891 : 00000260 00000001 00000001 00000003
 1892 J 00000003 00000061 00000001 00000000
 1893 : 00000261 00000001 00000001 00000003
 1894 J 00000003 0000004a 00000000 00000000
 1895 : 0000024a 00000000 00000000 00000003
 1896 J 00000003 00000000 00000007 00000001
 1897 : 00000200 00000007 00000007 00000003
 1898 J 00000003 00000001 00000007 00000001
 1899 : 00000201 00000007 00000007 00000003
 1900 J 00000003 00000002 00000006 00000001
 1901 : 00000202 00000006 00000006 00000003
 1902 J 00000003 0000002d 00000006 00000001
 1903 : 0000022d 00000006 00000006 00000003
 1904 J 00000003 0000002e 00000006 00000001
 1905 : 0000022e 00000006 00000006 00000003
 1906 J 00000003 0000002f 00000006 00000001
 1907 : 0000022f 00000006 00000006 00000003
 1908 J 00000003 00000030 00000006 00000001
 1909 : 00000230 00000006 00000006 00000003
 1910 J 00000003 00000008 00000006 00000001
 1911 : 00000208 00000006 00000006 00000003
 1912 J 00000003 00000009 00000006 00000001
 1913 : 00000209 00000006 00000006 00000003
 1914 J 00000003 0000000a 00000006 00000001
 1915 : 0000020a 00000006 00000006 00000003
 1916 J 00000003 0000000b 00000006 00000001
 1917 : 0000020b 00000006 00000006 00000003
 1918 J 00000003 0000000c 00000006 00000001
 1919 : 0000020c 00000006 00000006 00000003
 1920 J 00000003 00000010 00000006 00000001
 1921 : 00000210 00000006 00000006 00000003
 1922 J 00000003 00000011 00000006 00000001
 1923 : 00000211 00000006 00000006 00000003
 1924 J 00000003 00000012 00000006 00000001
 1925 : 00000212 00000006 00000006 00000003
 1926 J 00000003 00000013 00000006 00000001
 1927 : 00000213 00000006 00000006 00000003
 1928 J 00000003 00000014 00000006 00000001
 1929 : 00000214 00000006 00000006 00000003
 1930 J 00000003 00000015 00000006 00000001
 1931 : 00000215 00000006 00000006 00000003
 1932 J 00000003 00000016 00000006 00000001
 1933 : 00000216 00000006 00000006 00000003
 1934 J 00000003 0000001b 00000006 00000001
 1935 : 0000021b 00000006 00000006 00000003
 1936 J 00000003 0000001c 00000006 00000001
 1937 : 0000021c 00000006 00000006 00000003
 1938 J 00000003 0000001d 00000006 00000001
 1939 : 0000021d 00000006 00000006 00000003
 1940 J 00000003 0000001e 00000006 00000001
 1941 : 0000021e 00000006 00000006 00000003
 1942 J 00000003 0000001f 00000006 00000001
 1943 : 0000021f 00000006 00000006 00000003
 1944 J 00000003 00000020 00000006 00000001
 1945 : 00000220 00000006 00000006 00000003
 1946 J 00000003 00000021 00000006 00000001
 1947 : 00000221 00000006 00000006 00000003
 1948 J 00000003 00000022 00000006 00000001
 1949 : 00000222 00000006 00000006 00000003
 1950 J 00000003 00000023 00000006 00000001
 1951 : 00000223 00000006 00000006 00000003
 1952 J 00000003 00000024 00000006 00000001
 1953 : 00000224 00000006 00000006 00000003
 1954 J 00000003 00000025 00000006 00000001
 1955 : 00000225 00000006 00000006 00000003
 1956 J 00000003 00000026 00000006 00000001
 1957 : 00000226 00000006 00000006 00000003
 1958 J 00000003 00000027 00000006 00000001
 1959 : 00000227 00000006 00000006 00000003
 1960 J 00000003 00000028 00000006 00000001
 1961 : 00000228 00000006 00000006 00000003
 1962 J 00000003 00000029 00000006 00000001
 1963 : 00000229 00000006 00000006 00000003
 1964 J 00000003 0000002a 00000006 00000001
 1965 : 0000022a 00000006 00000006 00000003
 1966 J 00000003 0000002b 00000006 00000001
 1967 : 0000022b 00000006 00000006 00000003
 1968 J 00000003 00000048 00000006 00000001
 1969 : 00000248 00000006 00000006 00000003
 1970 J 00000003 00000049 00000006 00000001
 1971 : 00000249 00000006 00000006 00000003
 1972 J 00000003 0000002c 00000005 00000001
 1973 : 0000022c 00000005 00000005 00000003
 1974 J 00000003 00000053 00000005 00000001
 1975 : 00000253 00000005 00000005 00000003
 1976 J 00000003 00000003 00000004 00000001
 1977 : 00000203 00000004 00000004 00000003
 1978 J 00000003 00000004 00000004 00000001
 1979 : 00000204 00000004 00000004 00000003
 1980 J 00000003 00000005 00000004 00000001
 1981 : 00000205 00000004 00000004 00000003
 1982 J 00000003 00000006 00000004 00000001
 1983 : 00000206 00000004 00000004 00000003
 1984 J 00000003 00000007 00000004 00000001
 1985 : 00000207 00000004 00000004 00000003
 1986 J 00000003 0000000d 00000004 00000001
 1987 : 0000020d 00000004 00000004 00000003
 1988 J 00000003 0000000e 00000004 00000001
 1989 : 0000020e 00000004 00000004 00000003
 1990 J 00000003 0000000f 00000004 00000001
 1991 : 0000020f 00000004 00000004 00000003
 1992 J 00000003 00000017 00000004 00000001
 1993 : 00000217 00000004 00000004 00000003
 1994 J 00000003 00000018 00000004 00000001
 1995 : 00000218 00000004 00000004 00000003
 1996 J 00000003 00000019 00000004 00000001
 1997 : 00000219 00000004 00000004 00000003
 1998 J 00000003 0000001a 00000004 00000001
 1999 : 0000021a 00000004 00000004 00000003
 2000 J 00000003 00000033 00000004 00000001
 2001 : 00000233 00000004 00000004 00000003
 2002 J 00000003 00000034 00000004 00000001
 2003 : 00000234 00000004 00000004 00000003
 2004 J 00000003 00000035 00000004 00000001
 2005 : 00000235 00000004 00000004 00000003
 2006 J 00000003 00000036 00000004 00000001
 2007 : 00000236 00000004 00000004 00000003
 2008 J 00000003 00000037 00000004 00000001
 2009 : 00000237 00000004 00000004 00000003
 2010 J 00000003 00000038 00000004 00000001
 2011 : 00000238 00000004 00000004 00000003
 2012 J 00000003 00000039 00000004 00000001
 2013 : 00000239 00000004 00000004 00000003
 2014 J 00000003 0000003a 00000004 00000001
 2015 : 0000023a 00000004 00000004 00000003
 2016 J 00000003 0000003b 00000004 00000001
 2017 : 0000023b 00000004 00000004 00000003
 2018 J 00000003 0000003c 00000004 00000001
 2019 : 0000023c 00000004 00000004 00000003
 2020 J 00000003 0000003d 00000004 00000001
 2021 : 0000023d 00000004 00000004 00000003
 2022 J 00000003 0000003e 00000004 00000001
 2023 : 0000023e 00000004 00000004 00000003
 2024 J 00000003 0000003f 00000004 00000001
 2025 : 0000023f 00000004 00000004 00000003
 2026 J 00000003 00000040 00000004 00000001
 2027 : 00000240 00000004 00000004 00000003
 2028 J 00000003 00000041 00000004 00000001
 2029 : 00000241 00000004 00000004 00000003
 2030 J 00000003 00000042 00000004 00000001
 2031 : 00000242 00000004 00000004 00000003
 2032 J 00000003 00000043 00000004 00000001
 2033 : 00000243 00000004 00000004 00000003
 2034 J 00000003 00000044 00000004 00000001
 2035 : 00000244 00000004 00000004 00000003
 2036 J 00000003 00000045 00000004 00000001
 2037 : 00000245 00000004 00000004 00000003
 2038 J 00000003 00000046 00000004 00000001
 2039 : 00000246 00000004 00000004 00000003
 2040 J 00000003 0000004d 00000004 00000001
 2041 : 0000024d 00000004 00000004 00000003
 2042 J 00000003 0000004e 00000004 00000001
 2043 : 0000024e 00000004 00000004 00000003
 2044 J 00000003 0000004f 00000004 00000001
 2045 : 0000024f 00000004 00000004 00000003
 2046 J 00000003 00000055 00000004 00000001
 2047 : 00000255 00000004 00000004 00000003
 2048 J 00000003 00000058 00000004 00000001
 2049 : 00000258 00000004 00000004 00000003
 2050 J 00000003 00000059 00000004 00000001
 2051 : 00000259 00000004 00000004 00000003
 2052 J 00000003 0000005a 00000004 00000001
 2053 : 0000025a 00000004 00000004 00000003
 2054 J 00000003 0000005b 00000004 00000001
 2055 : 0000025b 00000004 00000004 00000003
 2056 J 00000003 0000005c 00000004 00000001
 2057 : 0000025c 00000004 00000004 00000003
 2058 J 00000003 0000005d 00000004 00000001
 2059 : 0000025d 00000004 00000004 00000003
 2060 J 00000003 0000005e 00000004 00000001
 2061 : 0000025e 00000004 00000004 00000003
 2062 J 00000003 0000005f 00000004 00000001
 2063 : 0000025f 00000004 00000004 00000003
 2064 J 00000003 00000062 00000004 00000001
 2065 : 00000262 00000004 00000004 00000003
 2066 J 00000003 00000063 00000004 00000001
 2067 : 00000263 00000004 00000004 00000003
 2068 J 00000003 00000064 00000004 00000001
 2069 : 00000264 00000004 00000004 00000003
 2070 J 00000003 00000065 00000004 00000001
 2071 : 00000265 00000004 00000004 00000003
 2072 J 00000003 00000066 00000004 00000001
 2073 : 00000266 00000004 00000004 00000003
 2074 J 00000003 00000067 00000004 00000001
 2075 : 00000267 00000004 00000004 00000003
 2076 J 00000003 00000068 00000004 00000001
 2077 : 00000268 00000004 00000004 00000003
 2078 J 00000003 00000069 00000004 00000001
 2079 : 00000269 00000004 00000004 00000003
 2080 J 00000003 0000006a 00000004 00000001
 2081 : 0000026a 00000004 00000004 00000003
 2082 J 00000003 0000006b 00000004 00000001
 2083 : 0000026b 00000004 00000004 00000003
 2084 J 00000003 0000006c 00000004 00000001
 2085 : 0000026c 00000004 00000004 00000003
 2086 J 00000003 0000006d 00000004 00000001
 2087 : 0000026d 00000004 00000004 00000003
 2088 J 00000003 0000006e 00000004 00000001
 2089 : 0000026e 00000004 00000004 00000003
 2090 J 00000003 0000006f 00000004 00000001
 2091 : 0000026f 00000004 00000004 00000003
 2092 J 00000003 00000070 00000004 00000001
 2093 : 00000270 00000004 00000004 00000003
 2094 J 00000003 00000071 00000004 00000001
 2095 : 00000271 00000004 00000004 00000003
 2096 J 00000003 00000072 00000004 00000001
 2097 : 00000272 00000004 00000004 00000003
 2098 J 00000003 00000073 00000004 00000001
 2099 : 00000273 00000004 00000004 00000003
 2100 J 00000003 00000074 00000004 00000001
 2101 : 00000274 00000004 00000004 00000003
 2102 J 00000003 00000075 00000004 00000001
 2103 : 00000275 00000004 00000004 00000003
 2104 J 00000003 00000076 00000004 00000001
 2105 : 00000276 00000004 00000004 00000003
 2106 J 00000003 00000077 00000004 00000001
 2107 : 00000277 00000004 00000004 00000003
 2108 J 00000003 00000078 00000004 00000001
 2109 : 00000278 00000004 00000004 00000003
 2110 J 00000003 00000079 00000004 00000001
 2111 : 00000279 00000004 00000004 00000003
 2112 J 00000003 0000007a 00000004 00000001
 2113 : 0000027a 00000004 00000004 00000003
 2114 J 00000003 0000007b 00000004 00000001
 2115 : 0000027b 00000004 00000004 00000003
 2116 J 00000003 0000007c 00000004 00000001
 2117 : 0000027c 00000004 00000004 00000003
 2118 J 00000003 0000007d 00000004 00000001
 2119 : 0000027d 00000004 00000004 00000003
 2120 J 00000003 0000007e 00000004 00000001
 2121 : 0000027e 00000004 00000004 00000003
 2122 J 00000003 0000007f 00000004 00000001
 2123 : 0000027f 00000004 00000004 00000003
 2124 J 00000003 00000032 00000004 00000001
 2125 : 00000232 00000004 00000004 00000003
 2126 J 00000003 00000047 00000003 00000001
 2127 : 00000247 00000003 00000003 00000003
 2128 J 00000003 00000031 00000003 00000001
 2129 : 00000231 00000003 00000003 00000003
 2130 J 00000003 00000050 00000003 00000001
 2131 : 00000250 00000003 00000003 00000003
 2132 J 00000003 00000051 00000003 00000001
 2133 : 00000251 00000003 00000003 00000003
 2134 J 00000003 00000052 00000003 00000001
 2135 : 00000252 00000003 00000003 00000003
 2136 J 00000003 00000054 00000003 00000001
 2137 : 00000254 00000003 00000003 00000003
 2138 J 00000003 00000056 00000003 00000001
 2139 : 00000256 00000003 00000003 00000003
 2140 J 00000003 00000057 00000003 00000001
 2141 : 00000257 00000003 00000003 00000003
 2142 J 00000003 0000004b 00000002 00000001
 2143 : 0000024b 00000002 00000002 00000003
 2144 J 00000003 0000004c 00000001 00000001
 2145 : 0000024c 00000001 00000001 00000003
 2146 J 00000003 00000060 00000001 00000001
 2147 : 00000260 00000001 00000001 00000003
 2148 J 00000003 00000061 00000001 00000001
 2149 : 00000261 00000001 00000001 00000003
 2150 J 00000003 0000004a 00000000 00000001
 2151 : 0000024a 00000000 00000000 00000003
 2152 J 00000004 00000000 00000007 00000000
 2153 : 00000280 00000007 00000007 00000004
 2154 J 00000004 00000001 00000007 00000000
 2155 : 00000281 00000007 00000007 00000004
 2156 J 00000004 00000002 00000006 00000000
 2157 : 00000282 00000006 00000006 00000004
 2158 J 00000004 0000002d 00000006 00000000
 2159 : 000002ad 00000006 00000006 00000004
 2160 J 00000004 0000002e 00000006 00000000
 2161 : 000002ae 00000006 00000006 00000004
 2162 J 00000004 0000002f 00000006 00000000
 2163 : 000002af 00000006 00000006 00000004
 2164 J 00000004 00000030 00000006 00000000
 2165 : 000002b0 00000006 00000006 00000004
 2166 J 00000004 00000008 00000006 00000000
 2167 : 00000288 00000006 00000006 00000004
 2168 J 00000004 00000009 00000006 00000000
 2169 : 00000289 00000006 00000006 00000004
 2170 J 00000004 0000000a 00000006 00000000
 2171 : 0000028a 00000006 00000006 00000004
 2172 J 00000004 0000000b 00000006 00000000
 2173 : 0000028b 00000006 00000006 00000004
 2174 J 00000004 0000000c 00000006 00000000
 2175 : 0000028c 00000006 00000006 00000004
 2176 J 00000004 00000010 00000006 00000000
 2177 : 00000290 00000006 00000006 00000004
 2178 J 00000004 00000011 00000006 00000000
 2179 : 00000291 00000006 00000006 00000004
 2180 J 00000004 00000012 00000006 00000000
 2181 : 00000292 00000006 00000006 00000004
 2182 J 00000004 00000013 00000006 00000000
 2183 : 00000293 00000006 00000006 00000004
 2184 J 00000004 00000014 00000006 00000000
 2185 : 00000294 00000006 00000006 00000004
 2186 J 00000004 00000015 00000006 00000000
 2187 : 00000295 00000006 00000006 00000004
 2188 J 00000004 00000016 00000006 00000000
 2189 : 00000296 00000006 00000006 00000004
 2190 J 00000004 0000001b 00000006 00000000
 2191 : 0000029b 00000006 00000006 00000004
 2192 J 00000004 0000001c 00000006 00000000
 2193 : 0000029c 00000006 00000006 00000004
 2194 J 00000004 0000001d 00000006 00000000
 2195 : 0000029d 00000006 00000006 00000004
 2196 J 00000004 0000001e 00000006 00000000
 2197 : 0000029e 00000006 00000006 00000004
 2198 J 00000004 0000001f 00000006 00000000
 2199 : 0000029f 00000006 00000006 00000004
 2200 J 00000004 00000020 00000006 00000000
 2201 : 000002a0 00000006 00000006 00000004
 2202 J 00000004 00000021 00000006 00000000
 2203 : 000002a1 00000006 00000006 00000004
 2204 J 00000004 00000022 00000006 00000000
 2205 : 000002a2 00000006 00000006 00000004
 2206 J 00000004 00000023 00000006 00000000
 2207 : 000002a3 00000006 00000006 00000004
 2208 J 00000004 00000024 00000006 00000000
 2209 : 000002a4 00000006 00000006 00000004
 2210 J 00000004 00000025 00000006 00000000
 2211 : 000002a5 00000006 00000006 00000004
 2212 J 00000004 00000026 00000006 00000000
 2213 : 000002a6 00000006 00000006 00000004
 2214 J 00000004 00000027 00000006 00000000
 2215 : 000002a7 00000006 00000006 00000004
 2216 J 00000004 00000028 00000006 00000000
 2217 : 000002a8 00000006 00000006 00000004
 2218 J 00000004 00000029 00000006 00000000
 2219 : 000002a9 00000006 00000006 00000004
 2220 J 00000004 0000002a 00000006 00000000
 2221 : 000002aa 00000006 00000006 00000004
 2222 J 00000004 0000002b 00000006 00000000
 2223 : 000002ab 00000006 00000006 00000004
 2224 J 00000004 00000048 00000006 00000000
 2225 : 000002c8 00000006 00000006 00000004
 2226 J 00000004 00000049 00000006 00000000
 2227 : 000002c9 00000006 00000006 00000004
 2228 J 00000004 0000002c 00000005 00000000
 2229 : 000002ac 00000005 00000005 00000004
 2230 J 00000004 00000053 00000005 00000000
 2231 : 000002d3 00000005 00000005 00000004
 2232 J 00000004 00000003 00000004 00000000
 2233 : 00000283 00000004 00000004 00000004
 2234 J 00000004 00000004 00000004 00000000
 2235 : 00000284 00000004 00000004 00000004
 2236 J 00000004 00000005 00000004 00000000
 2237 : 00000285 00000004 00000004 00000004
 2238 J 00000004 00000006 00000004 00000000
 2239 : 00000286 00000004 00000004 00000004
 2240 J 00000004 00000007 00000004 00000000
 2241 : 00000287 00000004 00000004 00000004
 2242 J 00000004 0000000d 00000004 00000000
 2243 : 0000028d 00000004 00000004 00000004
 2244 J 00000004 0000000e 00000004 00000000
 2245 : 0000028e 00000004 00000004 00000004
 2246 J 00000004 0000000f 00000004 00000000
 2247 : 0000028f 00000004 00000004 00000004
 2248 J 00000004 00000017 00000004 00000000
 2249 : 00000297 00000004 00000004 00000004
 2250 J 00000004 00000018 00000004 00000000
 2251 : 00000298 00000004 00000004 00000004
 2252 J 00000004 00000019 00000004 00000000
 2253 : 00000299 00000004 00000004 00000004
 2254 J 00000004 0000001a 00000004 00000000
 2255 : 0000029a 00000004 00000004 00000004
 2256 J 00000004 00000033 00000004 00000000
 2257 : 000002b3 00000004 00000004 00000004
 2258 J 00000004 00000034 00000004 00000000
 2259 : 000002b4 00000004 00000004 00000004
 2260 J 00000004 00000035 00000004 00000000
 2261 : 000002b5 00000004 00000004 00000004
 2262 J 00000004 00000036 00000004 00000000
 2263 : 000002b6 00000004 00000004 00000004
 2264 J 00000004 00000037 00000004 00000000
 2265 : 000002b7 00000004 00000004 00000004
 2266 J 00000004 00000038 00000004 00000000
 2267 : 000002b8 00000004 00000004 00000004
 2268 J 00000004 00000039 00000004 00000000
 2269 : 000002b9 00000004 00000004 00000004
 2270 J 00000004 0000003a 00000004 00000000
 2271 : 000002ba 00000004 00000004 00000004
 2272 J 00000004 0000003b 00000004 00000000
 2273 : 000002bb 00000004 00000004 00000004
 2274 J 00000004 0000003c 00000004 00000000
 2275 : 000002bc 00000004 00000004 00000004
 2276 J 00000004 0000003d 00000004 00000000
 2277 : 000002bd 00000004 00000004 00000004
 2278 J 00000004 0000003e 00000004 00000000
 2279 : 000002be 00000004 00000004 00000004
 2280 J 00000004 0000003f 00000004 00000000
 2281 : 000002bf 00000004 00000004 00000004
 2282 J 00000004 00000040 00000004 00000000
 2283 : 000002c0 00000004 00000004 00000004
 2284 J 00000004 00000041 00000004 00000000
 2285 : 000002c1 00000004 00000004 00000004
 2286 J 00000004 00000042 00000004 00000000
 2287 : 000002c2 00000004 00000004 00000004
 2288 J 00000004 00000043 00000004 00000000
 2289 : 000002c3 00000004 00000004 00000004
 2290 J 00000004 00000044 00000004 00000000
 2291 : 000002c4 00000004 00000004 00000004
 2292 J 00000004 00000045 00000004 00000000
 2293 : 000002c5 00000004 00000004 00000004
 2294 J 00000004 00000046 00000004 00000000
 2295 : 000002c6 00000004 00000004 00000004
 2296 J 00000004 0000004d 00000004 00000000
 2297 : 000002cd 00000004 00000004 00000004
 2298 J 00000004 0000004e 00000004 00000000
 2299 : 000002ce 00000004 00000004 00000004
 2300 J 00000004 0000004f 00000004 00000000
 2301 : 000002cf 00000004 00000004 00000004
 2302 J 00000004 00000055 00000004 00000000
 2303 : 000002d5 00000004 00000004 00000004
 2304 J 00000004 00000058 00000004 00000000
 2305 : 000002d8 00000004 00000004 00000004
 2306 J 00000004 00000059 00000004 00000000
 2307 : 000002d9 00000004 00000004 00000004
 2308 J 00000004 0000005a 00000004 00000000
 2309 : 000002da 00000004 00000004 00000004
 2310 J 00000004 0000005b 00000004 00000000
 2311 : 000002db 00000004 00000004 00000004
 2312 J 00000004 0000005c 00000004 00000000
 2313 : 000002dc 00000004 00000004 00000004
 2314 J 00000004 0000005d 00000004 00000000
 2315 : 000002dd 00000004 00000004 00000004
 2316 J 00000004 0000005e 00000004 00000000
 2317 : 000002de 00000004 00000004 00000004
 2318 J 00000004 0000005f 00000004 00000000
 2319 : 000002df 00000004 00000004 00000004
 2320 J 00000004 00000062 00000004 00000000
 2321 : 000002e2 00000004 00000004 00000004
 2322 J 00000004 00000063 00000004 00000000
 2323 : 000002e3 00000004 00000004 00000004
 2324 J 00000004 00000064 00000004 00000000
 2325 : 000002e4 00000004 00000004 00000004
 2326 J 00000004 00000065 00000004 00000000
 2327 : 000002e5 00000004 00000004 00000004
 2328 J 00000004 00000066 00000004 00000000
 2329 : 000002e6 00000004 00000004 00000004
 2330 J 00000004 00000067 00000004 00000000
 2331 : 000002e7 00000004 00000004 00000004
 2332 J 00000004 00000068 00000004 00000000
 2333 : 000002e8 00000004 00000004 00000004
 2334 J 00000004 00000069 00000004 00000000
 2335 : 000002e9 00000004 00000004 00000004
 2336 J 00000004 0000006a 00000004 00000000
 2337 : 000002ea 00000004 00000004 00000004
 2338 J 00000004 0000006b 00000004 00000000
 2339 : 000002eb 00000004 00000004 00000004
 2340 J 00000004 0000006c 00000004 00000000
 2341 : 000002ec 00000004 00000004 00000004
 2342 J 00000004 0000006d 00000004 00000000
 2343 : 000002ed 00000004 00000004 00000004
 2344 J 00000004 0000006e 00000004 00000000
 2345 : 000002ee 00000004 00000004 00000004
 2346 J 00000004 0000006f 00000004 00000000
 2347 : 000002ef 00000004 00000004 00000004
 2348 J 00000004 00000070 00000004 00000000
 2349 : 000002f0 00000004 00000004 00000004
 2350 J 00000004 00000071 00000004 00000000
 2351 : 000002f1 00000004 00000004 00000004
 2352 J 00000004 00000072 00000004 00000000
 2353 : 000002f2 00000004 00000004 00000004
 2354 J 00000004 00000073 00000004 00000000
 2355 : 000002f3 00000004 00000004 00000004
 2356 J 00000004 00000074 00000004 00000000
 2357 : 000002f4 00000004 00000004 00000004
 2358 J 00000004 00000075 00000004 00000000
 2359 : 000002f5 00000004 00000004 00000004
 2360 J 00000004 00000076 00000004 00000000
 2361 : 000002f6 00000004 00000004 00000004
 2362 J 00000004 00000077 00000004 00000000
 2363 : 000002f7 00000004 00000004 00000004
 2364 J 00000004 00000078 00000004 00000000
 2365 : 000002f8 00000004 00000004 00000004
 2366 J 00000004 00000079 00000004 00000000
 2367 : 000002f9 00000004 00000004 00000004
 2368 J 00000004 0000007a 00000004 00000000
 2369 : 000002fa 00000004 00000004 00000004
 2370 J 00000004 0000007b 00000004 00000000
 2371 : 000002fb 00000004 00000004 00000004
 2372 J 00000004 0000007c 00000004 00000000
 2373 : 000002fc 00000004 00000004 00000004
 2374 J 00000004 0000007d 00000004 00000000
 2375 : 000002fd 00000004 00000004 00000004
 2376 J 00000004 0000007e 00000004 00000000
 2377 : 000002fe 00000004 00000004 00000004
 2378 J 00000004 0000007f 00000004 00000000
 2379 : 000002ff 00000004 00000004 00000004
 2380 J 00000004 00000032 00000004 00000000
 2381 : 000002b2 00000004 00000004 00000004
 2382 J 00000004 00000047 00000003 00000000
 2383 : 000002c7 00000003 00000003 00000004
 2384 J 00000004 00000031 00000003 00000000
 2385 : 000002b1 00000003 00000003 00000004
 2386 J 00000004 00000050 00000003 00000000
 2387 : 000002d0 00000003 00000003 00000004
 2388 J 00000004 00000051 00000003 00000000
 2389 : 000002d1 00000003 00000003 00000004
 2390 J 00000004 00000052 00000003 00000000
 2391 : 000002d2 00000003 00000003 00000004
 2392 J 00000004 00000054 00000003 00000000
 2393 : 000002d4 00000003 00000003 00000004
 2394 J 00000004 00000056 00000003 00000000
 2395 : 000002d6 00000003 00000003 00000004
 2396 J 00000004 00000057 00000003 00000000
 2397 : 000002d7 00000003 00000003 00000004
 2398 J 00000004 0000004b 00000002 00000000
 2399 : 000002cb 00000002 00000002 00000004
 2400 J 00000004 0000004c 00000001 00000000
 2401 : 000002cc 00000001 00000001 00000004
 2402 J 00000004 00000060 00000001 00000000
 2403 : 000002e0 00000001 00000001 00000004
 2404 J 00000004 00000061 00000001 00000000
 2405 : 000002e1 00000001 00000001 00000004
 2406 J 00000004 0000004a 00000000 00000000
 2407 : 000002ca 00000000 00000000 00000004
 2408 J 00000004 00000000 00000007 00000001
 2409 : 00000280 00000007 00000007 00000004
 2410 J 00000004 00000001 00000007 00000001
 2411 : 00000281 00000007 00000007 00000004
 2412 J 00000004 00000002 00000006 00000001
 2413 : 00000282 00000006 00000006 00000004
 2414 J 00000004 0000002d 00000006 00000001
 2415 : 000002ad 00000006 00000006 00000004
 2416 J 00000004 0000002e 00000006 00000001
 2417 : 000002ae 00000006 00000006 00000004
 2418 J 00000004 0000002f 00000006 00000001
 2419 : 000002af 00000006 00000006 00000004
 2420 J 00000004 00000030 00000006 00000001
 2421 : 000002b0 00000006 00000006 00000004
 2422 J 00000004 00000008 00000006 00000001
 2423 : 00000288 00000006 00000006 00000004
 2424 J 00000004 00000009 00000006 00000001
 2425 : 00000289 00000006 00000006 00000004
 2426 J 00000004 0000000a 00000006 00000001
 2427 : 0000028a 00000006 00000006 00000004
 2428 J 00000004 0000000b 00000006 00000001
 2429 : 0000028b 00000006 00000006 00000004
 2430 J 00000004 0000000c 00000006 00000001
 2431 : 0000028c 00000006 00000006 00000004
 2432 J 00000004 00000010 00000006 00000001
 2433 : 00000290 00000006 00000006 00000004
 2434 J 00000004 00000011 00000006 00000001
 2435 : 00000291 00000006 00000006 00000004
 2436 J 00000004 00000012 00000006 00000001
 2437 : 00000292 00000006 00000006 00000004
 2438 J 00000004 00000013 00000006 00000001
 2439 : 00000293 00000006 00000006 00000004
 2440 J 00000004 00000014 00000006 00000001
 2441 : 00000294 00000006 00000006 00000004
 2442 J 00000004 00000015 00000006 00000001
 2443 : 00000295 00000006 00000006 00000004
 2444 J 00000004 00000016 00000006 00000001
 2445 : 00000296 00000006 00000006 00000004
 2446 J 00000004 0000001b 00000006 00000001
 2447 : 0000029b 00000006 00000006 00000004
 2448 J 00000004 0000001c 00000006 00000001
 2449 : 0000029c 00000006 00000006 00000004
 2450 J 00000004 0000001d 00000006 00000001
 2451 : 0000029d 00000006 00000006 00000004
 2452 J 00000004 0000001e 00000006 00000001
 2453 : 0000029e 00000006 00000006 00000004
 2454 J 00000004 0000001f 00000006 00000001
 2455 : 0000029f 00000006 00000006 00000004
 2456 J 00000004 00000020 00000006 00000001
 2457 : 000002a0 00000006 00000006 00000004
 2458 J 00000004 00000021 00000006 00000001
 2459 : 000002a1 00000006 00000006 00000004
 2460 J 00000004 00000022 00000006 00000001
 2461 : 000002a2 00000006 00000006 00000004
 2462 J 00000004 00000023 00000006 00000001
 2463 : 000002a3 00000006 00000006 00000004
 2464 J 00000004 00000024 00000006 00000001
 2465 : 000002a4 00000006 00000006 00000004
 2466 J 00000004 00000025 00000006 00000001
 2467 : 000002a5 00000006 00000006 00000004
 2468 J 00000004 00000026 00000006 00000001
 2469 : 000002a6 00000006 00000006 00000004
 2470 J 00000004 00000027 00000006 00000001
 2471 : 000002a7 00000006 00000006 00000004
 2472 J 00000004 00000028 00000006 00000001
 2473 : 000002a8 00000006 00000006 00000004
 2474 J 00000004 00000029 00000006 00000001
 2475 : 000002a9 00000006 00000006 00000004
 2476 J 00000004 0000002a 00000006 00000001
 2477 : 000002aa 00000006 00000006 00000004
 2478 J 00000004 0000002b 00000006 00000001
 2479 : 000002ab 00000006 00000006 00000004
 2480 J 00000004 00000048 00000006 00000001
 2481 : 000002c8 00000006 00000006 00000004
 2482 J 00000004 00000049 00000006 00000001
 2483 : 000002c9 00000006 00000006 00000004
 2484 J 00000004 0000002c 00000005 00000001
 2485 : 000002ac 00000005 00000005 00000004
 2486 J 00000004 00000053 00000005 00000001
 2487 : 000002d3 00000005 00000005 00000004
 2488 J 00000004 00000003 00000004 00000001
 2489 : 00000283 00000004 00000004 00000004
 2490 J 00000004 00000004 00000004 00000001
 2491 : 00000284 00000004 00000004 00000004
 2492 J 00000004 00000005 00000004 00000001
 2493 : 00000285 00000004 00000004 00000004
 2494 J 00000004 00000006 00000004 00000001
 2495 : 00000286 00000004 00000004 00000004
 2496 J 00000004 00000007 00000004 00000001
 2497 : 00000287 00000004 00000004 00000004
 2498 J 00000004 0000000d 00000004 00000001
 2499 : 0000028d 00000004 00000004 00000004
 2500 J 00000004 0000000e 00000004 00000001
 2501 : 0000028e 00000004 00000004 00000004
 2502 J 00000004 0000000f 00000004 00000001
 2503 : 0000028f 00000004 00000004 00000004
 2504 J 00000004 00000017 00000004 00000001
 2505 : 00000297 00000004 00000004 00000004
 2506 J 00000004 00000018 00000004 00000001
 2507 : 00000298 00000004 00000004 00000004
 2508 J 00000004 00000019 00000004 00000001
 2509 : 00000299 00000004 00000004 00000004
 2510 J 00000004 0000001a 00000004 00000001
 2511 : 0000029a 00000004 00000004 00000004
 2512 J 00000004 00000033 00000004 00000001
 2513 : 000002b3 00000004 00000004 00000004
 2514 J 00000004 00000034 00000004 00000001
 2515 : 000002b4 00000004 00000004 00000004
 2516 J 00000004 00000035 00000004 00000001
 2517 : 000002b5 00000004 00000004 00000004
 2518 J 00000004 00000036 00000004 00000001
 2519 : 000002b6 00000004 00000004 00000004
 2520 J 00000004 00000037 00000004 00000001
 2521 : 000002b7 00000004 00000004 00000004
 2522 J 00000004 00000038 00000004 00000001
 2523 : 000002b8 00000004 00000004 00000004
 2524 J 00000004 00000039 00000004 00000001
 2525 : 000002b9 00000004 00000004 00000004
 2526 J 00000004 0000003a 00000004 00000001
 2527 : 000002ba 00000004 00000004 00000004
 2528 J 00000004 0000003b 00000004 00000001
 2529 : 000002bb 00000004 00000004 00000004
 2530 J 00000004 0000003c 00000004 00000001
 2531 : 000002bc 00000004 00000004 00000004
 2532 J 00000004 0000003d 00000004 00000001
 2533 : 000002bd 00000004 00000004 00000004
 2534 J 00000004 0000003e 00000004 00000001
 2535 : 000002be 00000004 00000004 00000004
 2536 J 00000004 0000003f 00000004 00000001
 2537 : 000002bf 00000004 00000004 00000004
 2538 J 00000004 00000040 00000004 00000001
 2539 : 000002c0 00000004 00000004 00000004
 2540 J 00000004 00000041 00000004 00000001
 2541 : 000002c1 00000004 00000004 00000004
 2542 J 00000004 00000042 00000004 00000001
 2543 : 000002c2 00000004 00000004 00000004
 2544 J 00000004 00000043 00000004 00000001
 2545 : 000002c3 00000004 00000004 00000004
 2546 J 00000004 00000044 00000004 00000001
 2547 : 000002c4 00000004 00000004 00000004
 2548 J 00000004 00000045 00000004 00000001
 2549 : 000002c5 00000004 00000004 00000004
 2550 J 00000004 00000046 00000004 00000001
 2551 : 000002c6 00000004 00000004 00000004
 2552 J 00000004 0000004d 00000004 00000001
 2553 : 000002cd 00000004 00000004 00000004
 2554 J 00000004 0000004e 00000004 00000001
 2555 : 000002ce 00000004 00000004 00000004
 2556 J 00000004 0000004f 00000004 00000001
 2557 : 000002cf 00000004 00000004 00000004
 2558 J 00000004 00000055 00000004 00000001
 2559 : 000002d5 00000004 00000004 00000004
 2560 J 00000004 00000058 00000004 00000001
 2561 : 000002d8 00000004 00000004 00000004
 2562 J 00000004 00000059 00000004 00000001
 2563 : 000002d9 00000004 00000004 00000004
 2564 J 00000004 0000005a 00000004 00000001
 2565 : 000002da 00000004 00000004 00000004
 2566 J 00000004 0000005b 00000004 00000001
 2567 : 000002db 00000004 00000004 00000004
 2568 J 00000004 0000005c 00000004 00000001
 2569 : 000002dc 00000004 00000004 00000004
 2570 J 00000004 0000005d 00000004 00000001
 2571 : 000002dd 00000004 00000004 00000004
 2572 J 00000004 0000005e 00000004 00000001
 2573 : 000002de 00000004 00000004 00000004
 2574 J 00000004 0000005f 00000004 00000001
 2575 : 000002df 00000004 00000004 00000004
 2576 J 00000004 00000062 00000004 00000001
 2577 : 000002e2 00000004 00000004 00000004
 2578 J 00000004 00000063 00000004 00000001
 2579 : 000002e3 00000004 00000004 00000004
 2580 J 00000004 00000064 00000004 00000001
 2581 : 000002e4 00000004 00000004 00000004
 2582 J 00000004 00000065 00000004 00000001
 2583 : 000002e5 00000004 00000004 00000004
 2584 J 00000004 00000066 00000004 00000001
 2585 : 000002e6 00000004 00000004 00000004
 2586 J 00000004 00000067 00000004 00000001
 2587 : 000002e7 00000004 00000004 00000004
 2588 J 00000004 00000068 00000004 00000001
 2589 : 000002e8 00000004 00000004 00000004
 2590 J 00000004 00000069 00000004 00000001
 2591 : 000002e9 00000004 00000004 00000004
 2592 J 00000004 0000006a 00000004 00000001
 2593 : 000002ea 00000004 00000004 00000004
 2594 J 00000004 0000006b 00000004 00000001
 2595 : 000002eb 00000004 00000004 00000004
 2596 J 00000004 0000006c 00000004 00000001
 2597 : 000002ec 00000004 00000004 00000004
 2598 J 00000004 0000006d 00000004 00000001
 2599 : 000002ed 00000004 00000004 00000004
 2600 J 00000004 0000006e 00000004 00000001
 2601 : 000002ee 00000004 00000004 00000004
 2602 J 00000004 0000006f 00000004 00000001
 2603 : 000002ef 00000004 00000004 00000004
 2604 J 00000004 00000070 00000004 00000001
 2605 : 000002f0 00000004 00000004 00000004
 2606 J 00000004 00000071 00000004 00000001
 2607 : 000002f1 00000004 00000004 00000004
 2608 J 00000004 00000072 00000004 00000001
 2609 : 000002f2 00000004 00000004 00000004
 2610 J 00000004 00000073 00000004 00000001
 2611 : 000002f3 00000004 00000004 00000004
 2612 J 00000004 00000074 00000004 00000001
 2613 : 000002f4 00000004 00000004 00000004
 2614 J 00000004 00000075 00000004 00000001
 2615 : 000002f5 00000004 00000004 00000004
 2616 J 00000004 00000076 00000004 00000001
 2617 : 000002f6 00000004 00000004 00000004
 2618 J 00000004 00000077 00000004 00000001
 2619 : 000002f7 00000004 00000004 00000004
 2620 J 00000004 00000078 00000004 00000001
 2621 : 000002f8 00000004 00000004 00000004
 2622 J 00000004 00000079 00000004 00000001
 2623 : 000002f9 00000004 00000004 00000004
 2624 J 00000004 0000007a 00000004 00000001
 2625 : 000002fa 00000004 00000004 00000004
 2626 J 00000004 0000007b 00000004 00000001
 2627 : 000002fb 00000004 00000004 00000004
 2628 J 00000004 0000007c 00000004 00000001
 2629 : 000002fc 00000004 00000004 00000004
 2630 J 00000004 0000007d 00000004 00000001
 2631 : 000002fd 00000004 00000004 00000004
 2632 J 00000004 0000007e 00000004 00000001
 2633 : 000002fe 00000004 00000004 00000004
 2634 J 00000004 0000007f 00000004 00000001
 2635 : 000002ff 00000004 00000004 00000004
 2636 J 00000004 00000032 00000004 00000001
 2637 : 000002b2 00000004 00000004 00000004
 2638 J 00000004 00000047 00000003 00000001
 2639 : 000002c7 00000003 00000003 00000004
 2640 J 00000004 00000031 00000003 00000001
 2641 : 000002b1 00000003 00000003 00000004
 2642 J 00000004 00000050 00000003 00000001
 2643 : 000002d0 00000003 00000003 00000004
 2644 J 00000004 00000051 00000003 00000001
 2645 : 000002d1 00000003 00000003 00000004
 2646 J 00000004 00000052 00000003 00000001
 2647 : 000002d2 00000003 00000003 00000004
 2648 J 00000004 00000054 00000003 00000001
 2649 : 000002d4 00000003 00000003 00000004
 2650 J 00000004 00000056 00000003 00000001
 2651 : 000002d6 00000003 00000003 00000004
 2652 J 00000004 00000057 00000003 00000001
 2653 : 000002d7 00000003 00000003 00000004
 2654 J 00000004 0000004b 00000002 00000001
 2655 : 000002cb 00000002 00000002 00000004
 2656 J 00000004 0000004c 00000001 00000001
 2657 : 000002cc 00000001 00000001 00000004
 2658 J 00000004 00000060 00000001 00000001
 2659 : 000002e0 00000001 00000001 00000004
 2660 J 00000004 00000061 00000001 00000001
 2661 : 000002e1 00000001 00000001 00000004
 2662 J 00000004 0000004a 00000000 00000001
 2663 : 000002ca 00000000 00000000 00000004
 2664 J 00000005 00000000 00000007 00000000
 2665 : 00000000 00000007 00000007 00000005
 2666 J 00000005 00000001 00000007 00000000
 2667 : 00000001 00000007 00000007 00000005
 2668 J 00000005 00000002 00000006 00000000
 2669 : 00000002 00000006 00000006 00000005
 2670 J 00000005 0000002d 00000006 00000000
 2671 : 0000002d 00000006 00000006 00000005
 2672 J 00000005 0000002e 00000006 00000000
 2673 : 0000002e 00000006 00000006 00000005
 2674 J 00000005 0000002f 00000006 00000000
 2675 : 0000002f 00000006 00000006 00000005
 2676 J 00000005 00000030 00000006 00000000
 2677 : 00000030 00000006 00000006 00000005
 2678 J 00000005 00000008 00000006 00000000
 2679 : 00000008 00000006 00000006 00000005
 2680 J 00000005 00000009 00000006 00000000
 2681 : 00000009 00000006 00000006 00000005
 2682 J 00000005 0000000a 00000006 00000000
 2683 : 0000000a 00000006 00000006 00000005
 2684 J 00000005 0000000b 00000006 00000000
 2685 : 0000000b 00000006 00000006 00000005
 2686 J 00000005 0000000c 00000006 00000000
 2687 : 0000000c 00000006 00000006 00000005
 2688 J 00000005 00000010 00000006 00000000
 2689 : 00000010 00000006 00000006 00000005
 2690 J 00000005 00000011 00000006 00000000
 2691 : 00000011 00000006 00000006 00000005
 2692 J 00000005 00000012 00000006 00000000
 2693 : 00000012 00000006 00000006 00000005
 2694 J 00000005 00000013 00000006 00000000
 2695 : 00000013 00000006 00000006 00000005
 2696 J 00000005 00000014 00000006 00000000
 2697 : 00000014 00000006 00000006 00000005
 2698 J 00000005 00000015 00000006 00000000
 2699 : 00000015 00000006 00000006 00000005
 2700 J 00000005 00000016 00000006 00000000
 2701 : 00000016 00000006 00000006 00000005
 2702 J 00000005 0000001b 00000006 00000000
 2703 : 0000001b 00000006 00000006 00000005
 2704 J 00000005 0000001c 00000006 00000000
 2705 : 0000001c 00000006 00000006 00000005
 2706 J 00000005 0000001d 00000006 00000000
 2707 : 0000001d 00000006 00000006 00000005
 2708 J 00000005 0000001e 00000006 00000000
 2709 : 0000001e 00000006 00000006 00000005
 2710 J 00000005 0000001f 00000006 00000000
 2711 : 0000001f 00000006 00000006 00000005
 2712 J 00000005 00000020 00000006 00000000
 2713 : 00000020 00000006 00000006 00000005
 2714 J 00000005 00000021 00000006 00000000
 2715 : 00000021 00000006 00000006 00000005
 2716 J 00000005 00000022 00000006 00000000
 2717 : 00000022 00000006 00000006 00000005
 2718 J 00000005 00000023 00000006 00000000
 2719 : 00000023 00000006 00000006 00000005
 2720 J 00000005 00000024 00000006 00000000
 2721 : 00000024 00000006 00000006 00000005
 2722 J 00000005 00000025 00000006 00000000
 2723 : 00000025 00000006 00000006 00000005
 2724 J 00000005 00000026 00000006 00000000
 2725 : 00000026 00000006 00000006 00000005
 2726 J 00000005 00000027 00000006 00000000
 2727 : 00000027 00000006 00000006 00000005
 2728 J 00000005 00000028 00000006 00000000
 2729 : 00000028 00000006 00000006 00000005
 2730 J 00000005 00000029 00000006 00000000
 2731 : 00000029 00000006 00000006 00000005
 2732 J 00000005 0000002a 00000006 00000000
 2733 : 0000002a 00000006 00000006 00000005
 2734 J 00000005 0000002b 00000006 00000000
 2735 : 0000002b 00000006 00000006 00000005
 2736 J 00000005 00000048 00000006 00000000
 2737 : 00000048 00000006 00000006 00000005
 2738 J 00000005 00000049 00000006 00000000
 2739 : 00000049 00000006 00000006 00000005
 2740 J 00000005 0000002c 00000005 00000000
 2741 : 0000002c 00000005 00000005 00000005
 2742 J 00000005 00000053 00000005 00000000
 2743 : 00000053 00000005 00000005 00000005
 2744 J 00000005 00000003 00000004 00000000
 2745 : 00000003 00000004 00000004 00000005
 2746 J 00000005 00000004 00000004 00000000
 2747 : 00000004 00000004 00000004 00000005
 2748 J 00000005 00000005 00000004 00000000
 2749 : 00000005 00000004 00000004 00000005
 2750 J 00000005 00000006 00000004 00000000
 2751 : 00000006 00000004 00000004 00000005
 2752 J 00000005 00000007 00000004 00000000
 2753 : 00000007 00000004 00000004 00000005
 2754 J 00000005 0000000d 00000004 00000000
 2755 : 0000000d 00000004 00000004 00000005
 2756 J 00000005 0000000e 00000004 00000000
 2757 : 0000000e 00000004 00000004 00000005
 2758 J 00000005 0000000f 00000004 00000000
 2759 : 0000000f 00000004 00000004 00000005
 2760 J 00000005 00000017 00000004 00000000
 2761 : 00000017 00000004 00000004 00000005
 2762 J 00000005 00000018 00000004 00000000
 2763 : 00000018 00000004 00000004 00000005
 2764 J 00000005 00000019 00000004 00000000
 2765 : 00000019 00000004 00000004 00000005
 2766 J 00000005 0000001a 00000004 00000000
 2767 : 0000001a 00000004 00000004 00000005
 2768 J 00000005 00000033 00000004 00000000
 2769 : 00000033 00000004 00000004 00000005
 2770 J 00000005 00000034 00000004 00000000
 2771 : 00000034 00000004 00000004 00000005
 2772 J 00000005 00000035 00000004 00000000
 2773 : 00000035 00000004 00000004 00000005
 2774 J 00000005 00000036 00000004 00000000
 2775 : 00000036 00000004 00000004 00000005
 2776 J 00000005 00000037 00000004 00000000
 2777 : 00000037 00000004 00000004 00000005
 2778 J 00000005 00000038 00000004 00000000
 2779 : 00000038 00000004 00000004 00000005
 2780 J 00000005 00000039 00000004 00000000
 2781 : 00000039 00000004 00000004 00000005
 2782 J 00000005 0000003a 00000004 00000000
 2783 : 0000003a 00000004 00000004 00000005
 2784 J 00000005 0000003b 00000004 00000000
 2785 : 0000003b 00000004 00000004 00000005
 2786 J 00000005 0000003c 00000004 00000000
 2787 : 0000003c 00000004 00000004 00000005
 2788 J 00000005 0000003d 00000004 00000000
 2789 : 0000003d 00000004 00000004 00000005
 2790 J 00000005 0000003e 00000004 00000000
 2791 : 0000003e 00000004 00000004 00000005
 2792 J 00000005 0000003f 00000004 00000000
 2793 : 0000003f 00000004 00000004 00000005
 2794 J 00000005 00000040 00000004 00000000
 2795 : 00000040 00000004 00000004 00000005
 2796 J 00000005 00000041 00000004 00000000
 2797 : 00000041 00000004 00000004 00000005
 2798 J 00000005 00000042 00000004 00000000
 2799 : 00000042 00000004 00000004 00000005
 2800 J 00000005 00000043 00000004 00000000
 2801 : 00000043 00000004 00000004 00000005
 2802 J 00000005 00000044 00000004 00000000
 2803 : 00000044 00000004 00000004 00000005
 2804 J 00000005 00000045 00000004 00000000
 2805 : 00000045 00000004 00000004 00000005
 2806 J 00000005 00000046 00000004 00000000
 2807 : 00000046 00000004 00000004 00000005
 2808 J 00000005 0000004d 00000004 00000000
 2809 : 0000004d 00000004 00000004 00000005
 2810 J 00000005 0000004e 00000004 00000000
 2811 : 0000004e 00000004 00000004 00000005
 2812 J 00000005 0000004f 00000004 00000000
 2813 : 0000004f 00000004 00000004 00000005
 2814 J 00000005 00000055 00000004 00000000
 2815 : 00000055 00000004 00000004 00000005
 2816 J 00000005 00000058 00000004 00000000
 2817 : 00000058 00000004 00000004 00000005
 2818 J 00000005 00000059 00000004 00000000
 2819 : 00000059 00000004 00000004 00000005
 2820 J 00000005 0000005a 00000004 00000000
 2821 : 0000005a 00000004 00000004 00000005
 2822 J 00000005 0000005b 00000004 00000000
 2823 : 0000005b 00000004 00000004 00000005
 2824 J 00000005 0000005c 00000004 00000000
 2825 : 0000005c 00000004 00000004 00000005
 2826 J 00000005 0000005d 00000004 00000000
 2827 : 0000005d 00000004 00000004 00000005
 2828 J 00000005 0000005e 00000004 00000000
 2829 : 0000005e 00000004 00000004 00000005
 2830 J 00000005 0000005f 00000004 00000000
 2831 : 0000005f 00000004 00000004 00000005
 2832 J 00000005 00000062 00000004 00000000
 2833 : 00000062 00000004 00000004 00000005
 2834 J 00000005 00000063 00000004 00000000
 2835 : 00000063 00000004 00000004 00000005
 2836 J 00000005 00000064 00000004 00000000
 2837 : 00000064 00000004 00000004 00000005
 2838 J 00000005 00000065 00000004 00000000
 2839 : 00000065 00000004 00000004 00000005
 2840 J 00000005 00000066 00000004 00000000
 2841 : 00000066 00000004 00000004 00000005
 2842 J 00000005 00000067 00000004 00000000
 2843 : 00000067 00000004 00000004 00000005
 2844 J 00000005 00000068 00000004 00000000
 2845 : 00000068 00000004 00000004 00000005
 2846 J 00000005 00000069 00000004 00000000
 2847 : 00000069 00000004 00000004 00000005
 2848 J 00000005 0000006a 00000004 00000000
 2849 : 0000006a 00000004 00000004 00000005
 2850 J 00000005 0000006b 00000004 00000000
 2851 : 0000006b 00000004 00000004 00000005
 2852 J 00000005 0000006c 00000004 00000000
 2853 : 0000006c 00000004 00000004 00000005
 2854 J 00000005 0000006d 00000004 00000000
 2855 : 0000006d 00000004 00000004 00000005
 2856 J 00000005 0000006e 00000004 00000000
 2857 : 0000006e 00000004 00000004 00000005
 2858 J 00000005 0000006f 00000004 00000000
 2859 : 0000006f 00000004 00000004 00000005
 2860 J 00000005 00000070 00000004 00000000
 2861 : 00000070 00000004 00000004 00000005
 2862 J 00000005 00000071 00000004 00000000
 2863 : 00000071 00000004 00000004 00000005
 2864 J 00000005 00000072 00000004 00000000
 2865 : 00000072 00000004 00000004 00000005
 2866 J 00000005 00000073 00000004 00000000
 2867 : 00000073 00000004 00000004 00000005
 2868 J 00000005 00000074 00000004 00000000
 2869 : 00000074 00000004 00000004 00000005
 2870 J 00000005 00000075 00000004 00000000
 2871 : 00000075 00000004 00000004 00000005
 2872 J 00000005 00000076 00000004 00000000
 2873 : 00000076 00000004 00000004 00000005
 2874 J 00000005 00000077 00000004 00000000
 2875 : 00000077 00000004 00000004 00000005
 2876 J 00000005 00000078 00000004 00000000
 2877 : 00000078 00000004 00000004 00000005
 2878 J 00000005 00000079 00000004 00000000
 2879 : 00000079 00000004 00000004 00000005
 2880 J 00000005 0000007a 00000004 00000000
 2881 : 0000007a 00000004 00000004 00000005
 2882 J 00000005 0000007b 00000004 00000000
 2883 : 0000007b 00000004 00000004 00000005
 2884 J 00000005 0000007c 00000004 00000000
 2885 : 0000007c 00000004 00000004 00000005
 2886 J 00000005 0000007d 00000004 00000000
 2887 : 0000007d 00000004 00000004 00000005
 2888 J 00000005 0000007e 00000004 00000000
 2889 : 0000007e 00000004 00000004 00000005
 2890 J 00000005 0000007f 00000004 00000000
 2891 : 0000007f 00000004 00000004 00000005
 2892 J 00000005 00000032 00000004 00000000
 2893 : 00000032 00000004 00000004 00000005
 2894 J 00000005 00000047 00000003 00000000
 2895 : 00000047 00000003 00000003 00000005
 2896 J 00000005 00000031 00000003 00000000
 2897 : 00000031 00000003 00000003 00000005
 2898 J 00000005 00000050 00000003 00000000
 2899 : 00000050 00000003 00000003 00000005
 2900 J 00000005 00000051 00000003 00000000
 2901 : 00000051 00000003 00000003 00000005
 2902 J 00000005 00000052 00000003 00000000
 2903 : 00000052 00000003 00000003 00000005
 2904 J 00000005 00000054 00000003 00000000
 2905 : 00000054 00000003 00000003 00000005
 2906 J 00000005 00000056 00000003 00000000
 2907 : 00000056 00000003 00000003 00000005
 2908 J 00000005 00000057 00000003 00000000
 2909 : 00000057 00000003 00000003 00000005
 2910 J 00000005 0000004b 00000002 00000000
 2911 : 0000004b 00000002 00000002 00000005
 2912 J 00000005 0000004c 00000001 00000000
 2913 : 0000004c 00000001 00000001 00000005
 2914 J 00000005 00000060 00000001 00000000
 2915 : 00000060 00000001 00000001 00000005
 2916 J 00000005 00000061 00000001 00000000
 2917 : 00000061 00000001 00000001 00000005
 2918 J 00000005 0000004a 00000000 00000000
 2919 : 0000004a 00000000 00000000 00000005
 2920 J 00000005 00000000 00000007 00000001
 2921 : 00000000 00000007 00000007 00000005
 2922 J 00000005 00000001 00000007 00000001
 2923 : 00000001 00000007 00000007 00000005
 2924 J 00000005 00000002 00000006 00000001
 2925 : 00000002 00000006 00000006 00000005
 2926 J 00000005 0000002d 00000006 00000001
 2927 : 0000002d 00000006 00000006 00000005
 2928 J 00000005 0000002e 00000006 00000001
 2929 : 0000002e 00000006 00000006 00000005
 2930 J 00000005 0000002f 00000006 00000001
 2931 : 0000002f 00000006 00000006 00000005
 2932 J 00000005 00000030 00000006 00000001
 2933 : 00000030 00000006 00000006 00000005
 2934 J 00000005 00000008 00000006 00000001
 2935 : 00000008 00000006 00000006 00000005
 2936 J 00000005 00000009 00000006 00000001
 2937 : 00000009 00000006 00000006 00000005
 2938 J 00000005 0000000a 00000006 00000001
 2939 : 0000000a 00000006 00000006 00000005
 2940 J 00000005 0000000b 00000006 00000001
 2941 : 0000000b 00000006 00000006 00000005
 2942 J 00000005 0000000c 00000006 00000001
 2943 : 0000000c 00000006 00000006 00000005
 2944 J 00000005 00000010 00000006 00000001
 2945 : 00000010 00000006 00000006 00000005
 2946 J 00000005 00000011 00000006 00000001
 2947 : 00000011 00000006 00000006 00000005
 2948 J 00000005 00000012 00000006 00000001
 2949 : 00000012 00000006 00000006 00000005
 2950 J 00000005 00000013 00000006 00000001
 2951 : 00000013 00000006 00000006 00000005
 2952 J 00000005 00000014 00000006 00000001
 2953 : 00000014 00000006 00000006 00000005
 2954 J 00000005 00000015 00000006 00000001
 2955 : 00000015 00000006 00000006 00000005
 2956 J 00000005 00000016 00000006 00000001
 2957 : 00000016 00000006 00000006 00000005
 2958 J 00000005 0000001b 00000006 00000001
 2959 : 0000001b 00000006 00000006 00000005
 2960 J 00000005 0000001c 00000006 00000001
 2961 : 0000001c 00000006 00000006 00000005
 2962 J 00000005 0000001d 00000006 00000001
 2963 : 0000001d 00000006 00000006 00000005
 2964 J 00000005 0000001e 00000006 00000001
 2965 : 0000001e 00000006 00000006 00000005
 2966 J 00000005 0000001f 00000006 00000001
 2967 : 0000001f 00000006 00000006 00000005
 2968 J 00000005 00000020 00000006 00000001
 2969 : 00000020 00000006 00000006 00000005
 2970 J 00000005 00000021 00000006 00000001
 2971 : 00000021 00000006 00000006 00000005
 2972 J 00000005 00000022 00000006 00000001
 2973 : 00000022 00000006 00000006 00000005
 2974 J 00000005 00000023 00000006 00000001
 2975 : 00000023 00000006 00000006 00000005
 2976 J 00000005 00000024 00000006 00000001
 2977 : 00000024 00000006 00000006 00000005
 2978 J 00000005 00000025 00000006 00000001
 2979 : 00000025 00000006 00000006 00000005
 2980 J 00000005 00000026 00000006 00000001
 2981 : 00000026 00000006 00000006 00000005
 2982 J 00000005 00000027 00000006 00000001
 2983 : 00000027 00000006 00000006 00000005
 2984 J 00000005 00000028 00000006 00000001
 2985 : 00000028 00000006 00000006 00000005
 2986 J 00000005 00000029 00000006 00000001
 2987 : 00000029 00000006 00000006 00000005
 2988 J 00000005 0000002a 00000006 00000001
 2989 : 0000002a 00000006 00000006 00000005
 2990 J 00000005 0000002b 00000006 00000001
 2991 : 0000002b 00000006 00000006 00000005
 2992 J 00000005 00000048 00000006 00000001
 2993 : 00000048 00000006 00000006 00000005
 2994 J 00000005 00000049 00000006 00000001
 2995 : 00000049 00000006 00000006 00000005
 2996 J 00000005 0000002c 00000005 00000001
 2997 : 0000002c 00000005 00000005 00000005
 2998 J 00000005 00000053 00000005 00000001
 2999 : 00000053 00000005 00000005 00000005
 3000 J 00000005 00000003 00000004 00000001
 3001 : 00000003 00000004 00000004 00000005
 3002 J 00000005 00000004 00000004 00000001
 3003 : 00000004 00000004 00000004 00000005
 3004 J 00000005 00000005 00000004 00000001
 3005 : 00000005 00000004 00000004 00000005
 3006 J 00000005 00000006 00000004 00000001
 3007 : 00000006 00000004 00000004 00000005
 3008 J 00000005 00000007 00000004 00000001
 3009 : 00000007 00000004 00000004 00000005
 3010 J 00000005 0000000d 00000004 00000001
 3011 : 0000000d 00000004 00000004 00000005
 3012 J 00000005 0000000e 00000004 00000001
 3013 : 0000000e 00000004 00000004 00000005
 3014 J 00000005 0000000f 00000004 00000001
 3015 : 0000000f 00000004 00000004 00000005
 3016 J 00000005 00000017 00000004 00000001
 3017 : 00000017 00000004 00000004 00000005
 3018 J 00000005 00000018 00000004 00000001
 3019 : 00000018 00000004 00000004 00000005
 3020 J 00000005 00000019 00000004 00000001
 3021 : 00000019 00000004 00000004 00000005
 3022 J 00000005 0000001a 00000004 00000001
 3023 : 0000001a 00000004 00000004 00000005
 3024 J 00000005 00000033 00000004 00000001
 3025 : 00000033 00000004 00000004 00000005
 3026 J 00000005 00000034 00000004 00000001
 3027 : 00000034 00000004 00000004 00000005
 3028 J 00000005 00000035 00000004 00000001
 3029 : 00000035 00000004 00000004 00000005
 3030 J 00000005 00000036 00000004 00000001
 3031 : 00000036 00000004 00000004 00000005
 3032 J 00000005 00000037 00000004 00000001
 3033 : 00000037 00000004 00000004 00000005
 3034 J 00000005 00000038 00000004 00000001
 3035 : 00000038 00000004 00000004 00000005
 3036 J 00000005 00000039 00000004 00000001
 3037 : 00000039 00000004 00000004 00000005
 3038 J 00000005 0000003a 00000004 00000001
 3039 : 0000003a 00000004 00000004 00000005
 3040 J 00000005 0000003b 00000004 00000001
 3041 : 0000003b 00000004 00000004 00000005
 3042 J 00000005 0000003c 00000004 00000001
 3043 : 0000003c 00000004 00000004 00000005
 3044 J 00000005 0000003d 00000004 00000001
 3045 : 0000003d 00000004 00000004 00000005
 3046 J 00000005 0000003e 00000004 00000001
 3047 : 0000003e 00000004 00000004 00000005
 3048 J 00000005 0000003f 00000004 00000001
 3049 : 0000003f 00000004 00000004 00000005
 3050 J 00000005 00000040 00000004 00000001
 3051 : 00000040 00000004 00000004 00000005
 3052 J 00000005 00000041 00000004 00000001
 3053 : 00000041 00000004 00000004 00000005
 3054 J 00000005 00000042 00000004 00000001
 3055 : 00000042 00000004 00000004 00000005
 3056 J 00000005 00000043 00000004 00000001
 3057 : 00000043 00000004 00000004 00000005
 3058 J 00000005 00000044 00000004 00000001
 3059 : 00000044 00000004 00000004 00000005
 3060 J 00000005 00000045 00000004 00000001
 3061 : 00000045 00000004 00000004 00000005
 3062 J 00000005 00000046 00000004 00000001
 3063 : 00000046 00000004 00000004 00000005
 3064 J 00000005 0000004d 00000004 00000001
 3065 : 0000004d 00000004 00000004 00000005
 3066 J 00000005 0000004e 00000004 00000001
 3067 : 0000004e 00000004 00000004 00000005
 3068 J 00000005 0000004f 00000004 00000001
 3069 : 0000004f 00000004 00000004 00000005
 3070 J 00000005 00000055 00000004 00000001
 3071 : 00000055 00000004 00000004 00000005
 3072 J 00000005 00000058 00000004 00000001
 3073 : 00000058 00000004 00000004 00000005
 3074 J 00000005 00000059 00000004 00000001
 3075 : 00000059 00000004 00000004 00000005
 3076 J 00000005 0000005a 00000004 00000001
 3077 : 0000005a 00000004 00000004 00000005
 3078 J 00000005 0000005b 00000004 00000001
 3079 : 0000005b 00000004 00000004 00000005
 3080 J 00000005 0000005c 00000004 00000001
 3081 : 0000005c 00000004 00000004 00000005
 3082 J 00000005 0000005d 00000004 00000001
 3083 : 0000005d 00000004 00000004 00000005
 3084 J 00000005 0000005e 00000004 00000001
 3085 : 0000005e 00000004 00000004 00000005
 3086 J 00000005 0000005f 00000004 00000001
 3087 : 0000005f 00000004 00000004 00000005
 3088 J 00000005 00000062 00000004 00000001
 3089 : 00000062 00000004 00000004 00000005
 3090 J 00000005 00000063 00000004 00000001
 3091 : 00000063 00000004 00000004 00000005
 3092 J 00000005 00000064 00000004 00000001
 3093 : 00000064 00000004 00000004 00000005
 3094 J 00000005 00000065 00000004 00000001
 3095 : 00000065 00000004 00000004 00000005
 3096 J 00000005 00000066 00000004 00000001
 3097 : 00000066 00000004 00000004 00000005
 3098 J 00000005 00000067 00000004 00000001
 3099 : 00000067 00000004 00000004 00000005
 3100 J 00000005 00000068 00000004 00000001
 3101 : 00000068 00000004 00000004 00000005
 3102 J 00000005 00000069 00000004 00000001
 3103 : 00000069 00000004 00000004 00000005
 3104 J 00000005 0000006a 00000004 00000001
 3105 : 0000006a 00000004 00000004 00000005
 3106 J 00000005 0000006b 00000004 00000001
 3107 : 0000006b 00000004 00000004 00000005
 3108 J 00000005 0000006c 00000004 00000001
 3109 : 0000006c 00000004 00000004 00000005
 3110 J 00000005 0000006d 00000004 00000001
 3111 : 0000006d 00000004 00000004 00000005
 3112 J 00000005 0000006e 00000004 00000001
 3113 : 0000006e 00000004 00000004 00000005
 3114 J 00000005 0000006f 00000004 00000001
 3115 : 0000006f 00000004 00000004 00000005
 3116 J 00000005 00000070 00000004 00000001
 3117 : 00000070 00000004 00000004 00000005
 3118 J 00000005 00000071 00000004 00000001
 3119 : 00000071 00000004 00000004 00000005
 3120 J 00000005 00000072 00000004 00000001
 3121 : 00000072 00000004 00000004 00000005
 3122 J 00000005 00000073 00000004 00000001
 3123 : 00000073 00000004 00000004 00000005
 3124 J 00000005 00000074 00000004 00000001
 3125 : 00000074 00000004 00000004 00000005
 3126 J 00000005 00000075 00000004 00000001
 3127 : 00000075 00000004 00000004 00000005
 3128 J 00000005 00000076 00000004 00000001
 3129 : 00000076 00000004 00000004 00000005
 3130 J 00000005 00000077 00000004 00000001
 3131 : 00000077 00000004 00000004 00000005
 3132 J 00000005 00000078 00000004 00000001
 3133 : 00000078 00000004 00000004 00000005
 3134 J 00000005 00000079 00000004 00000001
 3135 : 00000079 00000004 00000004 00000005
 3136 J 00000005 0000007a 00000004 00000001
 3137 : 0000007a 00000004 00000004 00000005
 3138 J 00000005 0000007b 00000004 00000001
 3139 : 0000007b 00000004 00000004 00000005
 3140 J 00000005 0000007c 00000004 00000001
 3141 : 0000007c 00000004 00000004 00000005
 3142 J 00000005 0000007d 00000004 00000001
 3143 : 0000007d 00000004 00000004 00000005
 3144 J 00000005 0000007e 00000004 00000001
 3145 : 0000007e 00000004 00000004 00000005
 3146 J 00000005 0000007f 00000004 00000001
 3147 : 0000007f 00000004 00000004 00000005
 3148 J 00000005 00000032 00000004 00000001
 3149 : 00000032 00000004 00000004 00000005
 3150 J 00000005 00000047 00000003 00000001
 3151 : 00000047 00000003 00000003 00000005
 3152 J 00000005 00000031 00000003 00000001
 3153 : 00000031 00000003 00000003 00000005
 3154 J 00000005 00000050 00000003 00000001
 3155 : 00000050 00000003 00000003 00000005
 3156 J 00000005 00000051 00000003 00000001
 3157 : 00000051 00000003 00000003 00000005
 3158 J 00000005 00000052 00000003 00000001
 3159 : 00000052 00000003 00000003 00000005
 3160 J 00000005 00000054 00000003 00000001
 3161 : 00000054 00000003 00000003 00000005
 3162 J 00000005 00000056 00000003 00000001
 3163 : 00000056 00000003 00000003 00000005
 3164 J 00000005 00000057 00000003 00000001
 3165 : 00000057 00000003 00000003 00000005
 3166 J 00000005 0000004b 00000002 00000001
 3167 : 0000004b 00000002 00000002 00000005
 3168 J 00000005 0000004c 00000001 00000001
 3169 : 0000004c 00000001 00000001 00000005
 3170 J 00000005 00000060 00000001 00000001
 3171 : 00000060 00000001 00000001 00000005
 3172 J 00000005 00000061 00000001 00000001
 3173 : 00000061 00000001 00000001 00000005
 3174 J 00000005 0000004a 00000000 00000001
 3175 : 0000004a 00000000 00000000 00000005
 3176 J 00000006 00000000 00000007 00000000
 3177 : 00000300 00000007 00000007 00000006
 3178 J 00000006 00000001 00000007 00000000
 3179 : 00000301 00000007 00000007 00000006
 3180 J 00000006 00000002 00000006 00000000
 3181 : 00000302 00000006 00000006 00000006
 3182 J 00000006 0000002d 00000006 00000000
 3183 : 0000032d 00000006 00000006 00000006
 3184 J 00000006 0000002e 00000006 00000000
 3185 : 0000032e 00000006 00000006 00000006
 3186 J 00000006 0000002f 00000006 00000000
 3187 : 0000032f 00000006 00000006 00000006
 3188 J 00000006 00000030 00000006 00000000
 3189 : 00000330 00000006 00000006 00000006
 3190 J 00000006 00000008 00000006 00000000
 3191 : 00000308 00000006 00000006 00000006
 3192 J 00000006 00000009 00000006 00000000
 3193 : 00000309 00000006 00000006 00000006
 3194 J 00000006 0000000a 00000006 00000000
 3195 : 0000030a 00000006 00000006 00000006
 3196 J 00000006 0000000b 00000006 00000000
 3197 : 0000030b 00000006 00000006 00000006
 3198 J 00000006 0000000c 00000006 00000000
 3199 : 0000030c 00000006 00000006 00000006
 3200 J 00000006 00000010 00000006 00000000
 3201 : 00000310 00000006 00000006 00000006
 3202 J 00000006 00000011 00000006 00000000
 3203 : 00000311 00000006 00000006 00000006
 3204 J 00000006 00000012 00000006 00000000
 3205 : 00000312 00000006 00000006 00000006
 3206 J 00000006 00000013 00000006 00000000
 3207 : 00000313 00000006 00000006 00000006
 3208 J 00000006 00000014 00000006 00000000
 3209 : 00000314 00000006 00000006 00000006
 3210 J 00000006 00000015 00000006 00000000
 3211 : 00000315 00000006 00000006 00000006
 3212 J 00000006 00000016 00000006 00000000
 3213 : 00000316 00000006 00000006 00000006
 3214 J 00000006 0000001b 00000006 00000000
 3215 : 0000031b 00000006 00000006 00000006
 3216 J 00000006 0000001c 00000006 00000000
 3217 : 0000031c 00000006 00000006 00000006
 3218 J 00000006 0000001d 00000006 00000000
 3219 : 0000031d 00000006 00000006 00000006
 3220 J 00000006 0000001e 00000006 00000000
 3221 : 0000031e 00000006 00000006 00000006
 3222 J 00000006 0000001f 00000006 00000000
 3223 : 0000031f 00000006 00000006 00000006
 3224 J 00000006 00000020 00000006 00000000
 3225 : 00000320 00000006 00000006 00000006
 3226 J 00000006 00000021 00000006 00000000
 3227 : 00000321 00000006 00000006 00000006
 3228 J 00000006 00000022 00000006 00000000
 3229 : 00000322 00000006 00000006 00000006
 3230 J 00000006 00000023 00000006 00000000
 3231 : 00000323 00000006 00000006 00000006
 3232 J 00000006 00000024 00000006 00000000
 3233 : 00000324 00000006 00000006 00000006
 3234 J 00000006 00000025 00000006 00000000
 3235 : 00000325 00000006 00000006 00000006
 3236 J 00000006 00000026 00000006 00000000
 3237 : 00000326 00000006 00000006 00000006
 3238 J 00000006 00000027 00000006 00000000
 3239 : 00000327 00000006 00000006 00000006
 3240 J 00000006 00000028 00000006 00000000
 3241 : 00000328 00000006 00000006 00000006
 3242 J 00000006 00000029 00000006 00000000
 3243 : 00000329 00000006 00000006 00000006
 3244 J 00000006 0000002a 00000006 00000000
 3245 : 0000032a 00000006 00000006 00000006
 3246 J 00000006 0000002b 00000006 00000000
 3247 : 0000032b 00000006 00000006 00000006
 3248 J 00000006 00000048 00000006 00000000
 3249 : 00000348 00000006 00000006 00000006
 3250 J 00000006 00000049 00000006 00000000
 3251 : 00000349 00000006 00000006 00000006
 3252 J 00000006 0000002c 00000005 00000000
 3253 : 0000032c 00000005 00000005 00000006
 3254 J 00000006 00000053 00000005 00000000
 3255 : 00000353 00000005 00000005 00000006
 3256 J 00000006 00000003 00000004 00000000
 3257 : 00000303 00000004 00000004 00000006
 3258 J 00000006 00000004 00000004 00000000
 3259 : 00000304 00000004 00000004 00000006
 3260 J 00000006 00000005 00000004 00000000
 3261 : 00000305 00000004 00000004 00000006
 3262 J 00000006 00000006 00000004 00000000
 3263 : 00000306 00000004 00000004 00000006
 3264 J 00000006 00000007 00000004 00000000
 3265 : 00000307 00000004 00000004 00000006
 3266 J 00000006 0000000d 00000004 00000000
 3267 : 0000030d 00000004 00000004 00000006
 3268 J 00000006 0000000e 00000004 00000000
 3269 : 0000030e 00000004 00000004 00000006
 3270 J 00000006 0000000f 00000004 00000000
 3271 : 0000030f 00000004 00000004 00000006
 3272 J 00000006 00000017 00000004 00000000
 3273 : 00000317 00000004 00000004 00000006
 3274 J 00000006 00000018 00000004 00000000
 3275 : 00000318 00000004 00000004 00000006
 3276 J 00000006 00000019 00000004 00000000
 3277 : 00000319 00000004 00000004 00000006
 3278 J 00000006 0000001a 00000004 00000000
 3279 : 0000031a 00000004 00000004 00000006
 3280 J 00000006 00000033 00000004 00000000
 3281 : 00000333 00000004 00000004 00000006
 3282 J 00000006 00000034 00000004 00000000
 3283 : 00000334 00000004 00000004 00000006
 3284 J 00000006 00000035 00000004 00000000
 3285 : 00000335 00000004 00000004 00000006
 3286 J 00000006 00000036 00000004 00000000
 3287 : 00000336 00000004 00000004 00000006
 3288 J 00000006 00000037 00000004 00000000
 3289 : 00000337 00000004 00000004 00000006
 3290 J 00000006 00000038 00000004 00000000
 3291 : 00000338 00000004 00000004 00000006
 3292 J 00000006 00000039 00000004 00000000
 3293 : 00000339 00000004 00000004 00000006
 3294 J 00000006 0000003a 00000004 00000000
 3295 : 0000033a 00000004 00000004 00000006
 3296 J 00000006 0000003b 00000004 00000000
 3297 : 0000033b 00000004 00000004 00000006
 3298 J 00000006 0000003c 00000004 00000000
 3299 : 0000033c 00000004 00000004 00000006
 3300 J 00000006 0000003d 00000004 00000000
 3301 : 0000033d 00000004 00000004 00000006
 3302 J 00000006 0000003e 00000004 00000000
 3303 : 0000033e 00000004 00000004 00000006
 3304 J 00000006 0000003f 00000004 00000000
 3305 : 0000033f 00000004 00000004 00000006
 3306 J 00000006 00000040 00000004 00000000
 3307 : 00000340 00000004 00000004 00000006
 3308 J 00000006 00000041 00000004 00000000
 3309 : 00000341 00000004 00000004 00000006
 3310 J 00000006 00000042 00000004 00000000
 3311 : 00000342 00000004 00000004 00000006
 3312 J 00000006 00000043 00000004 00000000
 3313 : 00000343 00000004 00000004 00000006
 3314 J 00000006 00000044 00000004 00000000
 3315 : 00000344 00000004 00000004 00000006
 3316 J 00000006 00000045 00000004 00000000
 3317 : 00000345 00000004 00000004 00000006
 3318 J 00000006 00000046 00000004 00000000
 3319 : 00000346 00000004 00000004 00000006
 3320 J 00000006 0000004d 00000004 00000000
 3321 : 0000034d 00000004 00000004 00000006
 3322 J 00000006 0000004e 00000004 00000000
 3323 : 0000034e 00000004 00000004 00000006
 3324 J 00000006 0000004f 00000004 00000000
 3325 : 0000034f 00000004 00000004 00000006
 3326 J 00000006 00000055 00000004 00000000
 3327 : 00000355 00000004 00000004 00000006
 3328 J 00000006 00000058 00000004 00000000
 3329 : 00000358 00000004 00000004 00000006
 3330 J 00000006 00000059 00000004 00000000
 3331 : 00000359 00000004 00000004 00000006
 3332 J 00000006 0000005a 00000004 00000000
 3333 : 0000035a 00000004 00000004 00000006
 3334 J 00000006 0000005b 00000004 00000000
 3335 : 0000035b 00000004 00000004 00000006
 3336 J 00000006 0000005c 00000004 00000000
 3337 : 0000035c 00000004 00000004 00000006
 3338 J 00000006 0000005d 00000004 00000000
 3339 : 0000035d 00000004 00000004 00000006
 3340 J 00000006 0000005e 00000004 00000000
 3341 : 0000035e 00000004 00000004 00000006
 3342 J 00000006 0000005f 00000004 00000000
 3343 : 0000035f 00000004 00000004 00000006
 3344 J 00000006 00000062 00000004 00000000
 3345 : 00000362 00000004 00000004 00000006
 3346 J 00000006 00000063 00000004 00000000
 3347 : 00000363 00000004 00000004 00000006
 3348 J 00000006 00000064 00000004 00000000
 3349 : 00000364 00000004 00000004 00000006
 3350 J 00000006 00000065 00000004 00000000
 3351 : 00000365 00000004 00000004 00000006
 3352 J 00000006 00000066 00000004 00000000
 3353 : 00000366 00000004 00000004 00000006
 3354 J 00000006 00000067 00000004 00000000
 3355 : 00000367 00000004 00000004 00000006
 3356 J 00000006 00000068 00000004 00000000
 3357 : 00000368 00000004 00000004 00000006
 3358 J 00000006 00000069 00000004 00000000
 3359 : 00000369 00000004 00000004 00000006
 3360 J 00000006 0000006a 00000004 00000000
 3361 : 0000036a 00000004 00000004 00000006
 3362 J 00000006 0000006b 00000004 00000000
 3363 : 0000036b 00000004 00000004 00000006
 3364 J 00000006 0000006c 00000004 00000000
 3365 : 0000036c 00000004 00000004 00000006
 3366 J 00000006 0000006d 00000004 00000000
 3367 : 0000036d 00000004 00000004 00000006
 3368 J 00000006 0000006e 00000004 00000000
 3369 : 0000036e 00000004 00000004 00000006
 3370 J 00000006 0000006f 00000004 00000000
 3371 : 0000036f 00000004 00000004 00000006
 3372 J 00000006 00000070 00000004 00000000
 3373 : 00000370 00000004 00000004 00000006
 3374 J 00000006 00000071 00000004 00000000
 3375 : 00000371 00000004 00000004 00000006
 3376 J 00000006 00000072 00000004 00000000
 3377 : 00000372 00000004 00000004 00000006
 3378 J 00000006 00000073 00000004 00000000
 3379 : 00000373 00000004 00000004 00000006
 3380 J 00000006 00000074 00000004 00000000
 3381 : 00000374 00000004 00000004 00000006
 3382 J 00000006 00000075 00000004 00000000
 3383 : 00000375 00000004 00000004 00000006
 3384 J 00000006 00000076 00000004 00000000
 3385 : 00000376 00000004 00000004 00000006
 3386 J 00000006 00000077 00000004 00000000
 3387 : 00000377 00000004 00000004 00000006
 3388 J 00000006 00000078 00000004 00000000
 3389 : 00000378 00000004 00000004 00000006
 3390 J 00000006 00000079 00000004 00000000
 3391 : 00000379 00000004 00000004 00000006
 3392 J 00000006 0000007a 00000004 00000000
 3393 : 0000037a 00000004 00000004 00000006
 3394 J 00000006 0000007b 00000004 00000000
 3395 : 0000037b 00000004 00000004 00000006
 3396 J 00000006 0000007c 00000004 00000000
 3397 : 0000037c 00000004 00000004 00000006
 3398 J 00000006 0000007d 00000004 00000000
 3399 : 0000037d 00000004 00000004 00000006
 3400 J 00000006 0000007e 00000004 00000000
 3401 : 0000037e 00000004 00000004 00000006
 3402 J 00000006 0000007f 00000004 00000000
 3403 : 0000037f 00000004 00000004 00000006
 3404 J 00000006 00000032 00000004 00000000
 3405 : 00000332 00000004 00000004 00000006
 3406 J 00000006 00000047 00000003 00000000
 3407 : 00000347 00000003 00000003 00000006
 3408 J 00000006 00000031 00000003 00000000
 3409 : 00000331 00000003 00000003 00000006
 3410 J 00000006 00000050 00000003 00000000
 3411 : 00000350 00000003 00000003 00000006
 3412 J 00000006 00000051 00000003 00000000
 3413 : 00000351 00000003 00000003 00000006
 3414 J 00000006 00000052 00000003 00000000
 3415 : 00000352 00000003 00000003 00000006
 3416 J 00000006 00000054 00000003 00000000
 3417 : 00000354 00000003 00000003 00000006
 3418 J 00000006 00000056 00000003 00000000
 3419 : 00000356 00000003 00000003 00000006
 3420 J 00000006 00000057 00000003 00000000
 3421 : 00000357 00000003 00000003 00000006
 3422 J 00000006 0000004b 00000002 00000000
 3423 : 0000034b 00000002 00000002 00000006
 3424 J 00000006 0000004c 00000001 00000000
 3425 : 0000034c 00000001 00000001 00000006
 3426 J 00000006 00000060 00000001 00000000
 3427 : 00000360 00000001 00000001 00000006
 3428 J 00000006 00000061 00000001 00000000
 3429 : 00000361 00000001 00000001 00000006
 3430 J 00000006 0000004a 00000000 00000000
 3431 : 0000034a 00000000 00000000 00000006
 3432 J 00000006 00000000 00000007 00000001
 3433 : 00000300 00000007 00000007 00000006
 3434 J 00000006 00000001 00000007 00000001
 3435 : 00000301 00000007 00000007 00000006
 3436 J 00000006 00000002 00000006 00000001
 3437 : 00000302 00000006 00000006 00000006
 3438 J 00000006 0000002d 00000006 00000001
 3439 : 0000032d 00000006 00000006 00000006
 3440 J 00000006 0000002e 00000006 00000001
 3441 : 0000032e 00000006 00000006 00000006
 3442 J 00000006 0000002f 00000006 00000001
 3443 : 0000032f 00000006 00000006 00000006
 3444 J 00000006 00000030 00000006 00000001
 3445 : 00000330 00000006 00000006 00000006
 3446 J 00000006 00000008 00000006 00000001
 3447 : 00000308 00000006 00000006 00000006
 3448 J 00000006 00000009 00000006 00000001
 3449 : 00000309 00000006 00000006 00000006
 3450 J 00000006 0000000a 00000006 00000001
 3451 : 0000030a 00000006 00000006 00000006
 3452 J 00000006 0000000b 00000006 00000001
 3453 : 0000030b 00000006 00000006 00000006
 3454 J 00000006 0000000c 00000006 00000001
 3455 : 0000030c 00000006 00000006 00000006
 3456 J 00000006 00000010 00000006 00000001
 3457 : 00000310 00000006 00000006 00000006
 3458 J 00000006 00000011 00000006 00000001
 3459 : 00000311 00000006 00000006 00000006
 3460 J 00000006 00000012 00000006 00000001
 3461 : 00000312 00000006 00000006 00000006
 3462 J 00000006 00000013 00000006 00000001
 3463 : 00000313 00000006 00000006 00000006
 3464 J 00000006 00000014 00000006 00000001
 3465 : 00000314 00000006 00000006 00000006
 3466 J 00000006 00000015 00000006 00000001
 3467 : 00000315 00000006 00000006 00000006
 3468 J 00000006 00000016 00000006 00000001
 3469 : 00000316 00000006 00000006 00000006
 3470 J 00000006 0000001b 00000006 00000001
 3471 : 0000031b 00000006 00000006 00000006
 3472 J 00000006 0000001c 00000006 00000001
 3473 : 0000031c 00000006 00000006 00000006
 3474 J 00000006 0000001d 00000006 00000001
 3475 : 0000031d 00000006 00000006 00000006
 3476 J 00000006 0000001e 00000006 00000001
 3477 : 0000031e 00000006 00000006 00000006
 3478 J 00000006 0000001f 00000006 00000001
 3479 : 0000031f 00000006 00000006 00000006
 3480 J 00000006 00000020 00000006 00000001
 3481 : 00000320 00000006 00000006 00000006
 3482 J 00000006 00000021 00000006 00000001
 3483 : 00000321 00000006 00000006 00000006
 3484 J 00000006 00000022 00000006 00000001
 3485 : 00000322 00000006 00000006 00000006
 3486 J 00000006 00000023 00000006 00000001
 3487 : 00000323 00000006 00000006 00000006
 3488 J 00000006 00000024 00000006 00000001
 3489 : 00000324 00000006 00000006 00000006
 3490 J 00000006 00000025 00000006 00000001
 3491 : 00000325 00000006 00000006 00000006
 3492 J 00000006 00000026 00000006 00000001
 3493 : 00000326 00000006 00000006 00000006
 3494 J 00000006 00000027 00000006 00000001
 3495 : 00000327 00000006 00000006 00000006
 3496 J 00000006 00000028 00000006 00000001
 3497 : 00000328 00000006 00000006 00000006
 3498 J 00000006 00000029 00000006 00000001
 3499 : 00000329 00000006 00000006 00000006
 3500 J 00000006 0000002a 00000006 00000001
 3501 : 0000032a 00000006 00000006 00000006
 3502 J 00000006 0000002b 00000006 00000001
 3503 : 0000032b 00000006 00000006 00000006
 3504 J 00000006 00000048 00000006 00000001
 3505 : 00000348 00000006 00000006 00000006
 3506 J 00000006 00000049 00000006 00000001
 3507 : 00000349 00000006 00000006 00000006
 3508 J 00000006 0000002c 00000005 00000001
 3509 : 0000032c 00000005 00000005 00000006
 3510 J 00000006 00000053 00000005 00000001
 3511 : 00000353 00000005 00000005 00000006
 3512 J 00000006 00000003 00000004 00000001
 3513 : 00000303 00000004 00000004 00000006
 3514 J 00000006 00000004 00000004 00000001
 3515 : 00000304 00000004 00000004 00000006
 3516 J 00000006 00000005 00000004 00000001
 3517 : 00000305 00000004 00000004 00000006
 3518 J 00000006 00000006 00000004 00000001
 3519 : 00000306 00000004 00000004 00000006
 3520 J 00000006 00000007 00000004 00000001
 3521 : 00000307 00000004 00000004 00000006
 3522 J 00000006 0000000d 00000004 00000001
 3523 : 0000030d 00000004 00000004 00000006
 3524 J 00000006 0000000e 00000004 00000001
 3525 : 0000030e 00000004 00000004 00000006
 3526 J 00000006 0000000f 00000004 00000001
 3527 : 0000030f 00000004 00000004 00000006
 3528 J 00000006 00000017 00000004 00000001
 3529 : 00000317 00000004 00000004 00000006
 3530 J 00000006 00000018 00000004 00000001
 3531 : 00000318 00000004 00000004 00000006
 3532 J 00000006 00000019 00000004 00000001
 3533 : 00000319 00000004 00000004 00000006
 3534 J 00000006 0000001a 00000004 00000001
 3535 : 0000031a 00000004 00000004 00000006
 3536 J 00000006 00000033 00000004 00000001
 3537 : 00000333 00000004 00000004 00000006
 3538 J 00000006 00000034 00000004 00000001
 3539 : 00000334 00000004 00000004 00000006
 3540 J 00000006 00000035 00000004 00000001
 3541 : 00000335 00000004 00000004 00000006
 3542 J 00000006 00000036 00000004 00000001
 3543 : 00000336 00000004 00000004 00000006
 3544 J 00000006 00000037 00000004 00000001
 3545 : 00000337 00000004 00000004 00000006
 3546 J 00000006 00000038 00000004 00000001
 3547 : 00000338 00000004 00000004 00000006
 3548 J 00000006 00000039 00000004 00000001
 3549 : 00000339 00000004 00000004 00000006
 3550 J 00000006 0000003a 00000004 00000001
 3551 : 0000033a 00000004 00000004 00000006
 3552 J 00000006 0000003b 00000004 00000001
 3553 : 0000033b 00000004 00000004 00000006
 3554 J 00000006 0000003c 00000004 00000001
 3555 : 0000033c 00000004 00000004 00000006
 3556 J 00000006 0000003d 00000004 00000001
 3557 : 0000033d 00000004 00000004 00000006
 3558 J 00000006 0000003e 00000004 00000001
 3559 : 0000033e 00000004 00000004 00000006
 3560 J 00000006 0000003f 00000004 00000001
 3561 : 0000033f 00000004 00000004 00000006
 3562 J 00000006 00000040 00000004 00000001
 3563 : 00000340 00000004 00000004 00000006
 3564 J 00000006 00000041 00000004 00000001
 3565 : 00000341 00000004 00000004 00000006
 3566 J 00000006 00000042 00000004 00000001
 3567 : 00000342 00000004 00000004 00000006
 3568 J 00000006 00000043 00000004 00000001
 3569 : 00000343 00000004 00000004 00000006
 3570 J 00000006 00000044 00000004 00000001
 3571 : 00000344 00000004 00000004 00000006
 3572 J 00000006 00000045 00000004 00000001
 3573 : 00000345 00000004 00000004 00000006
 3574 J 00000006 00000046 00000004 00000001
 3575 : 00000346 00000004 00000004 00000006
 3576 J 00000006 0000004d 00000004 00000001
 3577 : 0000034d 00000004 00000004 00000006
 3578 J 00000006 0000004e 00000004 00000001
 3579 : 0000034e 00000004 00000004 00000006
 3580 J 00000006 0000004f 00000004 00000001
 3581 : 0000034f 00000004 00000004 00000006
 3582 J 00000006 00000055 00000004 00000001
 3583 : 00000355 00000004 00000004 00000006
 3584 J 00000006 00000058 00000004 00000001
 3585 : 00000358 00000004 00000004 00000006
 3586 J 00000006 00000059 00000004 00000001
 3587 : 00000359 00000004 00000004 00000006
 3588 J 00000006 0000005a 00000004 00000001
 3589 : 0000035a 00000004 00000004 00000006
 3590 J 00000006 0000005b 00000004 00000001
 3591 : 0000035b 00000004 00000004 00000006
 3592 J 00000006 0000005c 00000004 00000001
 3593 : 0000035c 00000004 00000004 00000006
 3594 J 00000006 0000005d 00000004 00000001
 3595 : 0000035d 00000004 00000004 00000006
 3596 J 00000006 0000005e 00000004 00000001
 3597 : 0000035e 00000004 00000004 00000006
 3598 J 00000006 0000005f 00000004 00000001
 3599 : 0000035f 00000004 00000004 00000006
 3600 J 00000006 00000062 00000004 00000001
 3601 : 00000362 00000004 00000004 00000006
 3602 J 00000006 00000063 00000004 00000001
 3603 : 00000363 00000004 00000004 00000006
 3604 J 00000006 00000064 00000004 00000001
 3605 : 00000364 00000004 00000004 00000006
 3606 J 00000006 00000065 00000004 00000001
 3607 : 00000365 00000004 00000004 00000006
 3608 J 00000006 00000066 00000004 00000001
 3609 : 00000366 00000004 00000004 00000006
 3610 J 00000006 00000067 00000004 00000001
 3611 : 00000367 00000004 00000004 00000006
 3612 J 00000006 00000068 00000004 00000001
 3613 : 00000368 00000004 00000004 00000006
 3614 J 00000006 00000069 00000004 00000001
 3615 : 00000369 00000004 00000004 00000006
 3616 J 00000006 0000006a 00000004 00000001
 3617 : 0000036a 00000004 00000004 00000006
 3618 J 00000006 0000006b 00000004 00000001
 3619 : 0000036b 00000004 00000004 00000006
 3620 J 00000006 0000006c 00000004 00000001
 3621 : 0000036c 00000004 00000004 00000006
 3622 J 00000006 0000006d 00000004 00000001
 3623 : 0000036d 00000004 00000004 00000006
 3624 J 00000006 0000006e 00000004 00000001
 3625 : 0000036e 00000004 00000004 00000006
 3626 J 00000006 0000006f 00000004 00000001
 3627 : 0000036f 00000004 00000004 00000006
 3628 J 00000006 00000070 00000004 00000001
 3629 : 00000370 00000004 00000004 00000006
 3630 J 00000006 00000071 00000004 00000001
 3631 : 00000371 00000004 00000004 00000006
 3632 J 00000006 00000072 00000004 00000001
 3633 : 00000372 00000004 00000004 00000006
 3634 J 00000006 00000073 00000004 00000001
 3635 : 00000373 00000004 00000004 00000006
 3636 J 00000006 00000074 00000004 00000001
 3637 : 00000374 00000004 00000004 00000006
 3638 J 00000006 00000075 00000004 00000001
 3639 : 00000375 00000004 00000004 00000006
 3640 J 00000006 00000076 00000004 00000001
 3641 : 00000376 00000004 00000004 00000006
 3642 J 00000006 00000077 00000004 00000001
 3643 : 00000377 00000004 00000004 00000006
 3644 J 00000006 00000078 00000004 00000001
 3645 : 00000378 00000004 00000004 00000006
 3646 J 00000006 00000079 00000004 00000001
 3647 : 00000379 00000004 00000004 00000006
 3648 J 00000006 0000007a 00000004 00000001
 3649 : 0000037a 00000004 00000004 00000006
 3650 J 00000006 0000007b 00000004 00000001
 3651 : 0000037b 00000004 00000004 00000006
 3652 J 00000006 0000007c 00000004 00000001
 3653 : 0000037c 00000004 00000004 00000006
 3654 J 00000006 0000007d 00000004 00000001
 3655 : 0000037d 00000004 00000004 00000006
 3656 J 00000006 0000007e 00000004 00000001
 3657 : 0000037e 00000004 00000004 00000006
 3658 J 00000006 0000007f 00000004 00000001
 3659 : 0000037f 00000004 00000004 00000006
 3660 J 00000006 00000032 00000004 00000001
 3661 : 00000332 00000004 00000004 00000006
 3662 J 00000006 00000047 00000003 00000001
 3663 : 00000347 00000003 00000003 00000006
 3664 J 00000006 00000031 00000003 00000001
 3665 : 00000331 00000003 00000003 00000006
 3666 J 00000006 00000050 00000003 00000001
 3667 : 00000350 00000003 00000003 00000006
 3668 J 00000006 00000051 00000003 00000001
 3669 : 00000351 00000003 00000003 00000006
 3670 J 00000006 00000052 00000003 00000001
 3671 : 00000352 00000003 00000003 00000006
 3672 J 00000006 00000054 00000003 00000001
 3673 : 00000354 00000003 00000003 00000006
 3674 J 00000006 00000056 00000003 00000001
 3675 : 00000356 00000003 00000003 00000006
 3676 J 00000006 00000057 00000003 00000001
 3677 : 00000357 00000003 00000003 00000006
 3678 J 00000006 0000004b 00000002 00000001
 3679 : 0000034b 00000002 00000002 00000006
 3680 J 00000006 0000004c 00000001 00000001
 3681 : 0000034c 00000001 00000001 00000006
 3682 J 00000006 00000060 00000001 00000001
 3683 : 00000360 00000001 00000001 00000006
 3684 J 00000006 00000061 00000001 00000001
 3685 : 00000361 00000001 00000001 00000006
 3686 J 00000006 0000004a 00000000 00000001
 3687 : 0000034a 00000000 00000000 00000006
 3688 J 00000007 00000000 00000007 00000000
 3689 : 00000380 00000007 00000007 00000007
 3690 J 00000007 00000001 00000007 00000000
 3691 : 00000381 00000007 00000007 00000007
 3692 J 00000007 00000002 00000006 00000000
 3693 : 00000382 00000006 00000006 00000007
 3694 J 00000007 0000002d 00000006 00000000
 3695 : 000003ad 00000006 00000006 00000007
 3696 J 00000007 0000002e 00000006 00000000
 3697 : 000003ae 00000006 00000006 00000007
 3698 J 00000007 0000002f 00000006 00000000
 3699 : 000003af 00000006 00000006 00000007
 3700 J 00000007 00000030 00000006 00000000
 3701 : 000003b0 00000006 00000006 00000007
 3702 J 00000007 00000008 00000006 00000000
 3703 : 00000388 00000006 00000006 00000007
 3704 J 00000007 00000009 00000006 00000000
 3705 : 00000389 00000006 00000006 00000007
 3706 J 00000007 0000000a 00000006 00000000
 3707 : 0000038a 00000006 00000006 00000007
 3708 J 00000007 0000000b 00000006 00000000
 3709 : 0000038b 00000006 00000006 00000007
 3710 J 00000007 0000000c 00000006 00000000
 3711 : 0000038c 00000006 00000006 00000007
 3712 J 00000007 00000010 00000006 00000000
 3713 : 00000390 00000006 00000006 00000007
 3714 J 00000007 00000011 00000006 00000000
 3715 : 00000391 00000006 00000006 00000007
 3716 J 00000007 00000012 00000006 00000000
 3717 : 00000392 00000006 00000006 00000007
 3718 J 00000007 00000013 00000006 00000000
 3719 : 00000393 00000006 00000006 00000007
 3720 J 00000007 00000014 00000006 00000000
 3721 : 00000394 00000006 00000006 00000007
 3722 J 00000007 00000015 00000006 00000000
 3723 : 00000395 00000006 00000006 00000007
 3724 J 00000007 00000016 00000006 00000000
 3725 : 00000396 00000006 00000006 00000007
 3726 J 00000007 0000001b 00000006 00000000
 3727 : 0000039b 00000006 00000006 00000007
 3728 J 00000007 0000001c 00000006 00000000
 3729 : 0000039c 00000006 00000006 00000007
 3730 J 00000007 0000001d 00000006 00000000
 3731 : 0000039d 00000006 00000006 00000007
 3732 J 00000007 0000001e 00000006 00000000
 3733 : 0000039e 00000006 00000006 00000007
 3734 J 00000007 0000001f 00000006 00000000
 3735 : 0000039f 00000006 00000006 00000007
 3736 J 00000007 00000020 00000006 00000000
 3737 : 000003a0 00000006 00000006 00000007
 3738 J 00000007 00000021 00000006 00000000
 3739 : 000003a1 00000006 00000006 00000007
 3740 J 00000007 00000022 00000006 00000000
 3741 : 000003a2 00000006 00000006 00000007
 3742 J 00000007 00000023 00000006 00000000
 3743 : 000003a3 00000006 00000006 00000007
 3744 J 00000007 00000024 00000006 00000000
 3745 : 000003a4 00000006 00000006 00000007
 3746 J 00000007 00000025 00000006 00000000
 3747 : 000003a5 00000006 00000006 00000007
 3748 J 00000007 00000026 00000006 00000000
 3749 : 000003a6 00000006 00000006 00000007
 3750 J 00000007 00000027 00000006 00000000
 3751 : 000003a7 00000006 00000006 00000007
 3752 J 00000007 00000028 00000006 00000000
 3753 : 000003a8 00000006 00000006 00000007
 3754 J 00000007 00000029 00000006 00000000
 3755 : 000003a9 00000006 00000006 00000007
 3756 J 00000007 0000002a 00000006 00000000
 3757 : 000003aa 00000006 00000006 00000007
 3758 J 00000007 0000002b 00000006 00000000
 3759 : 000003ab 00000006 00000006 00000007
 3760 J 00000007 00000048 00000006 00000000
 3761 : 000003c8 00000006 00000006 00000007
 3762 J 00000007 00000049 00000006 00000000
 3763 : 000003c9 00000006 00000006 00000007
 3764 J 00000007 0000002c 00000005 00000000
 3765 : 000003ac 00000005 00000005 00000007
 3766 J 00000007 00000053 00000005 00000000
 3767 : 000003d3 00000005 00000005 00000007
 3768 J 00000007 00000003 00000004 00000000
 3769 : 00000383 00000004 00000004 00000007
 3770 J 00000007 00000004 00000004 00000000
 3771 : 00000384 00000004 00000004 00000007
 3772 J 00000007 00000005 00000004 00000000
 3773 : 00000385 00000004 00000004 00000007
 3774 J 00000007 00000006 00000004 00000000
 3775 : 00000386 00000004 00000004 00000007
 3776 J 00000007 00000007 00000004 00000000
 3777 : 00000387 00000004 00000004 00000007
 3778 J 00000007 0000000d 00000004 00000000
 3779 : 0000038d 00000004 00000004 00000007
 3780 J 00000007 0000000e 00000004 00000000
 3781 : 0000038e 00000004 00000004 00000007
 3782 J 00000007 0000000f 00000004 00000000
 3783 : 0000038f 00000004 00000004 00000007
 3784 J 00000007 00000017 00000004 00000000
 3785 : 00000397 00000004 00000004 00000007
 3786 J 00000007 00000018 00000004 00000000
 3787 : 00000398 00000004 00000004 00000007
 3788 J 00000007 00000019 00000004 00000000
 3789 : 00000399 00000004 00000004 00000007
 3790 J 00000007 0000001a 00000004 00000000
 3791 : 0000039a 00000004 00000004 00000007
 3792 J 00000007 00000033 00000004 00000000
 3793 : 000003b3 00000004 00000004 00000007
 3794 J 00000007 00000034 00000004 00000000
 3795 : 000003b4 00000004 00000004 00000007
 3796 J 00000007 00000035 00000004 00000000
 3797 : 000003b5 00000004 00000004 00000007
 3798 J 00000007 00000036 00000004 00000000
 3799 : 000003b6 00000004 00000004 00000007
 3800 J 00000007 00000037 00000004 00000000
 3801 : 000003b7 00000004 00000004 00000007
 3802 J 00000007 00000038 00000004 00000000
 3803 : 000003b8 00000004 00000004 00000007
 3804 J 00000007 00000039 00000004 00000000
 3805 : 000003b9 00000004 00000004 00000007
 3806 J 00000007 0000003a 00000004 00000000
 3807 : 000003ba 00000004 00000004 00000007
 3808 J 00000007 0000003b 00000004 00000000
 3809 : 000003bb 00000004 00000004 00000007
 3810 J 00000007 0000003c 00000004 00000000
 3811 : 000003bc 00000004 00000004 00000007
 3812 J 00000007 0000003d 00000004 00000000
 3813 : 000003bd 00000004 00000004 00000007
 3814 J 00000007 0000003e 00000004 00000000
 3815 : 000003be 00000004 00000004 00000007
 3816 J 00000007 0000003f 00000004 00000000
 3817 : 000003bf 00000004 00000004 00000007
 3818 J 00000007 00000040 00000004 00000000
 3819 : 000003c0 00000004 00000004 00000007
 3820 J 00000007 00000041 00000004 00000000
 3821 : 000003c1 00000004 00000004 00000007
 3822 J 00000007 00000042 00000004 00000000
 3823 : 000003c2 00000004 00000004 00000007
 3824 J 00000007 00000043 00000004 00000000
 3825 : 000003c3 00000004 00000004 00000007
 3826 J 00000007 00000044 00000004 00000000
 3827 : 000003c4 00000004 00000004 00000007
 3828 J 00000007 00000045 00000004 00000000
 3829 : 000003c5 00000004 00000004 00000007
 3830 J 00000007 00000046 00000004 00000000
 3831 : 000003c6 00000004 00000004 00000007
 3832 J 00000007 0000004d 00000004 00000000
 3833 : 000003cd 00000004 00000004 00000007
 3834 J 00000007 0000004e 00000004 00000000
 3835 : 000003ce 00000004 00000004 00000007
 3836 J 00000007 0000004f 00000004 00000000
 3837 : 000003cf 00000004 00000004 00000007
 3838 J 00000007 00000055 00000004 00000000
 3839 : 000003d5 00000004 00000004 00000007
 3840 J 00000007 00000058 00000004 00000000
 3841 : 000003d8 00000004 00000004 00000007
 3842 J 00000007 00000059 00000004 00000000
 3843 : 000003d9 00000004 00000004 00000007
 3844 J 00000007 0000005a 00000004 00000000
 3845 : 000003da 00000004 00000004 00000007
 3846 J 00000007 0000005b 00000004 00000000
 3847 : 000003db 00000004 00000004 00000007
 3848 J 00000007 0000005c 00000004 00000000
 3849 : 000003dc 00000004 00000004 00000007
 3850 J 00000007 0000005d 00000004 00000000
 3851 : 000003dd 00000004 00000004 00000007
 3852 J 00000007 0000005e 00000004 00000000
 3853 : 000003de 00000004 00000004 00000007
 3854 J 00000007 0000005f 00000004 00000000
 3855 : 000003df 00000004 00000004 00000007
 3856 J 00000007 00000062 00000004 00000000
 3857 : 000003e2 00000004 00000004 00000007
 3858 J 00000007 00000063 00000004 00000000
 3859 : 000003e3 00000004 00000004 00000007
 3860 J 00000007 00000064 00000004 00000000
 3861 : 000003e4 00000004 00000004 00000007
 3862 J 00000007 00000065 00000004 00000000
 3863 : 000003e5 00000004 00000004 00000007
 3864 J 00000007 00000066 00000004 00000000
 3865 : 000003e6 00000004 00000004 00000007
 3866 J 00000007 00000067 00000004 00000000
 3867 : 000003e7 00000004 00000004 00000007
 3868 J 00000007 00000068 00000004 00000000
 3869 : 000003e8 00000004 00000004 00000007
 3870 J 00000007 00000069 00000004 00000000
 3871 : 000003e9 00000004 00000004 00000007
 3872 J 00000007 0000006a 00000004 00000000
 3873 : 000003ea 00000004 00000004 00000007
 3874 J 00000007 0000006b 00000004 00000000
 3875 : 000003eb 00000004 00000004 00000007
 3876 J 00000007 0000006c 00000004 00000000
 3877 : 000003ec 00000004 00000004 00000007
 3878 J 00000007 0000006d 00000004 00000000
 3879 : 000003ed 00000004 00000004 00000007
 3880 J 00000007 0000006e 00000004 00000000
 3881 : 000003ee 00000004 00000004 00000007
 3882 J 00000007 0000006f 00000004 00000000
 3883 : 000003ef 00000004 00000004 00000007
 3884 J 00000007 00000070 00000004 00000000
 3885 : 000003f0 00000004 00000004 00000007
 3886 J 00000007 00000071 00000004 00000000
 3887 : 000003f1 00000004 00000004 00000007
 3888 J 00000007 00000072 00000004 00000000
 3889 : 000003f2 00000004 00000004 00000007
 3890 J 00000007 00000073 00000004 00000000
 3891 : 000003f3 00000004 00000004 00000007
 3892 J 00000007 00000074 00000004 00000000
 3893 : 000003f4 00000004 00000004 00000007
 3894 J 00000007 00000075 00000004 00000000
 3895 : 000003f5 00000004 00000004 00000007
 3896 J 00000007 00000076 00000004 00000000
 3897 : 000003f6 00000004 00000004 00000007
 3898 J 00000007 00000077 00000004 00000000
 3899 : 000003f7 00000004 00000004 00000007
 3900 J 00000007 00000078 00000004 00000000
 3901 : 000003f8 00000004 00000004 00000007
 3902 J 00000007 00000079 00000004 00000000
 3903 : 000003f9 00000004 00000004 00000007
 3904 J 00000007 0000007a 00000004 00000000
 3905 : 000003fa 00000004 00000004 00000007
 3906 J 00000007 0000007b 00000004 00000000
 3907 : 000003fb 00000004 00000004 00000007
 3908 J 00000007 0000007c 00000004 00000000
 3909 : 000003fc 00000004 00000004 00000007
 3910 J 00000007 0000007d 00000004 00000000
 3911 : 000003fd 00000004 00000004 00000007
 3912 J 00000007 0000007e 00000004 00000000
 3913 : 000003fe 00000004 00000004 00000007
 3914 J 00000007 0000007f 00000004 00000000
 3915 : 000003ff 00000004 00000004 00000007
 3916 J 00000007 00000032 00000004 00000000
 3917 : 000003b2 00000004 00000004 00000007
 3918 J 00000007 00000047 00000003 00000000
 3919 : 000003c7 00000003 00000003 00000007
 3920 J 00000007 00000031 00000003 00000000
 3921 : 000003b1 00000003 00000003 00000007
 3922 J 00000007 00000050 00000003 00000000
 3923 : 000003d0 00000003 00000003 00000007
 3924 J 00000007 00000051 00000003 00000000
 3925 : 000003d1 00000003 00000003 00000007
 3926 J 00000007 00000052 00000003 00000000
 3927 : 000003d2 00000003 00000003 00000007
 3928 J 00000007 00000054 00000003 00000000
 3929 : 000003d4 00000003 00000003 00000007
 3930 J 00000007 00000056 00000003 00000000
 3931 : 000003d6 00000003 00000003 00000007
 3932 J 00000007 00000057 00000003 00000000
 3933 : 000003d7 00000003 00000003 00000007
 3934 J 00000007 0000004b 00000002 00000000
 3935 : 000003cb 00000002 00000002 00000007
 3936 J 00000007 0000004c 00000001 00000000
 3937 : 000003cc 00000001 00000001 00000007
 3938 J 00000007 00000060 00000001 00000000
 3939 : 000003e0 00000001 00000001 00000007
 3940 J 00000007 00000061 00000001 00000000
 3941 : 000003e1 00000001 00000001 00000007
 3942 J 00000007 0000004a 00000000 00000000
 3943 : 000003ca 00000000 00000000 00000007
 3944 J 00000007 00000000 00000007 00000001
 3945 : 00000380 00000007 00000007 00000007
 3946 J 00000007 00000001 00000007 00000001
 3947 : 00000381 00000007 00000007 00000007
 3948 J 00000007 00000002 00000006 00000001
 3949 : 00000382 00000006 00000006 00000007
 3950 J 00000007 0000002d 00000006 00000001
 3951 : 000003ad 00000006 00000006 00000007
 3952 J 00000007 0000002e 00000006 00000001
 3953 : 000003ae 00000006 00000006 00000007
 3954 J 00000007 0000002f 00000006 00000001
 3955 : 000003af 00000006 00000006 00000007
 3956 J 00000007 00000030 00000006 00000001
 3957 : 000003b0 00000006 00000006 00000007
 3958 J 00000007 00000008 00000006 00000001
 3959 : 00000388 00000006 00000006 00000007
 3960 J 00000007 00000009 00000006 00000001
 3961 : 00000389 00000006 00000006 00000007
 3962 J 00000007 0000000a 00000006 00000001
 3963 : 0000038a 00000006 00000006 00000007
 3964 J 00000007 0000000b 00000006 00000001
 3965 : 0000038b 00000006 00000006 00000007
 3966 J 00000007 0000000c 00000006 00000001
 3967 : 0000038c 00000006 00000006 00000007
 3968 J 00000007 00000010 00000006 00000001
 3969 : 00000390 00000006 00000006 00000007
 3970 J 00000007 00000011 00000006 00000001
 3971 : 00000391 00000006 00000006 00000007
 3972 J 00000007 00000012 00000006 00000001
 3973 : 00000392 00000006 00000006 00000007
 3974 J 00000007 00000013 00000006 00000001
 3975 : 00000393 00000006 00000006 00000007
 3976 J 00000007 00000014 00000006 00000001
 3977 : 00000394 00000006 00000006 00000007
 3978 J 00000007 00000015 00000006 00000001
 3979 : 00000395 00000006 00000006 00000007
 3980 J 00000007 00000016 00000006 00000001
 3981 : 00000396 00000006 00000006 00000007
 3982 J 00000007 0000001b 00000006 00000001
 3983 : 0000039b 00000006 00000006 00000007
 3984 J 00000007 0000001c 00000006 00000001
 3985 : 0000039c 00000006 00000006 00000007
 3986 J 00000007 0000001d 00000006 00000001
 3987 : 0000039d 00000006 00000006 00000007
 3988 J 00000007 0000001e 00000006 00000001
 3989 : 0000039e 00000006 00000006 00000007
 3990 J 00000007 0000001f 00000006 00000001
 3991 : 0000039f 00000006 00000006 00000007
 3992 J 00000007 00000020 00000006 00000001
 3993 : 000003a0 00000006 00000006 00000007
 3994 J 00000007 00000021 00000006 00000001
 3995 : 000003a1 00000006 00000006 00000007
 3996 J 00000007 00000022 00000006 00000001
 3997 : 000003a2 00000006 00000006 00000007
 3998 J 00000007 00000023 00000006 00000001
 3999 : 000003a3 00000006 00000006 00000007
 4000 J 00000007 00000024 00000006 00000001
 4001 : 000003a4 00000006 00000006 00000007
 4002 J 00000007 00000025 00000006 00000001
 4003 : 000003a5 00000006 00000006 00000007
 4004 J 00000007 00000026 00000006 00000001
 4005 : 000003a6 00000006 00000006 00000007
 4006 J 00000007 00000027 00000006 00000001
 4007 : 000003a7 00000006 00000006 00000007
 4008 J 00000007 00000028 00000006 00000001
 4009 : 000003a8 00000006 00000006 00000007
 4010 J 00000007 00000029 00000006 00000001
 4011 : 000003a9 00000006 00000006 00000007
 4012 J 00000007 0000002a 00000006 00000001
 4013 : 000003aa 00000006 00000006 00000007
 4014 J 00000007 0000002b 00000006 00000001
 4015 : 000003ab 00000006 00000006 00000007
 4016 J 00000007 00000048 00000006 00000001
 4017 : 000003c8 00000006 00000006 00000007
 4018 J 00000007 00000049 00000006 00000001
 4019 : 000003c9 00000006 00000006 00000007
 4020 J 00000007 0000002c 00000005 00000001
 4021 : 000003ac 00000005 00000005 00000007
 4022 J 00000007 00000053 00000005 00000001
 4023 : 000003d3 00000005 00000005 00000007
 4024 J 00000007 00000003 00000004 00000001
 4025 : 00000383 00000004 00000004 00000007
 4026 J 00000007 00000004 00000004 00000001
 4027 : 00000384 00000004 00000004 00000007
 4028 J 00000007 00000005 00000004 00000001
 4029 : 00000385 00000004 00000004 00000007
 4030 J 00000007 00000006 00000004 00000001
 4031 : 00000386 00000004 00000004 00000007
 4032 J 00000007 00000007 00000004 00000001
 4033 : 00000387 00000004 00000004 00000007
 4034 J 00000007 0000000d 00000004 00000001
 4035 : 0000038d 00000004 00000004 00000007
 4036 J 00000007 0000000e 00000004 00000001
 4037 : 0000038e 00000004 00000004 00000007
 4038 J 00000007 0000000f 00000004 00000001
 4039 : 0000038f 00000004 00000004 00000007
 4040 J 00000007 00000017 00000004 00000001
 4041 : 00000397 00000004 00000004 00000007
 4042 J 00000007 00000018 00000004 00000001
 4043 : 00000398 00000004 00000004 00000007
 4044 J 00000007 00000019 00000004 00000001
 4045 : 00000399 00000004 00000004 00000007
 4046 J 00000007 0000001a 00000004 00000001
 4047 : 0000039a 00000004 00000004 00000007
 4048 J 00000007 00000033 00000004 00000001
 4049 : 000003b3 00000004 00000004 00000007
 4050 J 00000007 00000034 00000004 00000001
 4051 : 000003b4 00000004 00000004 00000007
 4052 J 00000007 00000035 00000004 00000001
 4053 : 000003b5 00000004 00000004 00000007
 4054 J 00000007 00000036 00000004 00000001
 4055 : 000003b6 00000004 00000004 00000007
 4056 J 00000007 00000037 00000004 00000001
 4057 : 000003b7 00000004 00000004 00000007
 4058 J 00000007 00000038 00000004 00000001
 4059 : 000003b8 00000004 00000004 00000007
 4060 J 00000007 00000039 00000004 00000001
 4061 : 000003b9 00000004 00000004 00000007
 4062 J 00000007 0000003a 00000004 00000001
 4063 : 000003ba 00000004 00000004 00000007
 4064 J 00000007 0000003b 00000004 00000001
 4065 : 000003bb 00000004 00000004 00000007
 4066 J 00000007 0000003c 00000004 00000001
 4067 : 000003bc 00000004 00000004 00000007
 4068 J 00000007 0000003d 00000004 00000001
 4069 : 000003bd 00000004 00000004 00000007
 4070 J 00000007 0000003e 00000004 00000001
 4071 : 000003be 00000004 00000004 00000007
 4072 J 00000007 0000003f 00000004 00000001
 4073 : 000003bf 00000004 00000004 00000007
 4074 J 00000007 00000040 00000004 00000001
 4075 : 000003c0 00000004 00000004 00000007
 4076 J 00000007 00000041 00000004 00000001
 4077 : 000003c1 00000004 00000004 00000007
 4078 J 00000007 00000042 00000004 00000001
 4079 : 000003c2 00000004 00000004 00000007
 4080 J 00000007 00000043 00000004 00000001
 4081 : 000003c3 00000004 00000004 00000007
 4082 J 00000007 00000044 00000004 00000001
 4083 : 000003c4 00000004 00000004 00000007
 4084 J 00000007 00000045 00000004 00000001
 4085 : 000003c5 00000004 00000004 00000007
 4086 J 00000007 00000046 00000004 00000001
 4087 : 000003c6 00000004 00000004 00000007
 4088 J 00000007 0000004d 00000004 00000001
 4089 : 000003cd 00000004 00000004 00000007
 4090 J 00000007 0000004e 00000004 00000001
 4091 : 000003ce 00000004 00000004 00000007
 4092 J 00000007 0000004f 00000004 00000001
 4093 : 000003cf 00000004 00000004 00000007
 4094 J 00000007 00000055 00000004 00000001
 4095 : 000003d5 00000004 00000004 00000007
 4096 J 00000007 00000058 00000004 00000001
 4097 : 000003d8 00000004 00000004 00000007
 4098 J 00000007 00000059 00000004 00000001
 4099 : 000003d9 00000004 00000004 00000007
 4100 J 00000007 0000005a 00000004 00000001
 4101 : 000003da 00000004 00000004 00000007
 4102 J 00000007 0000005b 00000004 00000001
 4103 : 000003db 00000004 00000004 00000007
 4104 J 00000007 0000005c 00000004 00000001
 4105 : 000003dc 00000004 00000004 00000007
 4106 J 00000007 0000005d 00000004 00000001
 4107 : 000003dd 00000004 00000004 00000007
 4108 J 00000007 0000005e 00000004 00000001
 4109 : 000003de 00000004 00000004 00000007
 4110 J 00000007 0000005f 00000004 00000001
 4111 : 000003df 00000004 00000004 00000007
 4112 J 00000007 00000062 00000004 00000001
 4113 : 000003e2 00000004 00000004 00000007
 4114 J 00000007 00000063 00000004 00000001
 4115 : 000003e3 00000004 00000004 00000007
 4116 J 00000007 00000064 00000004 00000001
 4117 : 000003e4 00000004 00000004 00000007
 4118 J 00000007 00000065 00000004 00000001
 4119 : 000003e5 00000004 00000004 00000007
 4120 J 00000007 00000066 00000004 00000001
 4121 : 000003e6 00000004 00000004 00000007
 4122 J 00000007 00000067 00000004 00000001
 4123 : 000003e7 00000004 00000004 00000007
 4124 J 00000007 00000068 00000004 00000001
 4125 : 000003e8 00000004 00000004 00000007
 4126 J 00000007 00000069 00000004 00000001
 4127 : 000003e9 00000004 00000004 00000007
 4128 J 00000007 0000006a 00000004 00000001
 4129 : 000003ea 00000004 00000004 00000007
 4130 J 00000007 0000006b 00000004 00000001
 4131 : 000003eb 00000004 00000004 00000007
 4132 J 00000007 0000006c 00000004 00000001
 4133 : 000003ec 00000004 00000004 00000007
 4134 J 00000007 0000006d 00000004 00000001
 4135 : 000003ed 00000004 00000004 00000007
 4136 J 00000007 0000006e 00000004 00000001
 4137 : 000003ee 00000004 00000004 00000007
 4138 J 00000007 0000006f 00000004 00000001
 4139 : 000003ef 00000004 00000004 00000007
 4140 J 00000007 00000070 00000004 00000001
 4141 : 000003f0 00000004 00000004 00000007
 4142 J 00000007 00000071 00000004 00000001
 4143 : 000003f1 00000004 00000004 00000007
 4144 J 00000007 00000072 00000004 00000001
 4145 : 000003f2 00000004 00000004 00000007
 4146 J 00000007 00000073 00000004 00000001
 4147 : 000003f3 00000004 00000004 00000007
 4148 J 00000007 00000074 00000004 00000001
 4149 : 000003f4 00000004 00000004 00000007
 4150 J 00000007 00000075 00000004 00000001
 4151 : 000003f5 00000004 00000004 00000007
 4152 J 00000007 00000076 00000004 00000001
 4153 : 000003f6 00000004 00000004 00000007
 4154 J 00000007 00000077 00000004 00000001
 4155 : 000003f7 00000004 00000004 00000007
 4156 J 00000007 00000078 00000004 00000001
 4157 : 000003f8 00000004 00000004 00000007
 4158 J 00000007 00000079 00000004 00000001
 4159 : 000003f9 00000004 00000004 00000007
 4160 J 00000007 0000007a 00000004 00000001
 4161 : 000003fa 00000004 00000004 00000007
 4162 J 00000007 0000007b 00000004 00000001
 4163 : 000003fb 00000004 00000004 00000007
 4164 J 00000007 0000007c 00000004 00000001
 4165 : 000003fc 00000004 00000004 00000007
 4166 J 00000007 0000007d 00000004 00000001
 4167 : 000003fd 00000004 00000004 00000007
 4168 J 00000007 0000007e 00000004 00000001
 4169 : 000003fe 00000004 00000004 00000007
 4170 J 00000007 0000007f 00000004 00000001
 4171 : 000003ff 00000004 00000004 00000007
 4172 J 00000007 00000032 00000004 00000001
 4173 : 000003b2 00000004 00000004 00000007
 4174 J 00000007 00000047 00000003 00000001
 4175 : 000003c7 00000003 00000003 00000007
 4176 J 00000007 00000031 00000003 00000001
 4177 : 000003b1 00000003 00000003 00000007
 4178 J 00000007 00000050 00000003 00000001
 4179 : 000003d0 00000003 00000003 00000007
 4180 J 00000007 00000051 00000003 00000001
 4181 : 000003d1 00000003 00000003 00000007
 4182 J 00000007 00000052 00000003 00000001
 4183 : 000003d2 00000003 00000003 00000007
 4184 J 00000007 00000054 00000003 00000001
 4185 : 000003d4 00000003 00000003 00000007
 4186 J 00000007 00000056 00000003 00000001
 4187 : 000003d6 00000003 00000003 00000007
 4188 J 00000007 00000057 00000003 00000001
 4189 : 000003d7 00000003 00000003 00000007
 4190 J 00000007 0000004b 00000002 00000001
 4191 : 000003cb 00000002 00000002 00000007
 4192 J 00000007 0000004c 00000001 00000001
 4193 : 000003cc 00000001 00000001 00000007
 4194 J 00000007 00000060 00000001 00000001
 4195 : 000003e0 00000001 00000001 00000007
 4196 J 00000007 00000061 00000001 00000001
 4197 : 000003e1 00000001 00000001 00000007
 4198 J 00000007 0000004a 00000000 00000001
 4199 : 000003ca 00000000 00000000 00000007
 4200 ? 00000000 00000001 bf0fedc4 f4000000
 4201 ? 00000001 00000001 bf0feb24 f4000000
 4202 ? 00000002 00000001 bf0feb40 f4000000
 4203 ? 00000003 00000001 bf0feb5c f4000000
 4204 ? 00000004 00000001 bf0feb78 f4000000
 4205 ? 00000005 00000001 bf0feb94 f4000000
 4206 ? 00000006 00000001 bf0febb0 f4000000
 4207 ; 00000001 000010c0 bf0febcc f4000000
 4208 S 00000012 ce4e3274 ce4e4560 00000001
 4209 W 00000019 00000000 00000007 00000001
 4210 E cd0d8800 cd1e9d8c 00000000 bf19e008
 4211 E cd0db000 cd1e9d8c 00000000 bf19e008
 4212 E cd0dd000 cd1e9d8c 00000000 bf19e008
 4213 E cd0df000 cd1e9d8c 00000000 bf19e008
 4214 E cd0e1000 cd1e9d8c 00000000 bf19e008
 4215 C 00000000 00000000 00000007 00000001
 4216 G cd1e9db0 00008100 00009100 00009200
 4217 a 00000001 00008100 00009100 00009200
 4218 h 00000000 00000001 bf0fd994 00009200
 4219 k 00000001 00000003 bf0fd940 00009200
 4220 x 00000000 040200ff bf0fd710 00009200
 4221 M 00000000 00000002 bf0fd8ec 00009200
 4222 n 00000001 00000000 bf0fd908 00000000
 4223 O 00000000 000007d0 bf0fd924 00000000
 4224 O 00000001 000007d0 00000000 00000000
 4225 O 00000002 000007d0 00000000 00000000
 4226 O 00000003 000007d0 00000000 00000000
 4227 O 00000004 000007d0 00000000 00000000
 4228 T 00008100 cd1e9cf4 00000000 00000000
 4229 I 00000000 00000000 00000000 00000000
 4230 I 00000000 00000000 00000004 00000000
 4231 I 00000000 00000000 00000008 00000000
 4232 I 00000000 00000000 0000000c 00000000
 4233 T 00009100 cd1e9cf4 bf101be0 00000000
 4234 I 00000000 00000002 00000001 00000000
 4235 I 00000000 00000002 00000005 00000000
 4236 I 00000000 00000002 00000009 00000000
 4237 I 00000000 00000002 0000000d 00000000
 4238 T 000088a8 cd1e9cf4 bf101bfc 00000000
 4239 I 00000000 00000001 00000002 00000000
 4240 I 00000000 00000001 00000006 00000000
 4241 I 00000000 00000001 0000000a 00000000
 4242 I 00000000 00000001 0000000e 00000000
 4243 T 00009200 cd1e9cf4 bf101c18 00000000
 4244 I 00000000 00000003 00000003 00000000
 4245 I 00000000 00000003 00000007 00000000
 4246 I 00000000 00000003 0000000b 00000000
 4247 I 00000000 00000003 0000000f 00000000
 4248 T 00008100 cd1e9cf4 bf101c34 00000000
 4249 I 00000001 00000000 00000000 00000000
 4250 I 00000001 00000000 00000004 00000000
 4251 I 00000001 00000000 00000008 00000000
 4252 I 00000001 00000000 0000000c 00000000
 4253 T 00009100 cd1e9cf4 bf101be0 00000000
 4254 I 00000001 00000002 00000001 00000000
 4255 I 00000001 00000002 00000005 00000000
 4256 I 00000001 00000002 00000009 00000000
 4257 I 00000001 00000002 0000000d 00000000
 4258 T 000088a8 cd1e9cf4 bf101bfc 00000000
 4259 I 00000001 00000001 00000002 00000000
 4260 I 00000001 00000001 00000006 00000000
 4261 I 00000001 00000001 0000000a 00000000
 4262 I 00000001 00000001 0000000e 00000000
 4263 T 00009200 cd1e9cf4 bf101c18 00000000
 4264 I 00000001 00000003 00000003 00000000
 4265 I 00000001 00000003 00000007 00000000
 4266 I 00000001 00000003 0000000b 00000000
 4267 I 00000001 00000003 0000000f 00000000
 4268 T 00008100 cd1e9cf4 bf101c34 00000000
 4269 I 00000002 00000000 00000000 00000000
 4270 I 00000002 00000000 00000004 00000000
 4271 I 00000002 00000000 00000008 00000000
 4272 I 00000002 00000000 0000000c 00000000
 4273 T 00009100 cd1e9cf4 bf101be0 00000000
 4274 I 00000002 00000002 00000001 00000000
 4275 I 00000002 00000002 00000005 00000000
 4276 I 00000002 00000002 00000009 00000000
 4277 I 00000002 00000002 0000000d 00000000
 4278 T 000088a8 cd1e9cf4 bf101bfc 00000000
 4279 I 00000002 00000001 00000002 00000000
 4280 I 00000002 00000001 00000006 00000000
 4281 I 00000002 00000001 0000000a 00000000
 4282 I 00000002 00000001 0000000e 00000000
 4283 T 00009200 cd1e9cf4 bf101c18 00000000
 4284 I 00000002 00000003 00000003 00000000
 4285 I 00000002 00000003 00000007 00000000
 4286 I 00000002 00000003 0000000b 00000000
 4287 I 00000002 00000003 0000000f 00000000
 4288 T 00008100 cd1e9cf4 bf101c34 00000000
 4289 I 00000003 00000000 00000000 00000000
 4290 I 00000003 00000000 00000004 00000000
 4291 I 00000003 00000000 00000008 00000000
 4292 I 00000003 00000000 0000000c 00000000
 4293 T 00009100 cd1e9cf4 bf101be0 00000000
 4294 I 00000003 00000002 00000001 00000000
 4295 I 00000003 00000002 00000005 00000000
 4296 I 00000003 00000002 00000009 00000000
 4297 I 00000003 00000002 0000000d 00000000
 4298 T 000088a8 cd1e9cf4 bf101bfc 00000000
 4299 I 00000003 00000001 00000002 00000000
 4300 I 00000003 00000001 00000006 00000000
 4301 I 00000003 00000001 0000000a 00000000
 4302 I 00000003 00000001 0000000e 00000000
 4303 T 00009200 cd1e9cf4 bf101c18 00000000
 4304 I 00000003 00000003 00000003 00000000
 4305 I 00000003 00000003 00000007 00000000
 4306 I 00000003 00000003 0000000b 00000000
 4307 I 00000003 00000003 0000000f 00000000
 4308 T 00008100 cd1e9cf4 bf101c34 00000000
 4309 I 00000004 00000000 00000000 00000000
 4310 I 00000004 00000000 00000004 00000000
 4311 I 00000004 00000000 00000008 00000000
 4312 I 00000004 00000000 0000000c 00000000
 4313 T 00009100 cd1e9cf4 bf101be0 00000000
 4314 I 00000004 00000002 00000001 00000000
 4315 I 00000004 00000002 00000005 00000000
 4316 I 00000004 00000002 00000009 00000000
 4317 I 00000004 00000002 0000000d 00000000
 4318 T 000088a8 cd1e9cf4 bf101bfc 00000000
 4319 I 00000004 00000001 00000002 00000000
 4320 I 00000004 00000001 00000006 00000000
 4321 I 00000004 00000001 0000000a 00000000
 4322 I 00000004 00000001 0000000e 00000000
 4323 T 00009200 cd1e9cf4 bf101c18 00000000
 4324 I 00000004 00000003 00000003 00000000
 4325 I 00000004 00000003 00000007 00000000
 4326 I 00000004 00000003 0000000b 00000000
 4327 I 00000004 00000003 0000000f 00000000
 4328 T 00008100 cd1e9cf4 bf101c34 00000000
 4329 I 00000005 00000000 00000000 00000000
 4330 I 00000005 00000000 00000004 00000000
 4331 I 00000005 00000000 00000008 00000000
 4332 I 00000005 00000000 0000000c 00000000
 4333 T 00009100 cd1e9cf4 bf101be0 00000000
 4334 I 00000005 00000002 00000001 00000000
 4335 I 00000005 00000002 00000005 00000000
 4336 I 00000005 00000002 00000009 00000000
 4337 I 00000005 00000002 0000000d 00000000
 4338 T 000088a8 cd1e9cf4 bf101bfc 00000000
 4339 I 00000005 00000001 00000002 00000000
 4340 I 00000005 00000001 00000006 00000000
 4341 I 00000005 00000001 0000000a 00000000
 4342 I 00000005 00000001 0000000e 00000000
 4343 T 00009200 cd1e9cf4 bf101c18 00000000
 4344 I 00000005 00000003 00000003 00000000
 4345 I 00000005 00000003 00000007 00000000
 4346 I 00000005 00000003 0000000b 00000000
 4347 I 00000005 00000003 0000000f 00000000
 4348 T 00008100 cd1e9cf4 bf101c34 00000000
 4349 I 00000006 00000000 00000000 00000000
 4350 I 00000006 00000000 00000004 00000000
 4351 I 00000006 00000000 00000008 00000000
 4352 I 00000006 00000000 0000000c 00000000
 4353 T 00009100 cd1e9cf4 bf101be0 00000000
 4354 I 00000006 00000002 00000001 00000000
 4355 I 00000006 00000002 00000005 00000000
 4356 I 00000006 00000002 00000009 00000000
 4357 I 00000006 00000002 0000000d 00000000
 4358 T 000088a8 cd1e9cf4 bf101bfc 00000000
 4359 I 00000006 00000001 00000002 00000000
 4360 I 00000006 00000001 00000006 00000000
 4361 I 00000006 00000001 0000000a 00000000
 4362 I 00000006 00000001 0000000e 00000000
 4363 T 00009200 cd1e9cf4 bf101c18 00000000
 4364 I 00000006 00000003 00000003 00000000
 4365 I 00000006 00000003 00000007 00000000
 4366 I 00000006 00000003 0000000b 00000000
 4367 I 00000006 00000003 0000000f 00000000
 4368 T 00008100 cd1e9cf4 bf101c34 00000000
 4369 I 00000007 00000000 00000000 00000000
 4370 I 00000007 00000000 00000004 00000000
 4371 I 00000007 00000000 00000008 00000000
 4372 I 00000007 00000000 0000000c 00000000
 4373 T 00009100 cd1e9cf4 bf101be0 00000000
 4374 I 00000007 00000002 00000001 00000000
 4375 I 00000007 00000002 00000005 00000000
 4376 I 00000007 00000002 00000009 00000000
 4377 I 00000007 00000002 0000000d 00000000
 4378 T 000088a8 cd1e9cf4 bf101bfc 00000000
 4379 I 00000007 00000001 00000002 00000000
 4380 I 00000007 00000001 00000006 00000000
 4381 I 00000007 00000001 0000000a 00000000
 4382 I 00000007 00000001 0000000e 00000000
 4383 T 00009200 cd1e9cf4 bf101c18 00000000
 4384 I 00000007 00000003 00000003 00000000
 4385 I 00000007 00000003 00000007 00000000
 4386 I 00000007 00000003 0000000b 00000000
 4387 I 00000007 00000003 0000000f 00000000
 4388 T 00008100 cd1e9cf4 bf101c34 00000000
 4389 I 00000008 00000000 00000000 00000000
 4390 I 00000008 00000000 00000004 00000000
 4391 I 00000008 00000000 00000008 00000000
 4392 I 00000008 00000000 0000000c 00000000
 4393 T 00009100 cd1e9cf4 bf101be0 00000000
 4394 I 00000008 00000002 00000001 00000000
 4395 I 00000008 00000002 00000005 00000000
 4396 I 00000008 00000002 00000009 00000000
 4397 I 00000008 00000002 0000000d 00000000
 4398 T 000088a8 cd1e9cf4 bf101bfc 00000000
 4399 I 00000008 00000001 00000002 00000000
 4400 I 00000008 00000001 00000006 00000000
 4401 I 00000008 00000001 0000000a 00000000
 4402 I 00000008 00000001 0000000e 00000000
 4403 T 00009200 cd1e9cf4 bf101c18 00000000
 4404 I 00000008 00000003 00000003 00000000
 4405 I 00000008 00000003 00000007 00000000
 4406 I 00000008 00000003 0000000b 00000000
 4407 I 00000008 00000003 0000000f 00000000
 4408 p cd1e9d34 00650650 bf1b88c0 00000001
 4409 Q 00000004 00000000 00000000 00000001
 4410 Q 00000004 00000001 00000000 f4000000
 4411 D 00000004 00000001 bf0fd79c f4000000
 4412 L 00000004 00000001 bf0fdb38 f4000000
 4413 v 00000004 00000000 00000000 00000001
 4414 d 00000004 00000000 00000000 00000001
 4415 V 00000004 00000000 00000000 00000003
 4416 V 00000004 00000000 00000fff 00000003
 4417 V 00000004 00000000 00000fff 00000003
 4418 V 00000005 00000000 00000fff 00000003
 4419 i 00000004 ffffff10 bf0fdeb8 000000ff
 4420 Y 00000004 ffffff10 bf0fdeb8 000000ff
 4421 b cd1e9d40 000000df bf0fdca4 000000ff
 4422 F 00000004 00000000 bf0fdca4 000000ff
 4423 B 00000004 00000000 bf0fdbc4 f4000000
 4424 0 00000004 00000000 bf0fdbe0 f4000000
 4425 w 00000004 00000000 bf0fdbfc f4000000
 4426 u cd1e9d78 00000001 bf0fddd8 00000005
 4427 U 00000004 00000001 bf0fddd8 00000005
 4428 2 00000004 00000001 bf0fdc18 f4000000
 4429 3 00000004 00000000 bf0fdc34 f4000000
 4430 1 00000004 00000000 bf0fdc50 f4000000
 4431 z 00000004 00000000 bf0fdc6c f4000000
 4432 m cd1e9d50 00000001 bf0fddf4 00000000
 4433 R 00000004 00000001 bf0fddf4 00000000
 4434 4 00000004 00000000 bf0fdb54 f4000000
 4435 5 00000004 00000000 bf0fdb70 f4000000
 4436 y 00000004 00000000 bf0fdb8c f4000000
 4437 6 00000004 00000000 00000005 f4000000
 4438 p cd1e9d34 00000000 bf0fdba8 00000001
 4439 Q 00000000 00000000 00000001 00000001
 4440 Q 00000000 00000001 00000001 f4000000
 4441 D 00000000 00000001 bf0fd79c f4000000
 4442 L 00000000 00000001 bf0fdb38 f4000000
 4443 v 00000000 00000000 00000000 00000001
 4444 d 00000000 00000000 00000000 00000001
 4445 V 00000000 00000000 00000000 00000003
 4446 V 00000000 00000000 00000fff 00000003
 4447 i 00000000 ffffff01 bf0fdeb8 000000ff
 4448 Y 00000000 ffffff01 bf0fdeb8 000000ff
 4449 b cd1e9d40 000000fd bf0fdca4 000000ff
 4450 F 00000000 00000000 bf0fdca4 000000ff
 4451 B 00000000 00000000 bf0fdbc4 f4000000
 4452 0 00000000 00000000 bf0fdbe0 f4000000
 4453 w 00000000 00000000 bf0fdbfc f4000000
 4454 u cd1e9d78 00000001 bf0fddd8 00000005
 4455 U 00000000 00000001 bf0fddd8 00000005
 4456 2 00000000 00000001 bf0fdc18 f4000000
 4457 3 00000000 00000000 bf0fdc34 f4000000
 4458 1 00000000 00000000 bf0fdc50 f4000000
 4459 z 00000000 00000000 bf0fdc6c f4000000
 4460 m cd1e9d50 00000001 bf0fddf4 00000000
 4461 R 00000000 00000001 bf0fddf4 00000000
 4462 4 00000000 00000000 bf0fdb54 f4000000
 4463 5 00000000 00000000 bf0fdb70 f4000000
 4464 y 00000000 00000000 bf0fdb8c f4000000
 4465 6 00000000 00000000 00000005 f4000000
 4466 p cd1e9d34 00000000 bf0fdba8 00000001
 4467 Q 00000001 00000000 00000001 00000001
 4468 Q 00000001 00000001 00000001 f4000000
 4469 D 00000001 00000001 bf0fd79c f4000000
 4470 L 00000001 00000001 bf0fdb38 f4000000
 4471 v 00000001 00000000 00000000 00000001
 4472 d 00000001 00000000 00000000 00000001
 4473 V 00000001 00000000 00000000 00000003
 4474 V 00000001 00000000 00000fff 00000003
 4475 i 00000001 ffffff02 bf0fdeb8 000000ff
 4476 Y 00000001 ffffff02 bf0fdeb8 000000ff
 4477 b cd1e9d40 000000fb bf0fdca4 000000ff
 4478 F 00000001 00000000 bf0fdca4 000000ff
 4479 B 00000001 00000000 bf0fdbc4 f4000000
 4480 0 00000001 00000000 bf0fdbe0 f4000000
 4481 w 00000001 00000000 bf0fdbfc f4000000
 4482 u cd1e9d78 00000001 bf0fddd8 00000005
 4483 U 00000001 00000001 bf0fddd8 00000005
 4484 2 00000001 00000001 bf0fdc18 f4000000
 4485 3 00000001 00000000 bf0fdc34 f4000000
 4486 1 00000001 00000000 bf0fdc50 f4000000
 4487 z 00000001 00000000 bf0fdc6c f4000000
 4488 m cd1e9d50 00000001 bf0fddf4 00000000
 4489 R 00000001 00000001 bf0fddf4 00000000
 4490 4 00000001 00000000 bf0fdb54 f4000000
 4491 5 00000001 00000000 bf0fdb70 f4000000
 4492 y 00000001 00000000 bf0fdb8c f4000000
 4493 6 00000001 00000000 00000005 f4000000
 4494 p cd1e9d34 00000000 bf0fdba8 00000001
 4495 Q 00000002 00000000 00000001 00000001
 4496 Q 00000002 00000001 00000001 f4000000
 4497 D 00000002 00000001 bf0fd79c f4000000
 4498 L 00000002 00000001 bf0fdb38 f4000000
 4499 v 00000002 00000000 00000000 00000001
 4500 d 00000002 00000000 00000000 00000001
 4501 V 00000002 00000000 00000000 00000003
 4502 V 00000002 00000000 00000fff 00000003
 4503 i 00000002 ffffff04 bf0fdeb8 000000ff
 4504 Y 00000002 ffffff04 bf0fdeb8 000000ff
 4505 b cd1e9d40 000000f7 bf0fdca4 000000ff
 4506 F 00000002 00000000 bf0fdca4 000000ff
 4507 B 00000002 00000000 bf0fdbc4 f4000000
 4508 0 00000002 00000000 bf0fdbe0 f4000000
 4509 w 00000002 00000000 bf0fdbfc f4000000
 4510 u cd1e9d78 00000001 bf0fddd8 00000005
 4511 U 00000002 00000001 bf0fddd8 00000005
 4512 2 00000002 00000001 bf0fdc18 f4000000
 4513 3 00000002 00000000 bf0fdc34 f4000000
 4514 1 00000002 00000000 bf0fdc50 f4000000
 4515 z 00000002 00000000 bf0fdc6c f4000000
 4516 m cd1e9d50 00000001 bf0fddf4 00000000
 4517 R 00000002 00000001 bf0fddf4 00000000
 4518 4 00000002 00000000 bf0fdb54 f4000000
 4519 5 00000002 00000000 bf0fdb70 f4000000
 4520 y 00000002 00000000 bf0fdb8c f4000000
 4521 6 00000002 00000000 00000005 f4000000
 4522 p cd1e9d34 00000000 bf0fdba8 00000001
 4523 Q 00000003 00000000 00000001 00000001
 4524 Q 00000003 00000001 00000001 f4000000
 4525 D 00000003 00000001 bf0fd79c f4000000
 4526 L 00000003 00000001 bf0fdb38 f4000000
 4527 v 00000003 00000000 00000000 00000001
 4528 d 00000003 00000000 00000000 00000001
 4529 V 00000003 00000000 00000000 00000003
 4530 V 00000003 00000000 00000fff 00000003
 4531 i 00000003 ffffff08 bf0fdeb8 000000ff
 4532 Y 00000003 ffffff08 bf0fdeb8 000000ff
 4533 b cd1e9d40 000000ef bf0fdca4 000000ff
 4534 F 00000003 00000000 bf0fdca4 000000ff
 4535 B 00000003 00000000 bf0fdbc4 f4000000
 4536 0 00000003 00000000 bf0fdbe0 f4000000
 4537 w 00000003 00000000 bf0fdbfc f4000000
 4538 u cd1e9d78 00000001 bf0fddd8 00000005
 4539 U 00000003 00000001 bf0fddd8 00000005
 4540 2 00000003 00000001 bf0fdc18 f4000000
 4541 3 00000003 00000000 bf0fdc34 f4000000
 4542 1 00000003 00000000 bf0fdc50 f4000000
 4543 z 00000003 00000000 bf0fdc6c f4000000
 4544 m cd1e9d50 00000001 bf0fddf4 00000000
 4545 R 00000003 00000001 bf0fddf4 00000000
 4546 4 00000003 00000000 bf0fdb54 f4000000
 4547 5 00000003 00000000 bf0fdb70 f4000000
 4548 y 00000003 00000000 bf0fdb8c f4000000
 4549 6 00000003 00000000 00000005 f4000000
 4550 p cd1e9d34 00000000 00000010 00000001
 4551 Q 00000005 00000000 00000001 00000001
 4552 Q 00000005 00000001 00000001 f4000000
 4553 D 00000005 00000001 bf0fd79c f4000000
 4554 L 00000005 00000001 bf0fdb38 f4000000
 4555 v 00000005 00000000 00000000 00000001
 4556 d 00000005 00000000 00000000 00000001
 4557 V 00000005 00000000 00000000 00000003
 4558 V 00000005 00000000 00000fff 00000003
 4559 i 00000005 ffffff20 bf0fdeb8 000000ff
 4560 Y 00000005 ffffff20 bf0fdeb8 000000ff
 4561 b cd1e9d40 000000fe bf0fdca4 000000ff
 4562 F 00000005 00000000 bf0fdca4 000000ff
 4563 B 00000005 00000000 bf0fdbc4 f4000000
 4564 0 00000005 00000000 bf0fdbe0 f4000000
 4565 w 00000005 00000000 bf0fdbfc f4000000
 4566 u cd1e9d78 00000001 bf0fddd8 00000001
 4567 U 00000005 00000001 bf0fddd8 00000001
 4568 2 00000005 00000001 bf0fdc18 f4000000
 4569 3 00000005 00000001 bf0fdc34 f4000000
 4570 1 00000005 00000000 bf0fdc50 f4000000
 4571 z 00000005 00000000 bf0fdc6c f4000000
 4572 m cd1e9d50 00000001 bf0fddf4 00000000
 4573 R 00000005 00000001 bf0fddf4 00000000
 4574 4 00000005 00000000 bf0fdb54 f4000000
 4575 5 00000005 00000000 bf0fdb70 f4000000
 4576 y 00000005 00000000 bf0fdb8c f4000000
 4577 6 00000005 00000000 00000005 f4000000
 4578 p cd1e9d34 00000000 00000040 00000001
 4579 Q 00000006 00000000 00000001 00000001
 4580 Q 00000006 00000001 00000001 f4000000
 4581 D 00000006 00000001 bf0fd79c f4000000
 4582 L 00000006 00000001 bf0fdb38 f4000000
 4583 v 00000006 00000000 00000000 00000001
 4584 d 00000006 00000000 00000000 00000001
 4585 V 00000006 00000000 00000000 00000003
 4586 V 00000006 00000000 00000fff 00000003
 4587 i 00000006 ffffff00 bf0fdeb8 00000006
 4588 Y 00000006 ffffff00 bf0fdeb8 00000006
 4589 b cd1e9d40 000000ff bf0fdca4 00000006
 4590 F 00000006 00000000 bf0fdca4 00000006
 4591 B 00000006 00000000 bf0fdbc4 f4000000
 4592 0 00000006 00000000 bf0fdbe0 f4000000
 4593 w 00000006 00000000 bf0fdbfc f4000000
 4594 u cd1e9d78 00000001 bf0fddd8 00000005
 4595 U 00000006 00000001 bf0fddd8 00000005
 4596 2 00000006 00000001 bf0fdc18 f4000000
 4597 3 00000006 00000000 bf0fdc34 f4000000
 4598 1 00000006 00000000 bf0fdc50 f4000000
 4599 z 00000006 00000000 bf0fdc6c f4000000
 4600 m cd1e9d50 00000001 bf0fddf4 00000002
 4601 R 00000006 00000001 bf0fddf4 00000002
 4602 4 00000006 00000000 bf0fdb54 f4000000
 4603 5 00000006 00000000 bf0fdb70 f4000000
 4604 y 00000006 00000001 bf0fdb8c f4000000
 4605 6 00000006 00000000 00000005 f4000000
 4606 p cd1e9d34 00000000 00000006 00000001
 4607 Q 00000007 00000000 00000001 00000001
 4608 Q 00000007 00000001 00000001 f4000000
 4609 D 00000007 00000001 bf0fd79c f4000000
 4610 L 00000007 00000001 bf0fdb38 f4000000
 4611 v 00000007 00000000 00000000 00000001
 4612 d 00000007 00000000 00000000 00000001
 4613 V 00000007 00000000 00000000 00000003
 4614 V 00000007 00000000 00000fff 00000003
 4615 i 00000007 ffffff00 bf0fdeb8 00000007
 4616 Y 00000007 ffffff00 bf0fdeb8 00000007
 4617 b cd1e9d40 000000ff bf0fdca4 00000007
 4618 F 00000007 00000000 bf0fdca4 00000007
 4619 B 00000007 00000000 bf0fdbc4 f4000000
 4620 0 00000007 00000000 bf0fdbe0 f4000000
 4621 w 00000007 00000000 bf0fdbfc f4000000
 4622 u cd1e9d78 00000001 bf0fddd8 00000005
 4623 U 00000007 00000001 bf0fddd8 00000005
 4624 2 00000007 00000001 bf0fdc18 f4000000
 4625 3 00000007 00000000 bf0fdc34 f4000000
 4626 1 00000007 00000000 bf0fdc50 f4000000
 4627 z 00000007 00000000 bf0fdc6c f4000000
 4628 m cd1e9d50 00000001 bf0fddf4 00000002
 4629 R 00000007 00000001 bf0fddf4 00000002
 4630 4 00000007 00000000 bf0fdb54 f4000000
 4631 5 00000007 00000000 bf0fdb70 f4000000
 4632 y 00000007 00000001 bf0fdb8c f4000000
 4633 6 00000007 00000000 00000005 f4000000
 4634 P cd1e9d60 00001f40 00000000 00000001
 4635 ! 00000000 00001f40 00000001 bf103a30
 4636 7 00000001 00000600 bf0fbc78 bf103a30
 4637 9 00000000 cd1e9cf4 bf0fbe54 bf103a30
 4638 8 00000000 cd1e9cf4 00000001 00000004
 4639 9 00000001 cd1e9cf4 bf0fbc24 f4000000
 4640 8 00000001 cd1e9cf4 00000001 00000015
 4641 9 00000002 cd1e9cf4 bf0fbc24 f4000000
 4642 8 00000002 cd1e9cf4 00000001 00000015
 4643 9 00000003 cd1e9cf4 bf0fbc24 f4000000
 4644 8 00000003 cd1e9cf4 00000001 00000015
 4645 9 00000004 cd1e9cf4 bf0fbc24 f4000000
 4646 8 00000004 cd1e9cf4 00000001 00000015
 4647 9 00000005 cd1e9cf4 bf0fbc24 f4000000
 4648 8 00000005 cd1e9cf4 00000001 00000015
 4649 9 00000006 cd1e9cf4 bf0fbc24 f4000000
 4650 8 00000006 cd1e9cf4 00000001 00000015
 4651 9 00000007 cd1e9cf4 bf0fbc24 f4000000
 4652 8 00000007 cd1e9cf4 00000001 00000015
 4653 9 00000008 cd1e9cf4 bf0fbc24 f4000000
 4654 8 00000008 cd1e9cf4 00000001 00000015
 4655 9 00000009 cd1e9cf4 bf0fbc24 f4000000
 4656 8 00000009 cd1e9cf4 00000001 00000015
 4657 9 0000000a cd1e9cf4 bf0fbc24 f4000000
 4658 8 0000000a cd1e9cf4 00000001 00000015
 4659 9 0000000b cd1e9cf4 bf0fbc24 f4000000
 4660 8 0000000b cd1e9cf4 00000001 00000004
 4661 9 0000000c cd1e9cf4 bf0fbc24 f4000000
 4662 8 0000000c cd1e9cf4 00000001 00000004
 4663 9 0000000d cd1e9cf4 bf0fbc24 f4000000
 4664 8 0000000d cd1e9cf4 00000001 00000004
 4665 9 0000000e cd1e9cf4 bf0fbc24 f4000000
 4666 8 0000000e cd1e9cf4 00000001 00000004
 4667 9 0000000f cd1e9cf4 bf0fbc24 f4000000
 4668 8 0000000f cd1e9cf4 00000001 00000004
 4669 q 00000000 00001f40 bf0fbc24 f4000000
 4670 l 00000000 00000000 00000001 00001f40
 4671 e 00000000 00000000 00000001 00001f40
 4672 f 00000000 00000000 00001f40 00001f40
 4673 l 00000001 00000000 00000001 00001f40
 4674 e 00000001 00000000 00000001 00001f40
 4675 f 00000001 00000000 00001f40 00001f40
 4676 q 00000001 00000000 bf0ff94c f4000000
 4677 l 00000000 00000001 00000001 00000000
 4678 e 00000000 00000001 00000001 00000000
 4679 f 00000000 00000001 00000000 00000000
 4680 l 00000001 00000001 00000001 00000000
 4681 e 00000001 00000001 00000001 00000000
 4682 f 00000001 00000001 00000000 00000000
 4683 q 00000002 00000000 bf0ff94c f4000000
 4684 l 00000000 00000002 00000001 00000000
 4685 e 00000000 00000002 00000001 00000000
 4686 f 00000000 00000002 00000000 00000000
 4687 l 00000001 00000002 00000001 00000000
 4688 e 00000001 00000002 00000001 00000000
 4689 f 00000001 00000002 00000000 00000000
 4690 q 00000003 00000000 bf0ff94c f4000000
 4691 l 00000000 00000003 00000001 00000000
 4692 e 00000000 00000003 00000001 00000000
 4693 f 00000000 00000003 00000000 00000000
 4694 l 00000001 00000003 00000001 00000000
 4695 e 00000001 00000003 00000001 00000000
 4696 f 00000001 00000003 00000000 00000000
 4697 q 00000004 00000000 bf0ff94c f4000000
 4698 l 00000000 00000004 00000001 00000000
 4699 e 00000000 00000004 00000001 00000000
 4700 f 00000000 00000004 00000000 00000000
 4701 l 00000001 00000004 00000001 00000000
 4702 e 00000001 00000004 00000001 00000000
 4703 f 00000001 00000004 00000000 00000000
 4704 q 00000005 00000000 bf0ff94c f4000000
 4705 l 00000000 00000005 00000001 00000000
 4706 e 00000000 00000005 00000001 00000000
 4707 f 00000000 00000005 00000000 00000000
 4708 l 00000001 00000005 00000001 00000000
 4709 e 00000001 00000005 00000001 00000000
 4710 f 00000001 00000005 00000000 00000000
 4711 q 00000006 00000000 bf0ff94c f4000000
 4712 l 00000000 00000006 00000001 00000000
 4713 e 00000000 00000006 00000001 00000000
 4714 f 00000000 00000006 00000000 00000000
 4715 l 00000001 00000006 00000001 00000000
 4716 e 00000001 00000006 00000001 00000000
 4717 f 00000001 00000006 00000000 00000000
 4718 q 00000007 00000000 bf0ff94c f4000000
 4719 l 00000000 00000007 00000001 00000000
 4720 e 00000000 00000007 00000001 00000000
 4721 f 00000000 00000007 00000000 00000000
 4722 l 00000001 00000007 00000001 00000000
 4723 e 00000001 00000007 00000001 00000000
 4724 f 00000001 00000007 00000000 00000000
 4725 t 00000000 0000004a 00000000 f4000000
 4726 J 00000000 0000004a 00000000 00000000
 4727 : 000000ca 00000000 00000000 00000000
 4728 J 00000001 0000004a 00000000 00000000
 4729 : 0000014a 00000000 00000000 00000001
 4730 J 00000002 0000004a 00000000 00000000
 4731 : 000001ca 00000000 00000000 00000002
 4732 J 00000003 0000004a 00000000 00000000
 4733 : 0000024a 00000000 00000000 00000003
 4734 J 00000004 0000004a 00000000 00000000
 4735 : 000002ca 00000000 00000000 00000004
 4736 J 00000006 0000004a 00000000 00000000
 4737 : 0000034a 00000000 00000000 00000006
 4738 J 00000007 0000004a 00000000 00000000
 4739 : 000003ca 00000000 00000000 00000007
 4740 t 00000001 0000004a 00000000 f4000000
 4741 J 00000005 0000004a 00000000 00000001
 4742 : 0000004a 00000000 00000000 00000005
 4743 l 00000000 00000005 00000001 00001f40
 4744 e 00000000 00000005 00000001 00001f40
 4745 f 00000000 00000005 00001f40 00001f40
 4746 l 00000001 00000005 00000001 00001f40
 4747 e 00000001 00000005 00000001 00001f40
 4748 f 00000001 00000005 00001f40 00001f40
 4749 t 00000000 00000060 00000001 00001f40
 4750 J 00000000 00000060 00000001 00000000
 4751 : 000000e0 00000001 00000001 00000000
 4752 J 00000001 00000060 00000001 00000000
 4753 : 00000160 00000001 00000001 00000001
 4754 J 00000002 00000060 00000001 00000000
 4755 : 000001e0 00000001 00000001 00000002
 4756 J 00000003 00000060 00000001 00000000
 4757 : 00000260 00000001 00000001 00000003
 4758 J 00000004 00000060 00000001 00000000
 4759 : 000002e0 00000001 00000001 00000004
 4760 J 00000006 00000060 00000001 00000000
 4761 : 00000360 00000001 00000001 00000006
 4762 J 00000007 00000060 00000001 00000000
 4763 : 000003e0 00000001 00000001 00000007
 4764 t 00000001 00000060 00000001 00001f40
 4765 J 00000005 00000060 00000001 00000001
 4766 : 00000060 00000001 00000001 00000005
 4767 l 00000000 00000005 00000001 00001f40
 4768 e 00000000 00000005 00000001 00001f40
 4769 f 00000000 00000005 00001f40 00001f40
 4770 l 00000001 00000005 00000001 00001f40
 4771 e 00000001 00000005 00000001 00001f40
 4772 f 00000001 00000005 00001f40 00001f40
 4773 t 00000000 00000061 00000001 00001f40
 4774 J 00000000 00000061 00000001 00000000
 4775 : 000000e1 00000001 00000001 00000000
 4776 J 00000001 00000061 00000001 00000000
 4777 : 00000161 00000001 00000001 00000001
 4778 J 00000002 00000061 00000001 00000000
 4779 : 000001e1 00000001 00000001 00000002
 4780 J 00000003 00000061 00000001 00000000
 4781 : 00000261 00000001 00000001 00000003
 4782 J 00000004 00000061 00000001 00000000
 4783 : 000002e1 00000001 00000001 00000004
 4784 J 00000006 00000061 00000001 00000000
 4785 : 00000361 00000001 00000001 00000006
 4786 J 00000007 00000061 00000001 00000000
 4787 : 000003e1 00000001 00000001 00000007
 4788 t 00000001 00000061 00000001 00001f40
 4789 J 00000005 00000061 00000001 00000001
 4790 : 00000061 00000001 00000001 00000005
 4791 l 00000000 00000005 00000001 00001f40
 4792 e 00000000 00000005 00000001 00001f40
 4793 f 00000000 00000005 00001f40 00001f40
 4794 l 00000001 00000005 00000001 00001f40
 4795 e 00000001 00000005 00000001 00001f40
 4796 f 00000001 00000005 00001f40 00001f40
 4797 t 00000000 0000004c 00000001 00001f40
 4798 J 00000000 0000004c 00000001 00000000
 4799 : 000000cc 00000001 00000001 00000000
 4800 J 00000001 0000004c 00000001 00000000
 4801 : 0000014c 00000001 00000001 00000001
 4802 J 00000002 0000004c 00000001 00000000
 4803 : 000001cc 00000001 00000001 00000002
 4804 J 00000003 0000004c 00000001 00000000
 4805 : 0000024c 00000001 00000001 00000003
 4806 J 00000004 0000004c 00000001 00000000
 4807 : 000002cc 00000001 00000001 00000004
 4808 J 00000006 0000004c 00000001 00000000
 4809 : 0000034c 00000001 00000001 00000006
 4810 J 00000007 0000004c 00000001 00000000
 4811 : 000003cc 00000001 00000001 00000007
 4812 t 00000001 0000004c 00000001 00001f40
 4813 J 00000005 0000004c 00000001 00000001
 4814 : 0000004c 00000001 00000001 00000005
 4815 l 00000000 00000005 00000001 00001f40
 4816 e 00000000 00000005 00000001 00001f40
 4817 f 00000000 00000005 00001f40 00001f40
 4818 l 00000001 00000005 00000001 00001f40
 4819 e 00000001 00000005 00000001 00001f40
 4820 f 00000001 00000005 00001f40 00001f40
 4821 t 00000000 00000049 00000001 00001f40
 4822 J 00000000 00000049 00000001 00000000
 4823 : 000000c9 00000001 00000001 00000000
 4824 J 00000001 00000049 00000001 00000000
 4825 : 00000149 00000001 00000001 00000001
 4826 J 00000002 00000049 00000001 00000000
 4827 : 000001c9 00000001 00000001 00000002
 4828 J 00000003 00000049 00000001 00000000
 4829 : 00000249 00000001 00000001 00000003
 4830 J 00000004 00000049 00000001 00000000
 4831 : 000002c9 00000001 00000001 00000004
 4832 J 00000006 00000049 00000001 00000000
 4833 : 00000349 00000001 00000001 00000006
 4834 J 00000007 00000049 00000001 00000000
 4835 : 000003c9 00000001 00000001 00000007
 4836 t 00000001 00000049 00000001 00001f40
 4837 J 00000005 00000049 00000001 00000001
 4838 : 00000049 00000001 00000001 00000005
 4839 l 00000000 00000005 00000001 00001f40
 4840 e 00000000 00000005 00000001 00001f40
 4841 f 00000000 00000005 00001f40 00001f40
 4842 l 00000001 00000005 00000001 00001f40
 4843 e 00000001 00000005 00000001 00001f40
 4844 f 00000001 00000005 00001f40 00001f40
 4845 t 00000000 0000004b 00000002 00001f40
 4846 J 00000000 0000004b 00000002 00000000
 4847 : 000000cb 00000002 00000002 00000000
 4848 J 00000001 0000004b 00000002 00000000
 4849 : 0000014b 00000002 00000002 00000001
 4850 J 00000002 0000004b 00000002 00000000
 4851 : 000001cb 00000002 00000002 00000002
 4852 J 00000003 0000004b 00000002 00000000
 4853 : 0000024b 00000002 00000002 00000003
 4854 J 00000004 0000004b 00000002 00000000
 4855 : 000002cb 00000002 00000002 00000004
 4856 J 00000006 0000004b 00000002 00000000
 4857 : 0000034b 00000002 00000002 00000006
 4858 J 00000007 0000004b 00000002 00000000
 4859 : 000003cb 00000002 00000002 00000007
 4860 t 00000001 0000004b 00000002 00001f40
 4861 J 00000005 0000004b 00000002 00000001
 4862 : 0000004b 00000002 00000002 00000005
 4863 l 00000000 00000005 00000001 00001f40
 4864 e 00000000 00000005 00000001 00001f40
 4865 f 00000000 00000005 00001f40 00001f40
 4866 l 00000001 00000005 00000001 00001f40
 4867 e 00000001 00000005 00000001 00001f40
 4868 f 00000001 00000005 00001f40 00001f40
 4869 t 00000000 00000051 00000003 00001f40
 4870 J 00000000 00000051 00000003 00000000
 4871 : 000000d1 00000003 00000003 00000000
 4872 J 00000001 00000051 00000003 00000000
 4873 : 00000151 00000003 00000003 00000001
 4874 J 00000002 00000051 00000003 00000000
 4875 : 000001d1 00000003 00000003 00000002
 4876 J 00000003 00000051 00000003 00000000
 4877 : 00000251 00000003 00000003 00000003
 4878 J 00000004 00000051 00000003 00000000
 4879 : 000002d1 00000003 00000003 00000004
 4880 J 00000006 00000051 00000003 00000000
 4881 : 00000351 00000003 00000003 00000006
 4882 J 00000007 00000051 00000003 00000000
 4883 : 000003d1 00000003 00000003 00000007
 4884 t 00000001 00000051 00000003 00001f40
 4885 J 00000005 00000051 00000003 00000001
 4886 : 00000051 00000003 00000003 00000005
 4887 l 00000000 00000005 00000001 00001f40
 4888 e 00000000 00000005 00000001 00001f40
 4889 f 00000000 00000005 00001f40 00001f40
 4890 l 00000001 00000005 00000001 00001f40
 4891 e 00000001 00000005 00000001 00001f40
 4892 f 00000001 00000005 00001f40 00001f40
 4893 t 00000000 00000050 00000003 00001f40
 4894 J 00000000 00000050 00000003 00000000
 4895 : 000000d0 00000003 00000003 00000000
 4896 J 00000001 00000050 00000003 00000000
 4897 : 00000150 00000003 00000003 00000001
 4898 J 00000002 00000050 00000003 00000000
 4899 : 000001d0 00000003 00000003 00000002
 4900 J 00000003 00000050 00000003 00000000
 4901 : 00000250 00000003 00000003 00000003
 4902 J 00000004 00000050 00000003 00000000
 4903 : 000002d0 00000003 00000003 00000004
 4904 J 00000006 00000050 00000003 00000000
 4905 : 00000350 00000003 00000003 00000006
 4906 J 00000007 00000050 00000003 00000000
 4907 : 000003d0 00000003 00000003 00000007
 4908 t 00000001 00000050 00000003 00001f40
 4909 J 00000005 00000050 00000003 00000001
 4910 : 00000050 00000003 00000003 00000005
 4911 l 00000000 00000005 00000001 00001f40
 4912 e 00000000 00000005 00000001 00001f40
 4913 f 00000000 00000005 00001f40 00001f40
 4914 l 00000001 00000005 00000001 00001f40
 4915 e 00000001 00000005 00000001 00001f40
 4916 f 00000001 00000005 00001f40 00001f40
 4917 t 00000000 00000052 00000003 00001f40
 4918 J 00000000 00000052 00000003 00000000
 4919 : 000000d2 00000003 00000003 00000000
 4920 J 00000001 00000052 00000003 00000000
 4921 : 00000152 00000003 00000003 00000001
 4922 J 00000002 00000052 00000003 00000000
 4923 : 000001d2 00000003 00000003 00000002
 4924 J 00000003 00000052 00000003 00000000
 4925 : 00000252 00000003 00000003 00000003
 4926 J 00000004 00000052 00000003 00000000
 4927 : 000002d2 00000003 00000003 00000004
 4928 J 00000006 00000052 00000003 00000000
 4929 : 00000352 00000003 00000003 00000006
 4930 J 00000007 00000052 00000003 00000000
 4931 : 000003d2 00000003 00000003 00000007
 4932 t 00000001 00000052 00000003 00001f40
 4933 J 00000005 00000052 00000003 00000001
 4934 : 00000052 00000003 00000003 00000005
 4935 l 00000000 00000005 00000001 00001f40
 4936 e 00000000 00000005 00000001 00001f40
 4937 f 00000000 00000005 00001f40 00001f40
 4938 l 00000001 00000005 00000001 00001f40
 4939 e 00000001 00000005 00000001 00001f40
 4940 f 00000001 00000005 00001f40 00001f40
 4941 t 00000000 00000054 00000003 00001f40
 4942 J 00000000 00000054 00000003 00000000
 4943 : 000000d4 00000003 00000003 00000000
 4944 J 00000001 00000054 00000003 00000000
 4945 : 00000154 00000003 00000003 00000001
 4946 J 00000002 00000054 00000003 00000000
 4947 : 000001d4 00000003 00000003 00000002
 4948 J 00000003 00000054 00000003 00000000
 4949 : 00000254 00000003 00000003 00000003
 4950 J 00000004 00000054 00000003 00000000
 4951 : 000002d4 00000003 00000003 00000004
 4952 J 00000006 00000054 00000003 00000000
 4953 : 00000354 00000003 00000003 00000006
 4954 J 00000007 00000054 00000003 00000000
 4955 : 000003d4 00000003 00000003 00000007
 4956 t 00000001 00000054 00000003 00001f40
 4957 J 00000005 00000054 00000003 00000001
 4958 : 00000054 00000003 00000003 00000005
 4959 l 00000000 00000005 00000001 00001f40
 4960 e 00000000 00000005 00000001 00001f40
 4961 f 00000000 00000005 00001f40 00001f40
 4962 l 00000001 00000005 00000001 00001f40
 4963 e 00000001 00000005 00000001 00001f40
 4964 f 00000001 00000005 00001f40 00001f40
 4965 t 00000000 00000047 00000003 00001f40
 4966 J 00000000 00000047 00000003 00000000
 4967 : 000000c7 00000003 00000003 00000000
 4968 J 00000001 00000047 00000003 00000000
 4969 : 00000147 00000003 00000003 00000001
 4970 J 00000002 00000047 00000003 00000000
 4971 : 000001c7 00000003 00000003 00000002
 4972 J 00000003 00000047 00000003 00000000
 4973 : 00000247 00000003 00000003 00000003
 4974 J 00000004 00000047 00000003 00000000
 4975 : 000002c7 00000003 00000003 00000004
 4976 J 00000006 00000047 00000003 00000000
 4977 : 00000347 00000003 00000003 00000006
 4978 J 00000007 00000047 00000003 00000000
 4979 : 000003c7 00000003 00000003 00000007
 4980 t 00000001 00000047 00000003 00001f40
 4981 J 00000005 00000047 00000003 00000001
 4982 : 00000047 00000003 00000003 00000005
 4983 l 00000000 00000005 00000001 00001f40
 4984 e 00000000 00000005 00000001 00001f40
 4985 f 00000000 00000005 00001f40 00001f40
 4986 l 00000001 00000005 00000001 00001f40
 4987 e 00000001 00000005 00000001 00001f40
 4988 f 00000001 00000005 00001f40 00001f40
 4989 t 00000000 00000056 00000003 00001f40
 4990 J 00000000 00000056 00000003 00000000
 4991 : 000000d6 00000003 00000003 00000000
 4992 J 00000001 00000056 00000003 00000000
 4993 : 00000156 00000003 00000003 00000001
 4994 J 00000002 00000056 00000003 00000000
 4995 : 000001d6 00000003 00000003 00000002
 4996 J 00000003 00000056 00000003 00000000
 4997 : 00000256 00000003 00000003 00000003
 4998 J 00000004 00000056 00000003 00000000
 4999 : 000002d6 00000003 00000003 00000004
 5000 J 00000006 00000056 00000003 00000000
 5001 : 00000356 00000003 00000003 00000006
 5002 J 00000007 00000056 00000003 00000000
 5003 : 000003d6 00000003 00000003 00000007
 5004 t 00000001 00000056 00000003 00001f40
 5005 J 00000005 00000056 00000003 00000001
 5006 : 00000056 00000003 00000003 00000005
 5007 l 00000000 00000005 00000001 00001f40
 5008 e 00000000 00000005 00000001 00001f40
 5009 f 00000000 00000005 00001f40 00001f40
 5010 l 00000001 00000005 00000001 00001f40
 5011 e 00000001 00000005 00000001 00001f40
 5012 f 00000001 00000005 00001f40 00001f40
 5013 t 00000000 00000057 00000003 00001f40
 5014 J 00000000 00000057 00000003 00000000
 5015 : 000000d7 00000003 00000003 00000000
 5016 J 00000001 00000057 00000003 00000000
 5017 : 00000157 00000003 00000003 00000001
 5018 J 00000002 00000057 00000003 00000000
 5019 : 000001d7 00000003 00000003 00000002
 5020 J 00000003 00000057 00000003 00000000
 5021 : 00000257 00000003 00000003 00000003
 5022 J 00000004 00000057 00000003 00000000
 5023 : 000002d7 00000003 00000003 00000004
 5024 J 00000006 00000057 00000003 00000000
 5025 : 00000357 00000003 00000003 00000006
 5026 J 00000007 00000057 00000003 00000000
 5027 : 000003d7 00000003 00000003 00000007
 5028 t 00000001 00000057 00000003 00001f40
 5029 J 00000005 00000057 00000003 00000001
 5030 : 00000057 00000003 00000003 00000005
 5031 l 00000000 00000005 00000001 00001f40
 5032 e 00000000 00000005 00000001 00001f40
 5033 f 00000000 00000005 00001f40 00001f40
 5034 l 00000001 00000005 00000001 00001f40
 5035 e 00000001 00000005 00000001 00001f40
 5036 f 00000001 00000005 00001f40 00001f40
 5037 t 00000000 00000058 00000003 00001f40
 5038 J 00000000 00000058 00000003 00000000
 5039 : 000000d8 00000003 00000003 00000000
 5040 J 00000001 00000058 00000003 00000000
 5041 : 00000158 00000003 00000003 00000001
 5042 J 00000002 00000058 00000003 00000000
 5043 : 000001d8 00000003 00000003 00000002
 5044 J 00000003 00000058 00000003 00000000
 5045 : 00000258 00000003 00000003 00000003
 5046 J 00000004 00000058 00000003 00000000
 5047 : 000002d8 00000003 00000003 00000004
 5048 J 00000006 00000058 00000003 00000000
 5049 : 00000358 00000003 00000003 00000006
 5050 J 00000007 00000058 00000003 00000000
 5051 : 000003d8 00000003 00000003 00000007
 5052 t 00000001 00000058 00000003 00001f40
 5053 J 00000005 00000058 00000003 00000001
 5054 : 00000058 00000003 00000003 00000005
 5055 l 00000000 00000005 00000001 00001f40
 5056 e 00000000 00000005 00000001 00001f40
 5057 f 00000000 00000005 00001f40 00001f40
 5058 l 00000001 00000005 00000001 00001f40
 5059 e 00000001 00000005 00000001 00001f40
 5060 f 00000001 00000005 00001f40 00001f40
 5061 t 00000000 00000003 00000003 00001f40
 5062 J 00000000 00000003 00000003 00000000
 5063 : 00000083 00000003 00000003 00000000
 5064 J 00000001 00000003 00000003 00000000
 5065 : 00000103 00000003 00000003 00000001
 5066 J 00000002 00000003 00000003 00000000
 5067 : 00000183 00000003 00000003 00000002
 5068 J 00000003 00000003 00000003 00000000
 5069 : 00000203 00000003 00000003 00000003
 5070 J 00000004 00000003 00000003 00000000
 5071 : 00000283 00000003 00000003 00000004
 5072 J 00000006 00000003 00000003 00000000
 5073 : 00000303 00000003 00000003 00000006
 5074 J 00000007 00000003 00000003 00000000
 5075 : 00000383 00000003 00000003 00000007
 5076 t 00000001 00000003 00000003 00001f40
 5077 J 00000005 00000003 00000003 00000001
 5078 : 00000003 00000003 00000003 00000005
 5079 l 00000000 00000005 00000001 00001f40
 5080 e 00000000 00000005 00000001 00001f40
 5081 f 00000000 00000005 00001f40 00001f40
 5082 l 00000001 00000005 00000001 00001f40
 5083 e 00000001 00000005 00000001 00001f40
 5084 f 00000001 00000005 00001f40 00001f40
 5085 t 00000000 00000056 00000003 00001f40
 5086 J 00000000 00000056 00000003 00000000
 5087 : 000000d6 00000003 00000003 00000000
 5088 J 00000001 00000056 00000003 00000000
 5089 : 00000156 00000003 00000003 00000001
 5090 J 00000002 00000056 00000003 00000000
 5091 : 000001d6 00000003 00000003 00000002
 5092 J 00000003 00000056 00000003 00000000
 5093 : 00000256 00000003 00000003 00000003
 5094 J 00000004 00000056 00000003 00000000
 5095 : 000002d6 00000003 00000003 00000004
 5096 J 00000006 00000056 00000003 00000000
 5097 : 00000356 00000003 00000003 00000006
 5098 J 00000007 00000056 00000003 00000000
 5099 : 000003d6 00000003 00000003 00000007
 5100 t 00000001 00000056 00000003 00001f40
 5101 J 00000005 00000056 00000003 00000001
 5102 : 00000056 00000003 00000003 00000005
 5103 l 00000000 00000005 00000001 00001f40
 5104 e 00000000 00000005 00000001 00001f40
 5105 f 00000000 00000005 00001f40 00001f40
 5106 l 00000001 00000005 00000001 00001f40
 5107 e 00000001 00000005 00000001 00001f40
 5108 f 00000001 00000005 00001f40 00001f40
 5109 t 00000000 00000057 00000003 00001f40
 5110 J 00000000 00000057 00000003 00000000
 5111 : 000000d7 00000003 00000003 00000000
 5112 J 00000001 00000057 00000003 00000000
 5113 : 00000157 00000003 00000003 00000001
 5114 J 00000002 00000057 00000003 00000000
 5115 : 000001d7 00000003 00000003 00000002
 5116 J 00000003 00000057 00000003 00000000
 5117 : 00000257 00000003 00000003 00000003
 5118 J 00000004 00000057 00000003 00000000
 5119 : 000002d7 00000003 00000003 00000004
 5120 J 00000006 00000057 00000003 00000000
 5121 : 00000357 00000003 00000003 00000006
 5122 J 00000007 00000057 00000003 00000000
 5123 : 000003d7 00000003 00000003 00000007
 5124 t 00000001 00000057 00000003 00001f40
 5125 J 00000005 00000057 00000003 00000001
 5126 : 00000057 00000003 00000003 00000005
 5127 l 00000000 00000005 00000001 00001f40
 5128 e 00000000 00000005 00000001 00001f40
 5129 f 00000000 00000005 00001f40 00001f40
 5130 l 00000001 00000005 00000001 00001f40
 5131 e 00000001 00000005 00000001 00001f40
 5132 f 00000001 00000005 00001f40 00001f40
 5133 t 00000000 00000058 00000003 00001f40
 5134 J 00000000 00000058 00000003 00000000
 5135 : 000000d8 00000003 00000003 00000000
 5136 J 00000001 00000058 00000003 00000000
 5137 : 00000158 00000003 00000003 00000001
 5138 J 00000002 00000058 00000003 00000000
 5139 : 000001d8 00000003 00000003 00000002
 5140 J 00000003 00000058 00000003 00000000
 5141 : 00000258 00000003 00000003 00000003
 5142 J 00000004 00000058 00000003 00000000
 5143 : 000002d8 00000003 00000003 00000004
 5144 J 00000006 00000058 00000003 00000000
 5145 : 00000358 00000003 00000003 00000006
 5146 J 00000007 00000058 00000003 00000000
 5147 : 000003d8 00000003 00000003 00000007
 5148 t 00000001 00000058 00000003 00001f40
 5149 J 00000005 00000058 00000003 00000001
 5150 : 00000058 00000003 00000003 00000005
 5151 l 00000000 00000005 00000001 00001f40
 5152 e 00000000 00000005 00000001 00001f40
 5153 f 00000000 00000005 00001f40 00001f40
 5154 l 00000001 00000005 00000001 00001f40
 5155 e 00000001 00000005 00000001 00001f40
 5156 f 00000001 00000005 00001f40 00001f40
 5157 t 00000000 00000000 00000004 00001f40
 5158 J 00000000 00000000 00000004 00000000
 5159 : 00000080 00000004 00000004 00000000
 5160 J 00000001 00000000 00000004 00000000
 5161 : 00000100 00000004 00000004 00000001
 5162 J 00000002 00000000 00000004 00000000
 5163 : 00000180 00000004 00000004 00000002
 5164 J 00000003 00000000 00000004 00000000
 5165 : 00000200 00000004 00000004 00000003
 5166 J 00000004 00000000 00000004 00000000
 5167 : 00000280 00000004 00000004 00000004
 5168 J 00000006 00000000 00000004 00000000
 5169 : 00000300 00000004 00000004 00000006
 5170 J 00000007 00000000 00000004 00000000
 5171 : 00000380 00000004 00000004 00000007
 5172 t 00000001 00000000 00000007 00001f40
 5173 J 00000005 00000000 00000007 00000001
 5174 : 00000000 00000007 00000007 00000005
 5175 l 00000000 00000005 00000001 00001f40
 5176 e 00000000 00000005 00000001 00001f40
 5177 f 00000000 00000005 00001f40 00001f40
 5178 l 00000001 00000005 00000001 00001f40
 5179 e 00000001 00000005 00000001 00001f40
 5180 f 00000001 00000005 00001f40 00001f40
 5181 t 00000000 00000001 00000004 00001f40
 5182 J 00000000 00000001 00000004 00000000
 5183 : 00000081 00000004 00000004 00000000
 5184 J 00000001 00000001 00000004 00000000
 5185 : 00000101 00000004 00000004 00000001
 5186 J 00000002 00000001 00000004 00000000
 5187 : 00000181 00000004 00000004 00000002
 5188 J 00000003 00000001 00000004 00000000
 5189 : 00000201 00000004 00000004 00000003
 5190 J 00000004 00000001 00000004 00000000
 5191 : 00000281 00000004 00000004 00000004
 5192 J 00000006 00000001 00000004 00000000
 5193 : 00000301 00000004 00000004 00000006
 5194 J 00000007 00000001 00000004 00000000
 5195 : 00000381 00000004 00000004 00000007
 5196 t 00000001 00000001 00000007 00001f40
 5197 J 00000005 00000001 00000007 00000001
 5198 : 00000001 00000007 00000007 00000005
 5199 l 00000000 00000005 00000001 00001f40
 5200 e 00000000 00000005 00000001 00001f40
 5201 f 00000000 00000005 00001f40 00001f40
 5202 l 00000001 00000005 00000001 00001f40
 5203 e 00000001 00000005 00000001 00001f40
 5204 f 00000001 00000005 00001f40 00001f40
 5205 t 00000000 00000002 00000004 00001f40
 5206 J 00000000 00000002 00000004 00000000
 5207 : 00000082 00000004 00000004 00000000
 5208 J 00000001 00000002 00000004 00000000
 5209 : 00000102 00000004 00000004 00000001
 5210 J 00000002 00000002 00000004 00000000
 5211 : 00000182 00000004 00000004 00000002
 5212 J 00000003 00000002 00000004 00000000
 5213 : 00000202 00000004 00000004 00000003
 5214 J 00000004 00000002 00000004 00000000
 5215 : 00000282 00000004 00000004 00000004
 5216 J 00000006 00000002 00000004 00000000
 5217 : 00000302 00000004 00000004 00000006
 5218 J 00000007 00000002 00000004 00000000
 5219 : 00000382 00000004 00000004 00000007
 5220 t 00000001 00000002 00000007 00001f40
 5221 J 00000005 00000002 00000007 00000001
 5222 : 00000002 00000007 00000007 00000005
 5223 l 00000000 00000005 00000001 00001f40
 5224 e 00000000 00000005 00000001 00001f40
 5225 f 00000000 00000005 00001f40 00001f40
 5226 l 00000001 00000005 00000001 00001f40
 5227 e 00000001 00000005 00000001 00001f40
 5228 f 00000001 00000005 00001f40 00001f40
 5229 t 00000000 00000004 00000004 00001f40
 5230 J 00000000 00000004 00000004 00000000
 5231 : 00000084 00000004 00000004 00000000
 5232 J 00000001 00000004 00000004 00000000
 5233 : 00000104 00000004 00000004 00000001
 5234 J 00000002 00000004 00000004 00000000
 5235 : 00000184 00000004 00000004 00000002
 5236 J 00000003 00000004 00000004 00000000
 5237 : 00000204 00000004 00000004 00000003
 5238 J 00000004 00000004 00000004 00000000
 5239 : 00000284 00000004 00000004 00000004
 5240 J 00000006 00000004 00000004 00000000
 5241 : 00000304 00000004 00000004 00000006
 5242 J 00000007 00000004 00000004 00000000
 5243 : 00000384 00000004 00000004 00000007
 5244 t 00000001 00000004 00000004 00001f40
 5245 J 00000005 00000004 00000004 00000001
 5246 : 00000004 00000004 00000004 00000005
 5247 l 00000000 00000005 00000001 00001f40
 5248 e 00000000 00000005 00000001 00001f40
 5249 f 00000000 00000005 00001f40 00001f40
 5250 l 00000001 00000005 00000001 00001f40
 5251 e 00000001 00000005 00000001 00001f40
 5252 f 00000001 00000005 00001f40 00001f40
 5253 t 00000000 00000008 00000004 00001f40
 5254 J 00000000 00000008 00000004 00000000
 5255 : 00000088 00000004 00000004 00000000
 5256 J 00000001 00000008 00000004 00000000
 5257 : 00000108 00000004 00000004 00000001
 5258 J 00000002 00000008 00000004 00000000
 5259 : 00000188 00000004 00000004 00000002
 5260 J 00000003 00000008 00000004 00000000
 5261 : 00000208 00000004 00000004 00000003
 5262 J 00000004 00000008 00000004 00000000
 5263 : 00000288 00000004 00000004 00000004
 5264 J 00000006 00000008 00000004 00000000
 5265 : 00000308 00000004 00000004 00000006
 5266 J 00000007 00000008 00000004 00000000
 5267 : 00000388 00000004 00000004 00000007
 5268 t 00000001 00000008 00000004 00001f40
 5269 J 00000005 00000008 00000004 00000001
 5270 : 00000008 00000004 00000004 00000005
 5271 l 00000000 00000005 00000001 00001f40
 5272 e 00000000 00000005 00000001 00001f40
 5273 f 00000000 00000005 00001f40 00001f40
 5274 l 00000001 00000005 00000001 00001f40
 5275 e 00000001 00000005 00000001 00001f40
 5276 f 00000001 00000005 00001f40 00001f40
 5277 t 00000000 00000009 00000004 00001f40
 5278 J 00000000 00000009 00000004 00000000
 5279 : 00000089 00000004 00000004 00000000
 5280 J 00000001 00000009 00000004 00000000
 5281 : 00000109 00000004 00000004 00000001
 5282 J 00000002 00000009 00000004 00000000
 5283 : 00000189 00000004 00000004 00000002
 5284 J 00000003 00000009 00000004 00000000
 5285 : 00000209 00000004 00000004 00000003
 5286 J 00000004 00000009 00000004 00000000
 5287 : 00000289 00000004 00000004 00000004
 5288 J 00000006 00000009 00000004 00000000
 5289 : 00000309 00000004 00000004 00000006
 5290 J 00000007 00000009 00000004 00000000
 5291 : 00000389 00000004 00000004 00000007
 5292 t 00000001 00000009 00000004 00001f40
 5293 J 00000005 00000009 00000004 00000001
 5294 : 00000009 00000004 00000004 00000005
 5295 l 00000000 00000005 00000001 00001f40
 5296 e 00000000 00000005 00000001 00001f40
 5297 f 00000000 00000005 00001f40 00001f40
 5298 l 00000001 00000005 00000001 00001f40
 5299 e 00000001 00000005 00000001 00001f40
 5300 f 00000001 00000005 00001f40 00001f40
 5301 t 00000000 0000000a 00000004 00001f40
 5302 J 00000000 0000000a 00000004 00000000
 5303 : 0000008a 00000004 00000004 00000000
 5304 J 00000001 0000000a 00000004 00000000
 5305 : 0000010a 00000004 00000004 00000001
 5306 J 00000002 0000000a 00000004 00000000
 5307 : 0000018a 00000004 00000004 00000002
 5308 J 00000003 0000000a 00000004 00000000
 5309 : 0000020a 00000004 00000004 00000003
 5310 J 00000004 0000000a 00000004 00000000
 5311 : 0000028a 00000004 00000004 00000004
 5312 J 00000006 0000000a 00000004 00000000
 5313 : 0000030a 00000004 00000004 00000006
 5314 J 00000007 0000000a 00000004 00000000
 5315 : 0000038a 00000004 00000004 00000007
 5316 t 00000001 0000000a 00000004 00001f40
 5317 J 00000005 0000000a 00000004 00000001
 5318 : 0000000a 00000004 00000004 00000005
 5319 l 00000000 00000005 00000001 00001f40
 5320 e 00000000 00000005 00000001 00001f40
 5321 f 00000000 00000005 00001f40 00001f40
 5322 l 00000001 00000005 00000001 00001f40
 5323 e 00000001 00000005 00000001 00001f40
 5324 f 00000001 00000005 00001f40 00001f40
 5325 t 00000000 0000000b 00000004 00001f40
 5326 J 00000000 0000000b 00000004 00000000
 5327 : 0000008b 00000004 00000004 00000000
 5328 J 00000001 0000000b 00000004 00000000
 5329 : 0000010b 00000004 00000004 00000001
 5330 J 00000002 0000000b 00000004 00000000
 5331 : 0000018b 00000004 00000004 00000002
 5332 J 00000003 0000000b 00000004 00000000
 5333 : 0000020b 00000004 00000004 00000003
 5334 J 00000004 0000000b 00000004 00000000
 5335 : 0000028b 00000004 00000004 00000004
 5336 J 00000006 0000000b 00000004 00000000
 5337 : 0000030b 00000004 00000004 00000006
 5338 J 00000007 0000000b 00000004 00000000
 5339 : 0000038b 00000004 00000004 00000007
 5340 t 00000001 0000000b 00000004 00001f40
 5341 J 00000005 0000000b 00000004 00000001
 5342 : 0000000b 00000004 00000004 00000005
 5343 l 00000000 00000005 00000001 00001f40
 5344 e 00000000 00000005 00000001 00001f40
 5345 f 00000000 00000005 00001f40 00001f40
 5346 l 00000001 00000005 00000001 00001f40
 5347 e 00000001 00000005 00000001 00001f40
 5348 f 00000001 00000005 00001f40 00001f40
 5349 t 00000000 0000000c 00000004 00001f40
 5350 J 00000000 0000000c 00000004 00000000
 5351 : 0000008c 00000004 00000004 00000000
 5352 J 00000001 0000000c 00000004 00000000
 5353 : 0000010c 00000004 00000004 00000001
 5354 J 00000002 0000000c 00000004 00000000
 5355 : 0000018c 00000004 00000004 00000002
 5356 J 00000003 0000000c 00000004 00000000
 5357 : 0000020c 00000004 00000004 00000003
 5358 J 00000004 0000000c 00000004 00000000
 5359 : 0000028c 00000004 00000004 00000004
 5360 J 00000006 0000000c 00000004 00000000
 5361 : 0000030c 00000004 00000004 00000006
 5362 J 00000007 0000000c 00000004 00000000
 5363 : 0000038c 00000004 00000004 00000007
 5364 t 00000001 0000000c 00000004 00001f40
 5365 J 00000005 0000000c 00000004 00000001
 5366 : 0000000c 00000004 00000004 00000005
 5367 l 00000000 00000005 00000001 00001f40
 5368 e 00000000 00000005 00000001 00001f40
 5369 f 00000000 00000005 00001f40 00001f40
 5370 l 00000001 00000005 00000001 00001f40
 5371 e 00000001 00000005 00000001 00001f40
 5372 f 00000001 00000005 00001f40 00001f40
 5373 t 00000000 00000010 00000004 00001f40
 5374 J 00000000 00000010 00000004 00000000
 5375 : 00000090 00000004 00000004 00000000
 5376 J 00000001 00000010 00000004 00000000
 5377 : 00000110 00000004 00000004 00000001
 5378 J 00000002 00000010 00000004 00000000
 5379 : 00000190 00000004 00000004 00000002
 5380 J 00000003 00000010 00000004 00000000
 5381 : 00000210 00000004 00000004 00000003
 5382 J 00000004 00000010 00000004 00000000
 5383 : 00000290 00000004 00000004 00000004
 5384 J 00000006 00000010 00000004 00000000
 5385 : 00000310 00000004 00000004 00000006
 5386 J 00000007 00000010 00000004 00000000
 5387 : 00000390 00000004 00000004 00000007
 5388 t 00000001 00000010 00000004 00001f40
 5389 J 00000005 00000010 00000004 00000001
 5390 : 00000010 00000004 00000004 00000005
 5391 l 00000000 00000005 00000001 00001f40
 5392 e 00000000 00000005 00000001 00001f40
 5393 f 00000000 00000005 00001f40 00001f40
 5394 l 00000001 00000005 00000001 00001f40
 5395 e 00000001 00000005 00000001 00001f40
 5396 f 00000001 00000005 00001f40 00001f40
 5397 t 00000000 00000011 00000005 00001f40
 5398 J 00000000 00000011 00000005 00000000
 5399 : 00000091 00000005 00000005 00000000
 5400 J 00000001 00000011 00000005 00000000
 5401 : 00000111 00000005 00000005 00000001
 5402 J 00000002 00000011 00000005 00000000
 5403 : 00000191 00000005 00000005 00000002
 5404 J 00000003 00000011 00000005 00000000
 5405 : 00000211 00000005 00000005 00000003
 5406 J 00000004 00000011 00000005 00000000
 5407 : 00000291 00000005 00000005 00000004
 5408 J 00000006 00000011 00000005 00000000
 5409 : 00000311 00000005 00000005 00000006
 5410 J 00000007 00000011 00000005 00000000
 5411 : 00000391 00000005 00000005 00000007
 5412 t 00000001 00000011 00000005 00001f40
 5413 J 00000005 00000011 00000005 00000001
 5414 : 00000011 00000005 00000005 00000005
 5415 l 00000000 00000005 00000001 00001f40
 5416 e 00000000 00000005 00000001 00001f40
 5417 f 00000000 00000005 00001f40 00001f40
 5418 l 00000001 00000005 00000001 00001f40
 5419 e 00000001 00000005 00000001 00001f40
 5420 f 00000001 00000005 00001f40 00001f40
 5421 t 00000000 00000012 00000004 00001f40
 5422 J 00000000 00000012 00000004 00000000
 5423 : 00000092 00000004 00000004 00000000
 5424 J 00000001 00000012 00000004 00000000
 5425 : 00000112 00000004 00000004 00000001
 5426 J 00000002 00000012 00000004 00000000
 5427 : 00000192 00000004 00000004 00000002
 5428 J 00000003 00000012 00000004 00000000
 5429 : 00000212 00000004 00000004 00000003
 5430 J 00000004 00000012 00000004 00000000
 5431 : 00000292 00000004 00000004 00000004
 5432 J 00000006 00000012 00000004 00000000
 5433 : 00000312 00000004 00000004 00000006
 5434 J 00000007 00000012 00000004 00000000
 5435 : 00000392 00000004 00000004 00000007
 5436 t 00000001 00000012 00000004 00001f40
 5437 J 00000005 00000012 00000004 00000001
 5438 : 00000012 00000004 00000004 00000005
 5439 l 00000000 00000005 00000001 00001f40
 5440 e 00000000 00000005 00000001 00001f40
 5441 f 00000000 00000005 00001f40 00001f40
 5442 l 00000001 00000005 00000001 00001f40
 5443 e 00000001 00000005 00000001 00001f40
 5444 f 00000001 00000005 00001f40 00001f40
 5445 t 00000000 00000013 00000004 00001f40
 5446 J 00000000 00000013 00000004 00000000
 5447 : 00000093 00000004 00000004 00000000
 5448 J 00000001 00000013 00000004 00000000
 5449 : 00000113 00000004 00000004 00000001
 5450 J 00000002 00000013 00000004 00000000
 5451 : 00000193 00000004 00000004 00000002
 5452 J 00000003 00000013 00000004 00000000
 5453 : 00000213 00000004 00000004 00000003
 5454 J 00000004 00000013 00000004 00000000
 5455 : 00000293 00000004 00000004 00000004
 5456 J 00000006 00000013 00000004 00000000
 5457 : 00000313 00000004 00000004 00000006
 5458 J 00000007 00000013 00000004 00000000
 5459 : 00000393 00000004 00000004 00000007
 5460 t 00000001 00000013 00000004 00001f40
 5461 J 00000005 00000013 00000004 00000001
 5462 : 00000013 00000004 00000004 00000005
 5463 l 00000000 00000005 00000001 00001f40
 5464 e 00000000 00000005 00000001 00001f40
 5465 f 00000000 00000005 00001f40 00001f40
 5466 l 00000001 00000005 00000001 00001f40
 5467 e 00000001 00000005 00000001 00001f40
 5468 f 00000001 00000005 00001f40 00001f40
 5469 t 00000000 00000014 00000004 00001f40
 5470 J 00000000 00000014 00000004 00000000
 5471 : 00000094 00000004 00000004 00000000
 5472 J 00000001 00000014 00000004 00000000
 5473 : 00000114 00000004 00000004 00000001
 5474 J 00000002 00000014 00000004 00000000
 5475 : 00000194 00000004 00000004 00000002
 5476 J 00000003 00000014 00000004 00000000
 5477 : 00000214 00000004 00000004 00000003
 5478 J 00000004 00000014 00000004 00000000
 5479 : 00000294 00000004 00000004 00000004
 5480 J 00000006 00000014 00000004 00000000
 5481 : 00000314 00000004 00000004 00000006
 5482 J 00000007 00000014 00000004 00000000
 5483 : 00000394 00000004 00000004 00000007
 5484 t 00000001 00000014 00000004 00001f40
 5485 J 00000005 00000014 00000004 00000001
 5486 : 00000014 00000004 00000004 00000005
 5487 l 00000000 00000005 00000001 00001f40
 5488 e 00000000 00000005 00000001 00001f40
 5489 f 00000000 00000005 00001f40 00001f40
 5490 l 00000001 00000005 00000001 00001f40
 5491 e 00000001 00000005 00000001 00001f40
 5492 f 00000001 00000005 00001f40 00001f40
 5493 t 00000000 00000015 00000004 00001f40
 5494 J 00000000 00000015 00000004 00000000
 5495 : 00000095 00000004 00000004 00000000
 5496 J 00000001 00000015 00000004 00000000
 5497 : 00000115 00000004 00000004 00000001
 5498 J 00000002 00000015 00000004 00000000
 5499 : 00000195 00000004 00000004 00000002
 5500 J 00000003 00000015 00000004 00000000
 5501 : 00000215 00000004 00000004 00000003
 5502 J 00000004 00000015 00000004 00000000
 5503 : 00000295 00000004 00000004 00000004
 5504 J 00000006 00000015 00000004 00000000
 5505 : 00000315 00000004 00000004 00000006
 5506 J 00000007 00000015 00000004 00000000
 5507 : 00000395 00000004 00000004 00000007
 5508 t 00000001 00000015 00000004 00001f40
 5509 J 00000005 00000015 00000004 00000001
 5510 : 00000015 00000004 00000004 00000005
 5511 l 00000000 00000005 00000001 00001f40
 5512 e 00000000 00000005 00000001 00001f40
 5513 f 00000000 00000005 00001f40 00001f40
 5514 l 00000001 00000005 00000001 00001f40
 5515 e 00000001 00000005 00000001 00001f40
 5516 f 00000001 00000005 00001f40 00001f40
 5517 t 00000000 00000016 00000004 00001f40
 5518 J 00000000 00000016 00000004 00000000
 5519 : 00000096 00000004 00000004 00000000
 5520 J 00000001 00000016 00000004 00000000
 5521 : 00000116 00000004 00000004 00000001
 5522 J 00000002 00000016 00000004 00000000
 5523 : 00000196 00000004 00000004 00000002
 5524 J 00000003 00000016 00000004 00000000
 5525 : 00000216 00000004 00000004 00000003
 5526 J 00000004 00000016 00000004 00000000
 5527 : 00000296 00000004 00000004 00000004
 5528 J 00000006 00000016 00000004 00000000
 5529 : 00000316 00000004 00000004 00000006
 5530 J 00000007 00000016 00000004 00000000
 5531 : 00000396 00000004 00000004 00000007
 5532 t 00000001 00000016 00000004 00001f40
 5533 J 00000005 00000016 00000004 00000001
 5534 : 00000016 00000004 00000004 00000005
 5535 l 00000000 00000005 00000001 00001f40
 5536 e 00000000 00000005 00000001 00001f40
 5537 f 00000000 00000005 00001f40 00001f40
 5538 l 00000001 00000005 00000001 00001f40
 5539 e 00000001 00000005 00000001 00001f40
 5540 f 00000001 00000005 00001f40 00001f40
 5541 t 00000000 0000001b 00000004 00001f40
 5542 J 00000000 0000001b 00000004 00000000
 5543 : 0000009b 00000004 00000004 00000000
 5544 J 00000001 0000001b 00000004 00000000
 5545 : 0000011b 00000004 00000004 00000001
 5546 J 00000002 0000001b 00000004 00000000
 5547 : 0000019b 00000004 00000004 00000002
 5548 J 00000003 0000001b 00000004 00000000
 5549 : 0000021b 00000004 00000004 00000003
 5550 J 00000004 0000001b 00000004 00000000
 5551 : 0000029b 00000004 00000004 00000004
 5552 J 00000006 0000001b 00000004 00000000
 5553 : 0000031b 00000004 00000004 00000006
 5554 J 00000007 0000001b 00000004 00000000
 5555 : 0000039b 00000004 00000004 00000007
 5556 t 00000001 0000001b 00000004 00001f40
 5557 J 00000005 0000001b 00000004 00000001
 5558 : 0000001b 00000004 00000004 00000005
 5559 l 00000000 00000005 00000001 00001f40
 5560 e 00000000 00000005 00000001 00001f40
 5561 f 00000000 00000005 00001f40 00001f40
 5562 l 00000001 00000005 00000001 00001f40
 5563 e 00000001 00000005 00000001 00001f40
 5564 f 00000001 00000005 00001f40 00001f40
 5565 t 00000000 0000001c 00000004 00001f40
 5566 J 00000000 0000001c 00000004 00000000
 5567 : 0000009c 00000004 00000004 00000000
 5568 J 00000001 0000001c 00000004 00000000
 5569 : 0000011c 00000004 00000004 00000001
 5570 J 00000002 0000001c 00000004 00000000
 5571 : 0000019c 00000004 00000004 00000002
 5572 J 00000003 0000001c 00000004 00000000
 5573 : 0000021c 00000004 00000004 00000003
 5574 J 00000004 0000001c 00000004 00000000
 5575 : 0000029c 00000004 00000004 00000004
 5576 J 00000006 0000001c 00000004 00000000
 5577 : 0000031c 00000004 00000004 00000006
 5578 J 00000007 0000001c 00000004 00000000
 5579 : 0000039c 00000004 00000004 00000007
 5580 t 00000001 0000001c 00000004 00001f40
 5581 J 00000005 0000001c 00000004 00000001
 5582 : 0000001c 00000004 00000004 00000005
 5583 l 00000000 00000005 00000001 00001f40
 5584 e 00000000 00000005 00000001 00001f40
 5585 f 00000000 00000005 00001f40 00001f40
 5586 l 00000001 00000005 00000001 00001f40
 5587 e 00000001 00000005 00000001 00001f40
 5588 f 00000001 00000005 00001f40 00001f40
 5589 t 00000000 0000001d 00000005 00001f40
 5590 J 00000000 0000001d 00000005 00000000
 5591 : 0000009d 00000005 00000005 00000000
 5592 J 00000001 0000001d 00000005 00000000
 5593 : 0000011d 00000005 00000005 00000001
 5594 J 00000002 0000001d 00000005 00000000
 5595 : 0000019d 00000005 00000005 00000002
 5596 J 00000003 0000001d 00000005 00000000
 5597 : 0000021d 00000005 00000005 00000003
 5598 J 00000004 0000001d 00000005 00000000
 5599 : 0000029d 00000005 00000005 00000004
 5600 J 00000006 0000001d 00000005 00000000
 5601 : 0000031d 00000005 00000005 00000006
 5602 J 00000007 0000001d 00000005 00000000
 5603 : 0000039d 00000005 00000005 00000007
 5604 t 00000001 0000001d 00000005 00001f40
 5605 J 00000005 0000001d 00000005 00000001
 5606 : 0000001d 00000005 00000005 00000005
 5607 l 00000000 00000005 00000001 00001f40
 5608 e 00000000 00000005 00000001 00001f40
 5609 f 00000000 00000005 00001f40 00001f40
 5610 l 00000001 00000005 00000001 00001f40
 5611 e 00000001 00000005 00000001 00001f40
 5612 f 00000001 00000005 00001f40 00001f40
 5613 t 00000000 0000001e 00000004 00001f40
 5614 J 00000000 0000001e 00000004 00000000
 5615 : 0000009e 00000004 00000004 00000000
 5616 J 00000001 0000001e 00000004 00000000
 5617 : 0000011e 00000004 00000004 00000001
 5618 J 00000002 0000001e 00000004 00000000
 5619 : 0000019e 00000004 00000004 00000002
 5620 J 00000003 0000001e 00000004 00000000
 5621 : 0000021e 00000004 00000004 00000003
 5622 J 00000004 0000001e 00000004 00000000
 5623 : 0000029e 00000004 00000004 00000004
 5624 J 00000006 0000001e 00000004 00000000
 5625 : 0000031e 00000004 00000004 00000006
 5626 J 00000007 0000001e 00000004 00000000
 5627 : 0000039e 00000004 00000004 00000007
 5628 t 00000001 0000001e 00000004 00001f40
 5629 J 00000005 0000001e 00000004 00000001
 5630 : 0000001e 00000004 00000004 00000005
 5631 l 00000000 00000005 00000001 00001f40
 5632 e 00000000 00000005 00000001 00001f40
 5633 f 00000000 00000005 00001f40 00001f40
 5634 l 00000001 00000005 00000001 00001f40
 5635 e 00000001 00000005 00000001 00001f40
 5636 f 00000001 00000005 00001f40 00001f40
 5637 t 00000000 0000001f 00000005 00001f40
 5638 J 00000000 0000001f 00000005 00000000
 5639 : 0000009f 00000005 00000005 00000000
 5640 J 00000001 0000001f 00000005 00000000
 5641 : 0000011f 00000005 00000005 00000001
 5642 J 00000002 0000001f 00000005 00000000
 5643 : 0000019f 00000005 00000005 00000002
 5644 J 00000003 0000001f 00000005 00000000
 5645 : 0000021f 00000005 00000005 00000003
 5646 J 00000004 0000001f 00000005 00000000
 5647 : 0000029f 00000005 00000005 00000004
 5648 J 00000006 0000001f 00000005 00000000
 5649 : 0000031f 00000005 00000005 00000006
 5650 J 00000007 0000001f 00000005 00000000
 5651 : 0000039f 00000005 00000005 00000007
 5652 t 00000001 0000001f 00000005 00001f40
 5653 J 00000005 0000001f 00000005 00000001
 5654 : 0000001f 00000005 00000005 00000005
 5655 l 00000000 00000005 00000001 00001f40
 5656 e 00000000 00000005 00000001 00001f40
 5657 f 00000000 00000005 00001f40 00001f40
 5658 l 00000001 00000005 00000001 00001f40
 5659 e 00000001 00000005 00000001 00001f40
 5660 f 00000001 00000005 00001f40 00001f40
 5661 t 00000000 00000020 00000005 00001f40
 5662 J 00000000 00000020 00000005 00000000
 5663 : 000000a0 00000005 00000005 00000000
 5664 J 00000001 00000020 00000005 00000000
 5665 : 00000120 00000005 00000005 00000001
 5666 J 00000002 00000020 00000005 00000000
 5667 : 000001a0 00000005 00000005 00000002
 5668 J 00000003 00000020 00000005 00000000
 5669 : 00000220 00000005 00000005 00000003
 5670 J 00000004 00000020 00000005 00000000
 5671 : 000002a0 00000005 00000005 00000004
 5672 J 00000006 00000020 00000005 00000000
 5673 : 00000320 00000005 00000005 00000006
 5674 J 00000007 00000020 00000005 00000000
 5675 : 000003a0 00000005 00000005 00000007
 5676 t 00000001 00000020 00000005 00001f40
 5677 J 00000005 00000020 00000005 00000001
 5678 : 00000020 00000005 00000005 00000005
 5679 l 00000000 00000005 00000001 00001f40
 5680 e 00000000 00000005 00000001 00001f40
 5681 f 00000000 00000005 00001f40 00001f40
 5682 l 00000001 00000005 00000001 00001f40
 5683 e 00000001 00000005 00000001 00001f40
 5684 f 00000001 00000005 00001f40 00001f40
 5685 t 00000000 00000021 00000004 00001f40
 5686 J 00000000 00000021 00000004 00000000
 5687 : 000000a1 00000004 00000004 00000000
 5688 J 00000001 00000021 00000004 00000000
 5689 : 00000121 00000004 00000004 00000001
 5690 J 00000002 00000021 00000004 00000000
 5691 : 000001a1 00000004 00000004 00000002
 5692 J 00000003 00000021 00000004 00000000
 5693 : 00000221 00000004 00000004 00000003
 5694 J 00000004 00000021 00000004 00000000
 5695 : 000002a1 00000004 00000004 00000004
 5696 J 00000006 00000021 00000004 00000000
 5697 : 00000321 00000004 00000004 00000006
 5698 J 00000007 00000021 00000004 00000000
 5699 : 000003a1 00000004 00000004 00000007
 5700 t 00000001 00000021 00000004 00001f40
 5701 J 00000005 00000021 00000004 00000001
 5702 : 00000021 00000004 00000004 00000005
 5703 l 00000000 00000005 00000001 00001f40
 5704 e 00000000 00000005 00000001 00001f40
 5705 f 00000000 00000005 00001f40 00001f40
 5706 l 00000001 00000005 00000001 00001f40
 5707 e 00000001 00000005 00000001 00001f40
 5708 f 00000001 00000005 00001f40 00001f40
 5709 t 00000000 00000022 00000004 00001f40
 5710 J 00000000 00000022 00000004 00000000
 5711 : 000000a2 00000004 00000004 00000000
 5712 J 00000001 00000022 00000004 00000000
 5713 : 00000122 00000004 00000004 00000001
 5714 J 00000002 00000022 00000004 00000000
 5715 : 000001a2 00000004 00000004 00000002
 5716 J 00000003 00000022 00000004 00000000
 5717 : 00000222 00000004 00000004 00000003
 5718 J 00000004 00000022 00000004 00000000
 5719 : 000002a2 00000004 00000004 00000004
 5720 J 00000006 00000022 00000004 00000000
 5721 : 00000322 00000004 00000004 00000006
 5722 J 00000007 00000022 00000004 00000000
 5723 : 000003a2 00000004 00000004 00000007
 5724 t 00000001 00000022 00000004 00001f40
 5725 J 00000005 00000022 00000004 00000001
 5726 : 00000022 00000004 00000004 00000005
 5727 l 00000000 00000005 00000001 00001f40
 5728 e 00000000 00000005 00000001 00001f40
 5729 f 00000000 00000005 00001f40 00001f40
 5730 l 00000001 00000005 00000001 00001f40
 5731 e 00000001 00000005 00000001 00001f40
 5732 f 00000001 00000005 00001f40 00001f40
 5733 t 00000000 00000023 00000004 00001f40
 5734 J 00000000 00000023 00000004 00000000
 5735 : 000000a3 00000004 00000004 00000000
 5736 J 00000001 00000023 00000004 00000000
 5737 : 00000123 00000004 00000004 00000001
 5738 J 00000002 00000023 00000004 00000000
 5739 : 000001a3 00000004 00000004 00000002
 5740 J 00000003 00000023 00000004 00000000
 5741 : 00000223 00000004 00000004 00000003
 5742 J 00000004 00000023 00000004 00000000
 5743 : 000002a3 00000004 00000004 00000004
 5744 J 00000006 00000023 00000004 00000000
 5745 : 00000323 00000004 00000004 00000006
 5746 J 00000007 00000023 00000004 00000000
 5747 : 000003a3 00000004 00000004 00000007
 5748 t 00000001 00000023 00000004 00001f40
 5749 J 00000005 00000023 00000004 00000001
 5750 : 00000023 00000004 00000004 00000005
 5751 l 00000000 00000005 00000001 00001f40
 5752 e 00000000 00000005 00000001 00001f40
 5753 f 00000000 00000005 00001f40 00001f40
 5754 l 00000001 00000005 00000001 00001f40
 5755 e 00000001 00000005 00000001 00001f40
 5756 f 00000001 00000005 00001f40 00001f40
 5757 t 00000000 00000024 00000004 00001f40
 5758 J 00000000 00000024 00000004 00000000
 5759 : 000000a4 00000004 00000004 00000000
 5760 J 00000001 00000024 00000004 00000000
 5761 : 00000124 00000004 00000004 00000001
 5762 J 00000002 00000024 00000004 00000000
 5763 : 000001a4 00000004 00000004 00000002
 5764 J 00000003 00000024 00000004 00000000
 5765 : 00000224 00000004 00000004 00000003
 5766 J 00000004 00000024 00000004 00000000
 5767 : 000002a4 00000004 00000004 00000004
 5768 J 00000006 00000024 00000004 00000000
 5769 : 00000324 00000004 00000004 00000006
 5770 J 00000007 00000024 00000004 00000000
 5771 : 000003a4 00000004 00000004 00000007
 5772 t 00000001 00000024 00000004 00001f40
 5773 J 00000005 00000024 00000004 00000001
 5774 : 00000024 00000004 00000004 00000005
 5775 l 00000000 00000005 00000001 00001f40
 5776 e 00000000 00000005 00000001 00001f40
 5777 f 00000000 00000005 00001f40 00001f40
 5778 l 00000001 00000005 00000001 00001f40
 5779 e 00000001 00000005 00000001 00001f40
 5780 f 00000001 00000005 00001f40 00001f40
 5781 t 00000000 00000025 00000004 00001f40
 5782 J 00000000 00000025 00000004 00000000
 5783 : 000000a5 00000004 00000004 00000000
 5784 J 00000001 00000025 00000004 00000000
 5785 : 00000125 00000004 00000004 00000001
 5786 J 00000002 00000025 00000004 00000000
 5787 : 000001a5 00000004 00000004 00000002
 5788 J 00000003 00000025 00000004 00000000
 5789 : 00000225 00000004 00000004 00000003
 5790 J 00000004 00000025 00000004 00000000
 5791 : 000002a5 00000004 00000004 00000004
 5792 J 00000006 00000025 00000004 00000000
 5793 : 00000325 00000004 00000004 00000006
 5794 J 00000007 00000025 00000004 00000000
 5795 : 000003a5 00000004 00000004 00000007
 5796 t 00000001 00000025 00000004 00001f40
 5797 J 00000005 00000025 00000004 00000001
 5798 : 00000025 00000004 00000004 00000005
 5799 l 00000000 00000005 00000001 00001f40
 5800 e 00000000 00000005 00000001 00001f40
 5801 f 00000000 00000005 00001f40 00001f40
 5802 l 00000001 00000005 00000001 00001f40
 5803 e 00000001 00000005 00000001 00001f40
 5804 f 00000001 00000005 00001f40 00001f40
 5805 t 00000000 00000026 00000004 00001f40
 5806 J 00000000 00000026 00000004 00000000
 5807 : 000000a6 00000004 00000004 00000000
 5808 J 00000001 00000026 00000004 00000000
 5809 : 00000126 00000004 00000004 00000001
 5810 J 00000002 00000026 00000004 00000000
 5811 : 000001a6 00000004 00000004 00000002
 5812 J 00000003 00000026 00000004 00000000
 5813 : 00000226 00000004 00000004 00000003
 5814 J 00000004 00000026 00000004 00000000
 5815 : 000002a6 00000004 00000004 00000004
 5816 J 00000006 00000026 00000004 00000000
 5817 : 00000326 00000004 00000004 00000006
 5818 J 00000007 00000026 00000004 00000000
 5819 : 000003a6 00000004 00000004 00000007
 5820 t 00000001 00000026 00000004 00001f40
 5821 J 00000005 00000026 00000004 00000001
 5822 : 00000026 00000004 00000004 00000005
 5823 l 00000000 00000005 00000001 00001f40
 5824 e 00000000 00000005 00000001 00001f40
 5825 f 00000000 00000005 00001f40 00001f40
 5826 l 00000001 00000005 00000001 00001f40
 5827 e 00000001 00000005 00000001 00001f40
 5828 f 00000001 00000005 00001f40 00001f40
 5829 t 00000000 00000027 00000004 00001f40
 5830 J 00000000 00000027 00000004 00000000
 5831 : 000000a7 00000004 00000004 00000000
 5832 J 00000001 00000027 00000004 00000000
 5833 : 00000127 00000004 00000004 00000001
 5834 J 00000002 00000027 00000004 00000000
 5835 : 000001a7 00000004 00000004 00000002
 5836 J 00000003 00000027 00000004 00000000
 5837 : 00000227 00000004 00000004 00000003
 5838 J 00000004 00000027 00000004 00000000
 5839 : 000002a7 00000004 00000004 00000004
 5840 J 00000006 00000027 00000004 00000000
 5841 : 00000327 00000004 00000004 00000006
 5842 J 00000007 00000027 00000004 00000000
 5843 : 000003a7 00000004 00000004 00000007
 5844 t 00000001 00000027 00000004 00001f40
 5845 J 00000005 00000027 00000004 00000001
 5846 : 00000027 00000004 00000004 00000005
 5847 l 00000000 00000005 00000001 00001f40
 5848 e 00000000 00000005 00000001 00001f40
 5849 f 00000000 00000005 00001f40 00001f40
 5850 l 00000001 00000005 00000001 00001f40
 5851 e 00000001 00000005 00000001 00001f40
 5852 f 00000001 00000005 00001f40 00001f40
 5853 t 00000000 00000028 00000004 00001f40
 5854 J 00000000 00000028 00000004 00000000
 5855 : 000000a8 00000004 00000004 00000000
 5856 J 00000001 00000028 00000004 00000000
 5857 : 00000128 00000004 00000004 00000001
 5858 J 00000002 00000028 00000004 00000000
 5859 : 000001a8 00000004 00000004 00000002
 5860 J 00000003 00000028 00000004 00000000
 5861 : 00000228 00000004 00000004 00000003
 5862 J 00000004 00000028 00000004 00000000
 5863 : 000002a8 00000004 00000004 00000004
 5864 J 00000006 00000028 00000004 00000000
 5865 : 00000328 00000004 00000004 00000006
 5866 J 00000007 00000028 00000004 00000000
 5867 : 000003a8 00000004 00000004 00000007
 5868 t 00000001 00000028 00000004 00001f40
 5869 J 00000005 00000028 00000004 00000001
 5870 : 00000028 00000004 00000004 00000005
 5871 l 00000000 00000005 00000001 00001f40
 5872 e 00000000 00000005 00000001 00001f40
 5873 f 00000000 00000005 00001f40 00001f40
 5874 l 00000001 00000005 00000001 00001f40
 5875 e 00000001 00000005 00000001 00001f40
 5876 f 00000001 00000005 00001f40 00001f40
 5877 t 00000000 00000029 00000004 00001f40
 5878 J 00000000 00000029 00000004 00000000
 5879 : 000000a9 00000004 00000004 00000000
 5880 J 00000001 00000029 00000004 00000000
 5881 : 00000129 00000004 00000004 00000001
 5882 J 00000002 00000029 00000004 00000000
 5883 : 000001a9 00000004 00000004 00000002
 5884 J 00000003 00000029 00000004 00000000
 5885 : 00000229 00000004 00000004 00000003
 5886 J 00000004 00000029 00000004 00000000
 5887 : 000002a9 00000004 00000004 00000004
 5888 J 00000006 00000029 00000004 00000000
 5889 : 00000329 00000004 00000004 00000006
 5890 J 00000007 00000029 00000004 00000000
 5891 : 000003a9 00000004 00000004 00000007
 5892 t 00000001 00000029 00000004 00001f40
 5893 J 00000005 00000029 00000004 00000001
 5894 : 00000029 00000004 00000004 00000005
 5895 l 00000000 00000005 00000001 00001f40
 5896 e 00000000 00000005 00000001 00001f40
 5897 f 00000000 00000005 00001f40 00001f40
 5898 l 00000001 00000005 00000001 00001f40
 5899 e 00000001 00000005 00000001 00001f40
 5900 f 00000001 00000005 00001f40 00001f40
 5901 t 00000000 0000002a 00000004 00001f40
 5902 J 00000000 0000002a 00000004 00000000
 5903 : 000000aa 00000004 00000004 00000000
 5904 J 00000001 0000002a 00000004 00000000
 5905 : 0000012a 00000004 00000004 00000001
 5906 J 00000002 0000002a 00000004 00000000
 5907 : 000001aa 00000004 00000004 00000002
 5908 J 00000003 0000002a 00000004 00000000
 5909 : 0000022a 00000004 00000004 00000003
 5910 J 00000004 0000002a 00000004 00000000
 5911 : 000002aa 00000004 00000004 00000004
 5912 J 00000006 0000002a 00000004 00000000
 5913 : 0000032a 00000004 00000004 00000006
 5914 J 00000007 0000002a 00000004 00000000
 5915 : 000003aa 00000004 00000004 00000007
 5916 t 00000001 0000002a 00000004 00001f40
 5917 J 00000005 0000002a 00000004 00000001
 5918 : 0000002a 00000004 00000004 00000005
 5919 l 00000000 00000005 00000001 00001f40
 5920 e 00000000 00000005 00000001 00001f40
 5921 f 00000000 00000005 00001f40 00001f40
 5922 l 00000001 00000005 00000001 00001f40
 5923 e 00000001 00000005 00000001 00001f40
 5924 f 00000001 00000005 00001f40 00001f40
 5925 t 00000000 0000002b 00000004 00001f40
 5926 J 00000000 0000002b 00000004 00000000
 5927 : 000000ab 00000004 00000004 00000000
 5928 J 00000001 0000002b 00000004 00000000
 5929 : 0000012b 00000004 00000004 00000001
 5930 J 00000002 0000002b 00000004 00000000
 5931 : 000001ab 00000004 00000004 00000002
 5932 J 00000003 0000002b 00000004 00000000
 5933 : 0000022b 00000004 00000004 00000003
 5934 J 00000004 0000002b 00000004 00000000
 5935 : 000002ab 00000004 00000004 00000004
 5936 J 00000006 0000002b 00000004 00000000
 5937 : 0000032b 00000004 00000004 00000006
 5938 J 00000007 0000002b 00000004 00000000
 5939 : 000003ab 00000004 00000004 00000007
 5940 t 00000001 0000002b 00000004 00001f40
 5941 J 00000005 0000002b 00000004 00000001
 5942 : 0000002b 00000004 00000004 00000005
 5943 l 00000000 00000005 00000001 00001f40
 5944 e 00000000 00000005 00000001 00001f40
 5945 f 00000000 00000005 00001f40 00001f40
 5946 l 00000001 00000005 00000001 00001f40
 5947 e 00000001 00000005 00000001 00001f40
 5948 f 00000001 00000005 00001f40 00001f40
 5949 t 00000000 0000002c 00000004 00001f40
 5950 J 00000000 0000002c 00000004 00000000
 5951 : 000000ac 00000004 00000004 00000000
 5952 J 00000001 0000002c 00000004 00000000
 5953 : 0000012c 00000004 00000004 00000001
 5954 J 00000002 0000002c 00000004 00000000
 5955 : 000001ac 00000004 00000004 00000002
 5956 J 00000003 0000002c 00000004 00000000
 5957 : 0000022c 00000004 00000004 00000003
 5958 J 00000004 0000002c 00000004 00000000
 5959 : 000002ac 00000004 00000004 00000004
 5960 J 00000006 0000002c 00000004 00000000
 5961 : 0000032c 00000004 00000004 00000006
 5962 J 00000007 0000002c 00000004 00000000
 5963 : 000003ac 00000004 00000004 00000007
 5964 t 00000001 0000002c 00000004 00001f40
 5965 J 00000005 0000002c 00000004 00000001
 5966 : 0000002c 00000004 00000004 00000005
 5967 l 00000000 00000005 00000001 00001f40
 5968 e 00000000 00000005 00000001 00001f40
 5969 f 00000000 00000005 00001f40 00001f40
 5970 l 00000001 00000005 00000001 00001f40
 5971 e 00000001 00000005 00000001 00001f40
 5972 f 00000001 00000005 00001f40 00001f40
 5973 t 00000000 0000002d 00000004 00001f40
 5974 J 00000000 0000002d 00000004 00000000
 5975 : 000000ad 00000004 00000004 00000000
 5976 J 00000001 0000002d 00000004 00000000
 5977 : 0000012d 00000004 00000004 00000001
 5978 J 00000002 0000002d 00000004 00000000
 5979 : 000001ad 00000004 00000004 00000002
 5980 J 00000003 0000002d 00000004 00000000
 5981 : 0000022d 00000004 00000004 00000003
 5982 J 00000004 0000002d 00000004 00000000
 5983 : 000002ad 00000004 00000004 00000004
 5984 J 00000006 0000002d 00000004 00000000
 5985 : 0000032d 00000004 00000004 00000006
 5986 J 00000007 0000002d 00000004 00000000
 5987 : 000003ad 00000004 00000004 00000007
 5988 t 00000001 0000002d 00000004 00001f40
 5989 J 00000005 0000002d 00000004 00000001
 5990 : 0000002d 00000004 00000004 00000005
 5991 l 00000000 00000005 00000001 00001f40
 5992 e 00000000 00000005 00000001 00001f40
 5993 f 00000000 00000005 00001f40 00001f40
 5994 l 00000001 00000005 00000001 00001f40
 5995 e 00000001 00000005 00000001 00001f40
 5996 f 00000001 00000005 00001f40 00001f40
 5997 t 00000000 0000002e 00000004 00001f40
 5998 J 00000000 0000002e 00000004 00000000
 5999 : 000000ae 00000004 00000004 00000000
 6000 J 00000001 0000002e 00000004 00000000
 6001 : 0000012e 00000004 00000004 00000001
 6002 J 00000002 0000002e 00000004 00000000
 6003 : 000001ae 00000004 00000004 00000002
 6004 J 00000003 0000002e 00000004 00000000
 6005 : 0000022e 00000004 00000004 00000003
 6006 J 00000004 0000002e 00000004 00000000
 6007 : 000002ae 00000004 00000004 00000004
 6008 J 00000006 0000002e 00000004 00000000
 6009 : 0000032e 00000004 00000004 00000006
 6010 J 00000007 0000002e 00000004 00000000
 6011 : 000003ae 00000004 00000004 00000007
 6012 t 00000001 0000002e 00000004 00001f40
 6013 J 00000005 0000002e 00000004 00000001
 6014 : 0000002e 00000004 00000004 00000005
 6015 l 00000000 00000005 00000001 00001f40
 6016 e 00000000 00000005 00000001 00001f40
 6017 f 00000000 00000005 00001f40 00001f40
 6018 l 00000001 00000005 00000001 00001f40
 6019 e 00000001 00000005 00000001 00001f40
 6020 f 00000001 00000005 00001f40 00001f40
 6021 t 00000000 0000002f 00000004 00001f40
 6022 J 00000000 0000002f 00000004 00000000
 6023 : 000000af 00000004 00000004 00000000
 6024 J 00000001 0000002f 00000004 00000000
 6025 : 0000012f 00000004 00000004 00000001
 6026 J 00000002 0000002f 00000004 00000000
 6027 : 000001af 00000004 00000004 00000002
 6028 J 00000003 0000002f 00000004 00000000
 6029 : 0000022f 00000004 00000004 00000003
 6030 J 00000004 0000002f 00000004 00000000
 6031 : 000002af 00000004 00000004 00000004
 6032 J 00000006 0000002f 00000004 00000000
 6033 : 0000032f 00000004 00000004 00000006
 6034 J 00000007 0000002f 00000004 00000000
 6035 : 000003af 00000004 00000004 00000007
 6036 t 00000001 0000002f 00000004 00001f40
 6037 J 00000005 0000002f 00000004 00000001
 6038 : 0000002f 00000004 00000004 00000005
 6039 l 00000000 00000005 00000001 00001f40
 6040 e 00000000 00000005 00000001 00001f40
 6041 f 00000000 00000005 00001f40 00001f40
 6042 l 00000001 00000005 00000001 00001f40
 6043 e 00000001 00000005 00000001 00001f40
 6044 f 00000001 00000005 00001f40 00001f40
 6045 t 00000000 00000030 00000004 00001f40
 6046 J 00000000 00000030 00000004 00000000
 6047 : 000000b0 00000004 00000004 00000000
 6048 J 00000001 00000030 00000004 00000000
 6049 : 00000130 00000004 00000004 00000001
 6050 J 00000002 00000030 00000004 00000000
 6051 : 000001b0 00000004 00000004 00000002
 6052 J 00000003 00000030 00000004 00000000
 6053 : 00000230 00000004 00000004 00000003
 6054 J 00000004 00000030 00000004 00000000
 6055 : 000002b0 00000004 00000004 00000004
 6056 J 00000006 00000030 00000004 00000000
 6057 : 00000330 00000004 00000004 00000006
 6058 J 00000007 00000030 00000004 00000000
 6059 : 000003b0 00000004 00000004 00000007
 6060 t 00000001 00000030 00000004 00001f40
 6061 J 00000005 00000030 00000004 00000001
 6062 : 00000030 00000004 00000004 00000005
 6063 l 00000000 00000005 00000001 00001f40
 6064 e 00000000 00000005 00000001 00001f40
 6065 f 00000000 00000005 00001f40 00001f40
 6066 l 00000001 00000005 00000001 00001f40
 6067 e 00000001 00000005 00000001 00001f40
 6068 f 00000001 00000005 00001f40 00001f40
 6069 t 00000000 00000035 00000004 00001f40
 6070 J 00000000 00000035 00000004 00000000
 6071 : 000000b5 00000004 00000004 00000000
 6072 J 00000001 00000035 00000004 00000000
 6073 : 00000135 00000004 00000004 00000001
 6074 J 00000002 00000035 00000004 00000000
 6075 : 000001b5 00000004 00000004 00000002
 6076 J 00000003 00000035 00000004 00000000
 6077 : 00000235 00000004 00000004 00000003
 6078 J 00000004 00000035 00000004 00000000
 6079 : 000002b5 00000004 00000004 00000004
 6080 J 00000006 00000035 00000004 00000000
 6081 : 00000335 00000004 00000004 00000006
 6082 J 00000007 00000035 00000004 00000000
 6083 : 000003b5 00000004 00000004 00000007
 6084 t 00000001 00000035 00000004 00001f40
 6085 J 00000005 00000035 00000004 00000001
 6086 : 00000035 00000004 00000004 00000005
 6087 l 00000000 00000005 00000001 00001f40
 6088 e 00000000 00000005 00000001 00001f40
 6089 f 00000000 00000005 00001f40 00001f40
 6090 l 00000001 00000005 00000001 00001f40
 6091 e 00000001 00000005 00000001 00001f40
 6092 f 00000001 00000005 00001f40 00001f40
 6093 t 00000000 00000036 00000004 00001f40
 6094 J 00000000 00000036 00000004 00000000
 6095 : 000000b6 00000004 00000004 00000000
 6096 J 00000001 00000036 00000004 00000000
 6097 : 00000136 00000004 00000004 00000001
 6098 J 00000002 00000036 00000004 00000000
 6099 : 000001b6 00000004 00000004 00000002
 6100 J 00000003 00000036 00000004 00000000
 6101 : 00000236 00000004 00000004 00000003
 6102 J 00000004 00000036 00000004 00000000
 6103 : 000002b6 00000004 00000004 00000004
 6104 J 00000006 00000036 00000004 00000000
 6105 : 00000336 00000004 00000004 00000006
 6106 J 00000007 00000036 00000004 00000000
 6107 : 000003b6 00000004 00000004 00000007
 6108 t 00000001 00000036 00000004 00001f40
 6109 J 00000005 00000036 00000004 00000001
 6110 : 00000036 00000004 00000004 00000005
 6111 l 00000000 00000005 00000001 00001f40
 6112 e 00000000 00000005 00000001 00001f40
 6113 f 00000000 00000005 00001f40 00001f40
 6114 l 00000001 00000005 00000001 00001f40
 6115 e 00000001 00000005 00000001 00001f40
 6116 f 00000001 00000005 00001f40 00001f40
 6117 t 00000000 00000037 00000004 00001f40
 6118 J 00000000 00000037 00000004 00000000
 6119 : 000000b7 00000004 00000004 00000000
 6120 J 00000001 00000037 00000004 00000000
 6121 : 00000137 00000004 00000004 00000001
 6122 J 00000002 00000037 00000004 00000000
 6123 : 000001b7 00000004 00000004 00000002
 6124 J 00000003 00000037 00000004 00000000
 6125 : 00000237 00000004 00000004 00000003
 6126 J 00000004 00000037 00000004 00000000
 6127 : 000002b7 00000004 00000004 00000004
 6128 J 00000006 00000037 00000004 00000000
 6129 : 00000337 00000004 00000004 00000006
 6130 J 00000007 00000037 00000004 00000000
 6131 : 000003b7 00000004 00000004 00000007
 6132 t 00000001 00000037 00000004 00001f40
 6133 J 00000005 00000037 00000004 00000001
 6134 : 00000037 00000004 00000004 00000005
 6135 l 00000000 00000005 00000001 00001f40
 6136 e 00000000 00000005 00000001 00001f40
 6137 f 00000000 00000005 00001f40 00001f40
 6138 l 00000001 00000005 00000001 00001f40
 6139 e 00000001 00000005 00000001 00001f40
 6140 f 00000001 00000005 00001f40 00001f40
 6141 t 00000000 00000038 00000004 00001f40
 6142 J 00000000 00000038 00000004 00000000
 6143 : 000000b8 00000004 00000004 00000000
 6144 J 00000001 00000038 00000004 00000000
 6145 : 00000138 00000004 00000004 00000001
 6146 J 00000002 00000038 00000004 00000000
 6147 : 000001b8 00000004 00000004 00000002
 6148 J 00000003 00000038 00000004 00000000
 6149 : 00000238 00000004 00000004 00000003
 6150 J 00000004 00000038 00000004 00000000
 6151 : 000002b8 00000004 00000004 00000004
 6152 J 00000006 00000038 00000004 00000000
 6153 : 00000338 00000004 00000004 00000006
 6154 J 00000007 00000038 00000004 00000000
 6155 : 000003b8 00000004 00000004 00000007
 6156 t 00000001 00000038 00000004 00001f40
 6157 J 00000005 00000038 00000004 00000001
 6158 : 00000038 00000004 00000004 00000005
 6159 l 00000000 00000005 00000001 00001f40
 6160 e 00000000 00000005 00000001 00001f40
 6161 f 00000000 00000005 00001f40 00001f40
 6162 l 00000001 00000005 00000001 00001f40
 6163 e 00000001 00000005 00000001 00001f40
 6164 f 00000001 00000005 00001f40 00001f40
 6165 t 00000000 0000003b 00000004 00001f40
 6166 J 00000000 0000003b 00000004 00000000
 6167 : 000000bb 00000004 00000004 00000000
 6168 J 00000001 0000003b 00000004 00000000
 6169 : 0000013b 00000004 00000004 00000001
 6170 J 00000002 0000003b 00000004 00000000
 6171 : 000001bb 00000004 00000004 00000002
 6172 J 00000003 0000003b 00000004 00000000
 6173 : 0000023b 00000004 00000004 00000003
 6174 J 00000004 0000003b 00000004 00000000
 6175 : 000002bb 00000004 00000004 00000004
 6176 J 00000006 0000003b 00000004 00000000
 6177 : 0000033b 00000004 00000004 00000006
 6178 J 00000007 0000003b 00000004 00000000
 6179 : 000003bb 00000004 00000004 00000007
 6180 t 00000001 0000003b 00000004 00001f40
 6181 J 00000005 0000003b 00000004 00000001
 6182 : 0000003b 00000004 00000004 00000005
 6183 l 00000000 00000005 00000001 00001f40
 6184 e 00000000 00000005 00000001 00001f40
 6185 f 00000000 00000005 00001f40 00001f40
 6186 l 00000001 00000005 00000001 00001f40
 6187 e 00000001 00000005 00000001 00001f40
 6188 f 00000001 00000005 00001f40 00001f40
 6189 t 00000000 0000003c 00000004 00001f40
 6190 J 00000000 0000003c 00000004 00000000
 6191 : 000000bc 00000004 00000004 00000000
 6192 J 00000001 0000003c 00000004 00000000
 6193 : 0000013c 00000004 00000004 00000001
 6194 J 00000002 0000003c 00000004 00000000
 6195 : 000001bc 00000004 00000004 00000002
 6196 J 00000003 0000003c 00000004 00000000
 6197 : 0000023c 00000004 00000004 00000003
 6198 J 00000004 0000003c 00000004 00000000
 6199 : 000002bc 00000004 00000004 00000004
 6200 J 00000006 0000003c 00000004 00000000
 6201 : 0000033c 00000004 00000004 00000006
 6202 J 00000007 0000003c 00000004 00000000
 6203 : 000003bc 00000004 00000004 00000007
 6204 t 00000001 0000003c 00000004 00001f40
 6205 J 00000005 0000003c 00000004 00000001
 6206 : 0000003c 00000004 00000004 00000005
 6207 l 00000000 00000005 00000001 00001f40
 6208 e 00000000 00000005 00000001 00001f40
 6209 f 00000000 00000005 00001f40 00001f40
 6210 l 00000001 00000005 00000001 00001f40
 6211 e 00000001 00000005 00000001 00001f40
 6212 f 00000001 00000005 00001f40 00001f40
 6213 t 00000000 0000003d 00000004 00001f40
 6214 J 00000000 0000003d 00000004 00000000
 6215 : 000000bd 00000004 00000004 00000000
 6216 J 00000001 0000003d 00000004 00000000
 6217 : 0000013d 00000004 00000004 00000001
 6218 J 00000002 0000003d 00000004 00000000
 6219 : 000001bd 00000004 00000004 00000002
 6220 J 00000003 0000003d 00000004 00000000
 6221 : 0000023d 00000004 00000004 00000003
 6222 J 00000004 0000003d 00000004 00000000
 6223 : 000002bd 00000004 00000004 00000004
 6224 J 00000006 0000003d 00000004 00000000
 6225 : 0000033d 00000004 00000004 00000006
 6226 J 00000007 0000003d 00000004 00000000
 6227 : 000003bd 00000004 00000004 00000007
 6228 t 00000001 0000003d 00000004 00001f40
 6229 J 00000005 0000003d 00000004 00000001
 6230 : 0000003d 00000004 00000004 00000005
 6231 l 00000000 00000005 00000001 00001f40
 6232 e 00000000 00000005 00000001 00001f40
 6233 f 00000000 00000005 00001f40 00001f40
 6234 l 00000001 00000005 00000001 00001f40
 6235 e 00000001 00000005 00000001 00001f40
 6236 f 00000001 00000005 00001f40 00001f40
 6237 t 00000000 0000003e 00000004 00001f40
 6238 J 00000000 0000003e 00000004 00000000
 6239 : 000000be 00000004 00000004 00000000
 6240 J 00000001 0000003e 00000004 00000000
 6241 : 0000013e 00000004 00000004 00000001
 6242 J 00000002 0000003e 00000004 00000000
 6243 : 000001be 00000004 00000004 00000002
 6244 J 00000003 0000003e 00000004 00000000
 6245 : 0000023e 00000004 00000004 00000003
 6246 J 00000004 0000003e 00000004 00000000
 6247 : 000002be 00000004 00000004 00000004
 6248 J 00000006 0000003e 00000004 00000000
 6249 : 0000033e 00000004 00000004 00000006
 6250 J 00000007 0000003e 00000004 00000000
 6251 : 000003be 00000004 00000004 00000007
 6252 t 00000001 0000003e 00000004 00001f40
 6253 J 00000005 0000003e 00000004 00000001
 6254 : 0000003e 00000004 00000004 00000005
 6255 l 00000000 00000005 00000001 00001f40
 6256 e 00000000 00000005 00000001 00001f40
 6257 f 00000000 00000005 00001f40 00001f40
 6258 l 00000001 00000005 00000001 00001f40
 6259 e 00000001 00000005 00000001 00001f40
 6260 f 00000001 00000005 00001f40 00001f40
 6261 t 00000000 0000003f 00000004 00001f40
 6262 J 00000000 0000003f 00000004 00000000
 6263 : 000000bf 00000004 00000004 00000000
 6264 J 00000001 0000003f 00000004 00000000
 6265 : 0000013f 00000004 00000004 00000001
 6266 J 00000002 0000003f 00000004 00000000
 6267 : 000001bf 00000004 00000004 00000002
 6268 J 00000003 0000003f 00000004 00000000
 6269 : 0000023f 00000004 00000004 00000003
 6270 J 00000004 0000003f 00000004 00000000
 6271 : 000002bf 00000004 00000004 00000004
 6272 J 00000006 0000003f 00000004 00000000
 6273 : 0000033f 00000004 00000004 00000006
 6274 J 00000007 0000003f 00000004 00000000
 6275 : 000003bf 00000004 00000004 00000007
 6276 t 00000001 0000003f 00000004 00001f40
 6277 J 00000005 0000003f 00000004 00000001
 6278 : 0000003f 00000004 00000004 00000005
 6279 l 00000000 00000005 00000001 00001f40
 6280 e 00000000 00000005 00000001 00001f40
 6281 f 00000000 00000005 00001f40 00001f40
 6282 l 00000001 00000005 00000001 00001f40
 6283 e 00000001 00000005 00000001 00001f40
 6284 f 00000001 00000005 00001f40 00001f40
 6285 t 00000000 00000040 00000004 00001f40
 6286 J 00000000 00000040 00000004 00000000
 6287 : 000000c0 00000004 00000004 00000000
 6288 J 00000001 00000040 00000004 00000000
 6289 : 00000140 00000004 00000004 00000001
 6290 J 00000002 00000040 00000004 00000000
 6291 : 000001c0 00000004 00000004 00000002
 6292 J 00000003 00000040 00000004 00000000
 6293 : 00000240 00000004 00000004 00000003
 6294 J 00000004 00000040 00000004 00000000
 6295 : 000002c0 00000004 00000004 00000004
 6296 J 00000006 00000040 00000004 00000000
 6297 : 00000340 00000004 00000004 00000006
 6298 J 00000007 00000040 00000004 00000000
 6299 : 000003c0 00000004 00000004 00000007
 6300 t 00000001 00000040 00000004 00001f40
 6301 J 00000005 00000040 00000004 00000001
 6302 : 00000040 00000004 00000004 00000005
 6303 l 00000000 00000005 00000001 00001f40
 6304 e 00000000 00000005 00000001 00001f40
 6305 f 00000000 00000005 00001f40 00001f40
 6306 l 00000001 00000005 00000001 00001f40
 6307 e 00000001 00000005 00000001 00001f40
 6308 f 00000001 00000005 00001f40 00001f40
 6309 t 00000000 00000041 00000004 00001f40
 6310 J 00000000 00000041 00000004 00000000
 6311 : 000000c1 00000004 00000004 00000000
 6312 J 00000001 00000041 00000004 00000000
 6313 : 00000141 00000004 00000004 00000001
 6314 J 00000002 00000041 00000004 00000000
 6315 : 000001c1 00000004 00000004 00000002
 6316 J 00000003 00000041 00000004 00000000
 6317 : 00000241 00000004 00000004 00000003
 6318 J 00000004 00000041 00000004 00000000
 6319 : 000002c1 00000004 00000004 00000004
 6320 J 00000006 00000041 00000004 00000000
 6321 : 00000341 00000004 00000004 00000006
 6322 J 00000007 00000041 00000004 00000000
 6323 : 000003c1 00000004 00000004 00000007
 6324 t 00000001 00000041 00000004 00001f40
 6325 J 00000005 00000041 00000004 00000001
 6326 : 00000041 00000004 00000004 00000005
 6327 l 00000000 00000005 00000001 00001f40
 6328 e 00000000 00000005 00000001 00001f40
 6329 f 00000000 00000005 00001f40 00001f40
 6330 l 00000001 00000005 00000001 00001f40
 6331 e 00000001 00000005 00000001 00001f40
 6332 f 00000001 00000005 00001f40 00001f40
 6333 t 00000000 00000042 00000004 00001f40
 6334 J 00000000 00000042 00000004 00000000
 6335 : 000000c2 00000004 00000004 00000000
 6336 J 00000001 00000042 00000004 00000000
 6337 : 00000142 00000004 00000004 00000001
 6338 J 00000002 00000042 00000004 00000000
 6339 : 000001c2 00000004 00000004 00000002
 6340 J 00000003 00000042 00000004 00000000
 6341 : 00000242 00000004 00000004 00000003
 6342 J 00000004 00000042 00000004 00000000
 6343 : 000002c2 00000004 00000004 00000004
 6344 J 00000006 00000042 00000004 00000000
 6345 : 00000342 00000004 00000004 00000006
 6346 J 00000007 00000042 00000004 00000000
 6347 : 000003c2 00000004 00000004 00000007
 6348 t 00000001 00000042 00000004 00001f40
 6349 J 00000005 00000042 00000004 00000001
 6350 : 00000042 00000004 00000004 00000005
 6351 l 00000000 00000005 00000001 00001f40
 6352 e 00000000 00000005 00000001 00001f40
 6353 f 00000000 00000005 00001f40 00001f40
 6354 l 00000001 00000005 00000001 00001f40
 6355 e 00000001 00000005 00000001 00001f40
 6356 f 00000001 00000005 00001f40 00001f40
 6357 t 00000000 00000043 00000004 00001f40
 6358 J 00000000 00000043 00000004 00000000
 6359 : 000000c3 00000004 00000004 00000000
 6360 J 00000001 00000043 00000004 00000000
 6361 : 00000143 00000004 00000004 00000001
 6362 J 00000002 00000043 00000004 00000000
 6363 : 000001c3 00000004 00000004 00000002
 6364 J 00000003 00000043 00000004 00000000
 6365 : 00000243 00000004 00000004 00000003
 6366 J 00000004 00000043 00000004 00000000
 6367 : 000002c3 00000004 00000004 00000004
 6368 J 00000006 00000043 00000004 00000000
 6369 : 00000343 00000004 00000004 00000006
 6370 J 00000007 00000043 00000004 00000000
 6371 : 000003c3 00000004 00000004 00000007
 6372 t 00000001 00000043 00000004 00001f40
 6373 J 00000005 00000043 00000004 00000001
 6374 : 00000043 00000004 00000004 00000005
 6375 l 00000000 00000005 00000001 00001f40
 6376 e 00000000 00000005 00000001 00001f40
 6377 f 00000000 00000005 00001f40 00001f40
 6378 l 00000001 00000005 00000001 00001f40
 6379 e 00000001 00000005 00000001 00001f40
 6380 f 00000001 00000005 00001f40 00001f40
 6381 t 00000000 00000044 00000004 00001f40
 6382 J 00000000 00000044 00000004 00000000
 6383 : 000000c4 00000004 00000004 00000000
 6384 J 00000001 00000044 00000004 00000000
 6385 : 00000144 00000004 00000004 00000001
 6386 J 00000002 00000044 00000004 00000000
 6387 : 000001c4 00000004 00000004 00000002
 6388 J 00000003 00000044 00000004 00000000
 6389 : 00000244 00000004 00000004 00000003
 6390 J 00000004 00000044 00000004 00000000
 6391 : 000002c4 00000004 00000004 00000004
 6392 J 00000006 00000044 00000004 00000000
 6393 : 00000344 00000004 00000004 00000006
 6394 J 00000007 00000044 00000004 00000000
 6395 : 000003c4 00000004 00000004 00000007
 6396 t 00000001 00000044 00000004 00001f40
 6397 J 00000005 00000044 00000004 00000001
 6398 : 00000044 00000004 00000004 00000005
 6399 l 00000000 00000005 00000001 00001f40
 6400 e 00000000 00000005 00000001 00001f40
 6401 f 00000000 00000005 00001f40 00001f40
 6402 l 00000001 00000005 00000001 00001f40
 6403 e 00000001 00000005 00000001 00001f40
 6404 f 00000001 00000005 00001f40 00001f40
 6405 t 00000000 00000045 00000004 00001f40
 6406 J 00000000 00000045 00000004 00000000
 6407 : 000000c5 00000004 00000004 00000000
 6408 J 00000001 00000045 00000004 00000000
 6409 : 00000145 00000004 00000004 00000001
 6410 J 00000002 00000045 00000004 00000000
 6411 : 000001c5 00000004 00000004 00000002
 6412 J 00000003 00000045 00000004 00000000
 6413 : 00000245 00000004 00000004 00000003
 6414 J 00000004 00000045 00000004 00000000
 6415 : 000002c5 00000004 00000004 00000004
 6416 J 00000006 00000045 00000004 00000000
 6417 : 00000345 00000004 00000004 00000006
 6418 J 00000007 00000045 00000004 00000000
 6419 : 000003c5 00000004 00000004 00000007
 6420 t 00000001 00000045 00000004 00001f40
 6421 J 00000005 00000045 00000004 00000001
 6422 : 00000045 00000004 00000004 00000005
 6423 l 00000000 00000005 00000001 00001f40
 6424 e 00000000 00000005 00000001 00001f40
 6425 f 00000000 00000005 00001f40 00001f40
 6426 l 00000001 00000005 00000001 00001f40
 6427 e 00000001 00000005 00000001 00001f40
 6428 f 00000001 00000005 00001f40 00001f40
 6429 t 00000000 00000046 00000004 00001f40
 6430 J 00000000 00000046 00000004 00000000
 6431 : 000000c6 00000004 00000004 00000000
 6432 J 00000001 00000046 00000004 00000000
 6433 : 00000146 00000004 00000004 00000001
 6434 J 00000002 00000046 00000004 00000000
 6435 : 000001c6 00000004 00000004 00000002
 6436 J 00000003 00000046 00000004 00000000
 6437 : 00000246 00000004 00000004 00000003
 6438 J 00000004 00000046 00000004 00000000
 6439 : 000002c6 00000004 00000004 00000004
 6440 J 00000006 00000046 00000004 00000000
 6441 : 00000346 00000004 00000004 00000006
 6442 J 00000007 00000046 00000004 00000000
 6443 : 000003c6 00000004 00000004 00000007
 6444 t 00000001 00000046 00000004 00001f40
 6445 J 00000005 00000046 00000004 00000001
 6446 : 00000046 00000004 00000004 00000005
 6447 l 00000000 00000005 00000001 00001f40
 6448 e 00000000 00000005 00000001 00001f40
 6449 f 00000000 00000005 00001f40 00001f40
 6450 l 00000001 00000005 00000001 00001f40
 6451 e 00000001 00000005 00000001 00001f40
 6452 f 00000001 00000005 00001f40 00001f40
 6453 t 00000000 00000048 00000004 00001f40
 6454 J 00000000 00000048 00000004 00000000
 6455 : 000000c8 00000004 00000004 00000000
 6456 J 00000001 00000048 00000004 00000000
 6457 : 00000148 00000004 00000004 00000001
 6458 J 00000002 00000048 00000004 00000000
 6459 : 000001c8 00000004 00000004 00000002
 6460 J 00000003 00000048 00000004 00000000
 6461 : 00000248 00000004 00000004 00000003
 6462 J 00000004 00000048 00000004 00000000
 6463 : 000002c8 00000004 00000004 00000004
 6464 J 00000006 00000048 00000004 00000000
 6465 : 00000348 00000004 00000004 00000006
 6466 J 00000007 00000048 00000004 00000000
 6467 : 000003c8 00000004 00000004 00000007
 6468 t 00000001 00000048 00000004 00001f40
 6469 J 00000005 00000048 00000004 00000001
 6470 : 00000048 00000004 00000004 00000005
 6471 l 00000000 00000005 00000001 00001f40
 6472 e 00000000 00000005 00000001 00001f40
 6473 f 00000000 00000005 00001f40 00001f40
 6474 l 00000001 00000005 00000001 00001f40
 6475 e 00000001 00000005 00000001 00001f40
 6476 f 00000001 00000005 00001f40 00001f40
 6477 t 00000000 00000055 00000004 00001f40
 6478 J 00000000 00000055 00000004 00000000
 6479 : 000000d5 00000004 00000004 00000000
 6480 J 00000001 00000055 00000004 00000000
 6481 : 00000155 00000004 00000004 00000001
 6482 J 00000002 00000055 00000004 00000000
 6483 : 000001d5 00000004 00000004 00000002
 6484 J 00000003 00000055 00000004 00000000
 6485 : 00000255 00000004 00000004 00000003
 6486 J 00000004 00000055 00000004 00000000
 6487 : 000002d5 00000004 00000004 00000004
 6488 J 00000006 00000055 00000004 00000000
 6489 : 00000355 00000004 00000004 00000006
 6490 J 00000007 00000055 00000004 00000000
 6491 : 000003d5 00000004 00000004 00000007
 6492 t 00000001 00000055 00000004 00001f40
 6493 J 00000005 00000055 00000004 00000001
 6494 : 00000055 00000004 00000004 00000005
 6495 l 00000000 00000005 00000001 00001f40
 6496 e 00000000 00000005 00000001 00001f40
 6497 f 00000000 00000005 00001f40 00001f40
 6498 l 00000001 00000005 00000001 00001f40
 6499 e 00000001 00000005 00000001 00001f40
 6500 f 00000001 00000005 00001f40 00001f40
 6501 t 00000000 00000078 00000004 00001f40
 6502 J 00000000 00000078 00000004 00000000
 6503 : 000000f8 00000004 00000004 00000000
 6504 J 00000001 00000078 00000004 00000000
 6505 : 00000178 00000004 00000004 00000001
 6506 J 00000002 00000078 00000004 00000000
 6507 : 000001f8 00000004 00000004 00000002
 6508 J 00000003 00000078 00000004 00000000
 6509 : 00000278 00000004 00000004 00000003
 6510 J 00000004 00000078 00000004 00000000
 6511 : 000002f8 00000004 00000004 00000004
 6512 J 00000006 00000078 00000004 00000000
 6513 : 00000378 00000004 00000004 00000006
 6514 J 00000007 00000078 00000004 00000000
 6515 : 000003f8 00000004 00000004 00000007
 6516 t 00000001 00000078 00000004 00001f40
 6517 J 00000005 00000078 00000004 00000001
 6518 : 00000078 00000004 00000004 00000005
 6519 l 00000000 00000005 00000001 00001f40
 6520 e 00000000 00000005 00000001 00001f40
 6521 f 00000000 00000005 00001f40 00001f40
 6522 l 00000001 00000005 00000001 00001f40
 6523 e 00000001 00000005 00000001 00001f40
 6524 f 00000001 00000005 00001f40 00001f40
 6525 t 00000000 00000079 00000004 00001f40
 6526 J 00000000 00000079 00000004 00000000
 6527 : 000000f9 00000004 00000004 00000000
 6528 J 00000001 00000079 00000004 00000000
 6529 : 00000179 00000004 00000004 00000001
 6530 J 00000002 00000079 00000004 00000000
 6531 : 000001f9 00000004 00000004 00000002
 6532 J 00000003 00000079 00000004 00000000
 6533 : 00000279 00000004 00000004 00000003
 6534 J 00000004 00000079 00000004 00000000
 6535 : 000002f9 00000004 00000004 00000004
 6536 J 00000006 00000079 00000004 00000000
 6537 : 00000379 00000004 00000004 00000006
 6538 J 00000007 00000079 00000004 00000000
 6539 : 000003f9 00000004 00000004 00000007
 6540 t 00000001 00000079 00000004 00001f40
 6541 J 00000005 00000079 00000004 00000001
 6542 : 00000079 00000004 00000004 00000005
 6543 l 00000000 00000005 00000001 00001f40
 6544 e 00000000 00000005 00000001 00001f40
 6545 f 00000000 00000005 00001f40 00001f40
 6546 l 00000001 00000005 00000001 00001f40
 6547 e 00000001 00000005 00000001 00001f40
 6548 f 00000001 00000005 00001f40 00001f40
 6549 t 00000000 0000007a 00000004 00001f40
 6550 J 00000000 0000007a 00000004 00000000
 6551 : 000000fa 00000004 00000004 00000000
 6552 J 00000001 0000007a 00000004 00000000
 6553 : 0000017a 00000004 00000004 00000001
 6554 J 00000002 0000007a 00000004 00000000
 6555 : 000001fa 00000004 00000004 00000002
 6556 J 00000003 0000007a 00000004 00000000
 6557 : 0000027a 00000004 00000004 00000003
 6558 J 00000004 0000007a 00000004 00000000
 6559 : 000002fa 00000004 00000004 00000004
 6560 J 00000006 0000007a 00000004 00000000
 6561 : 0000037a 00000004 00000004 00000006
 6562 J 00000007 0000007a 00000004 00000000
 6563 : 000003fa 00000004 00000004 00000007
 6564 t 00000001 0000007a 00000004 00001f40
 6565 J 00000005 0000007a 00000004 00000001
 6566 : 0000007a 00000004 00000004 00000005
 6567 l 00000000 00000005 00000001 00001f40
 6568 e 00000000 00000005 00000001 00001f40
 6569 f 00000000 00000005 00001f40 00001f40
 6570 l 00000001 00000005 00000001 00001f40
 6571 e 00000001 00000005 00000001 00001f40
 6572 f 00000001 00000005 00001f40 00001f40
 6573 t 00000000 0000007b 00000004 00001f40
 6574 J 00000000 0000007b 00000004 00000000
 6575 : 000000fb 00000004 00000004 00000000
 6576 J 00000001 0000007b 00000004 00000000
 6577 : 0000017b 00000004 00000004 00000001
 6578 J 00000002 0000007b 00000004 00000000
 6579 : 000001fb 00000004 00000004 00000002
 6580 J 00000003 0000007b 00000004 00000000
 6581 : 0000027b 00000004 00000004 00000003
 6582 J 00000004 0000007b 00000004 00000000
 6583 : 000002fb 00000004 00000004 00000004
 6584 J 00000006 0000007b 00000004 00000000
 6585 : 0000037b 00000004 00000004 00000006
 6586 J 00000007 0000007b 00000004 00000000
 6587 : 000003fb 00000004 00000004 00000007
 6588 t 00000001 0000007b 00000004 00001f40
 6589 J 00000005 0000007b 00000004 00000001
 6590 : 0000007b 00000004 00000004 00000005
 6591 l 00000000 00000005 00000001 00001f40
 6592 e 00000000 00000005 00000001 00001f40
 6593 f 00000000 00000005 00001f40 00001f40
 6594 l 00000001 00000005 00000001 00001f40
 6595 e 00000001 00000005 00000001 00001f40
 6596 f 00000001 00000005 00001f40 00001f40
 6597 t 00000000 0000007c 00000004 00001f40
 6598 J 00000000 0000007c 00000004 00000000
 6599 : 000000fc 00000004 00000004 00000000
 6600 J 00000001 0000007c 00000004 00000000
 6601 : 0000017c 00000004 00000004 00000001
 6602 J 00000002 0000007c 00000004 00000000
 6603 : 000001fc 00000004 00000004 00000002
 6604 J 00000003 0000007c 00000004 00000000
 6605 : 0000027c 00000004 00000004 00000003
 6606 J 00000004 0000007c 00000004 00000000
 6607 : 000002fc 00000004 00000004 00000004
 6608 J 00000006 0000007c 00000004 00000000
 6609 : 0000037c 00000004 00000004 00000006
 6610 J 00000007 0000007c 00000004 00000000
 6611 : 000003fc 00000004 00000004 00000007
 6612 t 00000001 0000007c 00000004 00001f40
 6613 J 00000005 0000007c 00000004 00000001
 6614 : 0000007c 00000004 00000004 00000005
 6615 l 00000000 00000005 00000001 00001f40
 6616 e 00000000 00000005 00000001 00001f40
 6617 f 00000000 00000005 00001f40 00001f40
 6618 l 00000001 00000005 00000001 00001f40
 6619 e 00000001 00000005 00000001 00001f40
 6620 f 00000001 00000005 00001f40 00001f40
 6621 t 00000000 0000007d 00000004 00001f40
 6622 J 00000000 0000007d 00000004 00000000
 6623 : 000000fd 00000004 00000004 00000000
 6624 J 00000001 0000007d 00000004 00000000
 6625 : 0000017d 00000004 00000004 00000001
 6626 J 00000002 0000007d 00000004 00000000
 6627 : 000001fd 00000004 00000004 00000002
 6628 J 00000003 0000007d 00000004 00000000
 6629 : 0000027d 00000004 00000004 00000003
 6630 J 00000004 0000007d 00000004 00000000
 6631 : 000002fd 00000004 00000004 00000004
 6632 J 00000006 0000007d 00000004 00000000
 6633 : 0000037d 00000004 00000004 00000006
 6634 J 00000007 0000007d 00000004 00000000
 6635 : 000003fd 00000004 00000004 00000007
 6636 t 00000001 0000007d 00000004 00001f40
 6637 J 00000005 0000007d 00000004 00000001
 6638 : 0000007d 00000004 00000004 00000005
 6639 l 00000000 00000005 00000001 00001f40
 6640 e 00000000 00000005 00000001 00001f40
 6641 f 00000000 00000005 00001f40 00001f40
 6642 l 00000001 00000005 00000001 00001f40
 6643 e 00000001 00000005 00000001 00001f40
 6644 f 00000001 00000005 00001f40 00001f40
 6645 t 00000000 0000007e 00000004 00001f40
 6646 J 00000000 0000007e 00000004 00000000
 6647 : 000000fe 00000004 00000004 00000000
 6648 J 00000001 0000007e 00000004 00000000
 6649 : 0000017e 00000004 00000004 00000001
 6650 J 00000002 0000007e 00000004 00000000
 6651 : 000001fe 00000004 00000004 00000002
 6652 J 00000003 0000007e 00000004 00000000
 6653 : 0000027e 00000004 00000004 00000003
 6654 J 00000004 0000007e 00000004 00000000
 6655 : 000002fe 00000004 00000004 00000004
 6656 J 00000006 0000007e 00000004 00000000
 6657 : 0000037e 00000004 00000004 00000006
 6658 J 00000007 0000007e 00000004 00000000
 6659 : 000003fe 00000004 00000004 00000007
 6660 t 00000001 0000007e 00000004 00001f40
 6661 J 00000005 0000007e 00000004 00000001
 6662 : 0000007e 00000004 00000004 00000005
 6663 l 00000000 00000005 00000001 00001f40
 6664 e 00000000 00000005 00000001 00001f40
 6665 f 00000000 00000005 00001f40 00001f40
 6666 l 00000001 00000005 00000001 00001f40
 6667 e 00000001 00000005 00000001 00001f40
 6668 f 00000001 00000005 00001f40 00001f40
 6669 t 00000000 0000007f 00000004 00001f40
 6670 J 00000000 0000007f 00000004 00000000
 6671 : 000000ff 00000004 00000004 00000000
 6672 J 00000001 0000007f 00000004 00000000
 6673 : 0000017f 00000004 00000004 00000001
 6674 J 00000002 0000007f 00000004 00000000
 6675 : 000001ff 00000004 00000004 00000002
 6676 J 00000003 0000007f 00000004 00000000
 6677 : 0000027f 00000004 00000004 00000003
 6678 J 00000004 0000007f 00000004 00000000
 6679 : 000002ff 00000004 00000004 00000004
 6680 J 00000006 0000007f 00000004 00000000
 6681 : 0000037f 00000004 00000004 00000006
 6682 J 00000007 0000007f 00000004 00000000
 6683 : 000003ff 00000004 00000004 00000007
 6684 t 00000001 0000007f 00000004 00001f40
 6685 J 00000005 0000007f 00000004 00000001
 6686 : 0000007f 00000004 00000004 00000005
 6687 l 00000000 00000005 00000001 00001f40
 6688 e 00000000 00000005 00000001 00001f40
 6689 f 00000000 00000005 00001f40 00001f40
 6690 l 00000001 00000005 00000001 00001f40
 6691 e 00000001 00000005 00000001 00001f40
 6692 f 00000001 00000005 00001f40 00001f40
 6693 r 00000000 0000003f 00000001 00000000
 6694 K 00000000 00000001 0000000f 00000000
 6695 [ 00000001 0000000f 00000001 00000001
 6696 K 00000001 00000001 0000000f 00000000
 6697 [ 00000002 0000000f 00000001 00000001
 6698 K 00000002 00000001 0000000f 00000000
 6699 [ 00000003 0000000f 00000001 00000001
 6700 K 00000003 00000001 0000000f 00000000
 6701 [ 00000004 0000000f 00000001 00000001
 6702 K 00000004 00000001 0000000f 00000000
 6703 [ 00000005 0000000f 00000001 00000001
 6704 K 00000006 00000001 0000000f 00000000
 6705 [ 00000006 0000000f 00000001 00000001
 6706 K 00000007 00000001 0000000f 00000000
 6707 [ 00000007 0000000f 00000001 00000001
 6708 r 00000001 0000003f 00000001 00000000
 6709 r 00000000 00000021 00000001 00000000
 6710 K 00000000 00000001 0000000e 00000000
 6711 [ 00000001 0000000e 00000001 00000001
 6712 K 00000001 00000001 0000000e 00000000
 6713 [ 00000002 0000000e 00000001 00000001
 6714 K 00000002 00000001 0000000e 00000000
 6715 [ 00000003 0000000e 00000001 00000001
 6716 K 00000003 00000001 0000000e 00000000
 6717 [ 00000004 0000000e 00000001 00000001
 6718 K 00000004 00000001 0000000e 00000000
 6719 [ 00000005 0000000e 00000001 00000001
 6720 K 00000006 00000001 0000000e 00000000
 6721 [ 00000006 0000000e 00000001 00000001
 6722 K 00000007 00000001 0000000e 00000000
 6723 [ 00000007 0000000e 00000001 00000001
 6724 r 00000001 00000021 00000001 00000000
 6725 r 00000000 00000012 00000000 00000000
 6726 K 00000000 00000000 0000000d 00000000
 6727 [ 00000001 0000000d 00000000 00000000
 6728 K 00000001 00000000 0000000d 00000000
 6729 [ 00000002 0000000d 00000000 00000000
 6730 K 00000002 00000000 0000000d 00000000
 6731 [ 00000003 0000000d 00000000 00000000
 6732 K 00000003 00000000 0000000d 00000000
 6733 [ 00000004 0000000d 00000000 00000000
 6734 K 00000004 00000000 0000000d 00000000
 6735 [ 00000005 0000000d 00000000 00000000
 6736 K 00000006 00000000 0000000d 00000000
 6737 [ 00000006 0000000d 00000000 00000000
 6738 K 00000007 00000000 0000000d 00000000
 6739 [ 00000007 0000000d 00000000 00000000
 6740 r 00000001 00000012 00000000 00000000
 6741 K 00000005 00000000 0000000d 00000000
 6742 [ 00000000 0000000d 00000000 00000000
 6743 r 00000000 0000001e 00000000 00000000
 6744 K 00000000 00000000 0000000c 00000000
 6745 [ 00000001 0000000c 00000000 00000000
 6746 K 00000001 00000000 0000000c 00000000
 6747 [ 00000002 0000000c 00000000 00000000
 6748 K 00000002 00000000 0000000c 00000000
 6749 [ 00000003 0000000c 00000000 00000000
 6750 K 00000003 00000000 0000000c 00000000
 6751 [ 00000004 0000000c 00000000 00000000
 6752 K 00000004 00000000 0000000c 00000000
 6753 [ 00000005 0000000c 00000000 00000000
 6754 K 00000006 00000000 0000000c 00000000
 6755 [ 00000006 0000000c 00000000 00000000
 6756 K 00000007 00000000 0000000c 00000000
 6757 [ 00000007 0000000c 00000000 00000000
 6758 r 00000001 0000001e 00000000 00000000
 6759 K 00000005 00000000 0000000c 00000000
 6760 [ 00000000 0000000c 00000000 00000000
 6761 r 00000000 0000000a 00000001 00000000
 6762 K 00000000 00000001 0000000a 00000000
 6763 [ 00000001 0000000a 00000001 00000001
 6764 K 00000001 00000001 0000000a 00000000
 6765 [ 00000002 0000000a 00000001 00000001
 6766 K 00000002 00000001 0000000a 00000000
 6767 [ 00000003 0000000a 00000001 00000001
 6768 K 00000003 00000001 0000000a 00000000
 6769 [ 00000004 0000000a 00000001 00000001
 6770 K 00000004 00000001 0000000a 00000000
 6771 [ 00000005 0000000a 00000001 00000001
 6772 K 00000006 00000001 0000000a 00000000
 6773 [ 00000006 0000000a 00000001 00000001
 6774 K 00000007 00000001 0000000a 00000000
 6775 [ 00000007 0000000a 00000001 00000001
 6776 r 00000001 0000000a 00000001 00000000
 6777 K 00000005 00000001 0000000a 00000000
 6778 [ 00000000 0000000a 00000001 00000001
 6779 r 00000000 0000001c 00000001 00000000
 6780 K 00000000 00000001 0000000b 00000000
 6781 [ 00000001 0000000b 00000001 00000001
 6782 K 00000001 00000001 0000000b 00000000
 6783 [ 00000002 0000000b 00000001 00000001
 6784 K 00000002 00000001 0000000b 00000000
 6785 [ 00000003 0000000b 00000001 00000001
 6786 K 00000003 00000001 0000000b 00000000
 6787 [ 00000004 0000000b 00000001 00000001
 6788 K 00000004 00000001 0000000b 00000000
 6789 [ 00000005 0000000b 00000001 00000001
 6790 K 00000006 00000001 0000000b 00000000
 6791 [ 00000006 0000000b 00000001 00000001
 6792 K 00000007 00000001 0000000b 00000000
 6793 [ 00000007 0000000b 00000001 00000001
 6794 r 00000001 0000001c 00000001 00000000
 6795 K 00000005 00000001 0000000b 00000000
 6796 [ 00000000 0000000b 00000001 00000001
 6797 r 00000000 00000005 00000001 00000000
 6798 K 00000000 00000001 00000005 00000000
 6799 [ 00000001 00000005 00000001 00000001
 6800 K 00000001 00000001 00000005 00000000
 6801 [ 00000002 00000005 00000001 00000001
 6802 K 00000002 00000001 00000005 00000000
 6803 [ 00000003 00000005 00000001 00000001
 6804 K 00000003 00000001 00000005 00000000
 6805 [ 00000004 00000005 00000001 00000001
 6806 K 00000004 00000001 00000005 00000000
 6807 [ 00000005 00000005 00000001 00000001
 6808 K 00000006 00000001 00000005 00000000
 6809 [ 00000006 00000005 00000001 00000001
 6810 K 00000007 00000001 00000005 00000000
 6811 [ 00000007 00000005 00000001 00000001
 6812 r 00000001 00000005 00000001 00000000
 6813 K 00000005 00000001 00000005 00000000
 6814 [ 00000000 00000005 00000001 00000001
 6815 r 00000000 00000006 00000001 00000000
 6816 K 00000000 00000001 00000006 00000000
 6817 [ 00000001 00000006 00000001 00000001
 6818 K 00000001 00000001 00000006 00000000
 6819 [ 00000002 00000006 00000001 00000001
 6820 K 00000002 00000001 00000006 00000000
 6821 [ 00000003 00000006 00000001 00000001
 6822 K 00000003 00000001 00000006 00000000
 6823 [ 00000004 00000006 00000001 00000001
 6824 K 00000004 00000001 00000006 00000000
 6825 [ 00000005 00000006 00000001 00000001
 6826 K 00000006 00000001 00000006 00000000
 6827 [ 00000006 00000006 00000001 00000001
 6828 K 00000007 00000001 00000006 00000000
 6829 [ 00000007 00000006 00000001 00000001
 6830 r 00000001 00000006 00000001 00000000
 6831 K 00000005 00000001 00000006 00000000
 6832 [ 00000000 00000006 00000001 00000001
 6833 r 00000000 00000007 00000001 00000000
 6834 K 00000000 00000001 00000007 00000000
 6835 [ 00000001 00000007 00000001 00000001
 6836 K 00000001 00000001 00000007 00000000
 6837 [ 00000002 00000007 00000001 00000001
 6838 K 00000002 00000001 00000007 00000000
 6839 [ 00000003 00000007 00000001 00000001
 6840 K 00000003 00000001 00000007 00000000
 6841 [ 00000004 00000007 00000001 00000001
 6842 K 00000004 00000001 00000007 00000000
 6843 [ 00000005 00000007 00000001 00000001
 6844 K 00000006 00000001 00000007 00000000
 6845 [ 00000006 00000007 00000001 00000001
 6846 K 00000007 00000001 00000007 00000000
 6847 [ 00000007 00000007 00000001 00000001
 6848 r 00000001 00000007 00000001 00000000
 6849 K 00000005 00000001 00000007 00000000
 6850 [ 00000000 00000007 00000001 00000001
 6851 r 00000000 00000008 00000001 00000000
 6852 K 00000000 00000001 00000008 00000000
 6853 [ 00000001 00000008 00000001 00000001
 6854 K 00000001 00000001 00000008 00000000
 6855 [ 00000002 00000008 00000001 00000001
 6856 K 00000002 00000001 00000008 00000000
 6857 [ 00000003 00000008 00000001 00000001
 6858 K 00000003 00000001 00000008 00000000
 6859 [ 00000004 00000008 00000001 00000001
 6860 K 00000004 00000001 00000008 00000000
 6861 [ 00000005 00000008 00000001 00000001
 6862 K 00000006 00000001 00000008 00000000
 6863 [ 00000006 00000008 00000001 00000001
 6864 K 00000007 00000001 00000008 00000000
 6865 [ 00000007 00000008 00000001 00000001
 6866 r 00000001 00000008 00000001 00000000
 6867 K 00000005 00000001 00000008 00000000
 6868 [ 00000000 00000008 00000001 00000001
 6869 r 00000000 00000009 00000001 00000000
 6870 K 00000000 00000001 00000009 00000000
 6871 [ 00000001 00000009 00000001 00000001
 6872 K 00000001 00000001 00000009 00000000
 6873 [ 00000002 00000009 00000001 00000001
 6874 K 00000002 00000001 00000009 00000000
 6875 [ 00000003 00000009 00000001 00000001
 6876 K 00000003 00000001 00000009 00000000
 6877 [ 00000004 00000009 00000001 00000001
 6878 K 00000004 00000001 00000009 00000000
 6879 [ 00000005 00000009 00000001 00000001
 6880 K 00000006 00000001 00000009 00000000
 6881 [ 00000006 00000009 00000001 00000001
 6882 K 00000007 00000001 00000009 00000000
 6883 [ 00000007 00000009 00000001 00000001
 6884 r 00000001 00000009 00000001 00000000
 6885 K 00000005 00000001 00000009 00000000
 6886 [ 00000000 00000009 00000001 00000001
 6887 r 00000000 00000004 00000001 00000000
 6888 K 00000000 00000001 00000004 00000000
 6889 [ 00000001 00000004 00000001 00000001
 6890 K 00000001 00000001 00000004 00000000
 6891 [ 00000002 00000004 00000001 00000001
 6892 K 00000002 00000001 00000004 00000000
 6893 [ 00000003 00000004 00000001 00000001
 6894 K 00000003 00000001 00000004 00000000
 6895 [ 00000004 00000004 00000001 00000001
 6896 K 00000004 00000001 00000004 00000000
 6897 [ 00000005 00000004 00000001 00000001
 6898 K 00000006 00000001 00000004 00000000
 6899 [ 00000006 00000004 00000001 00000001
 6900 K 00000007 00000001 00000004 00000000
 6901 [ 00000007 00000004 00000001 00000001
 6902 r 00000001 00000004 00000001 00000000
 6903 K 00000005 00000001 00000004 00000000
 6904 [ 00000000 00000004 00000001 00000001
 6905 r 00000000 00000003 00000001 00000000
 6906 K 00000000 00000001 00000003 00000000
 6907 [ 00000001 00000003 00000001 00000001
 6908 K 00000001 00000001 00000003 00000000
 6909 [ 00000002 00000003 00000001 00000001
 6910 K 00000002 00000001 00000003 00000000
 6911 [ 00000003 00000003 00000001 00000001
 6912 K 00000003 00000001 00000003 00000000
 6913 [ 00000004 00000003 00000001 00000001
 6914 K 00000004 00000001 00000003 00000000
 6915 [ 00000005 00000003 00000001 00000001
 6916 K 00000006 00000001 00000003 00000000
 6917 [ 00000006 00000003 00000001 00000001
 6918 K 00000007 00000001 00000003 00000000
 6919 [ 00000007 00000003 00000001 00000001
 6920 r 00000001 00000003 00000001 00000000
 6921 K 00000005 00000001 00000003 00000000
 6922 [ 00000000 00000003 00000001 00000001
 6923 r 00000000 00000000 00000001 00000000
 6924 K 00000000 00000001 00000000 00000000
 6925 [ 00000001 00000000 00000001 00000001
 6926 K 00000001 00000001 00000000 00000000
 6927 [ 00000002 00000000 00000001 00000001
 6928 K 00000002 00000001 00000000 00000000
 6929 [ 00000003 00000000 00000001 00000001
 6930 K 00000003 00000001 00000000 00000000
 6931 [ 00000004 00000000 00000001 00000001
 6932 K 00000004 00000001 00000000 00000000
 6933 [ 00000005 00000000 00000001 00000001
 6934 K 00000006 00000001 00000000 00000000
 6935 [ 00000006 00000000 00000001 00000001
 6936 K 00000007 00000001 00000000 00000000
 6937 [ 00000007 00000000 00000001 00000001
 6938 r 00000001 00000000 00000001 00000000
 6939 K 00000005 00000001 00000000 00000000
 6940 [ 00000000 00000000 00000001 00000001
 6941 r 00000000 00000001 00000001 00000000
 6942 K 00000000 00000001 00000001 00000000
 6943 [ 00000001 00000001 00000001 00000001
 6944 K 00000001 00000001 00000001 00000000
 6945 [ 00000002 00000001 00000001 00000001
 6946 K 00000002 00000001 00000001 00000000
 6947 [ 00000003 00000001 00000001 00000001
 6948 K 00000003 00000001 00000001 00000000
 6949 [ 00000004 00000001 00000001 00000001
 6950 K 00000004 00000001 00000001 00000000
 6951 [ 00000005 00000001 00000001 00000001
 6952 K 00000006 00000001 00000001 00000000
 6953 [ 00000006 00000001 00000001 00000001
 6954 K 00000007 00000001 00000001 00000000
 6955 [ 00000007 00000001 00000001 00000001
 6956 r 00000001 00000001 00000001 00000000
 6957 K 00000005 00000001 00000001 00000000
 6958 [ 00000000 00000001 00000001 00000001
 6959 r 00000000 00000002 00000001 00000000
 6960 K 00000000 00000001 00000002 00000000
 6961 [ 00000001 00000002 00000001 00000001
 6962 K 00000001 00000001 00000002 00000000
 6963 [ 00000002 00000002 00000001 00000001
 6964 K 00000002 00000001 00000002 00000000
 6965 [ 00000003 00000002 00000001 00000001
 6966 K 00000003 00000001 00000002 00000000
 6967 [ 00000004 00000002 00000001 00000001
 6968 K 00000004 00000001 00000002 00000000
 6969 [ 00000005 00000002 00000001 00000001
 6970 K 00000006 00000001 00000002 00000000
 6971 [ 00000006 00000002 00000001 00000001
 6972 K 00000007 00000001 00000002 00000000
 6973 [ 00000007 00000002 00000001 00000001
 6974 r 00000001 00000002 00000001 00000000
 6975 K 00000005 00000001 00000002 00000000
 6976 [ 00000000 00000002 00000001 00000001
 6977 r 00000000 0000001f 00000000 00000000
 6978 K 00000000 00000000 0000001f 00000000
 6979 [ 00000001 0000001f 00000000 00000000
 6980 K 00000001 00000000 0000001f 00000000
 6981 [ 00000002 0000001f 00000000 00000000
 6982 K 00000002 00000000 0000001f 00000000
 6983 [ 00000003 0000001f 00000000 00000000
 6984 K 00000003 00000000 0000001f 00000000
 6985 [ 00000004 0000001f 00000000 00000000
 6986 K 00000004 00000000 0000001f 00000000
 6987 [ 00000005 0000001f 00000000 00000000
 6988 K 00000006 00000000 0000001f 00000000
 6989 [ 00000006 0000001f 00000000 00000000
 6990 K 00000007 00000000 0000001f 00000000
 6991 [ 00000007 0000001f 00000000 00000000
 6992 r 00000001 0000001f 00000000 00000000
 6993 r 00000000 00000016 00000001 00000000
 6994 K 00000000 00000001 0000001b 00000000
 6995 [ 00000001 0000001b 00000001 00000001
 6996 K 00000001 00000001 0000001b 00000000
 6997 [ 00000002 0000001b 00000001 00000001
 6998 K 00000002 00000001 0000001b 00000000
 6999 [ 00000003 0000001b 00000001 00000001
 7000 K 00000003 00000001 0000001b 00000000
 7001 [ 00000004 0000001b 00000001 00000001
 7002 K 00000004 00000001 0000001b 00000000
 7003 [ 00000005 0000001b 00000001 00000001
 7004 K 00000006 00000001 0000001b 00000000
 7005 [ 00000006 0000001b 00000001 00000001
 7006 K 00000007 00000001 0000001b 00000000
 7007 [ 00000007 0000001b 00000001 00000001
 7008 r 00000001 00000016 00000001 00000000
 7009 K 00000005 00000001 0000001b 00000000
 7010 [ 00000000 0000001b 00000001 00000001
 7011 r 00000000 00000017 00000001 00000000
 7012 K 00000000 00000001 0000001d 00000000
 7013 [ 00000001 0000001d 00000001 00000001
 7014 K 00000001 00000001 0000001d 00000000
 7015 [ 00000002 0000001d 00000001 00000001
 7016 K 00000002 00000001 0000001d 00000000
 7017 [ 00000003 0000001d 00000001 00000001
 7018 K 00000003 00000001 0000001d 00000000
 7019 [ 00000004 0000001d 00000001 00000001
 7020 K 00000004 00000001 0000001d 00000000
 7021 [ 00000005 0000001d 00000001 00000001
 7022 K 00000006 00000001 0000001d 00000000
 7023 [ 00000006 0000001d 00000001 00000001
 7024 K 00000007 00000001 0000001d 00000000
 7025 [ 00000007 0000001d 00000001 00000001
 7026 r 00000001 00000017 00000001 00000000
 7027 K 00000005 00000001 0000001d 00000000
 7028 [ 00000000 0000001d 00000001 00000001
 7029 r 00000000 00000018 00000001 00000000
 7030 K 00000000 00000001 0000001c 00000000
 7031 [ 00000001 0000001c 00000001 00000001
 7032 K 00000001 00000001 0000001c 00000000
 7033 [ 00000002 0000001c 00000001 00000001
 7034 K 00000002 00000001 0000001c 00000000
 7035 [ 00000003 0000001c 00000001 00000001
 7036 K 00000003 00000001 0000001c 00000000
 7037 [ 00000004 0000001c 00000001 00000001
 7038 K 00000004 00000001 0000001c 00000000
 7039 [ 00000005 0000001c 00000001 00000001
 7040 K 00000006 00000001 0000001c 00000000
 7041 [ 00000006 0000001c 00000001 00000001
 7042 K 00000007 00000001 0000001c 00000000
 7043 [ 00000007 0000001c 00000001 00000001
 7044 r 00000001 00000018 00000001 00000000
 7045 K 00000005 00000001 0000001c 00000000
 7046 [ 00000000 0000001c 00000001 00000001
 7047 r 00000000 00000019 00000001 00000000
 7048 K 00000000 00000001 0000001e 00000000
 7049 [ 00000001 0000001e 00000001 00000001
 7050 K 00000001 00000001 0000001e 00000000
 7051 [ 00000002 0000001e 00000001 00000001
 7052 K 00000002 00000001 0000001e 00000000
 7053 [ 00000003 0000001e 00000001 00000001
 7054 K 00000003 00000001 0000001e 00000000
 7055 [ 00000004 0000001e 00000001 00000001
 7056 K 00000004 00000001 0000001e 00000000
 7057 [ 00000005 0000001e 00000001 00000001
 7058 K 00000006 00000001 0000001e 00000000
 7059 [ 00000006 0000001e 00000001 00000001
 7060 K 00000007 00000001 0000001e 00000000
 7061 [ 00000007 0000001e 00000001 00000001
 7062 r 00000001 00000019 00000001 00000000
 7063 K 00000005 00000001 0000001e 00000000
 7064 [ 00000000 0000001e 00000001 00000001
 7065 r 00000000 00000015 00000001 00000000
 7066 K 00000000 00000001 0000001a 00000000
 7067 [ 00000001 0000001a 00000001 00000001
 7068 K 00000001 00000001 0000001a 00000000
 7069 [ 00000002 0000001a 00000001 00000001
 7070 K 00000002 00000001 0000001a 00000000
 7071 [ 00000003 0000001a 00000001 00000001
 7072 K 00000003 00000001 0000001a 00000000
 7073 [ 00000004 0000001a 00000001 00000001
 7074 K 00000004 00000001 0000001a 00000000
 7075 [ 00000005 0000001a 00000001 00000001
 7076 K 00000006 00000001 0000001a 00000000
 7077 [ 00000006 0000001a 00000001 00000001
 7078 K 00000007 00000001 0000001a 00000000
 7079 [ 00000007 0000001a 00000001 00000001
 7080 r 00000001 00000015 00000001 00000000
 7081 K 00000005 00000001 0000001a 00000000
 7082 [ 00000000 0000001a 00000001 00000001
 7083 r 00000000 00000013 00000001 00000000
 7084 K 00000000 00000001 00000019 00000000
 7085 [ 00000001 00000019 00000001 00000001
 7086 K 00000001 00000001 00000019 00000000
 7087 [ 00000002 00000019 00000001 00000001
 7088 K 00000002 00000001 00000019 00000000
 7089 [ 00000003 00000019 00000001 00000001
 7090 K 00000003 00000001 00000019 00000000
 7091 [ 00000004 00000019 00000001 00000001
 7092 K 00000004 00000001 00000019 00000000
 7093 [ 00000005 00000019 00000001 00000001
 7094 K 00000006 00000001 00000019 00000000
 7095 [ 00000006 00000019 00000001 00000001
 7096 K 00000007 00000001 00000019 00000000
 7097 [ 00000007 00000019 00000001 00000001
 7098 r 00000001 00000013 00000001 00000000
 7099 K 00000005 00000001 00000019 00000000
 7100 [ 00000000 00000019 00000001 00000001
 7101 r 00000000 00000014 00000001 00000000
 7102 K 00000000 00000001 00000018 00000000
 7103 [ 00000001 00000018 00000001 00000001
 7104 K 00000001 00000001 00000018 00000000
 7105 [ 00000002 00000018 00000001 00000001
 7106 K 00000002 00000001 00000018 00000000
 7107 [ 00000003 00000018 00000001 00000001
 7108 K 00000003 00000001 00000018 00000000
 7109 [ 00000004 00000018 00000001 00000001
 7110 K 00000004 00000001 00000018 00000000
 7111 [ 00000005 00000018 00000001 00000001
 7112 K 00000006 00000001 00000018 00000000
 7113 [ 00000006 00000018 00000001 00000001
 7114 K 00000007 00000001 00000018 00000000
 7115 [ 00000007 00000018 00000001 00000001
 7116 r 00000001 00000014 00000000 00000000
 7117 K 00000005 00000000 00000018 00000000
 7118 [ 00000000 00000018 00000000 00000000
 7119 r 00000000 00000020 00000000 00000000
 7120 K 00000000 00000000 00000017 00000000
 7121 [ 00000001 00000017 00000000 00000000
 7122 K 00000001 00000000 00000017 00000000
 7123 [ 00000002 00000017 00000000 00000000
 7124 K 00000002 00000000 00000017 00000000
 7125 [ 00000003 00000017 00000000 00000000
 7126 K 00000003 00000000 00000017 00000000
 7127 [ 00000004 00000017 00000000 00000000
 7128 K 00000004 00000000 00000017 00000000
 7129 [ 00000005 00000017 00000000 00000000
 7130 K 00000006 00000000 00000017 00000000
 7131 [ 00000006 00000017 00000000 00000000
 7132 K 00000007 00000000 00000017 00000000
 7133 [ 00000007 00000017 00000000 00000000
 7134 r 00000001 00000020 00000000 00000000
 7135 K 00000005 00000000 00000017 00000000
 7136 [ 00000000 00000017 00000000 00000000
 7137 r 00000000 0000001a 00000001 00000000
 7138 K 00000000 00000001 00000016 00000000
 7139 [ 00000001 00000016 00000001 00000001
 7140 K 00000001 00000001 00000016 00000000
 7141 [ 00000002 00000016 00000001 00000001
 7142 K 00000002 00000001 00000016 00000000
 7143 [ 00000003 00000016 00000001 00000001
 7144 K 00000003 00000001 00000016 00000000
 7145 [ 00000004 00000016 00000001 00000001
 7146 K 00000004 00000001 00000016 00000000
 7147 [ 00000005 00000016 00000001 00000001
 7148 K 00000006 00000001 00000016 00000000
 7149 [ 00000006 00000016 00000001 00000001
 7150 K 00000007 00000001 00000016 00000000
 7151 [ 00000007 00000016 00000001 00000001
 7152 r 00000001 0000001a 00000001 00000000
 7153 K 00000005 00000001 00000016 00000000
 7154 [ 00000000 00000016 00000001 00000001
 7155 r 00000000 0000000e 00000001 00000000
 7156 K 00000000 00000001 00000013 00000000
 7157 [ 00000001 00000013 00000001 00000001
 7158 K 00000001 00000001 00000013 00000000
 7159 [ 00000002 00000013 00000001 00000001
 7160 K 00000002 00000001 00000013 00000000
 7161 [ 00000003 00000013 00000001 00000001
 7162 K 00000003 00000001 00000013 00000000
 7163 [ 00000004 00000013 00000001 00000001
 7164 K 00000004 00000001 00000013 00000000
 7165 [ 00000005 00000013 00000001 00000001
 7166 K 00000006 00000001 00000013 00000000
 7167 [ 00000006 00000013 00000001 00000001
 7168 K 00000007 00000001 00000013 00000000
 7169 [ 00000007 00000013 00000001 00000001
 7170 r 00000001 0000000e 00000001 00000000
 7171 K 00000005 00000001 00000013 00000000
 7172 [ 00000000 00000013 00000001 00000001
 7173 r 00000000 0000000f 00000001 00000000
 7174 K 00000000 00000001 00000014 00000000
 7175 [ 00000001 00000014 00000001 00000001
 7176 K 00000001 00000001 00000014 00000000
 7177 [ 00000002 00000014 00000001 00000001
 7178 K 00000002 00000001 00000014 00000000
 7179 [ 00000003 00000014 00000001 00000001
 7180 K 00000003 00000001 00000014 00000000
 7181 [ 00000004 00000014 00000001 00000001
 7182 K 00000004 00000001 00000014 00000000
 7183 [ 00000005 00000014 00000001 00000001
 7184 K 00000006 00000001 00000014 00000000
 7185 [ 00000006 00000014 00000001 00000001
 7186 K 00000007 00000001 00000014 00000000
 7187 [ 00000007 00000014 00000001 00000001
 7188 r 00000001 0000000f 00000001 00000000
 7189 K 00000005 00000001 00000014 00000000
 7190 [ 00000000 00000014 00000001 00000001
 7191 r 00000000 00000010 00000001 00000000
 7192 K 00000000 00000001 00000015 00000000
 7193 [ 00000001 00000015 00000001 00000001
 7194 K 00000001 00000001 00000015 00000000
 7195 [ 00000002 00000015 00000001 00000001
 7196 K 00000002 00000001 00000015 00000000
 7197 [ 00000003 00000015 00000001 00000001
 7198 K 00000003 00000001 00000015 00000000
 7199 [ 00000004 00000015 00000001 00000001
 7200 K 00000004 00000001 00000015 00000000
 7201 [ 00000005 00000015 00000001 00000001
 7202 K 00000006 00000001 00000015 00000000
 7203 [ 00000006 00000015 00000001 00000001
 7204 K 00000007 00000001 00000015 00000000
 7205 [ 00000007 00000015 00000001 00000001
 7206 r 00000001 00000010 00000001 00000000
 7207 K 00000005 00000001 00000015 00000000
 7208 [ 00000000 00000015 00000001 00000001
 7209 r 00000000 0000000c 00000001 00000000
 7210 K 00000000 00000001 00000010 00000000
 7211 [ 00000001 00000010 00000001 00000001
 7212 K 00000001 00000001 00000010 00000000
 7213 [ 00000002 00000010 00000001 00000001
 7214 K 00000002 00000001 00000010 00000000
 7215 [ 00000003 00000010 00000001 00000001
 7216 K 00000003 00000001 00000010 00000000
 7217 [ 00000004 00000010 00000001 00000001
 7218 K 00000004 00000001 00000010 00000000
 7219 [ 00000005 00000010 00000001 00000001
 7220 K 00000006 00000001 00000010 00000000
 7221 [ 00000006 00000010 00000001 00000001
 7222 K 00000007 00000001 00000010 00000000
 7223 [ 00000007 00000010 00000001 00000001
 7224 r 00000001 0000000c 00000001 00000000
 7225 K 00000005 00000001 00000010 00000000
 7226 [ 00000000 00000010 00000001 00000001
 7227 r 00000000 00000040 00000001 00000000
 7228 K 00000000 00000001 00000012 00000000
 7229 [ 00000001 00000012 00000001 00000001
 7230 K 00000001 00000001 00000012 00000000
 7231 [ 00000002 00000012 00000001 00000001
 7232 K 00000002 00000001 00000012 00000000
 7233 [ 00000003 00000012 00000001 00000001
 7234 K 00000003 00000001 00000012 00000000
 7235 [ 00000004 00000012 00000001 00000001
 7236 K 00000004 00000001 00000012 00000000
 7237 [ 00000005 00000012 00000001 00000001
 7238 K 00000006 00000001 00000012 00000000
 7239 [ 00000006 00000012 00000001 00000001
 7240 K 00000007 00000001 00000012 00000000
 7241 [ 00000007 00000012 00000001 00000001
 7242 r 00000001 00000040 00000001 00000000
 7243 K 00000005 00000001 00000012 00000000
 7244 [ 00000000 00000012 00000001 00000001
 7245 r 00000000 00000041 00000001 00000000
 7246 K 00000000 00000001 00000011 00000000
 7247 [ 00000001 00000011 00000001 00000001
 7248 K 00000001 00000001 00000011 00000000
 7249 [ 00000002 00000011 00000001 00000001
 7250 K 00000002 00000001 00000011 00000000
 7251 [ 00000003 00000011 00000001 00000001
 7252 K 00000003 00000001 00000011 00000000
 7253 [ 00000004 00000011 00000001 00000001
 7254 K 00000004 00000001 00000011 00000000
 7255 [ 00000005 00000011 00000001 00000001
 7256 K 00000006 00000001 00000011 00000000
 7257 [ 00000006 00000011 00000001 00000001
 7258 K 00000007 00000001 00000011 00000000
 7259 [ 00000007 00000011 00000001 00000001
 7260 r 00000001 00000041 00000001 00000000
 7261 K 00000005 00000001 00000011 00000000
 7262 [ 00000000 00000011 00000001 00000001
 7263 r 00000000 00000042 00000001 00000000
 7264 K 00000000 00000001 0000002a 00000000
 7265 [ 00000001 0000002a 00000001 00000001
 7266 K 00000001 00000001 0000002a 00000000
 7267 [ 00000002 0000002a 00000001 00000001
 7268 K 00000002 00000001 0000002a 00000000
 7269 [ 00000003 0000002a 00000001 00000001
 7270 K 00000003 00000001 0000002a 00000000
 7271 [ 00000004 0000002a 00000001 00000001
 7272 K 00000004 00000001 0000002a 00000000
 7273 [ 00000005 0000002a 00000001 00000001
 7274 K 00000006 00000001 0000002a 00000000
 7275 [ 00000006 0000002a 00000001 00000001
 7276 K 00000007 00000001 0000002a 00000000
 7277 [ 00000007 0000002a 00000001 00000001
 7278 r 00000001 00000042 00000001 00000000
 7279 K 00000005 00000001 0000002a 00000000
 7280 [ 00000000 0000002a 00000001 00000001
 7281 r 00000000 00000029 00000001 00000000
 7282 K 00000000 00000001 00000029 00000000
 7283 [ 00000001 00000029 00000001 00000001
 7284 K 00000001 00000001 00000029 00000000
 7285 [ 00000002 00000029 00000001 00000001
 7286 K 00000002 00000001 00000029 00000000
 7287 [ 00000003 00000029 00000001 00000001
 7288 K 00000003 00000001 00000029 00000000
 7289 [ 00000004 00000029 00000001 00000001
 7290 K 00000004 00000001 00000029 00000000
 7291 [ 00000005 00000029 00000001 00000001
 7292 K 00000006 00000001 00000029 00000000
 7293 [ 00000006 00000029 00000001 00000001
 7294 K 00000007 00000001 00000029 00000000
 7295 [ 00000007 00000029 00000001 00000001
 7296 r 00000001 00000029 00000001 00000000
 7297 r 00000000 0000002b 00000001 00000000
 7298 r 00000001 0000002b 00000001 00000000
 7299 r 00000000 0000000b 00000001 00000000
 7300 K 00000000 00000001 00000027 00000000
 7301 [ 00000001 00000027 00000001 00000001
 7302 K 00000001 00000001 00000027 00000000
 7303 [ 00000002 00000027 00000001 00000001
 7304 K 00000002 00000001 00000027 00000000
 7305 [ 00000003 00000027 00000001 00000001
 7306 K 00000003 00000001 00000027 00000000
 7307 [ 00000004 00000027 00000001 00000001
 7308 K 00000004 00000001 00000027 00000000
 7309 [ 00000005 00000027 00000001 00000001
 7310 K 00000006 00000001 00000027 00000000
 7311 [ 00000006 00000027 00000001 00000001
 7312 K 00000007 00000001 00000027 00000000
 7313 [ 00000007 00000027 00000001 00000001
 7314 r 00000001 0000000b 00000001 00000000
 7315 K 00000005 00000001 00000027 00000000
 7316 [ 00000000 00000027 00000001 00000001
 7317 r 00000000 00000043 00000000 00000000
 7318 K 00000000 00000000 00000025 00000000
 7319 [ 00000001 00000025 00000000 00000000
 7320 K 00000001 00000000 00000025 00000000
 7321 [ 00000002 00000025 00000000 00000000
 7322 K 00000002 00000000 00000025 00000000
 7323 [ 00000003 00000025 00000000 00000000
 7324 K 00000003 00000000 00000025 00000000
 7325 [ 00000004 00000025 00000000 00000000
 7326 K 00000004 00000000 00000025 00000000
 7327 [ 00000005 00000025 00000000 00000000
 7328 K 00000006 00000000 00000025 00000000
 7329 [ 00000006 00000025 00000000 00000000
 7330 K 00000007 00000000 00000025 00000000
 7331 [ 00000007 00000025 00000000 00000000
 7332 r 00000001 00000043 00000000 00000000
 7333 K 00000005 00000000 00000025 00000000
 7334 [ 00000000 00000025 00000000 00000000
 7335 r 00000000 00000044 00000000 00000000
 7336 K 00000000 00000000 00000026 00000000
 7337 [ 00000001 00000026 00000000 00000000
 7338 K 00000001 00000000 00000026 00000000
 7339 [ 00000002 00000026 00000000 00000000
 7340 K 00000002 00000000 00000026 00000000
 7341 [ 00000003 00000026 00000000 00000000
 7342 K 00000003 00000000 00000026 00000000
 7343 [ 00000004 00000026 00000000 00000000
 7344 K 00000004 00000000 00000026 00000000
 7345 [ 00000005 00000026 00000000 00000000
 7346 K 00000006 00000000 00000026 00000000
 7347 [ 00000006 00000026 00000000 00000000
 7348 K 00000007 00000000 00000026 00000000
 7349 [ 00000007 00000026 00000000 00000000
 7350 r 00000001 00000044 00000000 00000000
 7351 K 00000005 00000000 00000026 00000000
 7352 [ 00000000 00000026 00000000 00000000
 7353 r 00000000 00000023 00000000 00000000
 7354 K 00000000 00000000 00000024 00000000
 7355 [ 00000001 00000024 00000000 00000000
 7356 K 00000001 00000000 00000024 00000000
 7357 [ 00000002 00000024 00000000 00000000
 7358 K 00000002 00000000 00000024 00000000
 7359 [ 00000003 00000024 00000000 00000000
 7360 K 00000003 00000000 00000024 00000000
 7361 [ 00000004 00000024 00000000 00000000
 7362 K 00000004 00000000 00000024 00000000
 7363 [ 00000005 00000024 00000000 00000000
 7364 K 00000006 00000000 00000024 00000000
 7365 [ 00000006 00000024 00000000 00000000
 7366 K 00000007 00000000 00000024 00000000
 7367 [ 00000007 00000024 00000000 00000000
 7368 r 00000001 00000023 00000000 00000000
 7369 r 00000000 00000024 00000000 00000000
 7370 K 00000000 00000000 00000022 00000000
 7371 [ 00000001 00000022 00000000 00000000
 7372 K 00000001 00000000 00000022 00000000
 7373 [ 00000002 00000022 00000000 00000000
 7374 K 00000002 00000000 00000022 00000000
 7375 [ 00000003 00000022 00000000 00000000
 7376 K 00000003 00000000 00000022 00000000
 7377 [ 00000004 00000022 00000000 00000000
 7378 K 00000004 00000000 00000022 00000000
 7379 [ 00000005 00000022 00000000 00000000
 7380 K 00000006 00000000 00000022 00000000
 7381 [ 00000006 00000022 00000000 00000000
 7382 K 00000007 00000000 00000022 00000000
 7383 [ 00000007 00000022 00000000 00000000
 7384 r 00000001 00000024 00000000 00000000
 7385 r 00000000 0000002c 00000001 00000000
 7386 K 00000000 00000001 00000021 00000000
 7387 [ 00000001 00000021 00000001 00000001
 7388 K 00000001 00000001 00000021 00000000
 7389 [ 00000002 00000021 00000001 00000001
 7390 K 00000002 00000001 00000021 00000000
 7391 [ 00000003 00000021 00000001 00000001
 7392 K 00000003 00000001 00000021 00000000
 7393 [ 00000004 00000021 00000001 00000001
 7394 K 00000004 00000001 00000021 00000000
 7395 [ 00000005 00000021 00000001 00000001
 7396 K 00000006 00000001 00000021 00000000
 7397 [ 00000006 00000021 00000001 00000001
 7398 K 00000007 00000001 00000021 00000000
 7399 [ 00000007 00000021 00000001 00000001
 7400 r 00000001 0000002c 00000001 00000000
 7401 K 00000005 00000001 00000021 00000000
 7402 [ 00000000 00000021 00000001 00000001
 7403 r 00000000 00000025 00000001 00000000
 7404 K 00000000 00000001 00000023 00000000
 7405 [ 00000001 00000023 00000001 00000001
 7406 K 00000001 00000001 00000023 00000000
 7407 [ 00000002 00000023 00000001 00000001
 7408 K 00000002 00000001 00000023 00000000
 7409 [ 00000003 00000023 00000001 00000001
 7410 K 00000003 00000001 00000023 00000000
 7411 [ 00000004 00000023 00000001 00000001
 7412 K 00000004 00000001 00000023 00000000
 7413 [ 00000005 00000023 00000001 00000001
 7414 K 00000006 00000001 00000023 00000000
 7415 [ 00000006 00000023 00000001 00000001
 7416 K 00000007 00000001 00000023 00000000
 7417 [ 00000007 00000023 00000001 00000001
 7418 r 00000001 00000025 00000001 00000000
 7419 r 00000000 0000001d 00000001 00000000
 7420 K 00000000 00000001 00000020 00000000
 7421 [ 00000001 00000020 00000001 00000001
 7422 K 00000001 00000001 00000020 00000000
 7423 [ 00000002 00000020 00000001 00000001
 7424 K 00000002 00000001 00000020 00000000
 7425 [ 00000003 00000020 00000001 00000001
 7426 K 00000003 00000001 00000020 00000000
 7427 [ 00000004 00000020 00000001 00000001
 7428 K 00000004 00000001 00000020 00000000
 7429 [ 00000005 00000020 00000001 00000001
 7430 K 00000006 00000001 00000020 00000000
 7431 [ 00000006 00000020 00000001 00000001
 7432 K 00000007 00000001 00000020 00000000
 7433 [ 00000007 00000020 00000001 00000001
 7434 r 00000001 0000001d 00000001 00000000
 7435 K 00000005 00000001 00000020 00000000
 7436 [ 00000000 00000020 00000001 00000001
 7437 r 00000000 00000045 00000001 00000000
 7438 r 00000001 00000045 00000001 00000000
 7439 r 00000000 00000046 00000001 00000000
 7440 K 00000000 00000001 0000002b 00000000
 7441 [ 00000001 0000002b 00000001 00000001
 7442 K 00000001 00000001 0000002b 00000000
 7443 [ 00000002 0000002b 00000001 00000001
 7444 K 00000002 00000001 0000002b 00000000
 7445 [ 00000003 0000002b 00000001 00000001
 7446 K 00000003 00000001 0000002b 00000000
 7447 [ 00000004 0000002b 00000001 00000001
 7448 K 00000004 00000001 0000002b 00000000
 7449 [ 00000005 0000002b 00000001 00000001
 7450 K 00000006 00000001 0000002b 00000000
 7451 [ 00000006 0000002b 00000001 00000001
 7452 K 00000007 00000001 0000002b 00000000
 7453 [ 00000007 0000002b 00000001 00000001
 7454 r 00000001 00000046 00000001 00000000
 7455 K 00000005 00000001 0000002b 00000000
 7456 [ 00000000 0000002b 00000001 00000001
 7457 r 00000000 00000022 00000001 00000000
 7458 r 00000001 00000022 00000001 00000000
 7459 r 00000000 0000000d 00000001 00000000
 7460 r 00000001 0000000d 00000001 00000000
 7461 r 00000000 00000011 00000001 00000000
 7462 r 00000001 00000011 00000001 00000000
 7463 r 00000000 0000001b 00000001 00000000
 7464 r 00000001 0000001b 00000001 00000000
 7465 r 00000000 00000026 00000000 00000000
 7466 r 00000001 00000026 00000000 00000000
 7467 r 00000000 00000027 00000001 00000000
 7468 r 00000001 00000027 00000001 00000000
 7469 r 00000000 00000028 00000000 00000000
 7470 r 00000001 00000028 00000000 00000000
 7471 K 00000005 00000000 00000042 00000000
 7472 r 00000000 0000002a 00000001 00000000
 7473 r 00000001 0000002a 00000001 00000000
 7474 K 00000005 00000001 00000041 00000000
 7475 r 00000000 0000002d 00000001 00000000
 7476 r 00000001 0000002d 00000001 00000000
 7477 r 00000000 0000002e 00000001 00000000
 7478 r 00000001 0000002e 00000001 00000000
 7479 r 00000000 0000002f 00000001 00000000
 7480 K 00000000 00000001 00000038 00000000
 7481 [ 00000001 00000038 00000001 00000001
 7482 K 00000001 00000001 00000038 00000000
 7483 [ 00000002 00000038 00000001 00000001
 7484 K 00000002 00000001 00000038 00000000
 7485 [ 00000003 00000038 00000001 00000001
 7486 K 00000003 00000001 00000038 00000000
 7487 [ 00000004 00000038 00000001 00000001
 7488 K 00000004 00000001 00000038 00000000
 7489 [ 00000005 00000038 00000001 00000001
 7490 K 00000006 00000001 00000038 00000000
 7491 [ 00000006 00000038 00000001 00000001
 7492 K 00000007 00000001 00000038 00000000
 7493 [ 00000007 00000038 00000001 00000001
 7494 r 00000001 0000002f 00000001 00000000
 7495 K 00000005 00000001 00000038 00000000
 7496 [ 00000000 00000038 00000001 00000001
 7497 r 00000000 00000030 00000001 00000000
 7498 K 00000000 00000001 00000037 00000000
 7499 [ 00000001 00000037 00000001 00000001
 7500 K 00000001 00000001 00000037 00000000
 7501 [ 00000002 00000037 00000001 00000001
 7502 K 00000002 00000001 00000037 00000000
 7503 [ 00000003 00000037 00000001 00000001
 7504 K 00000003 00000001 00000037 00000000
 7505 [ 00000004 00000037 00000001 00000001
 7506 K 00000004 00000001 00000037 00000000
 7507 [ 00000005 00000037 00000001 00000001
 7508 K 00000006 00000001 00000037 00000000
 7509 [ 00000006 00000037 00000001 00000001
 7510 K 00000007 00000001 00000037 00000000
 7511 [ 00000007 00000037 00000001 00000001
 7512 r 00000001 00000030 00000001 00000000
 7513 K 00000005 00000001 00000037 00000000
 7514 [ 00000000 00000037 00000001 00000001
 7515 r 00000000 00000031 00000001 00000000
 7516 K 00000000 00000001 00000036 00000000
 7517 [ 00000001 00000036 00000001 00000001
 7518 K 00000001 00000001 00000036 00000000
 7519 [ 00000002 00000036 00000001 00000001
 7520 K 00000002 00000001 00000036 00000000
 7521 [ 00000003 00000036 00000001 00000001
 7522 K 00000003 00000001 00000036 00000000
 7523 [ 00000004 00000036 00000001 00000001
 7524 K 00000004 00000001 00000036 00000000
 7525 [ 00000005 00000036 00000001 00000001
 7526 K 00000006 00000001 00000036 00000000
 7527 [ 00000006 00000036 00000001 00000001
 7528 K 00000007 00000001 00000036 00000000
 7529 [ 00000007 00000036 00000001 00000001
 7530 r 00000001 00000031 00000001 00000000
 7531 K 00000005 00000001 00000036 00000000
 7532 [ 00000000 00000036 00000001 00000001
 7533 r 00000000 00000032 00000001 00000000
 7534 K 00000000 00000001 00000035 00000000
 7535 [ 00000001 00000035 00000001 00000001
 7536 K 00000001 00000001 00000035 00000000
 7537 [ 00000002 00000035 00000001 00000001
 7538 K 00000002 00000001 00000035 00000000
 7539 [ 00000003 00000035 00000001 00000001
 7540 K 00000003 00000001 00000035 00000000
 7541 [ 00000004 00000035 00000001 00000001
 7542 K 00000004 00000001 00000035 00000000
 7543 [ 00000005 00000035 00000001 00000001
 7544 K 00000006 00000001 00000035 00000000
 7545 [ 00000006 00000035 00000001 00000001
 7546 K 00000007 00000001 00000035 00000000
 7547 [ 00000007 00000035 00000001 00000001
 7548 r 00000001 00000032 00000001 00000000
 7549 K 00000005 00000001 00000035 00000000
 7550 [ 00000000 00000035 00000001 00000001
 7551 r 00000000 00000033 00000001 00000000
 7552 K 00000000 00000001 00000034 00000000
 7553 [ 00000001 00000034 00000001 00000001
 7554 K 00000001 00000001 00000034 00000000
 7555 [ 00000002 00000034 00000001 00000001
 7556 K 00000002 00000001 00000034 00000000
 7557 [ 00000003 00000034 00000001 00000001
 7558 K 00000003 00000001 00000034 00000000
 7559 [ 00000004 00000034 00000001 00000001
 7560 K 00000004 00000001 00000034 00000000
 7561 [ 00000005 00000034 00000001 00000001
 7562 K 00000006 00000001 00000034 00000000
 7563 [ 00000006 00000034 00000001 00000001
 7564 K 00000007 00000001 00000034 00000000
 7565 [ 00000007 00000034 00000001 00000001
 7566 r 00000001 00000033 00000001 00000000
 7567 K 00000005 00000001 00000034 00000000
 7568 [ 00000000 00000034 00000001 00000001
 7569 r 00000000 00000034 00000001 00000000
 7570 K 00000000 00000001 00000033 00000000
 7571 [ 00000001 00000033 00000001 00000001
 7572 K 00000001 00000001 00000033 00000000
 7573 [ 00000002 00000033 00000001 00000001
 7574 K 00000002 00000001 00000033 00000000
 7575 [ 00000003 00000033 00000001 00000001
 7576 K 00000003 00000001 00000033 00000000
 7577 [ 00000004 00000033 00000001 00000001
 7578 K 00000004 00000001 00000033 00000000
 7579 [ 00000005 00000033 00000001 00000001
 7580 K 00000006 00000001 00000033 00000000
 7581 [ 00000006 00000033 00000001 00000001
 7582 K 00000007 00000001 00000033 00000000
 7583 [ 00000007 00000033 00000001 00000001
 7584 r 00000001 00000034 00000001 00000000
 7585 K 00000005 00000001 00000033 00000000
 7586 [ 00000000 00000033 00000001 00000001
 7587 r 00000000 00000035 00000001 00000000
 7588 K 00000000 00000001 00000032 00000000
 7589 [ 00000001 00000032 00000001 00000001
 7590 K 00000001 00000001 00000032 00000000
 7591 [ 00000002 00000032 00000001 00000001
 7592 K 00000002 00000001 00000032 00000000
 7593 [ 00000003 00000032 00000001 00000001
 7594 K 00000003 00000001 00000032 00000000
 7595 [ 00000004 00000032 00000001 00000001
 7596 K 00000004 00000001 00000032 00000000
 7597 [ 00000005 00000032 00000001 00000001
 7598 K 00000006 00000001 00000032 00000000
 7599 [ 00000006 00000032 00000001 00000001
 7600 K 00000007 00000001 00000032 00000000
 7601 [ 00000007 00000032 00000001 00000001
 7602 r 00000001 00000035 00000001 00000000
 7603 K 00000005 00000001 00000032 00000000
 7604 [ 00000000 00000032 00000001 00000001
 7605 r 00000000 00000036 00000001 00000000
 7606 K 00000000 00000001 00000031 00000000
 7607 [ 00000001 00000031 00000001 00000001
 7608 K 00000001 00000001 00000031 00000000
 7609 [ 00000002 00000031 00000001 00000001
 7610 K 00000002 00000001 00000031 00000000
 7611 [ 00000003 00000031 00000001 00000001
 7612 K 00000003 00000001 00000031 00000000
 7613 [ 00000004 00000031 00000001 00000001
 7614 K 00000004 00000001 00000031 00000000
 7615 [ 00000005 00000031 00000001 00000001
 7616 K 00000006 00000001 00000031 00000000
 7617 [ 00000006 00000031 00000001 00000001
 7618 K 00000007 00000001 00000031 00000000
 7619 [ 00000007 00000031 00000001 00000001
 7620 r 00000001 00000036 00000001 00000000
 7621 K 00000005 00000001 00000031 00000000
 7622 [ 00000000 00000031 00000001 00000001
 7623 r 00000000 00000037 00000001 00000000
 7624 K 00000000 00000001 00000030 00000000
 7625 [ 00000001 00000030 00000001 00000001
 7626 K 00000001 00000001 00000030 00000000
 7627 [ 00000002 00000030 00000001 00000001
 7628 K 00000002 00000001 00000030 00000000
 7629 [ 00000003 00000030 00000001 00000001
 7630 K 00000003 00000001 00000030 00000000
 7631 [ 00000004 00000030 00000001 00000001
 7632 K 00000004 00000001 00000030 00000000
 7633 [ 00000005 00000030 00000001 00000001
 7634 K 00000006 00000001 00000030 00000000
 7635 [ 00000006 00000030 00000001 00000001
 7636 K 00000007 00000001 00000030 00000000
 7637 [ 00000007 00000030 00000001 00000001
 7638 r 00000001 00000037 00000001 00000000
 7639 K 00000005 00000001 0000002d 00000000
 7640 [ 00000000 0000002d 00000001 00000001
 7641 r 00000000 00000038 00000001 00000000
 7642 K 00000000 00000001 0000002f 00000000
 7643 [ 00000001 0000002f 00000001 00000001
 7644 K 00000001 00000001 0000002f 00000000
 7645 [ 00000002 0000002f 00000001 00000001
 7646 K 00000002 00000001 0000002f 00000000
 7647 [ 00000003 0000002f 00000001 00000001
 7648 K 00000003 00000001 0000002f 00000000
 7649 [ 00000004 0000002f 00000001 00000001
 7650 K 00000004 00000001 0000002f 00000000
 7651 [ 00000005 0000002f 00000001 00000001
 7652 K 00000006 00000001 0000002f 00000000
 7653 [ 00000006 0000002f 00000001 00000001
 7654 K 00000007 00000001 0000002f 00000000
 7655 [ 00000007 0000002f 00000001 00000001
 7656 r 00000001 00000038 00000001 00000000
 7657 K 00000005 00000001 0000002f 00000000
 7658 [ 00000000 0000002f 00000001 00000001
 7659 r 00000000 00000039 00000001 00000000
 7660 K 00000000 00000001 0000002e 00000000
 7661 [ 00000001 0000002e 00000001 00000001
 7662 K 00000001 00000001 0000002e 00000000
 7663 [ 00000002 0000002e 00000001 00000001
 7664 K 00000002 00000001 0000002e 00000000
 7665 [ 00000003 0000002e 00000001 00000001
 7666 K 00000003 00000001 0000002e 00000000
 7667 [ 00000004 0000002e 00000001 00000001
 7668 K 00000004 00000001 0000002e 00000000
 7669 [ 00000005 0000002e 00000001 00000001
 7670 K 00000006 00000001 0000002e 00000000
 7671 [ 00000006 0000002e 00000001 00000001
 7672 K 00000007 00000001 0000002e 00000000
 7673 [ 00000007 0000002e 00000001 00000001
 7674 r 00000001 00000039 00000001 00000000
 7675 K 00000005 00000001 0000002e 00000000
 7676 [ 00000000 0000002e 00000001 00000001
 7677 r 00000000 0000003a 00000001 00000000
 7678 K 00000000 00000001 0000002d 00000000
 7679 [ 00000001 0000002d 00000001 00000001
 7680 K 00000001 00000001 0000002d 00000000
 7681 [ 00000002 0000002d 00000001 00000001
 7682 K 00000002 00000001 0000002d 00000000
 7683 [ 00000003 0000002d 00000001 00000001
 7684 K 00000003 00000001 0000002d 00000000
 7685 [ 00000004 0000002d 00000001 00000001
 7686 K 00000004 00000001 0000002d 00000000
 7687 [ 00000005 0000002d 00000001 00000001
 7688 K 00000006 00000001 0000002d 00000000
 7689 [ 00000006 0000002d 00000001 00000001
 7690 K 00000007 00000001 0000002d 00000000
 7691 [ 00000007 0000002d 00000001 00000001
 7692 r 00000001 0000003a 00000001 00000000
 7693 K 00000005 00000001 0000002d 00000000
 7694 [ 00000000 0000002d 00000001 00000001
 7695 r 00000000 0000003b 00000001 00000000
 7696 K 00000000 00000001 0000003c 00000000
 7697 [ 00000001 0000003c 00000001 00000001
 7698 K 00000001 00000001 0000003c 00000000
 7699 [ 00000002 0000003c 00000001 00000001
 7700 K 00000002 00000001 0000003c 00000000
 7701 [ 00000003 0000003c 00000001 00000001
 7702 K 00000003 00000001 0000003c 00000000
 7703 [ 00000004 0000003c 00000001 00000001
 7704 K 00000004 00000001 0000003c 00000000
 7705 [ 00000005 0000003c 00000001 00000001
 7706 K 00000006 00000001 0000003c 00000000
 7707 [ 00000006 0000003c 00000001 00000001
 7708 K 00000007 00000001 0000003c 00000000
 7709 [ 00000007 0000003c 00000001 00000001
 7710 r 00000001 0000003b 00000001 00000000
 7711 K 00000005 00000001 0000003c 00000000
 7712 [ 00000000 0000003c 00000001 00000001
 7713 r 00000000 0000003c 00000001 00000000
 7714 K 00000000 00000001 0000003b 00000000
 7715 [ 00000001 0000003b 00000001 00000001
 7716 K 00000001 00000001 0000003b 00000000
 7717 [ 00000002 0000003b 00000001 00000001
 7718 K 00000002 00000001 0000003b 00000000
 7719 [ 00000003 0000003b 00000001 00000001
 7720 K 00000003 00000001 0000003b 00000000
 7721 [ 00000004 0000003b 00000001 00000001
 7722 K 00000004 00000001 0000003b 00000000
 7723 [ 00000005 0000003b 00000001 00000001
 7724 K 00000006 00000001 0000003b 00000000
 7725 [ 00000006 0000003b 00000001 00000001
 7726 K 00000007 00000001 0000003b 00000000
 7727 [ 00000007 0000003b 00000001 00000001
 7728 r 00000001 0000003c 00000001 00000000
 7729 K 00000005 00000001 0000003b 00000000
 7730 [ 00000000 0000003b 00000001 00000001
 7731 r 00000000 0000003d 00000001 00000000
 7732 K 00000000 00000001 0000003a 00000000
 7733 [ 00000001 0000003a 00000001 00000001
 7734 K 00000001 00000001 0000003a 00000000
 7735 [ 00000002 0000003a 00000001 00000001
 7736 K 00000002 00000001 0000003a 00000000
 7737 [ 00000003 0000003a 00000001 00000001
 7738 K 00000003 00000001 0000003a 00000000
 7739 [ 00000004 0000003a 00000001 00000001
 7740 K 00000004 00000001 0000003a 00000000
 7741 [ 00000005 0000003a 00000001 00000001
 7742 K 00000006 00000001 0000003a 00000000
 7743 [ 00000006 0000003a 00000001 00000001
 7744 K 00000007 00000001 0000003a 00000000
 7745 [ 00000007 0000003a 00000001 00000001
 7746 r 00000001 0000003d 00000001 00000000
 7747 K 00000005 00000001 0000003a 00000000
 7748 [ 00000000 0000003a 00000001 00000001
 7749 r 00000000 0000003e 00000001 00000000
 7750 K 00000000 00000001 00000039 00000000
 7751 [ 00000001 00000039 00000001 00000001
 7752 K 00000001 00000001 00000039 00000000
 7753 [ 00000002 00000039 00000001 00000001
 7754 K 00000002 00000001 00000039 00000000
 7755 [ 00000003 00000039 00000001 00000001
 7756 K 00000003 00000001 00000039 00000000
 7757 [ 00000004 00000039 00000001 00000001
 7758 K 00000004 00000001 00000039 00000000
 7759 [ 00000005 00000039 00000001 00000001
 7760 K 00000006 00000001 00000039 00000000
 7761 [ 00000006 00000039 00000001 00000001
 7762 K 00000007 00000001 00000039 00000000
 7763 [ 00000007 00000039 00000001 00000001
 7764 r 00000001 0000003e 00000001 00000000
 7765 K 00000005 00000001 00000039 00000000
 7766 [ 00000000 00000039 00000001 00000001
 7767 g cd1e9d2c cd1e9d30 bf102468 00000000
 7768 c cd1e9d2c cd1e9d30 bf102468 00000000
 7769 s 00000001 00000000 00000000 00000000
 7770 o 00000001 00000000 00000000 00000000
 7771 9 00000001 cd1e9d3c bf0fbc24 f4000000
 7772 8 00000001 cd1e9d3c 1b1a1918 00000051
 7773 9 00000001 cd1e9d3c bf0fbc24 f4000000
 7774 8 00000001 cd1e9d3c 1b1a1918 00000055
 7775 9 00000002 cd1e9d3c bf0fbc24 f4000000
 7776 8 00000002 cd1e9d3c 2b2a2928 00000051
 7777 9 00000002 cd1e9d3c bf0fbc24 f4000000
 7778 8 00000002 cd1e9d3c 2b2a2928 00000055
 7779 9 00000003 cd1e9d3c bf0fbc24 f4000000
 7780 8 00000003 cd1e9d3c 3b3a3938 00000051
 7781 9 00000003 cd1e9d3c bf0fbc24 f4000000
 7782 8 00000003 cd1e9d3c 3b3a3938 00000055
 7783 9 00000004 cd1e9d3c bf0fbc24 f4000000
 7784 8 00000004 cd1e9d3c 4b4a4948 00000051
 7785 9 00000004 cd1e9d3c bf0fbc24 f4000000
 7786 8 00000004 cd1e9d3c 4b4a4948 00000055
 7787 9 00000005 cd1e9d3c bf0fbc24 f4000000
 7788 8 00000005 cd1e9d3c 5b5a5958 00000051
 7789 9 00000005 cd1e9d3c bf0fbc24 f4000000
 7790 8 00000005 cd1e9d3c 5b5a5958 00000055
 7791 9 00000006 cd1e9d3c bf0fbc24 f4000000
 7792 8 00000006 cd1e9d3c 6b6a6968 00000051
 7793 9 00000006 cd1e9d3c bf0fbc24 f4000000
 7794 8 00000006 cd1e9d3c 6b6a6968 00000055
 7795 9 00000007 cd1e9d3c bf0fbc24 f4000000
 7796 8 00000007 cd1e9d3c 7b7a7978 00000051
 7797 9 00000007 cd1e9d3c bf0fbc24 f4000000
 7798 8 00000007 cd1e9d3c 7b7a7978 00000055
 7799 9 00000008 cd1e9d3c bf0fbc24 f4000000
 7800 8 00000008 cd1e9d3c 8b8a8988 00000051
 7801 9 00000008 cd1e9d3c bf0fbc24 f4000000
 7802 8 00000008 cd1e9d3c 8b8a8988 00000055
 7803 9 00000008 cd1e9a00 00000005 00000008
 7804 8 00000008 cd1e9a00 00000055 00000155
 7805 9 00000008 cd1e9a00 00000005 00000008
 7806 8 00000008 cd1e9a00 00000155 00000355
 7807 9 00000008 cd1e99f0 00000005 00000008
 7808 9 00000008 cd1e99f0 00000005 00000008
 7809 8 00000008 cd1e99f0 00000355 00000755
 7810 9 00000005 cd1e99f0 00000004 00000005
 7811 8 00000005 cd1e99f0 00000055 00000155
 7812 9 00000005 cd1e99f0 00000004 00000005
 7813 8 00000005 cd1e99f0 00000155 00000355
 7814 9 00000001 cd1e99f0 00000000 00000001
 7815 8 00000001 cd1e99f0 00000055 00000155
 7816 9 00000001 cd1e99f0 00000000 00000001
 7817 8 00000001 cd1e99f0 00000155 00000355
 7818 9 00000002 cd1e99f0 00000001 00000002
 7819 8 00000002 cd1e99f0 00000055 00000155
 7820 9 00000002 cd1e99f0 00000001 00000002
 7821 8 00000002 cd1e99f0 00000155 00000355
 7822 9 00000003 cd1e99f0 00000002 00000003
 7823 8 00000003 cd1e99f0 00000055 00000155
 7824 9 00000003 cd1e99f0 00000002 00000003
 7825 8 00000003 cd1e99f0 00000155 00000355
 7826 9 00000004 cd1e99f0 00000003 00000004
 7827 8 00000004 cd1e99f0 00000055 00000155
 7828 9 00000004 cd1e99f0 00000003 00000004
 7829 8 00000004 cd1e99f0 00000155 00000355
 7830 A 00000000 00000000 00000000 00000001
 7831 l 00000000 00000001 00000001 00001f40
 7832 e 00000000 00000001 00000001 00001f40
 7833 f 00000000 00000001 00001f40 00001f40
 7834 l 00000001 00000001 00000001 00001f40
 7835 e 00000001 00000001 00000001 00001f40
 7836 f 00000001 00000001 00001f40 00001f40
 7837 l 00000000 00000002 00000001 00001f40
 7838 e 00000000 00000002 00000001 00001f40
 7839 f 00000000 00000002 00001f40 00001f40
 7840 l 00000001 00000002 00000001 00001f40
 7841 e 00000001 00000002 00000001 00001f40
 7842 f 00000001 00000002 00001f40 00001f40
 7843 l 00000000 00000003 00000001 00001f40
 7844 e 00000000 00000003 00000001 00001f40
 7845 f 00000000 00000003 00001f40 00001f40
 7846 l 00000001 00000003 00000001 00001f40
 7847 e 00000001 00000003 00000001 00001f40
 7848 f 00000001 00000003 00001f40 00001f40
 7849 l 00000000 00000004 00000001 00001f40
 7850 e 00000000 00000004 00000001 00001f40
 7851 f 00000000 00000004 00001f40 00001f40
 7852 l 00000001 00000004 00000001 00001f40
 7853 e 00000001 00000004 00000001 00001f40
 7854 f 00000001 00000004 00001f40 00001f40
 7855 l 00000000 00000005 00000001 00001f40
 7856 e 00000000 00000005 00000001 00001f40
 7857 f 00000000 00000005 00001f40 00001f40
 7858 l 00000001 00000005 00000001 00001f40
 7859 e 00000001 00000005 00000001 00001f40
 7860 f 00000001 00000005 00001f40 00001f40
 7861 l 00000000 00000006 00000001 00001f40
 7862 e 00000000 00000006 00000001 00001f40
 7863 f 00000000 00000006 00001f40 00001f40
 7864 l 00000001 00000006 00000001 00001f40
 7865 e 00000001 00000006 00000001 00001f40
 7866 f 00000001 00000006 00001f40 00001f40
 7867 l 00000000 00000007 00000001 00001f40
 7868 e 00000000 00000007 00000001 00001f40
 7869 f 00000000 00000007 00001f40 00001f40
 7870 O 00000004 000007d0 00000036 00000001
 7871 O 00000000 000007d0 bf101400 00000001
 7872 O 00000001 000007d0 bf101390 00000001
 7873 O 00000002 000007d0 bf1013ac 00000001
 7874 O 00000003 000007d0 bf1013c8 00000001
 7875 * caddba80 0000003c bf19e9c8 00000000
 7876 * caddbc40 0000003c bf19e9c8 00000000
 7877 * caddbc40 00000082 bf19e9c8 00000000
 7878 * caddba80 0000003c bf19e9c8 00000000
 7879 * caddbb60 000000b7 bf19e9c8 00000001
 7880 * caddbb60 000000fa bf19e9c8 5ac00200
 7881 * caddbb60 000000fa bf19e9c8 5ac00200
 7882 * caddbb60 000000fa bf19e9c8 5ac00200
 7883 * caddbb60 00000056 bf19e9c8 9c3e28db
 7884 * caddbb60 000000e8 bf19e9c8 c4109f8f
 7885 * caddbb60 000000b7 bf19e9c8 00000001
 7886 * caddbb60 00000096 bf19e9c8 02000000
 7887 * caddbb60 0000005a bf19e9c8 000000ff
 7888 * caddbb60 0000003e bf19e9c8 00000000
 7889 * caddbb60 000000e8 bf19e9c8 c4109f8f
 7890 * caddbb60 000000c9 bf19e9c8 000000c4
 7891 * caddbb60 0000003c bf19e9c8 00000000
 7892 * caddbc40 00000096 bf19e9c8 02000000
 7893 * caddbc40 0000005a bf19e9c8 000000ff
 7894 * caddbc40 000000cb bf19e9c8 00000001
 7895 * caddbc40 000000b7 bf19e9c8 00000001
 7896 * caddbe00 000000d2 bf19e9c8 0a0d0a0d
 7897 * caddbe00 000000d7 bf19e9c8 0000000a
 7898 * caddbe00 0000003c bf19e9c8 00000000
 7899 * caddbee0 000000e8 bf19e9c8 c4109f8f
 7900 * caddbee0 000000c9 bf19e9c8 000000c4
 7901 * caddbee0 000000d2 bf19e9c8 0a0d0a0d
 7902 * caddbee0 000000d7 bf19e9c8 0000000a
 7903 * caddbe00 0000003e bf19e9c8 00000000
 7904 * caddbee0 000000d7 bf19e9c8 0000000a
 7905 * caddbee0 000000d2 bf19e9c8 0a0d0a0d
 7906 * caddbd20 000000d7 bf19e9c8 0000000a
 7907 * caddbd20 000000d2 bf19e9c8 0a0d0a0d
 7908 * caddbd20 00000052 bf19e9c8 01000c00
 7909 * caddbd20 00000052 bf19e9c8 01000c00
 7910 * caddbd20 00000052 bf19e9c8 01000c00
 7911 * caddbd20 00000052 bf19e9c8 01000c00
 7912 * caddbd20 000000cb bf19e9c8 00000001
 7913 * cadde000 000000b7 bf19e9c8 00000001
 7914 * caddbc40 00000052 bf19e9c8 01000c00
 7915 * caddbc40 00000052 bf19e9c8 01000c00
 7916 * caddbc40 00000052 bf19e9c8 01000c00
 7917 * caddbc40 00000052 bf19e9c8 01000c00
 7918 * c9a912a0 00000052 bf19e9c8 01000c00
 7919 * c9a912a0 00000052 bf19e9c8 01000c00
 7920 * c9a912a0 00000052 bf19e9c8 01000c00
 7921 * c9a912a0 00000052 bf19e9c8 01000c00
 7922 * c9a91460 0000003e bf19e9c8 00000000
 7923 * c9a91460 000000cb bf19e9c8 00000001
 7924 * c9a91700 000000b7 bf19e9c8 00000001
 7925 * c9a512a0 00000056 bf19e9c8 3e32481e
 7926 * c9a51000 0000003e bf19e9c8 00000000
 7927 * c9a51620 000000cb bf19e9c8 00000001
 7928 * c9a51620 000000b7 bf19e9c8 00000001
 7929 * c9a51620 0000003c bf19e9c8 00000000
 7930 l 00000000 00000001 00000000 00000000
 7931 e 00000000 00000001 00000000 00000000
 7932 f 00000000 00000001 00000000 00000000
 7933 l 00000001 00000001 00000000 00000000
 7934 e 00000001 00000001 00000000 00000000
 7935 f 00000001 00000001 00000000 00000000
 7936 l 00000000 00000002 00000000 00000000
 7937 e 00000000 00000002 00000000 00000000
 7938 f 00000000 00000002 00000000 00000000
 7939 l 00000001 00000002 00000000 00000000
 7940 e 00000001 00000002 00000000 00000000
 7941 f 00000001 00000002 00000000 00000000
 7942 l 00000000 00000003 00000000 00000000
 7943 e 00000000 00000003 00000000 00000000
 7944 f 00000000 00000003 00000000 00000000
 7945 l 00000001 00000003 00000000 00000000
 7946 e 00000001 00000003 00000000 00000000
 7947 f 00000001 00000003 00000000 00000000
 7948 l 00000000 00000004 00000000 00000000
 7949 e 00000000 00000004 00000000 00000000
 7950 f 00000000 00000004 00000000 00000000
 7951 l 00000001 00000004 00000000 00000000
 7952 e 00000001 00000004 00000000 00000000
 7953 f 00000001 00000004 00000000 00000000
 7954 l 00000000 00000005 00000000 00000000
 7955 e 00000000 00000005 00000000 00000000
 7956 f 00000000 00000005 00000000 00000000
 7957 l 00000001 00000005 00000000 00000000
 7958 e 00000001 00000005 00000000 00000000
 7959 f 00000001 00000005 00000000 00000000
 7960 l 00000000 00000006 00000000 00000000
 7961 e 00000000 00000006 00000000 00000000
 7962 f 00000000 00000006 00000000 00000000
 7963 l 00000001 00000006 00000000 00000000
 7964 e 00000001 00000006 00000000 00000000
 7965 f 00000001 00000006 00000000 00000000
 7966 l 00000000 00000007 00000000 00000000
 7967 e 00000000 00000007 00000000 00000000
 7968 f 00000000 00000007 00000000 00000000
 7969 l 00000001 00000007 00000000 00000000
 7970 e 00000001 00000007 00000000 00000000
 7971 f 00000001 00000007 00000000 00000000
 7972 * c9a518c0 0000003c bf19e9c8 00000000
 7973 * c9a518c0 0000003c bf19e9c8 00000000
 7974 * caddbb60 00000057 bf19e9c8 00000001
 7975 * caddbb60 0000006b bf19e9c8 00000001
 7976 * c9a91a80 000000a7 bf19e9c8 0000000a
 7977 * c9a55460 00000056 bf19e9c8 3e32481e
 7978 * c9446380 0000003e bf19e9c8 00000000
 7979 * c94462a0 000000cb bf19e9c8 00000001
 7980 * c94462a0 000000b7 bf19e9c8 00000001
 7981 * c9a55d20 0000003c bf19e9c8 00000000
 7982 * c9a55ee0 0000003c bf19e9c8 00000000
 7983 * c9a55d20 0000003c bf19e9c8 00000000
 7984 * c94461c0 00000056 bf19e9c8 3e32481e
 7985 * c94461c0 0000003c bf19e9c8 00000000
 7986 * c94461c0 0000003c bf19e9c8 00000000
 7987 * c94468c0 0000003c bf19e9c8 00000000
 7988 * c94468c0 0000003c bf19e9c8 00000000
 7989 * c9a558c0 0000003c bf19e9c8 00000000
 7990 * c9a558c0 0000003c bf19e9c8 00000000
 7991 * c9a55ee0 0000003c bf19e9c8 00000000
 7992 * c9a559a0 0000003c bf19e9c8 00000000
 7993 * c9446620 0000003c bf19e9c8 00000000
 7994 * c9a55ee0 00000062 bf19e9c8 1b1a1918
 7995 * c9446460 0000003c bf19e9c8 00000000
 7996 * c9446460 00000062 bf19e9c8 1b1a1918
 7997 * c9446460 0000003c bf19e9c8 00000000
 7998 * c9446380 00000062 bf19e9c8 1b1a1918
 7999 * c9446380 0000003c bf19e9c8 00000000
 8000 * c9446620 0000004a bf19e9c8 0a030301
 8001 * c9a558c0 00000042 bf19e9c8 160094df
 8002 * c9a558c0 0000005a bf19e9c8 0a0d302e
 8003 * c9446380 00000042 bf19e9c8 160094df
 8004 * c9446380 0000052a bf19e9c8 00000000
 8005 * c9446380 00000072 bf19e9c8 00000000
 8006 * c9446380 00000052 bf19e9c8 00000000
 8007 * c9446380 00000076 bf19e9c8 7d12e975
 8008 * c9446380 00000096 bf19e9c8 ec4e44be
 8009 * c9446380 00000086 bf19e9c8 7da4f3ec
 8010 * c9a558c0 00000096 bf19e9c8 69fcfa2e
 8011 * cd156c40 00000076 bf19e9c8 b2691ae3
 8012 * cd156c40 00000042 bf19e9c8 160094df
 8013 * cd156c40 00000042 bf19e9c8 160094df
 8014 * cd156b60 0000003c bf19e9c8 00000000
 8015 * cd1567e0 000000a6 bf19e9c8 904c16eb
 8016 * cd1567e0 00000042 bf19e9c8 160094df
 8017 * cd1567e0 00000042 bf19e9c8 160094df
 8018 * cd1567e0 00000042 bf19e9c8 160094df
 8019 * cd1567e0 00000042 bf19e9c8 160094df
 8020 * cd1567e0 00000042 bf19e9c8 160094df
 8021 * cd156700 00000096 bf19e9c8 17d9ab97
 8022 * cd156700 00000042 bf19e9c8 160094df
 8023 * cd156700 00000042 bf19e9c8 160094df
 8024 * cd156620 00000042 bf19e9c8 160094df
 8025 * cd156540 0000003c bf19e9c8 00000000
 8026 * cd156540 0000003c bf19e9c8 00000000
 8027 * cd156e00 00000056 bf19e9c8 3e32481e
 8028 * cd156540 0000003e bf19e9c8 00000000
 8029 * cd1562a0 0000004a bf19e9c8 0a030301
 8030 * cd1562a0 00000042 bf19e9c8 16002eb1
 8031 * cd1562a0 0000005a bf19e9c8 0a0d302e
 8032 * cd1562a0 00000042 bf19e9c8 16002eb1
 8033 * cd1562a0 0000052a bf19e9c8 00000000
 8034 * cd1562a0 00000072 bf19e9c8 00000000
 8035 * cd1562a0 00000052 bf19e9c8 00000000
 8036 * cd1562a0 00000076 bf19e9c8 d29c7de9
 8037 * cd1562a0 00000096 bf19e9c8 132a66b6
 8038 * cd1562a0 00000086 bf19e9c8 ea7ba924
 8039 * cd1562a0 00000096 bf19e9c8 527bdad7
 8040 * cd1562a0 00000076 bf19e9c8 6175dc90
 8041 * cd1562a0 00000042 bf19e9c8 16002eb1
 8042 * cd1562a0 00000042 bf19e9c8 16002eb1
 8043 * cd156ee0 00000086 bf19e9c8 b6b18c98
 8044 * cd156ee0 00000042 bf19e9c8 16002eb1
 8045 * cd156ee0 00000042 bf19e9c8 16002eb1
 8046 * cd156000 00000042 bf19e9c8 16002eb1
 8047 * cd156000 00000042 bf19e9c8 16002eb1
 8048 * cd1562a0 000000d7 bf19e9c8 0000000a
 8049 * cd1562a0 000000d2 bf19e9c8 0a0d0a0d
 8050 * cd1562a0 000000d7 bf19e9c8 0000000a
 8051 * cd1562a0 000000d2 bf19e9c8 0a0d0a0d
 8052 * cd156000 000000d7 bf19e9c8 0000000a
 8053 * cd156000 000000d2 bf19e9c8 0a0d0a0d
 8054 * cd156c40 000000d7 bf19e9c8 0000000a
 8055 * cd156c40 000000d2 bf19e9c8 0a0d0a0d
 8056 * cd156c40 000000cb bf19e9c8 00000001
 8057 * cd156c40 000000b7 bf19e9c8 00000001
 8058 * c9a510e0 00000096 bf19e9c8 b3882266
 8059 * c9a510e0 00000042 bf19e9c8 16002eb1
 8060 * c9a510e0 00000042 bf19e9c8 16002eb1
 8061 * c9a51620 00000056 bf19e9c8 3e32481e
 8062 * c9a51620 00000042 bf19e9c8 16002eb1
 8063 * caddbc40 0000003c bf19e9c8 00000000
 8064 * caddbc40 0000003c bf19e9c8 00000000
 8065 * c9a51620 0000004a bf19e9c8 0a030301
 8066 * caddbc40 00000042 bf19e9c8 16001cdf
 8067 * caddbc40 0000005a bf19e9c8 0a0d302e
 8068 * caddbc40 00000042 bf19e9c8 16001cdf
 8069 * caddbc40 0000052a bf19e9c8 00000000
 8070 * caddbc40 00000072 bf19e9c8 00000000
 8071 * caddbc40 00000052 bf19e9c8 00000000
 8072 * caddbc40 00000076 bf19e9c8 50594b48
 8073 * caddbc40 00000096 bf19e9c8 85ef6da7
 8074 * caddbc40 00000086 bf19e9c8 bd931a5e
 8075 * caddbc40 00000096 bf19e9c8 13db0ef6
 8076 * caddbc40 00000076 bf19e9c8 f54e9ac4
 8077 * caddbc40 00000042 bf19e9c8 16001cdf
 8078 * caddbc40 00000042 bf19e9c8 16001cdf
 8079 * c9a510e0 000000d6 bf19e9c8 417ce04e
 8080 * c9a510e0 00000042 bf19e9c8 16001cdf
