make: Entering directory '/home/ubuntu/Projects/MYSELF/ZTE/H3600/linux-v6.6'
make[1]: Entering directory '/home/ubuntu/Projects/MYSELF/ZTE/H3600/build'
  SYNC    include/config/auto.conf.cmd
  GEN     Makefile
  GEN     Makefile
  WRAP    arch/arm/include/generated/uapi/asm/kvm_para.h
  WRAP    arch/arm/include/generated/uapi/asm/bitsperlong.h
  SYSHDR  arch/arm/include/generated/uapi/asm/unistd-oabi.h
  WRAP    arch/arm/include/generated/uapi/asm/bpf_perf_event.h
  SYSHDR  arch/arm/include/generated/uapi/asm/unistd-eabi.h
  WRAP    arch/arm/include/generated/uapi/asm/errno.h
  WRAP    arch/arm/include/generated/uapi/asm/ioctl.h
  WRAP    arch/arm/include/generated/uapi/asm/ipcbuf.h
  WRAP    arch/arm/include/generated/uapi/asm/msgbuf.h
  WRAP    arch/arm/include/generated/uapi/asm/param.h
  WRAP    arch/arm/include/generated/uapi/asm/poll.h
  WRAP    arch/arm/include/generated/uapi/asm/resource.h
  WRAP    arch/arm/include/generated/uapi/asm/sembuf.h
  WRAP    arch/arm/include/generated/uapi/asm/shmbuf.h
  WRAP    arch/arm/include/generated/uapi/asm/siginfo.h
  WRAP    arch/arm/include/generated/uapi/asm/socket.h
  WRAP    arch/arm/include/generated/uapi/asm/sockios.h
  WRAP    arch/arm/include/generated/uapi/asm/termbits.h
  WRAP    arch/arm/include/generated/uapi/asm/termios.h
  UPD     include/generated/uapi/linux/version.h
  WRAP    arch/arm/include/generated/asm/early_ioremap.h
  HOSTCC  scripts/dtc/dtc.o
  HOSTCC  scripts/dtc/flattree.o
  WRAP    arch/arm/include/generated/asm/extable.h
  WRAP    arch/arm/include/generated/asm/flat.h
  HOSTCC  scripts/dtc/fstree.o
  WRAP    arch/arm/include/generated/asm/parport.h
  HOSTCC  scripts/dtc/data.o
  WRAP    arch/arm/include/generated/asm/compat.h
  HOSTCC  scripts/dtc/livetree.o
  WRAP    arch/arm/include/generated/asm/dma-mapping.h
  UPD     include/generated/compile.h
  HOSTCC  scripts/dtc/treesource.o
  WRAP    arch/arm/include/generated/asm/emergency-restart.h
  WRAP    arch/arm/include/generated/asm/exec.h
  HOSTCC  scripts/dtc/srcpos.o
  HOSTCC  scripts/dtc/checks.o
  WRAP    arch/arm/include/generated/asm/irq_regs.h
  WRAP    arch/arm/include/generated/asm/kdebug.h
  WRAP    arch/arm/include/generated/asm/kmap_size.h
  HOSTCC  scripts/dtc/util.o
  WRAP    arch/arm/include/generated/asm/local.h
  LEX     scripts/dtc/dtc-lexer.lex.c
  WRAP    arch/arm/include/generated/asm/local64.h
  WRAP    arch/arm/include/generated/asm/mmiowb.h
  YACC    scripts/dtc/dtc-parser.tab.[ch]
  WRAP    arch/arm/include/generated/asm/msi.h
  HOSTCC  scripts/dtc/libfdt/fdt.o
  WRAP    arch/arm/include/generated/asm/preempt.h
  HOSTCC  scripts/dtc/libfdt/fdt_ro.o
  WRAP    arch/arm/include/generated/asm/rwonce.h
  WRAP    arch/arm/include/generated/asm/serial.h
  HOSTCC  scripts/dtc/libfdt/fdt_wip.o
  WRAP    arch/arm/include/generated/asm/softirq_stack.h
  HOSTCC  scripts/dtc/libfdt/fdt_sw.o
  WRAP    arch/arm/include/generated/asm/trace_clock.h
  HOSTCC  scripts/dtc/libfdt/fdt_rw.o
  WRAP    arch/arm/include/generated/asm/unaligned.h
  HOSTCC  scripts/dtc/libfdt/fdt_strerror.o
  HOSTCC  scripts/dtc/libfdt/fdt_empty_tree.o
  HOSTCC  scripts/dtc/libfdt/fdt_addresses.o
  HOSTCC  scripts/dtc/libfdt/fdt_overlay.o
  HOSTCC  scripts/dtc/fdtoverlay.o
  HOSTCC  scripts/dtc/dtc-lexer.lex.o
  HOSTCC  scripts/dtc/dtc-parser.tab.o
  HOSTLD  scripts/dtc/fdtoverlay
  HOSTLD  scripts/dtc/dtc
  HOSTCC  scripts/kallsyms
  HOSTCC  scripts/sorttable
  HOSTCC  scripts/asn1_compiler
  UPD     include/config/kernel.release
  UPD     include/generated/utsrelease.h
  DTC     arch/arm/boot/dts/airoha/en7523-evb.dtb
  DTC     arch/arm/boot/dts/amlogic/meson6-atv1200.dtb
  DTC     arch/arm/boot/dts/amlogic/meson8-minix-neo-x8.dtb
  DTC     arch/arm/boot/dts/amazon/alpine-db.dtb
  DTC     arch/arm/boot/dts/arm/vexpress-v2p-ca5s.dtb
  DTC     arch/arm/boot/dts/actions/owl-s500-cubieboard6.dtb
  DTC     arch/arm/boot/dts/actions/owl-s500-guitar-bb-rev-b.dtb
  DTC     arch/arm/boot/dts/amlogic/meson8b-ec100.dtb
  DTC     arch/arm/boot/dts/arm/vexpress-v2p-ca9.dtb
  DTC     arch/arm/boot/dts/aspeed/aspeed-ast2500-evb.dtb
  DTC     arch/arm/boot/dts/axis/artpec6-devboard.dtb
  DTC     arch/arm/boot/dts/cnxt/cx92755_equinox.dtb
  SYSNR   arch/arm/include/generated/asm/unistd-nr.h
  DTC     arch/arm/boot/dts/amlogic/meson8b-mxq.dtb
  DTC     arch/arm/boot/dts/calxeda/highbank.dtb
  DTC     arch/arm/boot/dts/hisilicon/hi3620-hi4511.dtb
  DTC     arch/arm/boot/dts/broadcom/bcm2835-rpi-b.dtb
  DTC     arch/arm/boot/dts/hpe/hpe-bmc-dl360gen10.dtb
  DTC     arch/arm/boot/dts/allwinner/sun4i-a10-a1000.dtb
  DTC     arch/arm/boot/dts/mediatek/mt2701-evb.dtb
  GEN     arch/arm/include/generated/asm/mach-types.h
  DTC     arch/arm/boot/dts/marvell/pxa168-aspenite.dtb
  DTC     arch/arm/boot/dts/aspeed/aspeed-ast2600-evb-a1.dtb
  DTC     arch/arm/boot/dts/mediatek/mt6580-evbp1.dtb
  DTC     arch/arm/boot/dts/calxeda/ecx-2000.dtb
  DTC     arch/arm/boot/dts/arm/vexpress-v2p-ca15-tc1.dtb
  DTC     arch/arm/boot/dts/hisilicon/hip01-ca9x2.dtb
  DTC     arch/arm/boot/dts/broadcom/bcm2835-rpi-a.dtb
  SYSTBL  arch/arm/include/generated/calls-oabi.S
  DTC     arch/arm/boot/dts/allwinner/sun4i-a10-ba10-tvbox.dtb
  DTC     arch/arm/boot/dts/aspeed/aspeed-ast2600-evb.dtb
  DTC     arch/arm/boot/dts/aspeed/aspeed-bmc-amd-daytonax.dtb
  DTC     arch/arm/boot/dts/actions/owl-s500-labrador-base-m.dtb
  SYSTBL  arch/arm/include/generated/calls-eabi.S
  DTC     arch/arm/boot/dts/allwinner/sun4i-a10-chuwi-v7-cw0825.dtb
  DTC     arch/arm/boot/dts/mediatek/mt6582-prestigio-pmt5008-3g.dtb
  DTC     arch/arm/boot/dts/allwinner/sun4i-a10-cubieboard.dtb
  DTC     arch/arm/boot/dts/allwinner/sun4i-a10-dserve-dsrv9703c.dtb
  DTC     arch/arm/boot/dts/amlogic/meson8b-odroidc1.dtb
  DTC     arch/arm/boot/dts/allwinner/sun4i-a10-gemei-g9.dtb
  DTC     arch/arm/boot/dts/hisilicon/hip04-d01.dtb
  DTC     arch/arm/boot/dts/marvell/pxa910-dkb.dtb
  DTC     arch/arm/boot/dts/intel/socfpga/socfpga_arria10_chameleonv3.dtb
  DTC     arch/arm/boot/dts/intel/socfpga/socfpga_arria5_socdk.dtb
  DTC     arch/arm/boot/dts/hisilicon/hi3519-demb.dtb
  DTC     arch/arm/boot/dts/intel/socfpga/socfpga_arria10_mercury_pe1.dtb
  DTC     arch/arm/boot/dts/actions/owl-s500-roseapplepi.dtb
  DTC     arch/arm/boot/dts/arm/vexpress-v2p-ca15_a7.dtb
  DTC     arch/arm/boot/dts/actions/owl-s500-sparky.dtb
  DTC     arch/arm/boot/dts/intel/socfpga/socfpga_arria10_socdk_nand.dtb
  DTC     arch/arm/boot/dts/broadcom/bcm2835-rpi-b-rev2.dtb
  DTC     arch/arm/boot/dts/broadcom/bcm2835-rpi-b-plus.dtb
  DTC     arch/arm/boot/dts/mediatek/mt6589-aquaris5.dtb
  DTC     arch/arm/boot/dts/intel/socfpga/socfpga_arria10_socdk_qspi.dtb
  DTC     arch/arm/boot/dts/amlogic/meson8m2-mxiii-plus.dtb
  DTC     arch/arm/boot/dts/broadcom/bcm2835-rpi-a-plus.dtb
  DTC     arch/arm/boot/dts/broadcom/bcm2835-rpi-cm1-io1.dtb
  DTC     arch/arm/boot/dts/intel/socfpga/socfpga_arria10_socdk_sdmmc.dtb
  DTC     arch/arm/boot/dts/marvell/mmp2-brownstone.dtb
  DTC     arch/arm/boot/dts/intel/socfpga/socfpga_cyclone5_chameleon96.dtb
  DTC     arch/arm/boot/dts/mediatek/mt6589-fairphone-fp1.dtb
  DTC     arch/arm/boot/dts/hisilicon/hisi-x5hd2-dkb.dtb
  DTC     arch/arm/boot/dts/aspeed/aspeed-bmc-amd-ethanolx.dtb
  DTC     arch/arm/boot/dts/allwinner/sun4i-a10-hackberry.dtb
  DTC     arch/arm/boot/dts/aspeed/aspeed-bmc-ampere-mtjade.dtb
  DTC     arch/arm/boot/dts/marvell/mmp2-olpc-xo-1-75.dtb
  DTC     arch/arm/boot/dts/aspeed/aspeed-bmc-ampere-mtmitchell.dtb
  DTC     arch/arm/boot/dts/microchip/at91-kizbox2-2.dtb
  DTC     arch/arm/boot/dts/mediatek/mt6592-evb.dtb
  DTC     arch/arm/boot/dts/mediatek/mt7623a-rfb-emmc.dtb
  DTC     arch/arm/boot/dts/marvell/mmp3-dell-ariel.dtb
  DTC     arch/arm/boot/dts/marvell/armada-370-c200-v2.dtb
  DTC     arch/arm/boot/dts/broadcom/bcm2836-rpi-2-b.dtb
  DTC     arch/arm/boot/dts/marvell/armada-370-db.dtb
  DTC     arch/arm/boot/dts/broadcom/bcm2837-rpi-3-a-plus.dtb
  DTC     arch/arm/boot/dts/marvell/armada-370-dlink-dns327l.dtb
  DTC     arch/arm/boot/dts/mediatek/mt7623a-rfb-nand.dtb
  DTC     arch/arm/boot/dts/marvell/armada-370-mirabox.dtb
  DTC     arch/arm/boot/dts/allwinner/sun4i-a10-hyundai-a7hd.dtb
  DTC     arch/arm/boot/dts/intel/socfpga/socfpga_cyclone5_mcvevk.dtb
  CC      scripts/mod/empty.o
  DTC     arch/arm/boot/dts/broadcom/bcm2837-rpi-3-b.dtb
  HOSTCC  scripts/mod/mk_elfconfig
  DTC     arch/arm/boot/dts/marvell/armada-370-netgear-rn102.dtb
  DTC     arch/arm/boot/dts/mediatek/mt7623n-rfb-emmc.dtb
  DTC     arch/arm/boot/dts/aspeed/aspeed-bmc-arm-stardragon4800-rep2.dtb
  DTC     arch/arm/boot/dts/aspeed/aspeed-bmc-asrock-e3c246d4i.dtb
  DTC     arch/arm/boot/dts/mediatek/mt7623n-bananapi-bpi-r2.dtb
  DTC     arch/arm/boot/dts/mediatek/mt7629-rfb.dtb
  DTC     arch/arm/boot/dts/microchip/at91-kizbox3-hs.dtb
  DTC     arch/arm/boot/dts/mediatek/mt8127-moose.dtb
  DTC     arch/arm/boot/dts/marvell/armada-370-netgear-rn104.dtb
  DTC     arch/arm/boot/dts/aspeed/aspeed-bmc-asrock-romed8hm3.dtb
  DTC     arch/arm/boot/dts/broadcom/bcm2837-rpi-3-b-plus.dtb
  DTC     arch/arm/boot/dts/allwinner/sun4i-a10-inet1.dtb
  DTC     arch/arm/boot/dts/aspeed/aspeed-bmc-bytedance-g220a.dtb
  DTC     arch/arm/boot/dts/marvell/armada-370-rd.dtb
  DTC     arch/arm/boot/dts/aspeed/aspeed-bmc-delta-ahe50dc.dtb
  DTC     arch/arm/boot/dts/microchip/at91-nattis-2-natte-2.dtb
  DTC     arch/arm/boot/dts/intel/socfpga/socfpga_cyclone5_socdk.dtb
  DTC     arch/arm/boot/dts/allwinner/sun4i-a10-inet97fv2.dtb
  CC      scripts/mod/devicetable-offsets.s
  DTC     arch/arm/boot/dts/allwinner/sun4i-a10-inet9f-rev03.dtb
  DTC     arch/arm/boot/dts/marvell/armada-370-seagate-nas-2bay.dtb
  DTC     arch/arm/boot/dts/microchip/at91-sama5d27_som1_ek.dtb
  DTC     arch/arm/boot/dts/microchip/at91-sama5d27_wlsom1_ek.dtb
  DTC     arch/arm/boot/dts/marvell/armada-370-seagate-nas-4bay.dtb
  DTC     arch/arm/boot/dts/mediatek/mt8135-evbp1.dtb
  DTC     arch/arm/boot/dts/aspeed/aspeed-bmc-facebook-bletchley.dtb
  DTC     arch/arm/boot/dts/marvell/armada-370-seagate-personal-cloud.dtb
  DTC     arch/arm/boot/dts/microchip/at91-sama5d2_icp.dtb
  DTC     arch/arm/boot/dts/marvell/armada-370-seagate-personal-cloud-2bay.dtb
  DTC     arch/arm/boot/dts/broadcom/bcm2837-rpi-cm3-io3.dtb
  DTC     arch/arm/boot/dts/broadcom/bcm2837-rpi-zero-2-w.dtb
  DTC     arch/arm/boot/dts/intel/socfpga/socfpga_cyclone5_de0_nano_soc.dtb
  DTC     arch/arm/boot/dts/broadcom/bcm2711-rpi-400.dtb
  DTC     arch/arm/boot/dts/intel/socfpga/socfpga_cyclone5_sockit.dtb
  DTC     arch/arm/boot/dts/microchip/at91-sama5d2_ptc_ek.dtb
  DTC     arch/arm/boot/dts/broadcom/bcm2711-rpi-4-b.dtb
  DTC     arch/arm/boot/dts/intel/socfpga/socfpga_cyclone5_socrates.dtb
  DTC     arch/arm/boot/dts/allwinner/sun4i-a10-itead-iteaduino-plus.dtb
  DTC     arch/arm/boot/dts/marvell/armada-370-synology-ds213j.dtb
  DTC     arch/arm/boot/dts/microchip/at91-sama5d2_xplained.dtb
  DTC     arch/arm/boot/dts/aspeed/aspeed-bmc-facebook-cloudripper.dtb
  DTC     arch/arm/boot/dts/marvell/armada-375-db.dtb
  DTC     arch/arm/boot/dts/broadcom/bcm2711-rpi-cm4-io.dtb
  DTC     arch/arm/boot/dts/allwinner/sun4i-a10-jesurun-q5.dtb
  DTC     arch/arm/boot/dts/broadcom/bcm2835-rpi-zero.dtb
  DTC     arch/arm/boot/dts/allwinner/sun4i-a10-marsboard.dtb
  DTC     arch/arm/boot/dts/nvidia/tegra114-asus-tf701t.dtb
  DTC     arch/arm/boot/dts/nvidia/tegra114-dalmore.dtb
  DTC     arch/arm/boot/dts/aspeed/aspeed-bmc-facebook-cmm.dtb
  DTC     arch/arm/boot/dts/nvidia/tegra114-roth.dtb
  DTC     arch/arm/boot/dts/allwinner/sun4i-a10-mini-xplus.dtb
  DTC     arch/arm/boot/dts/nvidia/tegra114-tn7.dtb
  DTC     arch/arm/boot/dts/intel/socfpga/socfpga_cyclone5_sodia.dtb
  DTC     arch/arm/boot/dts/intel/socfpga/socfpga_cyclone5_vining_fpga.dtb
  DTC     arch/arm/boot/dts/marvell/armada-381-netgear-gs110emx.dtb
  DTC     arch/arm/boot/dts/microchip/at91-sama5d3_eds.dtb
  DTC     arch/arm/boot/dts/qcom/qcom-apq8016-sbc.dtb
  DTC     arch/arm/boot/dts/nvidia/tegra124-apalis-eval.dtb
  DTC     arch/arm/boot/dts/nvidia/tegra124-apalis-v1.2-eval.dtb
  DTC     arch/arm/boot/dts/qcom/qcom-apq8026-asus-sparrow.dtb
  DTC     arch/arm/boot/dts/microchip/at91-sama5d3_ksz9477_evb.dtb
  DTC     arch/arm/boot/dts/allwinner/sun4i-a10-mk802.dtb
  DTC     arch/arm/boot/dts/allwinner/sun4i-a10-mk802ii.dtb
  DTC     arch/arm/boot/dts/intel/socfpga/socfpga_vt.dtb
  DTC     arch/arm/boot/dts/nxp/imx/imx50-evk.dtb
  DTC     arch/arm/boot/dts/broadcom/bcm2835-rpi-zero-w.dtb
  DTC     arch/arm/boot/dts/marvell/armada-382-rd-ac3x-48g4x2xl.dtb
  DTC     arch/arm/boot/dts/marvell/armada-385-atl-x530.dtb
  DTC     arch/arm/boot/dts/nxp/ls/ls1021a-iot.dtb
  DTC     arch/arm/boot/dts/nxp/ls/ls1021a-moxa-uc-8410a.dtb
  DTC     arch/arm/boot/dts/nxp/ls/ls1021a-qds.dtb
  MKELF   scripts/mod/elfconfig.h
  UPD     scripts/mod/devicetable-offsets.h
  DTC     arch/arm/boot/dts/nvidia/tegra124-jetson-tk1.dtb
  DTC     arch/arm/boot/dts/nvidia/tegra124-nyan-big.dtb
  DTC     arch/arm/boot/dts/microchip/at91-sama5d3_xplained.dtb
  HOSTCC  scripts/mod/modpost.o
  DTC     arch/arm/boot/dts/nvidia/tegra124-nyan-big-fhd.dtb
  DTC     arch/arm/boot/dts/marvell/armada-385-clearfog-gtr-s4.dtb
  DTC     arch/arm/boot/dts/allwinner/sun4i-a10-olinuxino-lime.dtb
  DTC     arch/arm/boot/dts/aspeed/aspeed-bmc-facebook-elbert.dtb
  DTC     arch/arm/boot/dts/nxp/vf/vf500-colibri-eval-v3.dtb
  DTC     arch/arm/boot/dts/marvell/armada-385-clearfog-gtr-l8.dtb
  DTC     arch/arm/boot/dts/nxp/vf/vf610-bk4.dtb
  DTC     arch/arm/boot/dts/marvell/armada-385-db-88f6820-amc.dtb
  DTC     arch/arm/boot/dts/broadcom/bcm947622.dtb
  DTC     arch/arm/boot/dts/nxp/imx/imx50-kobo-aura.dtb
  DTC     arch/arm/boot/dts/nxp/ls/ls1021a-tqmls1021a-mbls1021a.dtb
  DTC     arch/arm/boot/dts/marvell/armada-385-db-ap.dtb
  DTC     arch/arm/boot/dts/qcom/qcom-apq8026-huawei-sturgeon.dtb
  DTC     arch/arm/boot/dts/aspeed/aspeed-bmc-facebook-fuji.dtb
  DTC     arch/arm/boot/dts/microchip/at91-dvk_som60.dtb
  DTC     arch/arm/boot/dts/nvidia/tegra124-nyan-blaze.dtb
  HOSTCC  scripts/mod/file2alias.o
  HOSTCC  scripts/mod/sumversion.o
  DTC     arch/arm/boot/dts/nvidia/tegra124-venice2.dtb
  DTC     arch/arm/boot/dts/marvell/armada-385-linksys-caiman.dtb
  DTC     arch/arm/boot/dts/microchip/at91-gatwick.dtb
  DTC     arch/arm/boot/dts/allwinner/sun4i-a10-pcduino.dtb
  DTC     arch/arm/boot/dts/marvell/armada-385-linksys-cobra.dtb
  DTC     arch/arm/boot/dts/microchip/at91-tse850-3.dtb
  DTC     arch/arm/boot/dts/nxp/vf/vf610-colibri-eval-v3.dtb
  DTC     arch/arm/boot/dts/microchip/at91-wb50n.dtb
  DTC     arch/arm/boot/dts/nxp/imx/imx51-apf51.dtb
  DTC     arch/arm/boot/dts/broadcom/bcm963138.dtb
  DTC     arch/arm/boot/dts/nxp/ls/ls1021a-tsn.dtb
  DTC     arch/arm/boot/dts/qcom/qcom-apq8026-lg-lenok.dtb
  DTC     arch/arm/boot/dts/allwinner/sun4i-a10-pcduino2.dtb
  DTC     arch/arm/boot/dts/allwinner/sun4i-a10-pov-protab2-ips9.dtb
  DTC     arch/arm/boot/dts/nvidia/tegra20-acer-a500-picasso.dtb
  DTC     arch/arm/boot/dts/nvidia/tegra20-asus-tf101.dtb
  DTC     arch/arm/boot/dts/marvell/armada-385-linksys-rango.dtb
  DTC     arch/arm/boot/dts/aspeed/aspeed-bmc-facebook-galaxy100.dtb
  DTC     arch/arm/boot/dts/nxp/ls/ls1021a-twr.dtb
  DTC     arch/arm/boot/dts/nxp/vf/vf610m4-colibri.dtb
  DTC     arch/arm/boot/dts/qcom/qcom-apq8026-samsung-matisse-wifi.dtb
  DTC     arch/arm/boot/dts/nxp/imx/imx51-apf51dev.dtb
  DTC     arch/arm/boot/dts/microchip/sama5d31ek.dtb
  DTC     arch/arm/boot/dts/broadcom/bcm963138dvt.dtb
  DTC     arch/arm/boot/dts/marvell/armada-385-linksys-shelby.dtb
  DTC     arch/arm/boot/dts/broadcom/bcm963148.dtb
  DTC     arch/arm/boot/dts/broadcom/bcm963178.dtb
  DTC     arch/arm/boot/dts/broadcom/bcm96756.dtb
  DTC     arch/arm/boot/dts/marvell/armada-385-synology-ds116.dtb
  DTC     arch/arm/boot/dts/marvell/armada-385-turris-omnia.dtb
  DTC     arch/arm/boot/dts/broadcom/bcm96846.dtb
  DTC     arch/arm/boot/dts/broadcom/bcm96855.dtb
  DTC     arch/arm/boot/dts/allwinner/sun4i-a10-topwise-a721.dtb
  DTC     arch/arm/boot/dts/microchip/sama5d33ek.dtb
  DTC     arch/arm/boot/dts/qcom/qcom-apq8060-dragonboard.dtb
  DTC     arch/arm/boot/dts/nxp/imx/imx51-babbage.dtb
  DTC     arch/arm/boot/dts/qcom/qcom-apq8064-cm-qs600.dtb
  DTC     arch/arm/boot/dts/nxp/vf/vf610-cosmic.dtb
  DTC     arch/arm/boot/dts/aspeed/aspeed-bmc-facebook-greatlakes.dtb
  DTC     arch/arm/boot/dts/allwinner/sun5i-a10s-auxtek-t003.dtb
  DTC     arch/arm/boot/dts/nxp/vf/vf610m4-cosmic.dtb
  DTC     arch/arm/boot/dts/nxp/vf/vf610-twr.dtb
  DTC     arch/arm/boot/dts/allwinner/sun5i-a10s-auxtek-t004.dtb
  DTC     arch/arm/boot/dts/qcom/qcom-apq8064-ifc6410.dtb
  DTC     arch/arm/boot/dts/qcom/qcom-apq8064-sony-xperia-lagan-yuga.dtb
  DTC     arch/arm/boot/dts/marvell/armada-388-clearfog.dtb
  DTC     arch/arm/boot/dts/nvidia/tegra20-harmony.dtb
  DTC     arch/arm/boot/dts/marvell/armada-388-clearfog-base.dtb
  DTC     arch/arm/boot/dts/nvidia/tegra20-colibri-eval-v3.dtb
  DTC     arch/arm/boot/dts/allwinner/sun5i-a10s-mk802.dtb
  DTC     arch/arm/boot/dts/broadcom/bcm96878.dtb
  DTC     arch/arm/boot/dts/broadcom/bcm4708-asus-rt-ac56u.dtb
  DTC     arch/arm/boot/dts/microchip/sama5d34ek.dtb
  DTC     arch/arm/boot/dts/marvell/armada-388-clearfog-pro.dtb
  DTC     arch/arm/boot/dts/qcom/qcom-apq8064-asus-nexus7-flo.dtb
  DTC     arch/arm/boot/dts/nxp/imx/imx51-digi-connectcore-jsk.dtb
  DTC     arch/arm/boot/dts/nxp/imx/imx51-eukrea-mbimxsd51-baseboard.dtb
  DTC     arch/arm/boot/dts/nxp/imx/imx51-ts4800.dtb
  DTC     arch/arm/boot/dts/microchip/sama5d35ek.dtb
  DTC     arch/arm/boot/dts/nxp/imx/imx51-zii-rdu1.dtb
  DTC     arch/arm/boot/dts/nxp/vf/vf610-zii-cfu1.dtb
  DTC     arch/arm/boot/dts/nxp/imx/imx51-zii-scu2-mezz.dtb
  DTC     arch/arm/boot/dts/aspeed/aspeed-bmc-facebook-minipack.dtb
  DTC     arch/arm/boot/dts/aspeed/aspeed-bmc-facebook-tiogapass.dtb
  DTC     arch/arm/boot/dts/allwinner/sun5i-a10s-olinuxino-micro.dtb
  DTC     arch/arm/boot/dts/qcom/qcom-apq8074-dragonboard.dtb
  DTC     arch/arm/boot/dts/allwinner/sun5i-a10s-r7-tv-dongle.dtb
  DTC     arch/arm/boot/dts/broadcom/bcm4708-asus-rt-ac68u.dtb
  DTC     arch/arm/boot/dts/marvell/armada-388-db.dtb
  DTC     arch/arm/boot/dts/nvidia/tegra20-colibri-iris.dtb
  DTC     arch/arm/boot/dts/broadcom/bcm4708-buffalo-wzr-1750dhp.dtb
  DTC     arch/arm/boot/dts/renesas/emev2-kzm9d.dtb
  DTC     arch/arm/boot/dts/marvell/armada-388-gp.dtb
  DTC     arch/arm/boot/dts/nxp/vf/vf610-zii-dev-rev-b.dtb
  DTC     arch/arm/boot/dts/renesas/r7s72100-genmai.dtb
  DTC     arch/arm/boot/dts/nxp/vf/vf610-zii-dev-rev-c.dtb
  DTC     arch/arm/boot/dts/microchip/sama5d36ek.dtb
  DTC     arch/arm/boot/dts/microchip/sama5d36ek_cmp.dtb
  DTC     arch/arm/boot/dts/qcom/qcom-apq8084-ifc6540.dtb
  DTC     arch/arm/boot/dts/nxp/imx/imx51-zii-scu3-esb.dtb
  DTC     arch/arm/boot/dts/broadcom/bcm4708-buffalo-wzr-1166dhp.dtb
  DTC     arch/arm/boot/dts/renesas/r7s72100-gr-peach.dtb
  DTC     arch/arm/boot/dts/marvell/armada-388-helios4.dtb
  DTC     arch/arm/boot/dts/renesas/r7s72100-rskrza1.dtb
  DTC     arch/arm/boot/dts/rockchip/rv1108-elgin-r1.dtb
  DTC     arch/arm/boot/dts/renesas/r7s9210-rza2mevb.dtb
  DTC     arch/arm/boot/dts/allwinner/sun5i-a10s-wobo-i5.dtb
  DTC     arch/arm/boot/dts/aspeed/aspeed-bmc-facebook-wedge40.dtb
  DTC     arch/arm/boot/dts/nvidia/tegra20-medcom-wide.dtb
  DTC     arch/arm/boot/dts/rockchip/rv1108-evb.dtb
  DTC     arch/arm/boot/dts/nxp/imx/imx53-ard.dtb
  DTC     arch/arm/boot/dts/rockchip/rv1126-edgeble-neu2-io.dtb
  DTC     arch/arm/boot/dts/samsung/exynos3250-artik5-eval.dtb
  DTC     arch/arm/boot/dts/qcom/qcom-apq8084-mtp.dtb
  DTC     arch/arm/boot/dts/samsung/exynos3250-monk.dtb
  DTC     arch/arm/boot/dts/aspeed/aspeed-bmc-facebook-wedge100.dtb
  DTC     arch/arm/boot/dts/samsung/exynos3250-rinato.dtb
  DTC     arch/arm/boot/dts/socionext/milbeaut-m10v-evb.dtb
  DTC     arch/arm/boot/dts/nxp/vf/vf610-zii-scu4-aib.dtb
  DTC     arch/arm/boot/dts/microchip/at91-sama5d4_ma5d4evk.dtb
  DTC     arch/arm/boot/dts/broadcom/bcm4708-buffalo-wzr-1166dhp2.dtb
  DTC     arch/arm/boot/dts/allwinner/sun5i-a13-difrnce-dit4350.dtb
  DTC     arch/arm/boot/dts/socionext/uniphier-ld4-ref.dtb
  DTC     arch/arm/boot/dts/renesas/r8a73a4-ape6evm.dtb
  DTC     arch/arm/boot/dts/marvell/armada-388-rd.dtb
  DTC     arch/arm/boot/dts/nxp/imx/imx53-cx9020.dtb
  DTC     arch/arm/boot/dts/socionext/uniphier-ld6b-ref.dtb
  DTC     arch/arm/boot/dts/st/spear1310-evb.dtb
  DTC     arch/arm/boot/dts/nvidia/tegra20-paz00.dtb
  DTC     arch/arm/boot/dts/socionext/uniphier-pro4-ace.dtb
  DTC     arch/arm/boot/dts/rockchip/rk3036-evb.dtb
  DTC     arch/arm/boot/dts/qcom/qcom-ipq4018-ap120c-ac.dtb
  DTC     arch/arm/boot/dts/sunplus/sunplus-sp7021-demo-v3.dtb
  DTC     arch/arm/boot/dts/aspeed/aspeed-bmc-facebook-wedge400.dtb
  DTC     arch/arm/boot/dts/allwinner/sun5i-a13-empire-electronix-d709.dtb
  DTC     arch/arm/boot/dts/marvell/armada-390-db.dtb
  DTC     arch/arm/boot/dts/renesas/r8a7740-armadillo800eva.dtb
  DTC     arch/arm/boot/dts/broadcom/bcm4708-linksys-ea6300-v1.dtb
  DTC     arch/arm/boot/dts/nxp/vf/vf610-zii-spb4.dtb
  DTC     arch/arm/boot/dts/marvell/armada-395-gp.dtb
  DTC     arch/arm/boot/dts/renesas/r8a7742-iwg21d-q7.dtb
  DTC     arch/arm/boot/dts/microchip/at91-sama5d4_xplained.dtb
  DTC     arch/arm/boot/dts/synaptics/berlin2-sony-nsz-gs7.dtb
  DTC     arch/arm/boot/dts/samsung/exynos4210-i9100.dtb
  DTC     arch/arm/boot/dts/st/spear1340-evb.dtb
  DTC     arch/arm/boot/dts/nxp/imx/imx53-kp-ddc.dtb
  DTC     arch/arm/boot/dts/socionext/uniphier-pro4-ref.dtb
  DTC     arch/arm/boot/dts/rockchip/rk3036-kylin.dtb
  DTC     arch/arm/boot/dts/ti/keystone/keystone-k2hk-evm.dtb
  DTC     arch/arm/boot/dts/qcom/qcom-ipq4018-ap120c-ac-bit.dtb
  DTC     arch/arm/boot/dts/allwinner/sun5i-a13-empire-electronix-m712.dtb
  DTC     arch/arm/boot/dts/nvidia/tegra20-plutux.dtb
  DTC     arch/arm/boot/dts/microchip/at91-sama5d4ek.dtb
  DTC     arch/arm/boot/dts/samsung/exynos4210-origen.dtb
  DTC     arch/arm/boot/dts/broadcom/bcm4708-linksys-ea6500-v2.dtb
  DTC     arch/arm/boot/dts/synaptics/berlin2cd-google-chromecast.dtb
  DTC     arch/arm/boot/dts/aspeed/aspeed-bmc-facebook-yamp.dtb
  DTC     arch/arm/boot/dts/nxp/vf/vf610-zii-ssmb-dtu.dtb
  DTC     arch/arm/boot/dts/st/stih407-b2120.dtb
  DTC     arch/arm/boot/dts/marvell/armada-398-db.dtb
  DTC     arch/arm/boot/dts/renesas/r8a7742-iwg21d-q7-dbcm-ca.dtb
  DTC     arch/arm/boot/dts/nxp/imx/imx53-kp-hsc.dtb
  DTC     arch/arm/boot/dts/socionext/uniphier-pro4-sanji.dtb
  DTC     arch/arm/boot/dts/allwinner/sun5i-a13-hsg-h702.dtb
  DTC     arch/arm/boot/dts/ti/omap/am3517-craneboard.dtb
  DTC     arch/arm/boot/dts/rockchip/rk3066a-bqcurie2.dtb
  DTC     arch/arm/boot/dts/synaptics/berlin2cd-valve-steamlink.dtb
  DTC     arch/arm/boot/dts/marvell/armada-xp-axpwifiap.dtb
  DTC     arch/arm/boot/dts/broadcom/bcm4708-luxul-xap-1510.dtb
  DTC     arch/arm/boot/dts/microchip/at91-vinco.dtb
  DTC     arch/arm/boot/dts/qcom/qcom-ipq4018-jalapeno.dtb
  DTC     arch/arm/boot/dts/nxp/vf/vf610-zii-ssmb-spu3.dtb
  DTC     arch/arm/boot/dts/aspeed/aspeed-bmc-facebook-yosemitev2.dtb
  DTC     arch/arm/boot/dts/socionext/uniphier-pro5-epcore.dtb
  DTC     arch/arm/boot/dts/ti/keystone/keystone-k2l-evm.dtb
  DTC     arch/arm/boot/dts/nvidia/tegra20-seaboard.dtb
  DTC     arch/arm/boot/dts/st/stih410-b2120.dtb
  DTC     arch/arm/boot/dts/synaptics/berlin2q-marvell-dmp.dtb
  DTC     arch/arm/boot/dts/allwinner/sun5i-a13-inet-98v-rev2.dtb
  DTC     arch/arm/boot/dts/allwinner/sun5i-a13-licheepi-one.dtb
  DTC     arch/arm/boot/dts/samsung/exynos4210-smdkv310.dtb
  DTC     arch/arm/boot/dts/broadcom/bcm4708-luxul-xwc-1000.dtb
  DTC     arch/arm/boot/dts/nxp/imx/imx53-m53evk.dtb
  DTC     arch/arm/boot/dts/rockchip/rk3066a-marsboard.dtb
  DTC     arch/arm/boot/dts/socionext/uniphier-pro5-proex.dtb
  DTC     arch/arm/boot/dts/marvell/armada-xp-crs305-1g-4s.dtb
  DTC     arch/arm/boot/dts/renesas/r8a7743-iwg20d-q7.dtb
  DTC     arch/arm/boot/dts/qcom/qcom-ipq4019-ap.dk01.1-c1.dtb
  DTC     arch/arm/boot/dts/socionext/uniphier-pxs2-gentil.dtb
  DTC     arch/arm/boot/dts/aspeed/aspeed-bmc-facebook-yosemite4.dtb
  DTC     arch/arm/boot/dts/microchip/at91-sama7g5ek.dtb
  DTC     arch/arm/boot/dts/ti/omap/am3517-evm.dtb
  DTC     arch/arm/boot/dts/ti/keystone/keystone-k2e-evm.dtb
  DTC     arch/arm/boot/dts/ti/keystone/keystone-k2g-evm.dtb
  DTC     arch/arm/boot/dts/ti/keystone/keystone-k2g-ice.dtb
  DTC     arch/arm/boot/dts/broadcom/bcm4708-netgear-r6250.dtb
  DTC     arch/arm/boot/dts/renesas/r8a7743-iwg20d-q7-dbcm-ca.dtb
  DTC     arch/arm/boot/dts/st/stih410-b2260.dtb
  DTC     arch/arm/boot/dts/nvidia/tegra20-tec.dtb
  DTC     arch/arm/boot/dts/broadcom/bcm4708-netgear-r6300-v2.dtb
  DTC     arch/arm/boot/dts/rockchip/rk3066a-mk808.dtb
  DTC     arch/arm/boot/dts/allwinner/sun5i-a13-olinuxino.dtb
  DTC     arch/arm/boot/dts/qcom/qcom-ipq4019-ap.dk04.1-c1.dtb
  DTC     arch/arm/boot/dts/marvell/armada-xp-crs305-1g-4s-bit.dtb
  DTC     arch/arm/boot/dts/socionext/uniphier-pxs2-vodka.dtb
  DTC     arch/arm/boot/dts/samsung/exynos4210-trats.dtb
  DTC     arch/arm/boot/dts/socionext/uniphier-sld8-ref.dtb
  DTC     arch/arm/boot/dts/nxp/imx/imx53-m53menlo.dtb
  DTC     arch/arm/boot/dts/microchip/lan966x-kontron-kswitch-d10-mmt-6g-2gs.dtb
  DTC     arch/arm/boot/dts/marvell/armada-xp-crs326-24g-2s.dtb
  DTC     arch/arm/boot/dts/microchip/lan966x-kontron-kswitch-d10-mmt-8g.dtb
  DTC     arch/arm/boot/dts/allwinner/sun5i-a13-olinuxino-micro.dtb
  DTC     arch/arm/boot/dts/rockchip/rk3066a-rayeager.dtb
  DTC     arch/arm/boot/dts/aspeed/aspeed-bmc-ibm-bonnell.dtb
  DTC     arch/arm/boot/dts/renesas/r8a7743-sk-rzg1m.dtb
  DTC     arch/arm/boot/dts/rockchip/rk3128-evb.dtb
  DTC     arch/arm/boot/dts/broadcom/bcm4708-smartrg-sr400ac.dtb
  DTC     arch/arm/boot/dts/broadcom/bcm47081-asus-rt-n18u.dtb
  DTC     arch/arm/boot/dts/nvidia/tegra20-trimslice.dtb
  DTC     arch/arm/boot/dts/renesas/r8a7744-iwg20d-q7.dtb
  DTC     arch/arm/boot/dts/vt8500/vt8500-bv07.dtb
  DTC     arch/arm/boot/dts/allwinner/sun5i-a13-pocketbook-touch-lux-3.dtb
  DTC     arch/arm/boot/dts/qcom/qcom-ipq4019-ap.dk04.1-c3.dtb
  DTC     arch/arm/boot/dts/ti/omap/am3517_mt_ventoux.dtb
  DTC     arch/arm/boot/dts/ti/omap/logicpd-torpedo-35xx-devkit.dtb
  DTC     arch/arm/boot/dts/nxp/imx/imx53-mba53.dtb
  DTC     arch/arm/boot/dts/st/stih418-b2199.dtb
  DTC     arch/arm/boot/dts/st/stih418-b2264.dtb
  DTC     arch/arm/boot/dts/microchip/lan966x-pcb8290.dtb
  DTC     arch/arm/boot/dts/vt8500/wm8505-ref.dtb
  DTC     arch/arm/boot/dts/samsung/exynos4210-universal_c210.dtb
  DTC     arch/arm/boot/dts/vt8500/wm8650-mid.dtb
  DTC     arch/arm/boot/dts/samsung/exynos4212-tab3-3g8.dtb
  DTC     arch/arm/boot/dts/qcom/qcom-ipq4019-ap.dk07.1-c1.dtb
  DTC     arch/arm/boot/dts/marvell/armada-xp-crs326-24g-2s-bit.dtb
  DTC     arch/arm/boot/dts/broadcom/bcm47081-buffalo-wzr-600dhp2.dtb
  DTC     arch/arm/boot/dts/broadcom/bcm47081-buffalo-wzr-900dhp.dtb
  DTC     arch/arm/boot/dts/rockchip/rk3188-bqedison2qc.dtb
  DTC     arch/arm/boot/dts/aspeed/aspeed-bmc-ibm-everest.dtb
  DTC     arch/arm/boot/dts/nvidia/tegra20-ventana.dtb
  DTC     arch/arm/boot/dts/microchip/lan966x-pcb8291.dtb
  DTC     arch/arm/boot/dts/renesas/r8a7744-iwg20d-q7-dbcm-ca.dtb
  DTC     arch/arm/boot/dts/allwinner/sun5i-a13-q8-tablet.dtb
  DTC     arch/arm/boot/dts/nxp/imx/imx53-ppd.dtb
  DTC     arch/arm/boot/dts/renesas/r8a7745-iwg22d-sodimm.dtb
  DTC     arch/arm/boot/dts/marvell/armada-xp-crs328-4c-20s-4s.dtb
  DTC     arch/arm/boot/dts/vt8500/wm8750-apc8750.dtb
  DTC     arch/arm/boot/dts/marvell/armada-xp-crs328-4c-20s-4s-bit.dtb
  DTC     arch/arm/boot/dts/qcom/qcom-ipq4019-ap.dk07.1-c2.dtb
  DTC     arch/arm/boot/dts/qcom/qcom-ipq8064-ap148.dtb
  DTC     arch/arm/boot/dts/vt8500/wm8850-w70v2.dtb
  DTC     arch/arm/boot/dts/broadcom/bcm47081-luxul-xap-1410.dtb
  DTC     arch/arm/boot/dts/samsung/exynos4212-tab3-lte8.dtb
  DTC     arch/arm/boot/dts/microchip/lan966x-pcb8309.dtb
  DTC     arch/arm/boot/dts/allwinner/sun5i-a13-utoo-p66.dtb
  DTC     arch/arm/boot/dts/ti/omap/logicpd-torpedo-37xx-devkit.dtb
  DTC     arch/arm/boot/dts/renesas/r8a7745-iwg22d-sodimm-dbhd-ca.dtb
  DTC     arch/arm/boot/dts/marvell/armada-xp-db.dtb
  DTC     arch/arm/boot/dts/marvell/armada-xp-db-dxbc2.dtb
  DTC     arch/arm/boot/dts/rockchip/rk3188-px3-evb.dtb
  DTC     arch/arm/boot/dts/st/stm32f429-disco.dtb
  DTC     arch/arm/boot/dts/nvidia/tegra30-apalis-eval.dtb
  DTC     arch/arm/boot/dts/broadcom/bcm47081-luxul-xwr-1200.dtb
  DTC     arch/arm/boot/dts/nxp/imx/imx53-qsb.dtb
  DTC     arch/arm/boot/dts/marvell/armada-xp-db-xc3-24g4xg.dtb
  DTC     arch/arm/boot/dts/st/stm32f469-disco.dtb
  DTC     arch/arm/boot/dts/qcom/qcom-ipq8064-rb3011.dtb
  DTC     arch/arm/boot/dts/marvell/armada-xp-gp.dtb
  DTC     arch/arm/boot/dts/nvidia/tegra30-apalis-v1.1-eval.dtb
  DTC     arch/arm/boot/dts/nxp/imx/imx53-qsrb.dtb
  DTC     arch/arm/boot/dts/aspeed/aspeed-bmc-ibm-rainier.dtb
  DTC     arch/arm/boot/dts/nvidia/tegra30-asus-nexus7-grouper-PM269.dtb
  DTC     arch/arm/boot/dts/marvell/armada-xp-lenovo-ix4-300d.dtb
  DTC     arch/arm/boot/dts/allwinner/sun5i-gr8-chip-pro.dtb
  DTC     arch/arm/boot/dts/broadcom/bcm47081-tplink-archer-c5-v2.dtb
  DTC     arch/arm/boot/dts/renesas/r8a7745-sk-rzg1e.dtb
  DTC     arch/arm/boot/dts/qcom/qcom-msm8226-samsung-s3ve3g.dtb
  DTC     arch/arm/boot/dts/xen/xenvm-4.2.dtb
  DTC     arch/arm/boot/dts/renesas/r8a77470-iwg23s-sbc.dtb
  DTC     arch/arm/boot/dts/st/stm32f746-disco.dtb
  DTC     arch/arm/boot/dts/xilinx/zynq-cc108.dtb
  DTC     arch/arm/boot/dts/rockchip/rk3188-radxarock.dtb
  DTC     arch/arm/boot/dts/xilinx/zynq-ebaz4205.dtb
  DTC     arch/arm/boot/dts/rockchip/rk3228-evb.dtb
  DTC     arch/arm/boot/dts/nxp/imx/imx53-sk-imx53.dtb
  DTC     arch/arm/boot/dts/broadcom/bcm4709-asus-rt-ac87u.dtb
  DTC     arch/arm/boot/dts/rockchip/rk3229-evb.dtb
  DTC     arch/arm/boot/dts/marvell/armada-xp-linksys-mamba.dtb
  DTC     arch/arm/boot/dts/ti/omap/logicpd-torpedo-37xx-devkit-28.dtb
  DTC     arch/arm/boot/dts/samsung/exynos4212-tab3-wifi8.dtb
  DTC     arch/arm/boot/dts/allwinner/sun5i-gr8-evb.dtb
  DTC     arch/arm/boot/dts/qcom/qcom-msm8660-surf.dtb
  DTC     arch/arm/boot/dts/marvell/armada-xp-matrix.dtb
  DTC     arch/arm/boot/dts/marvell/armada-xp-netgear-rn2120.dtb
  DTC     arch/arm/boot/dts/xilinx/zynq-microzed.dtb
  DTC     arch/arm/boot/dts/marvell/armada-xp-openblocks-ax3-4.dtb
  DTC     arch/arm/boot/dts/marvell/armada-xp-synology-ds414.dtb
  DTC     arch/arm/boot/dts/st/stm32f769-disco.dtb
  DTC     arch/arm/boot/dts/renesas/r8a7778-bockw.dtb
  DTC     arch/arm/boot/dts/broadcom/bcm4709-buffalo-wxr-1900dhp.dtb
  DTC     arch/arm/boot/dts/nxp/imx/imx53-smd.dtb
  DTC     arch/arm/boot/dts/rockchip/rk3229-xms6.dtb
  DTC     arch/arm/boot/dts/nxp/imx/imx53-tx53-x03x.dtb
  DTC     arch/arm/boot/dts/allwinner/sun5i-r8-chip.dtb
  DTC     arch/arm/boot/dts/xilinx/zynq-parallella.dtb
  DTC     arch/arm/boot/dts/samsung/exynos4412-i9300.dtb
  DTC     arch/arm/boot/dts/renesas/r8a7779-marzen.dtb
  DTC     arch/arm/boot/dts/qcom/qcom-msm8916-samsung-e5.dtb
  DTC     arch/arm/boot/dts/qcom/qcom-msm8916-samsung-e7.dtb
  DTC     arch/arm/boot/dts/marvell/dove-cubox.dtb
  DTC     arch/arm/boot/dts/allwinner/sun6i-a31-app4-evb1.dtb
  DTC     arch/arm/boot/dts/aspeed/aspeed-bmc-ibm-rainier-1s4u.dtb
  DTC     arch/arm/boot/dts/st/stm32429i-eval.dtb
  DTC     arch/arm/boot/dts/ti/omap/logicpd-som-lv-35xx-devkit.dtb
  DTC     arch/arm/boot/dts/marvell/dove-cubox-es.dtb
  DTC     arch/arm/boot/dts/zte/zx279128s-h3600.dtb
  DTC     arch/arm/boot/dts/nvidia/tegra30-asus-nexus7-grouper-E1565.dtb
  DTC     arch/arm/boot/dts/broadcom/bcm4709-linksys-ea9200.dtb
  DTC     arch/arm/boot/dts/broadcom/bcm4709-netgear-r7000.dtb
  DTC     arch/arm/boot/dts/rockchip/rk3288-evb-act8846.dtb
  DTC     arch/arm/boot/dts/xilinx/zynq-zc702.dtb
  DTC     arch/arm/boot/dts/nxp/imx/imx53-tx53-x13x.dtb
  DTC     arch/arm/boot/dts/nxp/imx/imx53-usbarmory.dtb
  DTC     arch/arm/boot/dts/nxp/imx/imx53-voipac-bsb.dtb
  DTC     arch/arm/boot/dts/allwinner/sun6i-a31-colombus.dtb
  DTC     arch/arm/boot/dts/marvell/dove-d2plug.dtb
  DTC     arch/arm/boot/dts/marvell/dove-d3plug.dtb
  DTC     arch/arm/boot/dts/st/stm32746g-eval.dtb
  DTC     arch/arm/boot/dts/samsung/exynos4412-i9305.dtb
  DTC     arch/arm/boot/dts/broadcom/bcm4709-netgear-r8000.dtb
  DTC     arch/arm/boot/dts/allwinner/sun6i-a31-hummingbird.dtb
  DTC     arch/arm/boot/dts/renesas/r8a7790-lager.dtb
  DTC     arch/arm/boot/dts/xilinx/zynq-zc706.dtb
  DTC     arch/arm/boot/dts/allwinner/sun6i-a31-i7.dtb
  DTC     arch/arm/boot/dts/ti/omap/logicpd-som-lv-37xx-devkit.dtb
  DTC     arch/arm/boot/dts/rockchip/rk3288-evb-rk808.dtb
  DTC     arch/arm/boot/dts/marvell/dove-dove-db.dtb
  DTC     arch/arm/boot/dts/st/stm32h743i-eval.dtb
  DTC     arch/arm/boot/dts/qcom/qcom-msm8916-samsung-grandmax.dtb
  DTC     arch/arm/boot/dts/marvell/dove-sbc-a510.dtb
  DTC     arch/arm/boot/dts/broadcom/bcm4709-tplink-archer-c9-v1.dtb
  DTC     arch/arm/boot/dts/rockchip/rk3288-firefly-beta.dtb
  DTC     arch/arm/boot/dts/xilinx/zynq-zc770-xm010.dtb
  DTC     arch/arm/boot/dts/nxp/imx/imx6dl-alti6p.dtb
  DTC     arch/arm/boot/dts/nxp/imx/imx6dl-apf6dev.dtb
  DTC     arch/arm/boot/dts/samsung/exynos4412-itop-elite.dtb
  DTC     arch/arm/boot/dts/samsung/exynos4412-n710x.dtb
  DTC     arch/arm/boot/dts/aspeed/aspeed-bmc-ibm-rainier-4u.dtb
  DTC     arch/arm/boot/dts/renesas/r8a7790-stout.dtb
  DTC     arch/arm/boot/dts/xilinx/zynq-zc770-xm011.dtb
  DTC     arch/arm/boot/dts/allwinner/sun6i-a31-m9.dtb
  DTC     arch/arm/boot/dts/aspeed/aspeed-bmc-intel-s2600wf.dtb
  DTC     arch/arm/boot/dts/st/stm32h743i-disco.dtb
  DTC     arch/arm/boot/dts/renesas/r8a7791-koelsch.dtb
  DTC     arch/arm/boot/dts/broadcom/bcm47094-asus-rt-ac3100.dtb
  DTC     arch/arm/boot/dts/xilinx/zynq-zc770-xm012.dtb
  DTC     arch/arm/boot/dts/allwinner/sun6i-a31-mele-a1000g-quad.dtb
  DTC     arch/arm/boot/dts/rockchip/rk3288-firefly.dtb
  DTC     arch/arm/boot/dts/qcom/qcom-msm8916-samsung-serranove.dtb
  DTC     arch/arm/boot/dts/nvidia/tegra30-asus-nexus7-tilapia-E1565.dtb
  DTC     arch/arm/boot/dts/nvidia/tegra30-asus-tf201.dtb
  DTC     arch/arm/boot/dts/aspeed/aspeed-bmc-inspur-fp5280g2.dtb
  DTC     arch/arm/boot/dts/xilinx/zynq-zc770-xm013.dtb
  DTC     arch/arm/boot/dts/aspeed/aspeed-bmc-inspur-nf5280m6.dtb
  DTC     arch/arm/boot/dts/nxp/imx/imx6dl-aristainetos_4.dtb
  DTC     arch/arm/boot/dts/broadcom/bcm47094-asus-rt-ac88u.dtb
  DTC     arch/arm/boot/dts/allwinner/sun6i-a31s-colorfly-e708-q1.dtb
  DTC     arch/arm/boot/dts/st/stm32h750i-art-pi.dtb
  DTC     arch/arm/boot/dts/aspeed/aspeed-bmc-inspur-on5263m5.dtb
  DTC     arch/arm/boot/dts/allwinner/sun6i-a31s-cs908.dtb
  DTC     arch/arm/boot/dts/ti/omap/omap3430-sdp.dtb
  DTC     arch/arm/boot/dts/ti/omap/omap3-beagle.dtb
  DTC     arch/arm/boot/dts/allwinner/sun6i-a31s-inet-q972.dtb
  DTC     arch/arm/boot/dts/renesas/r8a7791-porter.dtb
  DTC     arch/arm/boot/dts/broadcom/bcm47094-dlink-dir-885l.dtb
  DTC     arch/arm/boot/dts/st/stm32mp135f-dk.dtb
  DTC     arch/arm/boot/dts/xilinx/zynq-zed.dtb
  DTC     arch/arm/boot/dts/qcom/qcom-msm8960-cdp.dtb
  DTC     arch/arm/boot/dts/samsung/exynos4412-odroidu3.dtb
  DTC     arch/arm/boot/dts/st/stm32mp151a-prtt1a.dtb
  DTC     arch/arm/boot/dts/samsung/exynos4412-odroidx.dtb
  DTC     arch/arm/boot/dts/nvidia/tegra30-asus-tf300t.dtb
  DTC     arch/arm/boot/dts/aspeed/aspeed-bmc-lenovo-hr630.dtb
  DTC     arch/arm/boot/dts/broadcom/bcm47094-dlink-dir-890l.dtb
  DTC     arch/arm/boot/dts/rockchip/rk3288-firefly-reload.dtb
  DTC     arch/arm/boot/dts/qcom/qcom-msm8960-samsung-expressatt.dtb
  DTC     arch/arm/boot/dts/allwinner/sun6i-a31s-primo81.dtb
  DTC     arch/arm/boot/dts/ti/omap/omap3-beagle-ab4.dtb
  DTC     arch/arm/boot/dts/nxp/imx/imx6dl-aristainetos_7.dtb
  DTC     arch/arm/boot/dts/renesas/r8a7792-blanche.dtb
  DTC     arch/arm/boot/dts/ti/omap/omap3-beagle-xm.dtb
  DTC     arch/arm/boot/dts/nxp/imx/imx6dl-aristainetos2_4.dtb
  DTC     arch/arm/boot/dts/nxp/imx/imx6dl-aristainetos2_7.dtb
  DTC     arch/arm/boot/dts/nxp/imx/imx6dl-colibri-aster.dtb
  DTC     arch/arm/boot/dts/broadcom/bcm47094-linksys-panamera.dtb
  DTC     arch/arm/boot/dts/qcom/qcom-msm8974-lge-nexus5-hammerhead.dtb
  DTC     arch/arm/boot/dts/xilinx/zynq-zturn.dtb
  DTC     arch/arm/boot/dts/aspeed/aspeed-bmc-lenovo-hr855xg2.dtb
  DTC     arch/arm/boot/dts/aspeed/aspeed-bmc-microsoft-olympus.dtb
  DTC     arch/arm/boot/dts/qcom/qcom-msm8974-sony-xperia-rhine-amami.dtb
  DTC     arch/arm/boot/dts/aspeed/aspeed-bmc-opp-lanyang.dtb
  DTC     arch/arm/boot/dts/renesas/r8a7792-wheat.dtb
  DTC     arch/arm/boot/dts/allwinner/sun6i-a31s-sina31s.dtb
  DTC     arch/arm/boot/dts/samsung/exynos4412-odroidx2.dtb
  DTC     arch/arm/boot/dts/aspeed/aspeed-bmc-opp-mowgli.dtb
  DTC     arch/arm/boot/dts/renesas/r8a7793-gose.dtb
  DTC     arch/arm/boot/dts/xilinx/zynq-zturn-v5.dtb
  DTC     arch/arm/boot/dts/rockchip/rk3288-miqi.dtb
  DTC     arch/arm/boot/dts/renesas/r8a7794-alt.dtb
  DTC     arch/arm/boot/dts/st/stm32mp151a-prtt1c.dtb
  DTC     arch/arm/boot/dts/broadcom/bcm47094-luxul-abr-4500.dtb
  DTC     arch/arm/boot/dts/renesas/r8a7794-silk.dtb
  DTC     arch/arm/boot/dts/xilinx/zynq-zybo.dtb
  DTC     arch/arm/boot/dts/nxp/imx/imx6dl-colibri-eval-v3.dtb
  DTC     arch/arm/boot/dts/ti/omap/omap3-beagle-xm-ab.dtb
  DTC     arch/arm/boot/dts/rockchip/rk3288-phycore-rdk.dtb
  DTC     arch/arm/boot/dts/ti/omap/omap3-cm-t3517.dtb
  DTC     arch/arm/boot/dts/allwinner/sun6i-a31s-sinovoip-bpi-m2.dtb
  DTC     arch/arm/boot/dts/samsung/exynos4412-origen.dtb
  DTC     arch/arm/boot/dts/samsung/exynos4412-p4note-n8010.dtb
  DTC     arch/arm/boot/dts/samsung/exynos4412-smdk4412.dtb
  DTC     arch/arm/boot/dts/aspeed/aspeed-bmc-opp-nicole.dtb
  DTC     arch/arm/boot/dts/qcom/qcom-msm8974-sony-xperia-rhine-honami.dtb
  DTC     arch/arm/boot/dts/aspeed/aspeed-bmc-opp-palmetto.dtb
  DTC     arch/arm/boot/dts/xilinx/zynq-zybo-z7.dtb
  DTC     arch/arm/boot/dts/broadcom/bcm47094-luxul-xap-1610.dtb
  DTC     arch/arm/boot/dts/aspeed/aspeed-bmc-opp-romulus.dtb
  DTC     arch/arm/boot/dts/nxp/imx/imx6dl-colibri-iris.dtb
  DTC     arch/arm/boot/dts/rockchip/rk3288-popmetal.dtb
  DTC     arch/arm/boot/dts/renesas/r9a06g032-rzn1d400-db.dtb
  DTC     arch/arm/boot/dts/nvidia/tegra30-asus-tf300tg.dtb
  DTC     arch/arm/boot/dts/nxp/imx/imx6dl-colibri-iris-v2.dtb
  DTC     arch/arm/boot/dts/allwinner/sun6i-a31s-yones-toptech-bs1078-v2.dtb
  DTC     arch/arm/boot/dts/allwinner/sun7i-a20-bananapi.dtb
  DTC     arch/arm/boot/dts/rockchip/rk3288-r89.dtb
  DTC     arch/arm/boot/dts/broadcom/bcm47094-luxul-xbr-4500.dtb
  DTC     arch/arm/boot/dts/qcom/qcom-msm8974pro-fairphone-fp2.dtb
  DTC     arch/arm/boot/dts/renesas/sh73a0-kzm9g.dtb
  DTC     arch/arm/boot/dts/ti/omap/omap3-cm-t3530.dtb
  DTC     arch/arm/boot/dts/qcom/qcom-msm8974pro-oneplus-bacon.dtb
  DTC     arch/arm/boot/dts/ti/omap/omap3-devkit8000.dtb
  DTC     arch/arm/boot/dts/nxp/imx/imx6dl-cubox-i.dtb
  DTC     arch/arm/boot/dts/nxp/imx/imx6dl-cubox-i-emmc-som-v15.dtb
  DTC     arch/arm/boot/dts/st/stm32mp151a-prtt1s.dtb
  DTC     arch/arm/boot/dts/aspeed/aspeed-bmc-opp-swift.dtb
  DTC     arch/arm/boot/dts/ti/omap/omap3-cm-t3730.dtb
  DTC     arch/arm/boot/dts/aspeed/aspeed-bmc-opp-tacoma.dtb
  DTC     arch/arm/boot/dts/broadcom/bcm47094-luxul-xwc-2000.dtb
  DTC     arch/arm/boot/dts/broadcom/bcm47094-luxul-xwr-3100.dtb
  DTC     arch/arm/boot/dts/aspeed/aspeed-bmc-opp-vesnin.dtb
  DTC     arch/arm/boot/dts/qcom/qcom-msm8974pro-samsung-klte.dtb
  DTC     arch/arm/boot/dts/st/stm32mp151a-dhcor-testbench.dtb
  DTC     arch/arm/boot/dts/allwinner/sun7i-a20-bananapi-m1-plus.dtb
  DTC     arch/arm/boot/dts/ti/omap/omap3-devkit8000-lcd43.dtb
  DTC     arch/arm/boot/dts/rockchip/rk3288-rock2-square.dtb
  DTC     arch/arm/boot/dts/nvidia/tegra30-asus-tf700t.dtb
  DTC     arch/arm/boot/dts/rockchip/rk3288-rock-pi-n8.dtb
  DTC     arch/arm/boot/dts/samsung/exynos4412-tiny4412.dtb
  DTC     arch/arm/boot/dts/nxp/imx/imx6dl-cubox-i-som-v15.dtb
  DTC     arch/arm/boot/dts/ti/omap/omap3-devkit8000-lcd70.dtb
  DTC     arch/arm/boot/dts/rockchip/rk3288-tinker.dtb
  DTC     arch/arm/boot/dts/nvidia/tegra30-beaver.dtb
  DTC     arch/arm/boot/dts/nxp/imx/imx6dl-dfi-fs700-m60.dtb
  DTC     arch/arm/boot/dts/broadcom/bcm47094-luxul-xwr-3150-v1.dtb
  DTC     arch/arm/boot/dts/aspeed/aspeed-bmc-opp-witherspoon.dtb
  DTC     arch/arm/boot/dts/samsung/exynos4412-trats2.dtb
  DTC     arch/arm/boot/dts/nvidia/tegra30-cardhu-a02.dtb
  DTC     arch/arm/boot/dts/nvidia/tegra30-cardhu-a04.dtb
  DTC     arch/arm/boot/dts/allwinner/sun7i-a20-bananapro.dtb
  DTC     arch/arm/boot/dts/broadcom/bcm47094-netgear-r8500.dtb
  DTC     arch/arm/boot/dts/qcom/qcom-msm8974pro-sony-xperia-shinano-castor.dtb
  DTC     arch/arm/boot/dts/broadcom/bcm47094-phicomm-k3.dtb
  DTC     arch/arm/boot/dts/aspeed/aspeed-bmc-opp-zaius.dtb
  DTC     arch/arm/boot/dts/broadcom/bcm53015-meraki-mr26.dtb
  DTC     arch/arm/boot/dts/st/stm32mp153c-dhcom-drc02.dtb
  DTC     arch/arm/boot/dts/nxp/imx/imx6dl-dhcom-picoitx.dtb
  DTC     arch/arm/boot/dts/allwinner/sun7i-a20-cubieboard2.dtb
  DTC     arch/arm/boot/dts/allwinner/sun7i-a20-cubietruck.dtb
  DTC     arch/arm/boot/dts/allwinner/sun7i-a20-haoyu-marsboard.dtb
  DTC     arch/arm/boot/dts/nxp/imx/imx6dl-eckelmann-ci4x10.dtb
  DTC     arch/arm/boot/dts/aspeed/aspeed-bmc-portwell-neptune.dtb
  DTC     arch/arm/boot/dts/ti/omap/omap3-echo.dtb
  DTC     arch/arm/boot/dts/aspeed/aspeed-bmc-qcom-dc-scm-v1.dtb
  DTC     arch/arm/boot/dts/broadcom/bcm53016-dlink-dwl-8610ap.dtb
  DTC     arch/arm/boot/dts/samsung/exynos5250-arndale.dtb
  DTC     arch/arm/boot/dts/rockchip/rk3288-tinker-s.dtb
  DTC     arch/arm/boot/dts/nvidia/tegra30-colibri-eval-v3.dtb
  DTC     arch/arm/boot/dts/rockchip/rk3288-veyron-brain.dtb
  DTC     arch/arm/boot/dts/st/stm32mp153c-dhcor-drc-compact.dtb
  DTC     arch/arm/boot/dts/st/stm32mp157a-avenger96.dtb
  DTC     arch/arm/boot/dts/st/stm32mp157a-dhcor-avenger96.dtb
  DTC     arch/arm/boot/dts/nvidia/tegra30-ouya.dtb
  DTC     arch/arm/boot/dts/nvidia/tegra30-pegatron-chagall.dtb
  DTC     arch/arm/boot/dts/aspeed/aspeed-bmc-quanta-q71l.dtb
  DTC     arch/arm/boot/dts/qcom/qcom-mdm9615-wp8548-mangoh-green.dtb
  DTC     arch/arm/boot/dts/broadcom/bcm53016-meraki-mr32.dtb
  DTC     arch/arm/boot/dts/qcom/qcom-sdx55-mtp.dtb
  DTC     arch/arm/boot/dts/allwinner/sun7i-a20-hummingbird.dtb
  DTC     arch/arm/boot/dts/ti/omap/omap3-evm.dtb
  DTC     arch/arm/boot/dts/nxp/imx/imx6dl-emcon-avari.dtb
  DTC     arch/arm/boot/dts/nxp/imx/imx6dl-gw51xx.dtb
  DTC     arch/arm/boot/dts/samsung/exynos5250-smdk5250.dtb
  DTC     arch/arm/boot/dts/samsung/exynos5250-snow.dtb
  DTC     arch/arm/boot/dts/rockchip/rk3288-veyron-fievel.dtb
  DTC     arch/arm/boot/dts/st/stm32mp157a-dk1.dtb
  DTC     arch/arm/boot/dts/nxp/imx/imx6dl-gw52xx.dtb
  DTC     arch/arm/boot/dts/broadcom/bcm94708.dtb
  DTC     arch/arm/boot/dts/aspeed/aspeed-bmc-quanta-s6q.dtb
  DTC     arch/arm/boot/dts/rockchip/rk3288-veyron-jaq.dtb
  DTC     arch/arm/boot/dts/samsung/exynos5250-snow-rev5.dtb
  DTC     arch/arm/boot/dts/allwinner/sun7i-a20-itead-ibox.dtb
  DTC     arch/arm/boot/dts/qcom/qcom-sdx55-t55.dtb
  DTC     arch/arm/boot/dts/nxp/imx/imx6dl-gw53xx.dtb
  DTC     arch/arm/boot/dts/st/stm32mp157a-dk1-scmi.dtb
  DTC     arch/arm/boot/dts/allwinner/sun7i-a20-i12-tvbox.dtb
  DTC     arch/arm/boot/dts/broadcom/bcm94709.dtb
  DTC     arch/arm/boot/dts/samsung/exynos5250-spring.dtb
  DTC     arch/arm/boot/dts/st/stm32mp157a-iot-box.dtb
  DTC     arch/arm/boot/dts/qcom/qcom-sdx55-telit-fn980-tlb.dtb
  DTC     arch/arm/boot/dts/nxp/imx/imx6dl-gw54xx.dtb
  DTC     arch/arm/boot/dts/rockchip/rk3288-veyron-jerry.dtb
  DTC     arch/arm/boot/dts/ti/omap/omap3-evm-37xx.dtb
  DTC     arch/arm/boot/dts/broadcom/bcm953012er.dtb
  DTC     arch/arm/boot/dts/allwinner/sun7i-a20-icnova-a20-adb4006.dtb
  DTC     arch/arm/boot/dts/aspeed/aspeed-bmc-supermicro-x11spi.dtb
  DTC     arch/arm/boot/dts/broadcom/bcm953012hr.dtb
  DTC     arch/arm/boot/dts/aspeed/aspeed-bmc-inventec-starscream.dtb
  DTC     arch/arm/boot/dts/qcom/qcom-sdx65-mtp.dtb
  DTC     arch/arm/boot/dts/aspeed/aspeed-bmc-inventec-transformers.dtb
  DTC     arch/arm/boot/dts/allwinner/sun7i-a20-icnova-swac.dtb
  DTC     arch/arm/boot/dts/broadcom/bcm953012k.dtb
  DTC     arch/arm/boot/dts/nxp/imx/imx6dl-gw551x.dtb
  DTC     arch/arm/boot/dts/ti/omap/omap3-gta04a3.dtb
  DTC     arch/arm/boot/dts/samsung/exynos5260-xyref5260.dtb
  DTC     arch/arm/boot/dts/nxp/imx/imx6dl-gw552x.dtb
  DTC     arch/arm/boot/dts/broadcom/bcm47189-luxul-xap-1440.dtb
  DTC     arch/arm/boot/dts/samsung/exynos5410-odroidxu.dtb
  DTC     arch/arm/boot/dts/allwinner/sun7i-a20-lamobo-r1.dtb
  DTC     arch/arm/boot/dts/allwinner/sun7i-a20-linutronix-testbox-v2.dtb
  DTC     arch/arm/boot/dts/aspeed/aspeed-bmc-tyan-s7106.dtb
  DTC     arch/arm/boot/dts/ti/omap/omap3-gta04a4.dtb
  DTC     arch/arm/boot/dts/broadcom/bcm47189-luxul-xap-810.dtb
  DTC     arch/arm/boot/dts/broadcom/bcm47189-tenda-ac9.dtb
  DTC     arch/arm/boot/dts/ti/omap/omap3-gta04a5.dtb
  DTC     arch/arm/boot/dts/ti/omap/omap3-gta04a5one.dtb
  DTC     arch/arm/boot/dts/ti/omap/omap3-ha.dtb
  DTC     arch/arm/boot/dts/ti/omap/omap3-ha-lcd.dtb
  DTC     arch/arm/boot/dts/rockchip/rk3288-veyron-mickey.dtb
  DTC     arch/arm/boot/dts/rockchip/rk3288-veyron-mighty.dtb
  DTC     arch/arm/boot/dts/aspeed/aspeed-bmc-tyan-s8036.dtb
  DTC     arch/arm/boot/dts/broadcom/bcm947189acdbmr.dtb
  DTC     arch/arm/boot/dts/samsung/exynos5410-smdk5410.dtb
  DTC     arch/arm/boot/dts/aspeed/aspeed-bmc-ufispace-ncplite.dtb
  DTC     arch/arm/boot/dts/allwinner/sun7i-a20-m3.dtb
  DTC     arch/arm/boot/dts/samsung/exynos5420-arndale-octa.dtb
  DTC     arch/arm/boot/dts/nxp/imx/imx6dl-gw553x.dtb
  DTC     arch/arm/boot/dts/st/stm32mp157a-microgea-stm32mp1-microdev2.0.dtb
  DTC     arch/arm/boot/dts/rockchip/rk3288-veyron-minnie.dtb
  DTC     arch/arm/boot/dts/samsung/exynos5420-peach-pit.dtb
  DTC     arch/arm/boot/dts/rockchip/rk3288-veyron-pinky.dtb
  DTC     arch/arm/boot/dts/samsung/exynos5420-smdk5420.dtb
  DTC     arch/arm/boot/dts/rockchip/rk3288-veyron-speedy.dtb
  DTC     arch/arm/boot/dts/broadcom/bcm911360_entphn.dtb
  DTC     arch/arm/boot/dts/samsung/exynos5420-chagall-wifi.dtb
  DTC     arch/arm/boot/dts/allwinner/sun7i-a20-mk808c.dtb
  DTC     arch/arm/boot/dts/rockchip/rk3288-veyron-tiger.dtb
  DTC     arch/arm/boot/dts/rockchip/rk3288-vyasa.dtb
  DTC     arch/arm/boot/dts/samsung/exynos5420-klimt-wifi.dtb
  DTC     arch/arm/boot/dts/allwinner/sun7i-a20-olimex-som-evb.dtb
  DTC     arch/arm/boot/dts/samsung/exynos5422-odroidhc1.dtb
  DTC     arch/arm/boot/dts/broadcom/bcm911360k.dtb
  DTC     arch/arm/boot/dts/aspeed/aspeed-bmc-vegman-n110.dtb
  DTC     arch/arm/boot/dts/nxp/imx/imx6dl-gw560x.dtb
  DTC     arch/arm/boot/dts/samsung/exynos5422-odroidxu3.dtb
  DTC     arch/arm/boot/dts/st/stm32mp157a-microgea-stm32mp1-microdev2.0-of7.dtb
  DTC     arch/arm/boot/dts/allwinner/sun7i-a20-olimex-som-evb-emmc.dtb
  DTC     arch/arm/boot/dts/st/stm32mp157a-icore-stm32mp1-ctouch2.dtb
  DTC     arch/arm/boot/dts/nxp/imx/imx6dl-gw5903.dtb
  DTC     arch/arm/boot/dts/broadcom/bcm958300k.dtb
  DTC     arch/arm/boot/dts/ti/omap/omap3-igep0020.dtb
  DTC     arch/arm/boot/dts/nxp/imx/imx6dl-gw5904.dtb
  DTC     arch/arm/boot/dts/st/stm32mp157a-icore-stm32mp1-ctouch2-of10.dtb
  DTC     arch/arm/boot/dts/broadcom/bcm958305k.dtb
  DTC     arch/arm/boot/dts/ti/omap/omap3-igep0020-rev-f.dtb
  DTC     arch/arm/boot/dts/aspeed/aspeed-bmc-vegman-rx20.dtb
  DTC     arch/arm/boot/dts/ti/omap/omap3-igep0030.dtb
  DTC     arch/arm/boot/dts/allwinner/sun7i-a20-olimex-som204-evb.dtb
  DTC     arch/arm/boot/dts/ti/omap/omap3-igep0030-rev-g.dtb
  DTC     arch/arm/boot/dts/broadcom/bcm53340-ubnt-unifi-switch8.dtb
  DTC     arch/arm/boot/dts/samsung/exynos5422-odroidxu3-lite.dtb
  DTC     arch/arm/boot/dts/broadcom/bcm28155-ap.dtb
  DTC     arch/arm/boot/dts/nxp/imx/imx6dl-gw5907.dtb
  DTC     arch/arm/boot/dts/samsung/exynos5422-odroidxu4.dtb
  DTC     arch/arm/boot/dts/aspeed/aspeed-bmc-vegman-sx20.dtb
  DTC     arch/arm/boot/dts/broadcom/bcm21664-garnet.dtb
  HOSTLD  scripts/mod/modpost
  DTC     arch/arm/boot/dts/broadcom/bcm23550-sparrow.dtb
  DTC     arch/arm/boot/dts/allwinner/sun7i-a20-olimex-som204-evb-emmc.dtb
  DTC     arch/arm/boot/dts/broadcom/bcm958522er.dtb
  DTC     arch/arm/boot/dts/st/stm32mp157a-icore-stm32mp1-edimm2.2.dtb
  DTC     arch/arm/boot/dts/ti/omap/omap3-ldp.dtb
  DTC     arch/arm/boot/dts/ti/omap/omap3-lilly-dbb056.dtb
  DTC     arch/arm/boot/dts/broadcom/bcm958525er.dtb
  DTC     arch/arm/boot/dts/nxp/imx/imx6dl-gw5910.dtb
  DTC     arch/arm/boot/dts/allwinner/sun7i-a20-olinuxino-lime.dtb
  DTC     arch/arm/boot/dts/nxp/imx/imx6dl-gw5912.dtb
  DTC     arch/arm/boot/dts/samsung/exynos5422-samsung-k3g.dtb
  DTC     arch/arm/boot/dts/ti/omap/omap3-n900.dtb
  DTC     arch/arm/boot/dts/allwinner/sun7i-a20-olinuxino-lime-emmc.dtb
  DTC     arch/arm/boot/dts/st/stm32mp157a-stinger96.dtb
  DTC     arch/arm/boot/dts/allwinner/sun7i-a20-olinuxino-lime2.dtb
  DTC     arch/arm/boot/dts/broadcom/bcm958525xmc.dtb
  DTC     arch/arm/boot/dts/ti/omap/omap3-n9.dtb
  DTC     arch/arm/boot/dts/allwinner/sun7i-a20-olinuxino-lime2-emmc.dtb
  DTC     arch/arm/boot/dts/ti/omap/omap3-n950.dtb
  DTC     arch/arm/boot/dts/st/stm32mp157c-dhcom-pdk2.dtb
  DTC     arch/arm/boot/dts/samsung/exynos5800-peach-pi.dtb
  DTC     arch/arm/boot/dts/ti/omap/omap3-overo-alto35.dtb
  DTC     arch/arm/boot/dts/broadcom/bcm958622hr.dtb
  DTC     arch/arm/boot/dts/allwinner/sun7i-a20-olinuxino-micro.dtb
  DTC     arch/arm/boot/dts/st/stm32mp157c-dhcom-picoitx.dtb
  DTC     arch/arm/boot/dts/st/stm32mp157c-dk2.dtb
  DTC     arch/arm/boot/dts/nxp/imx/imx6dl-gw5913.dtb
  DTC     arch/arm/boot/dts/allwinner/sun7i-a20-olinuxino-micro-emmc.dtb
  DTC     arch/arm/boot/dts/broadcom/bcm958623hr.dtb
  DTC     arch/arm/boot/dts/ti/omap/omap3-overo-chestnut43.dtb
  DTC     arch/arm/boot/dts/allwinner/sun7i-a20-orangepi.dtb
  DTC     arch/arm/boot/dts/allwinner/sun7i-a20-orangepi-mini.dtb
  DTC     arch/arm/boot/dts/allwinner/sun7i-a20-pcduino3.dtb
  DTC     arch/arm/boot/dts/broadcom/bcm958625-meraki-mx64.dtb
  UPD     include/generated/timeconst.h
  DTC     arch/arm/boot/dts/ti/omap/omap3-overo-gallop43.dtb
  DTC     arch/arm/boot/dts/st/stm32mp157c-dk2-scmi.dtb
  CC      kernel/bounds.s
  DTC     arch/arm/boot/dts/ti/omap/omap3-overo-palo35.dtb
  DTC     arch/arm/boot/dts/ti/omap/omap3-overo-palo43.dtb
  DTC     arch/arm/boot/dts/nxp/imx/imx6dl-hummingboard.dtb
  DTC     arch/arm/boot/dts/ti/omap/omap3-overo-storm-alto35.dtb
  DTC     arch/arm/boot/dts/broadcom/bcm958625-meraki-mx64-a0.dtb
  DTC     arch/arm/boot/dts/st/stm32mp157c-ed1.dtb
  CHKSHA1 /home/ubuntu/Projects/MYSELF/ZTE/H3600/linux-v6.6/include/linux/atomic/atomic-arch-fallback.h
  DTC     arch/arm/boot/dts/broadcom/bcm958625-meraki-mx64w.dtb
  DTC     arch/arm/boot/dts/st/stm32mp157c-ed1-scmi.dtb
  DTC     arch/arm/boot/dts/st/stm32mp157c-emsbc-argon.dtb
  DTC     arch/arm/boot/dts/allwinner/sun7i-a20-pcduino3-nano.dtb
  DTC     arch/arm/boot/dts/ti/omap/omap3-overo-storm-chestnut43.dtb
  DTC     arch/arm/boot/dts/allwinner/sun7i-a20-wexler-tab7200.dtb
  DTC     arch/arm/boot/dts/nxp/imx/imx6dl-hummingboard-emmc-som-v15.dtb
  DTC     arch/arm/boot/dts/broadcom/bcm958625-meraki-mx64w-a0.dtb
  DTC     arch/arm/boot/dts/allwinner/sun7i-a20-wits-pro-a20-dkt.dtb
  DTC     arch/arm/boot/dts/ti/omap/omap3-overo-storm-gallop43.dtb
  DTC     arch/arm/boot/dts/broadcom/bcm958625-meraki-mx65.dtb
  DTC     arch/arm/boot/dts/st/stm32mp157c-ev1.dtb
  DTC     arch/arm/boot/dts/ti/omap/omap3-overo-storm-palo35.dtb
  DTC     arch/arm/boot/dts/allwinner/sun8i-a23-evb.dtb
  DTC     arch/arm/boot/dts/ti/omap/omap3-overo-storm-palo43.dtb
  CHKSHA1 /home/ubuntu/Projects/MYSELF/ZTE/H3600/linux-v6.6/include/linux/atomic/atomic-instrumented.h
  DTC     arch/arm/boot/dts/st/stm32mp157c-ev1-scmi.dtb
  DTC     arch/arm/boot/dts/allwinner/sun8i-a23-gt90h-v4.dtb
  CHKSHA1 /home/ubuntu/Projects/MYSELF/ZTE/H3600/linux-v6.6/include/linux/atomic/atomic-long.h
  DTC     arch/arm/boot/dts/nxp/imx/imx6dl-hummingboard-som-v15.dtb
  DTC     arch/arm/boot/dts/nxp/imx/imx6dl-hummingboard2.dtb
  DTC     arch/arm/boot/dts/allwinner/sun8i-a23-inet86dz.dtb
  DTC     arch/arm/boot/dts/broadcom/bcm958625-meraki-mx65w.dtb
  DTC     arch/arm/boot/dts/ti/omap/omap3-overo-storm-summit.dtb
  DTC     arch/arm/boot/dts/st/stm32mp157c-lxa-mc1.dtb
  DTC     arch/arm/boot/dts/nxp/imx/imx6dl-hummingboard2-emmc-som-v15.dtb
  DTC     arch/arm/boot/dts/allwinner/sun8i-a23-ippo-q8h-v5.dtb
  DTC     arch/arm/boot/dts/nxp/imx/imx6dl-hummingboard2-som-v15.dtb
  DTC     arch/arm/boot/dts/allwinner/sun8i-a23-ippo-q8h-v1.2.dtb
  DTC     arch/arm/boot/dts/ti/omap/omap3-overo-storm-tobi.dtb
  DTC     arch/arm/boot/dts/nxp/imx/imx6dl-icore.dtb
  DTC     arch/arm/boot/dts/allwinner/sun8i-a23-polaroid-mid2407pxe03.dtb
  DTC     arch/arm/boot/dts/broadcom/bcm958625hr.dtb
  DTC     arch/arm/boot/dts/nxp/imx/imx6dl-icore-mipi.dtb
  DTC     arch/arm/boot/dts/nxp/imx/imx6dl-icore-rqs.dtb
  DTC     arch/arm/boot/dts/st/stm32mp157c-lxa-tac-gen1.dtb
  DTC     arch/arm/boot/dts/broadcom/bcm988312hr.dtb
  DTC     arch/arm/boot/dts/ti/omap/omap3-overo-storm-tobiduo.dtb
  DTC     arch/arm/boot/dts/broadcom/bcm958625k.dtb
  UPD     include/generated/bounds.h
  DTC     arch/arm/boot/dts/allwinner/sun8i-a23-polaroid-mid2809pxe04.dtb
  DTC     arch/arm/boot/dts/ti/omap/omap3-overo-summit.dtb
  DTC     arch/arm/boot/dts/allwinner/sun8i-a23-q8-tablet.dtb
  DTC     arch/arm/boot/dts/nxp/imx/imx6dl-lanmcu.dtb
  DTC     arch/arm/boot/dts/broadcom/bcm7445-bcm97445svmb.dtb
  DTC     arch/arm/boot/dts/ti/omap/omap3-overo-tobi.dtb
  DTC     arch/arm/boot/dts/st/stm32mp157c-lxa-tac-gen2.dtb
  CC      arch/arm/kernel/asm-offsets.s
  DTC     arch/arm/boot/dts/st/stm32mp157c-odyssey.dtb
  DTC     arch/arm/boot/dts/nxp/imx/imx6dl-mamoj.dtb
  DTC     arch/arm/boot/dts/allwinner/sun8i-a33-et-q8-v1.6.dtb
  DTC     arch/arm/boot/dts/st/stm32mp157c-phycore-stm32mp1-3.dtb
  DTC     arch/arm/boot/dts/allwinner/sun8i-a33-ga10h-v1.1.dtb
  DTC     arch/arm/boot/dts/ti/omap/omap3-overo-tobiduo.dtb
  DTC     arch/arm/boot/dts/allwinner/sun8i-a33-inet-d978-rev2.dtb
  DTC     arch/arm/boot/dts/allwinner/sun8i-a33-ippo-q8h-v1.2.dtb
  DTC     arch/arm/boot/dts/ti/omap/omap3-pandora-600mhz.dtb
  DTC     arch/arm/boot/dts/nxp/imx/imx6dl-mba6a.dtb
  DTC     arch/arm/boot/dts/allwinner/sun8i-a33-olinuxino.dtb
  DTC     arch/arm/boot/dts/ti/omap/omap3-pandora-1ghz.dtb
  DTC     arch/arm/boot/dts/allwinner/sun8i-a33-q8-tablet.dtb
  DTC     arch/arm/boot/dts/st/ste-snowball.dtb
  DTC     arch/arm/boot/dts/allwinner/sun8i-a33-sinlinx-sina33.dtb
  DTC     arch/arm/boot/dts/ti/omap/omap3-sbc-t3517.dtb
  DTC     arch/arm/boot/dts/allwinner/sun8i-a83t-allwinner-h8homlet-v2.dtb
  DTC     arch/arm/boot/dts/allwinner/sun8i-a83t-bananapi-m3.dtb
  DTC     arch/arm/boot/dts/ti/omap/omap3-sbc-t3530.dtb
  DTC     arch/arm/boot/dts/ti/omap/omap3-sbc-t3730.dtb
  DTC     arch/arm/boot/dts/st/ste-hrefprev60-stuib.dtb
  DTC     arch/arm/boot/dts/st/ste-hrefprev60-tvk.dtb
  DTC     arch/arm/boot/dts/nxp/imx/imx6dl-mba6b.dtb
  DTC     arch/arm/boot/dts/st/ste-hrefv60plus-stuib.dtb
  DTC     arch/arm/boot/dts/ti/omap/omap3-sniper.dtb
  DTC     arch/arm/boot/dts/nxp/imx/imx6dl-nit6xlite.dtb
  DTC     arch/arm/boot/dts/st/ste-hrefv60plus-tvk.dtb
  DTC     arch/arm/boot/dts/nxp/imx/imx6dl-nitrogen6x.dtb
  DTC     arch/arm/boot/dts/ti/omap/omap3-thunder.dtb
  DTC     arch/arm/boot/dts/allwinner/sun8i-a83t-cubietruck-plus.dtb
  DTC     arch/arm/boot/dts/nxp/imx/imx6dl-phytec-mira-rdk-nand.dtb
  DTC     arch/arm/boot/dts/ti/omap/omap3-zoom3.dtb
  DTC     arch/arm/boot/dts/allwinner/sun8i-a83t-tbs-a711.dtb
  DTC     arch/arm/boot/dts/nxp/imx/imx6dl-phytec-pbab01.dtb
  DTC     arch/arm/boot/dts/allwinner/sun8i-h2-plus-bananapi-m2-zero.dtb
  DTC     arch/arm/boot/dts/st/ste-href520-tvk.dtb
  DTC     arch/arm/boot/dts/ti/omap/omap4-droid-bionic-xt875.dtb
  DTC     arch/arm/boot/dts/nxp/imx/imx6dl-pico-dwarf.dtb
  DTC     arch/arm/boot/dts/allwinner/sun8i-h2-plus-libretech-all-h3-cc.dtb
  DTC     arch/arm/boot/dts/st/ste-ux500-samsung-golden.dtb
  DTC     arch/arm/boot/dts/nxp/imx/imx6dl-pico-hobbit.dtb
  DTC     arch/arm/boot/dts/ti/omap/omap4-droid4-xt894.dtb
  DTC     arch/arm/boot/dts/nxp/imx/imx6dl-pico-nymph.dtb
  DTC     arch/arm/boot/dts/nxp/imx/imx6dl-pico-pi.dtb
  DTC     arch/arm/boot/dts/st/ste-ux500-samsung-janice.dtb
  DTC     arch/arm/boot/dts/nxp/imx/imx6dl-plybas.dtb
  DTC     arch/arm/boot/dts/ti/omap/omap4-duovero-parlor.dtb
  DTC     arch/arm/boot/dts/nxp/imx/imx6dl-plym2m.dtb
  DTC     arch/arm/boot/dts/allwinner/sun8i-h2-plus-orangepi-r1.dtb
  DTC     arch/arm/boot/dts/nxp/imx/imx6dl-prtmvt.dtb
  DTC     arch/arm/boot/dts/nxp/imx/imx6dl-prtrvt.dtb
  DTC     arch/arm/boot/dts/nxp/imx/imx6dl-prtvt7.dtb
  DTC     arch/arm/boot/dts/allwinner/sun8i-h2-plus-orangepi-zero.dtb
  DTC     arch/arm/boot/dts/allwinner/sun8i-h3-bananapi-m2-plus.dtb
  DTC     arch/arm/boot/dts/nxp/imx/imx6dl-rex-basic.dtb
  DTC     arch/arm/boot/dts/nxp/imx/imx6dl-riotboard.dtb
  DTC     arch/arm/boot/dts/allwinner/sun8i-h3-bananapi-m2-plus-v1.2.dtb
  DTC     arch/arm/boot/dts/allwinner/sun8i-h3-beelink-x2.dtb
  DTC     arch/arm/boot/dts/ti/omap/omap4-epson-embt2ws.dtb
  DTC     arch/arm/boot/dts/nxp/imx/imx6dl-sabreauto.dtb
  DTC     arch/arm/boot/dts/nxp/imx/imx6dl-sabrelite.dtb
  DTC     arch/arm/boot/dts/allwinner/sun8i-h3-libretech-all-h3-cc.dtb
  DTC     arch/arm/boot/dts/st/ste-ux500-samsung-gavini.dtb
  DTC     arch/arm/boot/dts/st/ste-ux500-samsung-codina.dtb
  DTC     arch/arm/boot/dts/nxp/imx/imx6dl-sabresd.dtb
  DTC     arch/arm/boot/dts/nxp/imx/imx6dl-savageboard.dtb
  DTC     arch/arm/boot/dts/ti/omap/omap4-kc1.dtb
  DTC     arch/arm/boot/dts/st/ste-ux500-samsung-codina-tmo.dtb
  DTC     arch/arm/boot/dts/nxp/imx/imx6dl-skov-revc-lt2.dtb
  DTC     arch/arm/boot/dts/ti/omap/omap4-panda.dtb
  DTC     arch/arm/boot/dts/st/ste-ux500-samsung-skomer.dtb
  DTC     arch/arm/boot/dts/allwinner/sun8i-h3-mapleboard-mp130.dtb
  DTC     arch/arm/boot/dts/st/ste-ux500-samsung-kyle.dtb
  DTC     arch/arm/boot/dts/ti/omap/omap4-panda-a4.dtb
  DTC     arch/arm/boot/dts/nxp/imx/imx6dl-skov-revc-lt6.dtb
  DTC     arch/arm/boot/dts/ti/omap/omap4-panda-es.dtb
  DTC     arch/arm/boot/dts/nxp/imx/imx6dl-solidsense.dtb
  DTC     arch/arm/boot/dts/allwinner/sun8i-h3-nanopi-duo2.dtb
  DTC     arch/arm/boot/dts/ti/omap/omap4-sdp.dtb
  DTC     arch/arm/boot/dts/allwinner/sun8i-h3-nanopi-m1.dtb
  DTC     arch/arm/boot/dts/allwinner/sun8i-h3-nanopi-m1-plus.dtb
  DTC     arch/arm/boot/dts/allwinner/sun8i-h3-nanopi-neo.dtb
  DTC     arch/arm/boot/dts/ti/omap/omap4-sdp-es23plus.dtb
  DTC     arch/arm/boot/dts/nxp/imx/imx6dl-ts7970.dtb
  DTC     arch/arm/boot/dts/allwinner/sun8i-h3-nanopi-neo-air.dtb
  DTC     arch/arm/boot/dts/nxp/imx/imx6dl-ts4900.dtb
  DTC     arch/arm/boot/dts/ti/omap/omap4-var-dvk-om44.dtb
  DTC     arch/arm/boot/dts/ti/omap/omap4-var-stk-om44.dtb
  DTC     arch/arm/boot/dts/nxp/imx/imx6dl-tx6dl-comtft.dtb
  DTC     arch/arm/boot/dts/allwinner/sun8i-h3-nanopi-r1.dtb
  DTC     arch/arm/boot/dts/ti/omap/am335x-baltos-ir2110.dtb
  DTC     arch/arm/boot/dts/nxp/imx/imx6dl-tx6s-8034.dtb
  DTC     arch/arm/boot/dts/allwinner/sun8i-h3-orangepi-2.dtb
  DTC     arch/arm/boot/dts/nxp/imx/imx6dl-tx6s-8034-mb7.dtb
  DTC     arch/arm/boot/dts/ti/omap/am335x-baltos-ir3220.dtb
  DTC     arch/arm/boot/dts/allwinner/sun8i-h3-orangepi-lite.dtb
  DTC     arch/arm/boot/dts/allwinner/sun8i-h3-orangepi-one.dtb
  DTC     arch/arm/boot/dts/allwinner/sun8i-h3-orangepi-pc.dtb
  DTC     arch/arm/boot/dts/nxp/imx/imx6dl-tx6s-8035.dtb
  DTC     arch/arm/boot/dts/allwinner/sun8i-h3-orangepi-pc-plus.dtb
  DTC     arch/arm/boot/dts/ti/omap/am335x-baltos-ir5221.dtb
  DTC     arch/arm/boot/dts/nxp/imx/imx6dl-tx6s-8035-mb7.dtb
  DTC     arch/arm/boot/dts/nxp/imx/imx6dl-tx6u-801x.dtb
  DTC     arch/arm/boot/dts/allwinner/sun8i-h3-orangepi-plus.dtb
  DTC     arch/arm/boot/dts/nxp/imx/imx6dl-tx6u-80xx-mb7.dtb
  DTC     arch/arm/boot/dts/allwinner/sun8i-h3-orangepi-plus2e.dtb
  DTC     arch/arm/boot/dts/ti/omap/am335x-base0033.dtb
  DTC     arch/arm/boot/dts/allwinner/sun8i-h3-orangepi-zero-plus2.dtb
  DTC     arch/arm/boot/dts/nxp/imx/imx6dl-tx6u-8033.dtb
  DTC     arch/arm/boot/dts/nxp/imx/imx6dl-tx6u-8033-mb7.dtb
  DTC     arch/arm/boot/dts/allwinner/sun8i-h3-rervision-dvk.dtb
  DTC     arch/arm/boot/dts/nxp/imx/imx6dl-tx6u-811x.dtb
  DTC     arch/arm/boot/dts/ti/omap/am335x-bone.dtb
  DTC     arch/arm/boot/dts/allwinner/sun8i-h3-zeropi.dtb
  DTC     arch/arm/boot/dts/ti/omap/am335x-boneblack.dtb
  DTC     arch/arm/boot/dts/allwinner/sun8i-h3-emlid-neutis-n5h3-devboard.dtb
  DTC     arch/arm/boot/dts/nxp/imx/imx6dl-tx6u-81xx-mb7.dtb
  DTC     arch/arm/boot/dts/ti/omap/am335x-boneblack-wireless.dtb
  DTC     arch/arm/boot/dts/allwinner/sun8i-r16-bananapi-m2m.dtb
  DTC     arch/arm/boot/dts/allwinner/sun8i-r16-nintendo-nes-classic.dtb
  DTC     arch/arm/boot/dts/ti/omap/am335x-boneblue.dtb
  DTC     arch/arm/boot/dts/ti/omap/am335x-bonegreen.dtb
  DTC     arch/arm/boot/dts/ti/omap/am335x-bonegreen-wireless.dtb
  DTC     arch/arm/boot/dts/nxp/imx/imx6dl-udoo.dtb
  DTC     arch/arm/boot/dts/ti/omap/am335x-chiliboard.dtb
  DTC     arch/arm/boot/dts/ti/omap/am335x-cm-t335.dtb
  DTC     arch/arm/boot/dts/nxp/imx/imx6dl-victgo.dtb
  DTC     arch/arm/boot/dts/allwinner/sun8i-r16-nintendo-super-nes-classic.dtb
  DTC     arch/arm/boot/dts/ti/omap/am335x-evm.dtb
  DTC     arch/arm/boot/dts/nxp/imx/imx6dl-vicut1.dtb
  DTC     arch/arm/boot/dts/ti/omap/am335x-evmsk.dtb
  DTC     arch/arm/boot/dts/nxp/imx/imx6dl-wandboard.dtb
  DTC     arch/arm/boot/dts/ti/omap/am335x-guardian.dtb
  DTC     arch/arm/boot/dts/allwinner/sun8i-r16-parrot.dtb
  DTC     arch/arm/boot/dts/nxp/imx/imx6dl-wandboard-revb1.dtb
  DTC     arch/arm/boot/dts/ti/omap/am335x-icev2.dtb
  DTC     arch/arm/boot/dts/nxp/imx/imx6dl-wandboard-revd1.dtb
  DTC     arch/arm/boot/dts/allwinner/sun8i-r40-bananapi-m2-ultra.dtb
  DTC     arch/arm/boot/dts/allwinner/sun8i-r40-oka40i-c.dtb
  DTC     arch/arm/boot/dts/allwinner/sun8i-s3-elimo-initium.dtb
  DTC     arch/arm/boot/dts/ti/omap/am335x-lxm.dtb
  DTC     arch/arm/boot/dts/allwinner/sun8i-s3-lichee-zero-plus.dtb
  DTC     arch/arm/boot/dts/allwinner/sun8i-s3-pinecube.dtb
  DTC     arch/arm/boot/dts/nxp/imx/imx6dl-yapp4-draco.dtb
  DTC     arch/arm/boot/dts/ti/omap/am335x-moxa-uc-2101.dtb
  DTC     arch/arm/boot/dts/nxp/imx/imx6dl-yapp4-hydra.dtb
  DTC     arch/arm/boot/dts/ti/omap/am335x-moxa-uc-8100-me-t.dtb
  DTC     arch/arm/boot/dts/nxp/imx/imx6dl-yapp4-lynx.dtb
  DTC     arch/arm/boot/dts/nxp/imx/imx6dl-yapp4-orion.dtb
  DTC     arch/arm/boot/dts/allwinner/sun8i-t113s-mangopi-mq-r-t113.dtb
  DTC     arch/arm/boot/dts/ti/omap/am335x-myirtech-myd.dtb
  DTC     arch/arm/boot/dts/allwinner/sun8i-t3-cqa3t-bv3.dtb
  DTC     arch/arm/boot/dts/nxp/imx/imx6dl-yapp4-phoenix.dtb
  DTC     arch/arm/boot/dts/allwinner/sun8i-v3-sl631-imx179.dtb
  DTC     arch/arm/boot/dts/ti/omap/am335x-nano.dtb
  DTC     arch/arm/boot/dts/allwinner/sun8i-v3s-licheepi-zero.dtb
  DTC     arch/arm/boot/dts/nxp/imx/imx6dl-yapp4-ursa.dtb
  DTC     arch/arm/boot/dts/ti/omap/am335x-netcan-plus-1xx.dtb
  DTC     arch/arm/boot/dts/allwinner/sun8i-v3s-licheepi-zero-dock.dtb
  DTC     arch/arm/boot/dts/nxp/imx/imx6q-apalis-eval.dtb
  DTC     arch/arm/boot/dts/nxp/imx/imx6q-apalis-ixora.dtb
  DTC     arch/arm/boot/dts/nxp/imx/imx6q-apalis-ixora-v1.1.dtb
  DTC     arch/arm/boot/dts/ti/omap/am335x-netcom-plus-2xx.dtb
  DTC     arch/arm/boot/dts/allwinner/sun8i-v40-bananapi-m2-berry.dtb
  DTC     arch/arm/boot/dts/nxp/imx/imx6q-apalis-ixora-v1.2.dtb
  DTC     arch/arm/boot/dts/ti/omap/am335x-netcom-plus-8xx.dtb
  DTC     arch/arm/boot/dts/allwinner/sun9i-a80-optimus.dtb
  DTC     arch/arm/boot/dts/nxp/imx/imx6q-apf6dev.dtb
  DTC     arch/arm/boot/dts/nxp/imx/imx6q-arm2.dtb
  DTC     arch/arm/boot/dts/allwinner/sun9i-a80-cubieboard4.dtb
  DTC     arch/arm/boot/dts/ti/omap/am335x-pdu001.dtb
  DTC     arch/arm/boot/dts/nxp/imx/imx6q-b450v3.dtb
  DTC     arch/arm/boot/dts/ti/omap/am335x-pepper.dtb
  DTC     arch/arm/boot/dts/nxp/imx/imx6q-b650v3.dtb
  DTC     arch/arm/boot/dts/ti/omap/am335x-phycore-rdk.dtb
  DTC     arch/arm/boot/dts/ti/omap/am335x-pocketbeagle.dtb
  DTC     arch/arm/boot/dts/ti/omap/am335x-regor-rdk.dtb
  DTC     arch/arm/boot/dts/ti/omap/am335x-sancloud-bbe.dtb
  DTC     arch/arm/boot/dts/nxp/imx/imx6q-bosch-acc.dtb
  DTC     arch/arm/boot/dts/nxp/imx/imx6q-b850v3.dtb
  DTC     arch/arm/boot/dts/nxp/imx/imx6q-cm-fx6.dtb
  DTC     arch/arm/boot/dts/ti/omap/am335x-sancloud-bbe-lite.dtb
  DTC     arch/arm/boot/dts/ti/omap/am335x-sancloud-bbe-extended-wifi.dtb
  DTC     arch/arm/boot/dts/nxp/imx/imx6q-cubox-i.dtb
  DTC     arch/arm/boot/dts/nxp/imx/imx6q-cubox-i-emmc-som-v15.dtb
  DTC     arch/arm/boot/dts/ti/omap/am335x-shc.dtb
  DTC     arch/arm/boot/dts/nxp/imx/imx6q-cubox-i-som-v15.dtb
  DTC     arch/arm/boot/dts/ti/omap/am335x-sbc-t335.dtb
  DTC     arch/arm/boot/dts/nxp/imx/imx6q-dfi-fs700-m60.dtb
  DTC     arch/arm/boot/dts/ti/omap/am335x-sl50.dtb
  DTC     arch/arm/boot/dts/ti/omap/am335x-wega-rdk.dtb
  DTC     arch/arm/boot/dts/ti/omap/am335x-osd3358-sm-red.dtb
  DTC     arch/arm/boot/dts/nxp/imx/imx6q-dhcom-pdk2.dtb
  DTC     arch/arm/boot/dts/nxp/imx/imx6q-display5-tianma-tm070-1280x768.dtb
  DTC     arch/arm/boot/dts/nxp/imx/imx6q-dmo-edmqmx6.dtb
  DTC     arch/arm/boot/dts/nxp/imx/imx6q-dms-ba16.dtb
  DTC     arch/arm/boot/dts/ti/omap/am43x-epos-evm.dtb
  DTC     arch/arm/boot/dts/nxp/imx/imx6q-ds.dtb
  DTC     arch/arm/boot/dts/ti/omap/am437x-cm-t43.dtb
  DTC     arch/arm/boot/dts/nxp/imx/imx6q-emcon-avari.dtb
  DTC     arch/arm/boot/dts/nxp/imx/imx6q-evi.dtb
  DTC     arch/arm/boot/dts/ti/omap/am437x-gp-evm.dtb
  DTC     arch/arm/boot/dts/nxp/imx/imx6dl-b105pv2.dtb
  DTC     arch/arm/boot/dts/ti/omap/am437x-idk-evm.dtb
  DTC     arch/arm/boot/dts/nxp/imx/imx6dl-b105v2.dtb
  DTC     arch/arm/boot/dts/ti/omap/am437x-sbc-t43.dtb
  DTC     arch/arm/boot/dts/ti/omap/am437x-sk-evm.dtb
  DTC     arch/arm/boot/dts/nxp/imx/imx6dl-b125v2.dtb
  DTC     arch/arm/boot/dts/ti/omap/am57xx-beagle-x15.dtb
  DTC     arch/arm/boot/dts/nxp/imx/imx6dl-b125pv2.dtb
  DTC     arch/arm/boot/dts/nxp/imx/imx6dl-b155v2.dtb
  DTC     arch/arm/boot/dts/ti/omap/am57xx-beagle-x15-revb1.dtb
  DTC     arch/arm/boot/dts/nxp/imx/imx6q-gk802.dtb
  DTC     arch/arm/boot/dts/ti/omap/am57xx-beagle-x15-revc.dtb
  DTC     arch/arm/boot/dts/nxp/imx/imx6q-gw51xx.dtb
  DTC     arch/arm/boot/dts/nxp/imx/imx6q-gw52xx.dtb
  DTC     arch/arm/boot/dts/ti/omap/am57xx-evm.dtbo
  DTC     arch/arm/boot/dts/nxp/imx/imx6q-gw53xx.dtb
  DTC     arch/arm/boot/dts/nxp/imx/imx6q-gw5400-a.dtb
  DTC     arch/arm/boot/dts/ti/omap/am5729-beagleboneai.dtb
  DTC     arch/arm/boot/dts/ti/omap/am57xx-cl-som-am57x.dtb
  DTC     arch/arm/boot/dts/nxp/imx/imx6q-gw54xx.dtb
  DTC     arch/arm/boot/dts/ti/omap/am57xx-sbc-am57x.dtb
  DTC     arch/arm/boot/dts/nxp/imx/imx6q-gw551x.dtb
  DTC     arch/arm/boot/dts/nxp/imx/imx6q-gw552x.dtb
  DTC     arch/arm/boot/dts/ti/omap/am572x-idk.dtb
  DTC     arch/arm/boot/dts/nxp/imx/imx6q-gw553x.dtb
  DTC     arch/arm/boot/dts/ti/omap/am572x-idk-touchscreen.dtbo
  DTC     arch/arm/boot/dts/nxp/imx/imx6q-gw560x.dtb
  DTC     arch/arm/boot/dts/nxp/imx/imx6q-gw5903.dtb
  DTC     arch/arm/boot/dts/ti/omap/am571x-idk.dtb
  DTC     arch/arm/boot/dts/nxp/imx/imx6q-gw5904.dtb
  DTC     arch/arm/boot/dts/ti/omap/am571x-idk-touchscreen.dtbo
  DTC     arch/arm/boot/dts/nxp/imx/imx6q-gw5907.dtb
  DTC     arch/arm/boot/dts/ti/omap/am574x-idk.dtb
  DTC     arch/arm/boot/dts/nxp/imx/imx6q-gw5910.dtb
  DTC     arch/arm/boot/dts/ti/omap/am57xx-idk-lcd-osd101t2045.dtbo
  DTC     arch/arm/boot/dts/ti/omap/am57xx-idk-lcd-osd101t2587.dtbo
  DTC     arch/arm/boot/dts/nxp/imx/imx6q-gw5913.dtb
  DTC     arch/arm/boot/dts/nxp/imx/imx6q-gw5912.dtb
  DTC     arch/arm/boot/dts/nxp/imx/imx6q-h100.dtb
  DTC     arch/arm/boot/dts/ti/omap/dra7-evm.dtb
  DTC     arch/arm/boot/dts/nxp/imx/imx6q-hummingboard.dtb
  DTC     arch/arm/boot/dts/ti/omap/dra72-evm.dtb
  DTC     arch/arm/boot/dts/nxp/imx/imx6q-hummingboard-emmc-som-v15.dtb
  DTC     arch/arm/boot/dts/ti/omap/dra72-evm-revc.dtb
  DTC     arch/arm/boot/dts/ti/omap/dra71-evm.dtb
  DTC     arch/arm/boot/dts/nxp/imx/imx6q-hummingboard-som-v15.dtb
  DTC     arch/arm/boot/dts/ti/omap/dra76-evm.dtb
  DTC     arch/arm/boot/dts/nxp/imx/imx6q-hummingboard2.dtb
  UPD     include/generated/asm-offsets.h
  CALL    /home/ubuntu/Projects/MYSELF/ZTE/H3600/linux-v6.6/scripts/checksyscalls.sh
  DTC     arch/arm/boot/dts/ti/omap/omap5-cm-t54.dtb
  DTC     arch/arm/boot/dts/nxp/imx/imx6q-hummingboard2-emmc-som-v15.dtb
  DTC     arch/arm/boot/dts/ti/omap/omap5-igep0050.dtb
  DTC     arch/arm/boot/dts/ti/omap/omap5-sbc-t54.dtb
  DTC     arch/arm/boot/dts/nxp/imx/imx6q-hummingboard2-som-v15.dtb
  DTC     arch/arm/boot/dts/nxp/imx/imx6q-icore.dtb
  DTC     arch/arm/boot/dts/ti/omap/omap5-uevm.dtb
  DTC     arch/arm/boot/dts/ti/omap/am3874-iceboard.dtb
  DTC     arch/arm/boot/dts/nxp/imx/imx6q-icore-mipi.dtb
  DTC     arch/arm/boot/dts/ti/omap/dm8148-evm.dtb
  DTC     arch/arm/boot/dts/ti/omap/dm8148-t410.dtb
  DTC     arch/arm/boot/dts/ti/omap/dm8168-evm.dtb
  DTC     arch/arm/boot/dts/nxp/imx/imx6q-icore-ofcap10.dtb
  DTC     arch/arm/boot/dts/ti/omap/dra62x-j5eco-evm.dtb
  DTC     arch/arm/boot/dts/nxp/imx/imx6q-icore-ofcap12.dtb
  DTOVL   arch/arm/boot/dts/ti/omap/am57xx-evm.dtb
  DTOVL   arch/arm/boot/dts/ti/omap/am57xx-evm-reva3.dtb
  DTC     arch/arm/boot/dts/nxp/imx/imx6q-icore-rqs.dtb
  DTC     arch/arm/boot/dts/nxp/imx/imx6q-kp-tpc.dtb
  DTC     arch/arm/boot/dts/nxp/imx/imx6q-logicpd.dtb
  DTC     arch/arm/boot/dts/nxp/imx/imx6q-marsboard.dtb
  DTC     arch/arm/boot/dts/nxp/imx/imx6q-mba6a.dtb
  DTC     arch/arm/boot/dts/nxp/imx/imx6q-mba6b.dtb
  DTC     arch/arm/boot/dts/nxp/imx/imx6q-mccmon6.dtb
  DTC     arch/arm/boot/dts/nxp/imx/imx6q-nitrogen6x.dtb
  DTC     arch/arm/boot/dts/nxp/imx/imx6q-nitrogen6_som2.dtb
  DTC     arch/arm/boot/dts/nxp/imx/imx6q-nitrogen6_max.dtb
  DTC     arch/arm/boot/dts/nxp/imx/imx6q-novena.dtb
  DTC     arch/arm/boot/dts/nxp/imx/imx6q-phytec-mira-rdk-emmc.dtb
  DTC     arch/arm/boot/dts/nxp/imx/imx6q-phytec-mira-rdk-nand.dtb
  DTC     arch/arm/boot/dts/nxp/imx/imx6q-phytec-pbab01.dtb
  DTC     arch/arm/boot/dts/nxp/imx/imx6q-pico-dwarf.dtb
  DTC     arch/arm/boot/dts/nxp/imx/imx6q-pico-hobbit.dtb
  DTC     arch/arm/boot/dts/nxp/imx/imx6q-pico-nymph.dtb
  DTC     arch/arm/boot/dts/nxp/imx/imx6q-pico-pi.dtb
  DTC     arch/arm/boot/dts/nxp/imx/imx6q-pistachio.dtb
  DTC     arch/arm/boot/dts/nxp/imx/imx6q-prti6q.dtb
  DTC     arch/arm/boot/dts/nxp/imx/imx6q-prtwd2.dtb
  DTC     arch/arm/boot/dts/nxp/imx/imx6q-rex-pro.dtb
  DTC     arch/arm/boot/dts/nxp/imx/imx6q-sabreauto.dtb
  DTC     arch/arm/boot/dts/nxp/imx/imx6q-sabrelite.dtb
  CC      init/main.o
  HOSTCC  usr/gen_init_cpio
  DTC     arch/arm/boot/dts/nxp/imx/imx6q-sabresd.dtb
  DTC     arch/arm/boot/dts/nxp/imx/imx6q-savageboard.dtb
  UPD     init/utsversion-tmp.h
  AR      arch/arm/mach-actions/built-in.a
  DTC     arch/arm/boot/dts/nxp/imx/imx6q-sbc6x.dtb
  CC      arch/arm/mach-airoha/airoha.o
  CC      init/do_mounts.o
  CC      arch/arm/vfp/vfpmodule.o
  DTC     arch/arm/boot/dts/nxp/imx/imx6q-skov-revc-lt2.dtb
  LDS     arch/arm/vdso/vdso.lds
  AS      arch/arm/vfp/vfphw.o
  DTC     arch/arm/boot/dts/nxp/imx/imx6q-skov-revc-lt6.dtb
  CC      arch/arm/mach-alpine/alpine_machine.o
  CC      init/do_mounts_rd.o
  CC      arch/arm/mach-artpec/board-artpec6.o
  AR      arch/arm/mach-aspeed/built-in.a
  CC      arch/arm/vfp/vfpsingle.o
  CC      arch/arm/vdso/vgettimeofday.o
  CC      init/do_mounts_initrd.o
  CC      init/initramfs.o
  CC      arch/arm/mach-at91/sama5.o
  CC      arch/arm/mach-berlin/berlin.o
  DTC     arch/arm/boot/dts/nxp/imx/imx6q-skov-reve-mi1010ait-1cp1.dtb
  CC      arch/arm/mach-bcm/bcm_cygnus.o
  CC      arch/arm/vfp/vfpdouble.o
  CC      arch/arm/mm/extable.o
  LDS     arch/arm/kernel/vmlinux.lds
  CC      arch/arm/mach-digicolor/digicolor.o
  CC      arch/arm/probes/uprobes/core.o
  CC      arch/arm/common/firmware.o
  DTC     arch/arm/boot/dts/nxp/imx/imx6q-solidsense.dtb
  CC      arch/arm/kernel/elf.o
  DTC     arch/arm/boot/dts/nxp/imx/imx6q-tbs2910.dtb
  DTC     arch/arm/boot/dts/nxp/imx/imx6q-ts4900.dtb
  AR      arch/arm/mach-alpine/built-in.a
  DTC     arch/arm/boot/dts/nxp/imx/imx6q-ts7970.dtb
  AS      arch/arm/common/secure_cntvoff.o
  AR      arch/arm/mach-berlin/built-in.a
  CC      arch/arm/mach-bcm/bcm_hr2.o
  CC      arch/arm/probes/uprobes/actions-arm.o
  DTC     arch/arm/boot/dts/nxp/imx/imx6q-tx6q-1010.dtb
  AR      arch/arm/mach-digicolor/built-in.a
  DTC     arch/arm/boot/dts/nxp/imx/imx6q-tx6q-1020.dtb
  AR      arch/arm/mach-airoha/built-in.a
  DTC     arch/arm/boot/dts/nxp/imx/imx6q-tx6q-1010-comtft.dtb
  CC      arch/arm/mach-at91/sam_secure.o
  AS      arch/arm/vdso/datapage.o
  CC      init/calibrate.o
  CC      init/init_task.o
  CC      arch/arm/vdso/note.o
  DTC     arch/arm/boot/dts/nxp/imx/imx6q-tx6q-1020-comtft.dtb
  CC      arch/arm/mm/fault.o
  AS      arch/arm/kernel/entry-common.o
  HOSTCC  arch/arm/vdso/vdsomunge
  DTC     arch/arm/boot/dts/nxp/imx/imx6q-tx6q-1036.dtb
  GEN     usr/initramfs_data.cpio
  CC      arch/arm/kernel/irq.o
  DTC     arch/arm/boot/dts/nxp/imx/imx6q-tx6q-1036-mb7.dtb
  COPY    usr/initramfs_inc_data
  AS      usr/initramfs_data.o
  CC      arch/arm/mach-bcm/bcm_nsp.o
  AR      usr/built-in.a
  DTC     arch/arm/boot/dts/nxp/imx/imx6q-tx6q-10x0-mb7.dtb
  DTC     arch/arm/boot/dts/nxp/imx/imx6q-tx6q-1110.dtb
  DTC     arch/arm/boot/dts/nxp/imx/imx6q-tx6q-11x0-mb7.dtb
  LD      arch/arm/vdso/vdso.so.raw
  MUNGE   arch/arm/vdso/vdso.so.dbg
  CC      arch/arm/mach-bcm/board_bcm281xx.o
  CC      arch/arm/mach-bcm/board_bcm21664.o
  DTC     arch/arm/boot/dts/nxp/imx/imx6q-udoo.dtb
  OBJCOPY arch/arm/vdso/vdso.so
  AS      arch/arm/vdso/vdso.o
  AR      arch/arm/vdso/built-in.a
  DTC     arch/arm/boot/dts/nxp/imx/imx6q-utilite-pro.dtb
  DTC     arch/arm/boot/dts/nxp/imx/imx6q-var-dt6customboard.dtb
  CC      arch/arm/mm/init.o
  CC      arch/arm/mach-at91/sama7.o
  CC      arch/arm/mach-exynos/exynos.o
  CC      arch/arm/probes/decode.o
  DTC     arch/arm/boot/dts/nxp/imx/imx6q-vicut1.dtb
  AR      arch/arm/mach-artpec/built-in.a
  CC      arch/arm/kernel/opcodes.o
  DTC     arch/arm/boot/dts/nxp/imx/imx6q-wandboard.dtb
  CC      arch/arm/mach-at91/pm.o
  AS      arch/arm/mach-exynos/exynos-smc.o
  DTC     arch/arm/boot/dts/nxp/imx/imx6q-wandboard-revb1.dtb
  AR      arch/arm/net/built-in.a
  CC      arch/arm/kernel/process.o
  AR      arch/arm/common/built-in.a
  AR      arch/arm/probes/uprobes/built-in.a
  CC      arch/arm/mm/iomap.o
  CC      arch/arm/probes/decode-arm.o
  DTC     arch/arm/boot/dts/nxp/imx/imx6q-wandboard-revd1.dtb
  CC      arch/arm/mach-highbank/highbank.o
  CC      arch/arm/mach-at91/pm_data-offsets.s
  DTC     arch/arm/boot/dts/nxp/imx/imx6q-yapp4-crux.dtb
  CC      arch/arm/mach-bcm/board_bcm23550.o
  DTC     arch/arm/boot/dts/nxp/imx/imx6q-yapp4-pegasus.dtb
  CC      arch/arm/mach-highbank/system.o
  CC      arch/arm/mach-exynos/firmware.o
  DTC     arch/arm/boot/dts/nxp/imx/imx6q-zii-rdu2.dtb
  DTC     arch/arm/boot/dts/nxp/imx/imx6qp-mba6b.dtb
  AR      arch/arm/crypto/built-in.a
  DTC     arch/arm/boot/dts/nxp/imx/imx6qp-nitrogen6_max.dtb
  AR      arch/arm/vfp/built-in.a
  AS      arch/arm/mach-highbank/smc.o
  CC      arch/arm/mm/dma-mapping.o
  CC      init/version.o
  DTC     arch/arm/boot/dts/nxp/imx/imx6qp-nitrogen6_som2.dtb
  CC      arch/arm/mach-exynos/pm.o
  UPD     arch/arm/mach-at91/pm_data-offsets.h
  DTC     arch/arm/boot/dts/nxp/imx/imx6qp-phytec-mira-rdk-nand.dtb
  CC      arch/arm/mach-bcm/kona_l2_cache.o
  CC      arch/arm/kernel/ptrace.o
  CC      arch/arm/mm/fault-armv.o
  CC      arch/arm/kernel/reboot.o
  CC      arch/arm/mach-hisi/hisilicon.o
  DTC     arch/arm/boot/dts/nxp/imx/imx6qp-prtwd3.dtb
  AS      arch/arm/mach-exynos/sleep.o
  CC      arch/arm/mach-bcm/bcm_kona_smc.o
  DTC     arch/arm/boot/dts/nxp/imx/imx6qp-sabreauto.dtb
  AS      arch/arm/mach-at91/pm_suspend.o
  DTC     arch/arm/boot/dts/nxp/imx/imx6qp-sabresd.dtb
  CC      arch/arm/mm/flush.o
  DTC     arch/arm/boot/dts/nxp/imx/imx6qp-tx6qp-8037.dtb
  CC      arch/arm/kernel/io.o
  CC      arch/arm/mach-bcm/board_bcm2835.o
  CC      arch/arm/kernel/setup.o
  DTC     arch/arm/boot/dts/nxp/imx/imx6qp-tx6qp-8037-mb7.dtb
  AR      arch/arm/probes/built-in.a
  CC      arch/arm/kernel/signal.o
  AS      arch/arm/kernel/sigreturn_codes.o
  CC      arch/arm/mach-bcm/bcm2711.o
  CC      arch/arm/mach-exynos/suspend.o
  CC      arch/arm/kernel/stacktrace.o
  CC      arch/arm/mach-highbank/pm.o
  DTC     arch/arm/boot/dts/nxp/imx/imx6qp-tx6qp-8137.dtb
  CC      arch/arm/mm/idmap.o
  DTC     arch/arm/boot/dts/nxp/imx/imx6qp-tx6qp-8137-mb7.dtb
  AR      init/built-in.a
  CC      arch/arm/mach-hpe/gxp.o
  CC      arch/arm/mach-bcm/bcm_5301x.o
  DTC     arch/arm/boot/dts/nxp/imx/imx6qp-vicutp.dtb
  AR      arch/arm/mach-hisi/built-in.a
  CC      arch/arm/kernel/sys_arm.o
  CC      arch/arm/mm/ioremap.o
  DTC     arch/arm/boot/dts/nxp/imx/imx6qp-wandboard-revd1.dtb
  CC      arch/arm/mach-bcm/brcmstb.o
  AR      arch/arm/mach-hpe/built-in.a
  CC      arch/arm/mach-keystone/keystone.o
  CC      arch/arm/mm/mmap.o
  CC      arch/arm/mach-meson/meson.o
  AR      arch/arm/mach-at91/built-in.a
  DTC     arch/arm/boot/dts/nxp/imx/imx6qp-yapp4-crux-plus.dtb
  DTC     arch/arm/boot/dts/nxp/imx/imx6qp-yapp4-pegasus-plus.dtb
  CC      arch/arm/kernel/time.o
  DTC     arch/arm/boot/dts/nxp/imx/imx6qp-zii-rdu2.dtb
  CC      arch/arm/mach-mmp/common.o
  CC      arch/arm/kernel/traps.o
  CC      arch/arm/kernel/atags_parse.o
  CC      arch/arm/mach-mmp/time.o
  DTC     arch/arm/boot/dts/nxp/imx/imx6s-dhcom-drc02.dtb
  DTC     arch/arm/boot/dts/nxp/imx/imx6sl-evk.dtb
  AR      arch/arm/mach-meson/built-in.a
  CC      arch/arm/mm/pgd.o
  CC      arch/arm/kernel/atags_proc.o
  DTC     arch/arm/boot/dts/nxp/imx/imx6sl-kobo-aura2.dtb
  DTC     arch/arm/boot/dts/nxp/imx/imx6sl-tolino-shine2hd.dtb
  AS      arch/arm/kernel/entry-armv.o
  AR      arch/arm/mach-highbank/built-in.a
  DTC     arch/arm/boot/dts/nxp/imx/imx6sl-tolino-shine3.dtb
  CC      arch/arm/mach-mmp/mmp2-dt.o
  CC      arch/arm/mm/mmu.o
  DTC     arch/arm/boot/dts/nxp/imx/imx6sl-tolino-vision.dtb
  CC      arch/arm/mach-mmp/mmp3.o
  DTC     arch/arm/boot/dts/nxp/imx/imx6sl-tolino-vision5.dtb
  DTC     arch/arm/boot/dts/nxp/imx/imx6sl-warp.dtb
  CC      arch/arm/mach-mvebu/system-controller.o
  AR      arch/arm/mach-bcm/built-in.a
  DTC     arch/arm/boot/dts/nxp/imx/imx6sll-evk.dtb
  DTC     arch/arm/boot/dts/nxp/imx/imx6sll-kobo-clarahd.dtb
  CC      arch/arm/mm/pageattr.o
  DTC     arch/arm/boot/dts/nxp/imx/imx6sll-kobo-librah2o.dtb
  CC      arch/arm/kernel/bugs.o
  CC      arch/arm/mm/proc-syms.o
  CC      arch/arm/mach-mvebu/mvebu-soc-id.o
  CC      arch/arm/mach-imx/cpu.o
  DTC     arch/arm/boot/dts/nxp/imx/imx6sx-nitrogen6sx.dtb
  CC      arch/arm/mach-mediatek/mediatek.o
  AR      arch/arm/mach-keystone/built-in.a
  CC      arch/arm/mach-imx/system.o
  DTC     arch/arm/boot/dts/nxp/imx/imx6sx-sabreauto.dtb
  AR      arch/arm/mach-exynos/built-in.a
  CC      arch/arm/mm/alignment.o
  AS      arch/arm/mm/abort-ev7.o
  CC      arch/arm/mach-imx/irq-common.o
  DTC     arch/arm/boot/dts/nxp/imx/imx6sx-sdb-reva.dtb
  CC      arch/arm/mach-imx/cpu-imx5.o
  CC      arch/arm/mach-mvebu/cpu-reset.o
  CC      arch/arm/mach-imx/pm-imx5.o
  CC      arch/arm/mach-mvebu/board-v7.o
  AR      arch/arm/mach-mmp/built-in.a
  DTC     arch/arm/boot/dts/nxp/imx/imx6sx-sdb-sai.dtb
  CC      arch/arm/kernel/cpuidle.o
  CC      arch/arm/mach-mvebu/coherency.o
  DTC     arch/arm/boot/dts/nxp/imx/imx6sx-sdb.dtb
  AS      arch/arm/mm/pabort-v7.o
  DTC     arch/arm/boot/dts/nxp/imx/imx6sx-sdb-mqs.dtb
  AR      arch/arm/mach-milbeaut/built-in.a
  DTC     arch/arm/boot/dts/nxp/imx/imx6sx-softing-vining-2000.dtb
  CC      arch/arm/mach-imx/tzic.o
  DTC     arch/arm/boot/dts/nxp/imx/imx6sx-udoo-neo-basic.dtb
  CC      arch/arm/kernel/fiq.o
  AS      arch/arm/mm/cache-v7.o
  DTC     arch/arm/boot/dts/nxp/imx/imx6sx-udoo-neo-extended.dtb
  CC      arch/arm/mm/copypage-v6.o
  DTC     arch/arm/boot/dts/nxp/imx/imx6sx-udoo-neo-full.dtb
  DTC     arch/arm/boot/dts/nxp/imx/imx6ul-14x14-evk.dtb
  DTC     arch/arm/boot/dts/nxp/imx/imx6ul-ccimx6ulsbcexpress.dtb
  CC      arch/arm/mach-imx/cpuidle-imx5.o
  CC      arch/arm/mach-imx/cpuidle-imx6q.o
  DTC     arch/arm/boot/dts/nxp/imx/imx6ul-ccimx6ulsbcpro.dtb
  AS      arch/arm/mach-mvebu/coherency_ll.o
  DTC     arch/arm/boot/dts/nxp/imx/imx6ul-geam.dtb
  CC      arch/arm/mach-omap2/id.o
  AR      arch/arm/mach-qcom/built-in.a
  DTC     arch/arm/boot/dts/nxp/imx/imx6ul-isiot-emmc.dtb
  CC      arch/arm/mach-omap2/io.o
  DTC     arch/arm/boot/dts/nxp/imx/imx6ul-isiot-nand.dtb
  CC      arch/arm/mach-omap2/control.o
  CC      arch/arm/mach-imx/cpuidle-imx6sl.o
  CC      arch/arm/mach-shmobile/timer.o
  CC      arch/arm/mach-mvebu/pmsu.o
  CC      arch/arm/mach-rockchip/rockchip.o
  CC      arch/arm/mach-omap2/devices.o
  DTC     arch/arm/boot/dts/nxp/imx/imx6ul-kontron-bl.dtb
  AR      arch/arm/mach-mediatek/built-in.a
  DTC     arch/arm/boot/dts/nxp/imx/imx6ul-kontron-bl-43.dtb
  AS      arch/arm/kernel/fiqasm.o
  CC      arch/arm/mach-rockchip/pm.o
  AS      arch/arm/mach-rockchip/sleep.o
  CC      arch/arm/mach-omap2/fb.o
  DTC     arch/arm/boot/dts/nxp/imx/imx6ul-liteboard.dtb
  CC      arch/arm/mach-omap2/pm.o
  CC      arch/arm/mach-shmobile/setup-sh73a0.o
  CC      arch/arm/mach-omap2/common.o
  DTC     arch/arm/boot/dts/nxp/imx/imx6ul-tqma6ul1-mba6ulx.dtb
  CC      arch/arm/mach-omap2/dma.o
  DTC     arch/arm/boot/dts/nxp/imx/imx6ul-tqma6ul2-mba6ulx.dtb
  CC      arch/arm/kernel/armksyms.o
  CC      arch/arm/mach-socfpga/socfpga.o
  CC      arch/arm/mach-shmobile/setup-r8a73a4.o
  DTC     arch/arm/boot/dts/nxp/imx/imx6ul-tqma6ul2l-mba6ulx.dtb
  AS      arch/arm/mach-omap2/omap-headsmp.o
  CC      arch/arm/mm/context.o
  DTC     arch/arm/boot/dts/nxp/imx/imx6ul-opos6uldev.dtb
  CC      arch/arm/mach-sti/board-dt.o
  AS      arch/arm/mach-mvebu/pmsu_ll.o
  CC      arch/arm/mach-imx/cpuidle-imx6sx.o
  DTC     arch/arm/boot/dts/nxp/imx/imx6ul-pico-dwarf.dtb
  CC      arch/arm/mach-imx/cpuidle-imx7ulp.o
  DTC     arch/arm/boot/dts/nxp/imx/imx6ul-pico-hobbit.dtb
  CC      arch/arm/mach-omap2/sram.o
  AS      arch/arm/mm/tlb-v7.o
  DTC     arch/arm/boot/dts/nxp/imx/imx6ul-pico-pi.dtb
  DTC     arch/arm/boot/dts/nxp/imx/imx6ul-phytec-segin-ff-rdk-emmc.dtb
  CC      arch/arm/kernel/module.o
  CC      arch/arm/mach-mvebu/pm.o
  AS      arch/arm/mm/proc-v7.o
  DTC     arch/arm/boot/dts/nxp/imx/imx6ul-phytec-segin-ff-rdk-nand.dtb
  CC      arch/arm/mach-shmobile/setup-r8a7740.o
  CC      arch/arm/mach-stm32/board-dt.o
  DTC     arch/arm/boot/dts/nxp/imx/imx6ul-prti6g.dtb
  CC      arch/arm/mach-sunplus/sp7021.o
  AR      arch/arm/mach-sti/built-in.a
  DTC     arch/arm/boot/dts/nxp/imx/imx6ul-tx6ul-0010.dtb
  CC      arch/arm/mach-sunxi/sunxi.o
  AS      arch/arm/mach-imx/ssi-fiq.o
  CC      arch/arm/mach-shmobile/setup-r8a7778.o
  DTC     arch/arm/boot/dts/nxp/imx/imx6ul-tx6ul-0011.dtb
  CC      arch/arm/mm/proc-v7-bugs.o
  CC      arch/arm/kernel/module-plts.o
  DTC     arch/arm/boot/dts/nxp/imx/imx6ul-tx6ul-mainboard.dtb
  CC      arch/arm/mach-tegra/io.o
  CC      arch/arm/mm/l2c-common.o
  AR      arch/arm/mach-stm32/built-in.a
  AR      arch/arm/mach-sunplus/built-in.a
  CC      arch/arm/mach-ux500/pm.o
  CC      arch/arm/mach-shmobile/setup-r8a7779.o
  CC      arch/arm/mach-shmobile/setup-emev2.o
  CC      arch/arm/mach-shmobile/setup-r7s72100.o
  AR      arch/arm/mach-rockchip/built-in.a
  DTC     arch/arm/boot/dts/nxp/imx/imx6ull-14x14-evk.dtb
  CC      arch/arm/mach-shmobile/setup-r7s9210.o
  CC      arch/arm/mach-tegra/irq.o
  DTC     arch/arm/boot/dts/nxp/imx/imx6ull-colibri-aster.dtb
  CC      arch/arm/mach-mvebu/pm-board.o
  CC      arch/arm/mach-imx/ssi-fiq-ksym.o
  DTC     arch/arm/boot/dts/nxp/imx/imx6ull-colibri-emmc-aster.dtb
  CC      arch/arm/mach-shmobile/setup-rcar-gen2.o
  CC      arch/arm/kernel/bios32.o
  AR      arch/arm/mach-socfpga/built-in.a
  DTC     arch/arm/boot/dts/nxp/imx/imx6ull-colibri-emmc-eval-v3.dtb
  CC      arch/arm/mach-ux500/cpu-db8500.o
  CC      arch/arm/mach-mvebu/dove.o
  DTC     arch/arm/boot/dts/nxp/imx/imx6ull-colibri-emmc-iris.dtb
  CC      arch/arm/mm/cache-b15-rac.o
  CC      arch/arm/mach-vt8500/vt8500.o
  CC      arch/arm/mach-imx/anatop.o
  DTC     arch/arm/boot/dts/nxp/imx/imx6ull-colibri-emmc-iris-v2.dtb
  DTC     arch/arm/boot/dts/nxp/imx/imx6ull-colibri-eval-v3.dtb
  CC      arch/arm/mach-tegra/pm.o
  DTC     arch/arm/boot/dts/nxp/imx/imx6ull-colibri-iris.dtb
  AR      arch/arm/mach-sunxi/built-in.a
  CC      arch/arm/mach-tegra/reset.o
  DTC     arch/arm/boot/dts/nxp/imx/imx6ull-colibri-iris-v2.dtb
  CC      arch/arm/kernel/isa.o
  CC      arch/arm/mach-omap2/omap_hwmod.o
  CC      arch/arm/mach-zynq/common.o
  DTC     arch/arm/boot/dts/nxp/imx/imx6ull-colibri-wifi-aster.dtb
  CC      arch/arm/mach-imx/gpc.o
  CC      arch/arm/mach-versatile/v2m.o
  DTC     arch/arm/boot/dts/nxp/imx/imx6ull-colibri-wifi-eval-v3.dtb
  CC      arch/arm/mach-zynq/slcr.o
  AR      arch/arm/mach-mvebu/built-in.a
  AS      arch/arm/mach-tegra/reset-handler.o
  CC      arch/arm/mm/cache-feroceon-l2.o
  DTC     arch/arm/boot/dts/nxp/imx/imx6ull-colibri-wifi-iris.dtb
  DTC     arch/arm/boot/dts/nxp/imx/imx6ull-colibri-wifi-iris-v2.dtb
  CC      arch/arm/mach-omap2/omap_hwmod_common_data.o
  CC      arch/arm/mach-imx/mmdc.o
  CC      arch/arm/mach-versatile/spc.o
  CC      arch/arm/mm/cache-l2x0.o
  CC      arch/arm/mach-zynq/pm.o
  DTC     arch/arm/boot/dts/nxp/imx/imx6ull-dhcom-drc02.dtb
  AR      arch/arm/mach-vt8500/built-in.a
  AS      arch/arm/kernel/sleep.o
  DTC     arch/arm/boot/dts/nxp/imx/imx6ull-dhcom-pdk2.dtb
  CC      arch/arm/mach-spear/restart.o
  CC      arch/arm/mach-shmobile/platsmp-apmu.o
  DTC     arch/arm/boot/dts/nxp/imx/imx6ull-dhcom-picoitx.dtb
  CC      arch/arm/mach-omap2/omap_hwmod_common_ipblock_data.o
  AS      arch/arm/mach-tegra/sleep.o
  AR      arch/arm/mach-ux500/built-in.a
  CC      arch/arm/mach-imx/src.o
  DTC     arch/arm/boot/dts/nxp/imx/imx6ull-dhcor-maveo-box.dtb
  CC      arch/arm/mach-spear/time.o
  DTC     arch/arm/boot/dts/nxp/imx/imx6ull-jozacp.dtb
  DTC     arch/arm/boot/dts/nxp/imx/imx6ull-kontron-bl.dtb
  CC      arch/arm/mach-shmobile/platsmp.o
  DTC     arch/arm/boot/dts/nxp/imx/imx6ull-myir-mys-6ulx-eval.dtb
  CC      arch/arm/kernel/suspend.o
  CC      arch/arm/mach-omap2/omap_device.o
  DTC     arch/arm/boot/dts/nxp/imx/imx6ull-opos6uldev.dtb
  AS      arch/arm/mm/l2c-l2x0-resume.o
  DTC     arch/arm/boot/dts/nxp/imx/imx6ull-phytec-segin-ff-rdk-nand.dtb
  CC      arch/arm/mach-imx/mach-imx6q.o
  DTC     arch/arm/boot/dts/nxp/imx/imx6ull-phytec-segin-ff-rdk-emmc.dtb
  DTC     arch/arm/boot/dts/nxp/imx/imx6ull-phytec-segin-lc-rdk-nand.dtb
  CC      arch/arm/mach-spear/spear13xx.o
  CC      arch/arm/mach-tegra/tegra.o
  AR      arch/arm/plat-orion/built-in.a
  DTC     arch/arm/boot/dts/nxp/imx/imx6ull-phytec-tauri-emmc.dtb
  CC      arch/arm/mm/cache-tauros2.o
  CC      arch/arm/mach-imx/mach-imx6sl.o
  AR      arch/arm/mach-zynq/built-in.a
  DTC     arch/arm/boot/dts/nxp/imx/imx6ull-phytec-tauri-nand.dtb
  DTC     arch/arm/boot/dts/nxp/imx/imx6ull-tarragon-master.dtb
  AS      arch/arm/mach-shmobile/headsmp.o
  CC      arch/arm/kernel/smp_scu.o
  DTC     arch/arm/boot/dts/nxp/imx/imx6ull-tarragon-micro.dtb
  DTC     arch/arm/boot/dts/nxp/imx/imx6ull-tarragon-slave.dtb
  CC      arch/arm/mach-spear/spear1310.o
  CC      arch/arm/mach-spear/spear1340.o
  DTC     arch/arm/boot/dts/nxp/imx/imx6ull-tarragon-slavext.dtb
  AS      arch/arm/mach-tegra/sleep-tegra20.o
  CC      kernel/sched/core.o
  DTC     arch/arm/boot/dts/nxp/imx/imx6ull-tqma6ull2-mba6ulx.dtb
  CC      kernel/sched/fair.o
  CC      arch/arm/mach-imx/mach-imx6sx.o
  DTC     arch/arm/boot/dts/nxp/imx/imx6ull-tqma6ull2l-mba6ulx.dtb
  CC      certs/system_keyring.o
  CC      kernel/locking/mutex.o
  DTC     arch/arm/boot/dts/nxp/imx/imx6ulz-14x14-evk.dtb
  AR      arch/arm/mach-versatile/built-in.a
  DTC     arch/arm/boot/dts/nxp/imx/imx6ulz-bsh-smm-m2.dtb
  CC      arch/arm/mach-shmobile/regulator-quirk-rcar-gen2.o
  HOSTCC  certs/extract-cert
  DTC     arch/arm/boot/dts/nxp/imx/imx7d-cl-som-imx7.dtb
  AS      arch/arm/mach-tegra/sleep-tegra30.o
  DTC     arch/arm/boot/dts/nxp/imx/imx7d-colibri-aster.dtb
  CC      kernel/sched/build_policy.o
  CC      kernel/locking/semaphore.o
  CC      arch/arm/mach-imx/mach-imx6ul.o
  DTC     arch/arm/boot/dts/nxp/imx/imx7d-colibri-emmc-aster.dtb
  CC      mm/filemap.o
  CC      mm/mempool.o
  CC      kernel/sched/build_utility.o
  CC      arch/arm/kernel/smp_twd.o
  CC      mm/oom_kill.o
  DTC     arch/arm/boot/dts/nxp/imx/imx7d-colibri-emmc-iris.dtb
  CC      arch/arm/mach-tegra/pm-tegra20.o
  CC      mm/fadvise.o
  AR      arch/arm/mm/built-in.a
  CC      kernel/locking/rwsem.o
  DTC     arch/arm/boot/dts/nxp/imx/imx7d-colibri-emmc-iris-v2.dtb
  CC      kernel/power/qos.o
  CERT    certs/x509_certificate_list
  AR      arch/arm/mach-spear/built-in.a
  CERT    certs/signing_key.x509
  CC      arch/arm/mach-omap2/display.o
  DTC     arch/arm/boot/dts/nxp/imx/imx7d-colibri-emmc-eval-v3.dtb
  AS      certs/system_certificates.o
  CC      kernel/power/main.o
  AR      certs/built-in.a
  DTC     arch/arm/boot/dts/nxp/imx/imx7d-colibri-eval-v3.dtb
  CC      arch/arm/mach-tegra/pm-tegra30.o
  CC      kernel/printk/printk.o
  CC      kernel/power/console.o
  DTC     arch/arm/boot/dts/nxp/imx/imx7d-colibri-iris.dtb
  DTC     arch/arm/boot/dts/nxp/imx/imx7d-colibri-iris-v2.dtb
  CC      arch/arm/mach-imx/mach-imx7d.o
  CC      arch/arm/mach-shmobile/suspend.o
  DTC     arch/arm/boot/dts/nxp/imx/imx7d-flex-concentrator.dtb
  DTC     arch/arm/boot/dts/nxp/imx/imx7d-flex-concentrator-mfg.dtb
  CC      arch/arm/mach-tegra/board-paz00.o
  DTC     arch/arm/boot/dts/nxp/imx/imx7d-mba7.dtb
  CC      arch/arm/kernel/arch_timer.o
  CC      mm/maccess.o
  DTC     arch/arm/boot/dts/nxp/imx/imx7d-meerkat96.dtb
  CC      kernel/locking/percpu-rwsem.o
  DTC     arch/arm/boot/dts/nxp/imx/imx7d-nitrogen7.dtb
  DTC     arch/arm/boot/dts/nxp/imx/imx7d-pico-dwarf.dtb
  CC      kernel/locking/rtmutex_api.o
  AR      arch/arm/mach-tegra/built-in.a
  CC      arch/arm/kernel/machine_kexec.o
  DTC     arch/arm/boot/dts/nxp/imx/imx7d-pico-hobbit.dtb
  CC      kernel/power/process.o
  CC      kernel/irq/irqdesc.o
  DTC     arch/arm/boot/dts/nxp/imx/imx7d-pico-nymph.dtb
  CC      arch/arm/mach-shmobile/pm-rcar-gen2.o
  AS      arch/arm/kernel/relocate_kernel.o
  CC      arch/arm/mach-omap2/hdq1w.o
  DTC     arch/arm/boot/dts/nxp/imx/imx7d-pico-pi.dtb
  CC      mm/page-writeback.o
  CC      mm/folio-compat.o
  CC      arch/arm/kernel/thumbee.o
  DTC     arch/arm/boot/dts/nxp/imx/imx7d-remarkable2.dtb
  CC      fs/notify/dnotify/dnotify.o
  CC      arch/arm/mach-imx/mach-imx7ulp.o
  DTC     arch/arm/boot/dts/nxp/imx/imx7d-sbc-imx7.dtb
  CC      arch/arm/mach-imx/pm-imx7ulp.o
  DTC     arch/arm/boot/dts/nxp/imx/imx7d-sdb.dtb
  CC      mm/readahead.o
  CC      kernel/irq/handle.o
  AR      arch/arm/mach-shmobile/built-in.a
  DTC     arch/arm/boot/dts/nxp/imx/imx7d-sdb-reva.dtb
  CC      mm/swap.o
  CC      ipc/util.o
  DTC     arch/arm/boot/dts/nxp/imx/imx7d-sdb-sht11.dtb
  CC      kernel/rcu/update.o
  DTC     arch/arm/boot/dts/nxp/imx/imx7d-smegw01.dtb
  CC      arch/arm/kernel/unwind.o
  CC      kernel/rcu/sync.o
  AS      arch/arm/mach-imx/suspend-imx6.o
  DTC     arch/arm/boot/dts/nxp/imx/imx7d-zii-rmu2.dtb
  CC      arch/arm/mach-omap2/i2c.o
  CC      kernel/printk/printk_safe.o
  AS      arch/arm/mach-imx/suspend-imx53.o
  AR      kernel/locking/built-in.a
  DTC     arch/arm/boot/dts/nxp/imx/imx7d-zii-rpu2.dtb
  AS      arch/arm/mach-imx/resume-imx6.o
  CC      security/keys/gc.o
  DTC     arch/arm/boot/dts/nxp/imx/imx7s-colibri-aster.dtb
  CC      kernel/power/suspend.o
  CC      arch/arm/mach-imx/pm-imx6.o
  AR      fs/notify/dnotify/built-in.a
  CC      kernel/printk/printk_ringbuffer.o
  DTC     arch/arm/boot/dts/nxp/imx/imx7s-colibri-eval-v3.dtb
  CC      ipc/msgutil.o
  CC      fs/notify/inotify/inotify_fsnotify.o
  DTC     arch/arm/boot/dts/nxp/imx/imx7s-colibri-iris.dtb
  CC      ipc/msg.o
  CC      kernel/irq/manage.o
  CC      crypto/asymmetric_keys/asymmetric_type.o
  DTC     arch/arm/boot/dts/nxp/imx/imx7s-colibri-iris-v2.dtb
  DTC     arch/arm/boot/dts/nxp/imx/imx7s-mba7.dtb
  DTC     arch/arm/boot/dts/nxp/imx/imx7s-warp.dtb
  CC      arch/arm/kernel/devtree.o
  DTC     arch/arm/boot/dts/nxp/imx/imx7ulp-com.dtb
  DTC     arch/arm/boot/dts/nxp/imx/imx7ulp-evk.dtb
  CC      arch/arm/kernel/swp_emulate.o
  AR      kernel/livepatch/built-in.a
  CC      arch/arm/mach-omap2/wd_timer.o
  AS      arch/arm/mach-omap2/omap-smc.o
  CC      security/commoncap.o
  CC      security/keys/key.o
  CC      fs/notify/inotify/inotify_user.o
  CC      ipc/sem.o
  CC      kernel/power/poweroff.o
  CC      kernel/printk/sysctl.o
  AR      fs/notify/fanotify/built-in.a
  CC      block/partitions/core.o
  CC      kernel/irq/spurious.o
  CC      block/bdev.o
  CC      arch/arm/kernel/hw_breakpoint.o
  CC      kernel/rcu/srcutiny.o
  CC      kernel/rcu/tiny.o
  AR      kernel/printk/built-in.a
  CC      block/partitions/cmdline.o
  CC      arch/arm/kernel/pj4-cp0.o
  CC      arch/arm/mach-imx/mach-imx50.o
  AR      kernel/power/built-in.a
  CC      crypto/asymmetric_keys/restrict.o
  CC      fs/notify/fsnotify.o
  CC      arch/arm/mach-omap2/omap-secure.o
  CC      arch/arm/mach-imx/mach-imx51.o
  CC      mm/truncate.o
  CC      kernel/dma/mapping.o
  CC      block/partitions/msdos.o
  AR      kernel/entry/built-in.a
  CC      mm/vmscan.o
  CC      kernel/dma/direct.o
  CC      fs/notify/notification.o
  CC      security/min_addr.o
  CC      crypto/asymmetric_keys/signature.o
  AR      fs/notify/inotify/built-in.a
  CC      crypto/asymmetric_keys/public_key.o
  AR      kernel/rcu/built-in.a
  CC      security/keys/keyring.o
  CC      fs/notify/group.o
  CC      arch/arm/mach-imx/mach-imx53.o
  CC      kernel/dma/ops_helpers.o
  CC      security/keys/keyctl.o
  AR      kernel/sched/built-in.a
  CC      crypto/api.o
  CC      ipc/shm.o
  CC      kernel/irq/resend.o
  CC      security/inode.o
  CC      security/device_cgroup.o
  CC      arch/arm/mach-omap2/omap_twl.o
  CC      fs/nfs_common/nfsacl.o
  CC      kernel/dma/dummy.o
  CC      arch/arm/mach-imx/mach-vf610.o
  CC      arch/arm/mach-imx/mach-ls1021a.o
  ASN.1   crypto/asymmetric_keys/x509.asn1.[ch]
  AS      arch/arm/kernel/iwmmxt.o
  CC      block/partitions/efi.o
  ASN.1   crypto/asymmetric_keys/x509_akid.asn1.[ch]
  CC      crypto/asymmetric_keys/x509_loader.o
  CC      arch/arm/kernel/perf_regs.o
  CC      security/keys/permission.o
  CC      mm/shmem.o
  CC      kernel/irq/chip.o
  CC      block/fops.o
  CC      kernel/module/main.o
  CC      arch/arm/mach-omap2/pmic-cpcap.o
  CC      crypto/asymmetric_keys/x509_public_key.o
  AR      arch/arm/mach-imx/built-in.a
  ASN.1   crypto/asymmetric_keys/pkcs7.asn1.[ch]
  CC      kernel/dma/contiguous.o
  CC      io_uring/io_uring.o
  CC      io_uring/xattr.o
  CC      fs/nfs_common/grace.o
  CC      fs/notify/mark.o
  CC      arch/arm/mach-omap2/sdrc.o
  CC      arch/arm/kernel/perf_callchain.o
  CC      arch/arm/mach-omap2/omap4-common.o
  CC      block/bio.o
  CC      kernel/dma/coherent.o
  CC      kernel/irq/dummychip.o
  CC      kernel/dma/remap.o
  CC      mm/util.o
  CC      security/keys/process_keys.o
  CC      ipc/syscall.o
  CC      crypto/asymmetric_keys/pkcs7_trust.o
  AR      block/partitions/built-in.a
  CC      kernel/time/time.o
  CC      block/elevator.o
  CC      io_uring/nop.o
  CC      fs/nfs_common/nfs_ssc.o
  CC      arch/arm/kernel/perf_event_xscale.o
  CC      kernel/module/strict_rwx.o
  CC      arch/arm/mach-omap2/omap-wakeupgen.o
  CC      arch/arm/kernel/perf_event_v6.o
  CC      kernel/irq/devres.o
  CC      kernel/futex/core.o
  CC      arch/arm/kernel/perf_event_v7.o
  CC      crypto/asymmetric_keys/pkcs7_verify.o
  CC      io_uring/fs.o
  AR      kernel/dma/built-in.a
  AS      arch/arm/lib/ashldi3.o
  CC      fs/iomap/trace.o
  AS      arch/arm/lib/ashrdi3.o
  CC      fs/notify/fdinfo.o
  CC      ipc/ipc_sysctl.o
  AS      arch/arm/lib/backtrace.o
  AS      arch/arm/lib/bswapsdi2.o
  AS      arch/arm/lib/call_with_stack.o
  CC      crypto/asymmetric_keys/x509.asn1.o
  CC      security/keys/request_key.o
  AS      arch/arm/lib/changebit.o
  CC      crypto/asymmetric_keys/x509_akid.asn1.o
  AS      arch/arm/lib/clear_user.o
  CC      kernel/irq/generic-chip.o
  CC      crypto/asymmetric_keys/x509_cert_parser.o
  AS      arch/arm/lib/clearbit.o
  CC      crypto/asymmetric_keys/pkcs7.asn1.o
  CC      kernel/time/timer.o
  AS      arch/arm/lib/copy_from_user.o
  CC      block/blk-core.o
  AR      ipc/built-in.a
  AR      fs/notify/built-in.a
  AS      arch/arm/lib/copy_page.o
  AS      arch/arm/lib/copy_to_user.o
  CC      crypto/cipher.o
  AR      fs/quota/built-in.a
  AS      arch/arm/mach-omap2/sleep44xx.o
  CC      kernel/futex/syscalls.o
  CC      arch/arm/mach-omap2/timer.o
  AS      arch/arm/lib/csumipv6.o
  CC      crypto/asymmetric_keys/pkcs7_parser.o
  CC      fs/iomap/iter.o
  AS      arch/arm/lib/csumpartial.o
  AR      fs/nfs_common/built-in.a
  AS      arch/arm/lib/csumpartialcopy.o
  CC      security/keys/request_key_auth.o
  CC      kernel/irq/autoprobe.o
  AS      arch/arm/lib/csumpartialcopyuser.o
  AS      arch/arm/lib/delay-loop.o
  CC      kernel/cgroup/cgroup.o
  CC      arch/arm/lib/delay.o
  CC      arch/arm/kernel/vdso.o
  CC      io_uring/splice.o
  CC      crypto/compress.o
  CC      kernel/module/kmod.o
  CC      block/blk-sysfs.o
  CC      lib/math/div64.o
  CC      kernel/time/hrtimer.o
  CC      lib/crypto/mpi/generic_mpih-lshift.o
  AR      crypto/asymmetric_keys/built-in.a
  CC      kernel/cgroup/rstat.o
  CC      lib/crypto/memneq.o
  CC      lib/zlib_inflate/inffast.o
  CC      kernel/irq/irqdomain.o
  CC      arch/arm/mach-omap2/ti81xx-restart.o
  AS      arch/arm/lib/div64.o
  CC      fs/iomap/buffered-io.o
  AS      arch/arm/lib/findbit.o
  CC      security/keys/user_defined.o
  CC      lib/zlib_inflate/inflate.o
  CC      lib/math/gcd.o
  CC      kernel/futex/pi.o
  CC      mm/mmzone.o
  AS      arch/arm/lib/getuser.o
  AS      arch/arm/lib/io-readsb.o
  CC      arch/arm/kernel/efi.o
  CC      crypto/algapi.o
  CC      lib/zlib_inflate/infutil.o
  CC      lib/math/lcm.o
  AS      arch/arm/lib/io-readsl.o
  CC      lib/math/int_log.o
  CC      lib/crypto/mpi/generic_mpih-mul1.o
  AS      arch/arm/lib/io-readsw-armv4.o
  AS      arch/arm/lib/io-writesb.o
  AS      arch/arm/lib/io-writesl.o
  CC      lib/math/int_pow.o
  CC      kernel/module/tree_lookup.o
  CC      kernel/time/timekeeping.o
  AS      arch/arm/lib/io-writesw-armv4.o
  AS      arch/arm/lib/lib1funcs.o
  CC      block/blk-flush.o
  CC      lib/math/int_sqrt.o
  CC      mm/vmstat.o
  AS      arch/arm/lib/lshrdi3.o
  CC      lib/zlib_inflate/inftrees.o
  CC      fs/proc/task_mmu.o
  AS      arch/arm/lib/memchr.o
  CC      security/keys/proc.o
  AS      arch/arm/lib/memcpy.o
  CC      kernel/futex/requeue.o
  CC      io_uring/sync.o
  CC      lib/math/reciprocal_div.o
  AS      arch/arm/lib/memmove.o
  AS      arch/arm/lib/memset.o
  AS      arch/arm/kernel/head.o
  AS      arch/arm/lib/muldi3.o
  CC      lib/zlib_inflate/inflate_syms.o
  CC      arch/arm/mach-omap2/am33xx-restart.o
  AS      arch/arm/lib/putuser.o
  AS      arch/arm/kernel/phys2virt.o
  CC      lib/crypto/mpi/generic_mpih-mul2.o
  CC      kernel/irq/proc.o
  CC      lib/math/rational.o
  AS      arch/arm/kernel/hyp-stub.o
  CC      kernel/futex/waitwake.o
  AS      arch/arm/lib/setbit.o
  AS      arch/arm/lib/strchr.o
  AS      arch/arm/kernel/smccc-call.o
  AS      arch/arm/lib/strrchr.o
  CC      arch/arm/kernel/spectre.o
  CC      security/keys/sysctl.o
  AS      arch/arm/lib/testchangebit.o
  CC      kernel/module/kallsyms.o
  AS      arch/arm/lib/testclearbit.o
  AS      arch/arm/lib/testsetbit.o
  CC      lib/crypto/mpi/generic_mpih-mul3.o
  AS      arch/arm/lib/ucmpdi2.o
  AR      lib/zlib_inflate/built-in.a
  CC      lib/crypto/utils.o
  AR      drivers/cache/built-in.a
  AR      arch/arm/lib/built-in.a
  AR      arch/arm/lib/lib.a
  AR      lib/math/built-in.a
  CC      drivers/irqchip/irqchip.o
  AR      drivers/bus/mhi/built-in.a
  CC      drivers/bus/arm-cci.o
  CC      block/blk-settings.o
  CC      kernel/cgroup/namespace.o
  CC      crypto/scatterwalk.o
  CC      drivers/phy/allwinner/phy-sun4i-usb.o
  CC      kernel/irq/pm.o
  AR      kernel/futex/built-in.a
  CC      mm/backing-dev.o
  CC      io_uring/advise.o
  CC      security/keys/keyctl_pkey.o
  CC      arch/arm/mach-omap2/omap4-restart.o
  CC      drivers/bus/brcmstb_gisb.o
  CC      fs/proc/inode.o
  CC      lib/crypto/mpi/generic_mpih-rshift.o
  CC      drivers/irqchip/irq-alpine-msi.o
  CC      kernel/module/procfs.o
  AR      arch/arm/kernel/built-in.a
  CC      kernel/module/sysfs.o
  AR      arch/arm/built-in.a
  CC      drivers/irqchip/irq-bcm2835.o
  CC      drivers/bus/mvebu-mbus.o
  CC      drivers/phy/amlogic/phy-meson8b-usb2.o
  CC      fs/iomap/direct-io.o
  CC      crypto/proc.o
  CC      kernel/irq/msi.o
  CC      crypto/aead.o
  CC      io_uring/filetable.o
  CC      kernel/time/ntp.o
  AR      security/keys/built-in.a
  AR      security/built-in.a
  CC      arch/arm/mach-omap2/omap3-restart.o
  CC      crypto/skcipher.o
  CC      block/blk-ioc.o
  CC      kernel/cgroup/cgroup-v1.o
  CC      lib/crypto/mpi/generic_mpih-sub1.o
  CC      mm/mm_init.o
  CC      mm/percpu.o
  CC      drivers/phy/allwinner/phy-sun9i-usb.o
  CC      arch/arm/mach-omap2/opp3xxx_data.o
  CC      fs/proc/root.o
  AR      kernel/module/built-in.a
  CC      arch/arm/mach-omap2/opp4xxx_data.o
  CC      lib/zlib_deflate/deflate.o
  CC      drivers/phy/amlogic/phy-meson-gxl-usb2.o
  CC      drivers/irqchip/irq-bcm2836.o
  CC      lib/crypto/mpi/generic_mpih-add1.o
  CC      drivers/pinctrl/actions/pinctrl-owl.o
  CC      arch/arm/mach-omap2/omap-mpuss-lowpower.o
  CC      drivers/bus/omap_l3_smx.o
  CC      fs/proc/base.o
  CC      lib/crypto/mpi/ec.o
  AR      drivers/phy/allwinner/built-in.a
  CC      kernel/time/clocksource.o
  CC      fs/iomap/fiemap.o
  CC      io_uring/openclose.o
  CC      block/blk-map.o
  AR      sound/built-in.a
  CC      drivers/phy/amlogic/phy-meson-g12a-usb2.o
  CC      net/core/sock.o
  CC      io_uring/uring_cmd.o
  AR      kernel/irq/built-in.a
  CC      kernel/time/jiffies.o
  CC      drivers/irqchip/irq-owl-sirq.o
  CC      drivers/irqchip/exynos-combiner.o
  CC      drivers/phy/broadcom/phy-bcm-cygnus-pcie.o
  CC      crypto/ahash.o
  CC      drivers/bus/omap_l3_noc.o
  CC      fs/iomap/seek.o
  CC      arch/arm/mach-omap2/pm34xx.o
  CC      kernel/cgroup/freezer.o
  CC      lib/zlib_deflate/deftree.o
  AS      arch/arm/mach-omap2/sleep34xx.o
  CC      arch/arm/mach-omap2/pm44xx.o
  CC      kernel/time/timer_list.o
  CC      drivers/pinctrl/actions/pinctrl-s500.o
  CC      lib/reed_solomon/reed_solomon.o
  CC      fs/proc/generic.o
  CC      drivers/irqchip/irq-hip04.o
  CC      drivers/bus/omap-ocp2scp.o
  CC      lib/crypto/mpi/mpicoder.o
  CC      drivers/phy/amlogic/phy-meson-g12a-usb3-pcie.o
  CC      block/blk-merge.o
  CC      drivers/pinctrl/aspeed/pinctrl-aspeed.o
  AR      drivers/pinctrl/actions/built-in.a
  CC      crypto/shash.o
  CC      drivers/bus/qcom-ebi2.o
  CC      io_uring/epoll.o
  CC      net/ethernet/eth.o
  CC      drivers/phy/broadcom/phy-bcm-ns2-pcie.o
  CC      kernel/time/timeconv.o
  CC      fs/iomap/swapfile.o
  CC      mm/slab_common.o
  CC      drivers/irqchip/irq-mmp.o
  CC      lib/zlib_deflate/deflate_syms.o
  CC      arch/arm/mach-omap2/pm33xx-core.o
  AR      kernel/cgroup/built-in.a
  CC      drivers/bus/sunxi-rsb.o
  CC      io_uring/statx.o
  AR      lib/reed_solomon/built-in.a
  AR      net/802/built-in.a
  CC      fs/kernfs/mount.o
  CC      lib/lzo/lzo1x_compress.o
  CC      kernel/time/timecounter.o
  AR      lib/zlib_deflate/built-in.a
  CC      net/sched/sch_generic.o
  CC      lib/crypto/mpi/mpi-add.o
  CC      kernel/time/alarmtimer.o
  CC      drivers/pinctrl/aspeed/pinmux-aspeed.o
  CC      fs/proc/array.o
  AR      drivers/phy/cadence/built-in.a
  CC      drivers/irqchip/irq-tegra.o
  CC      drivers/phy/amlogic/phy-meson-g12a-mipi-dphy-analog.o
  CC      kernel/trace/trace_clock.o
  CC      fs/sysfs/file.o
  CC      arch/arm/mach-omap2/pm-asm-offsets.s
  AR      fs/iomap/built-in.a
  CC      drivers/bus/simple-pm-bus.o
  CC      drivers/irqchip/irq-dw-apb-ictl.o
  CC      drivers/bus/ti-sysc.o
  CC      drivers/pinctrl/aspeed/pinctrl-aspeed-g6.o
  CC      arch/arm/mach-omap2/cpuidle34xx.o
  CC      drivers/phy/broadcom/phy-bcm-ns2-usbdrd.o
  CC      lib/lzo/lzo1x_decompress_safe.o
  CC      io_uring/net.o
  CC      kernel/trace/ring_buffer.o
  CC      block/blk-timeout.o
  CC      fs/proc/fd.o
  CC      fs/sysfs/dir.o
  CC      crypto/akcipher.o
  CC      drivers/phy/amlogic/phy-meson-axg-pcie.o
  CC      fs/kernfs/inode.o
  CC      lib/crypto/mpi/mpi-bit.o
  AR      lib/lzo/built-in.a
  CC      lib/crypto/chacha.o
  CC      drivers/phy/amlogic/phy-meson-axg-mipi-pcie-analog.o
  CC      drivers/irqchip/irq-orion.o
  AR      net/ethernet/built-in.a
  CC      block/blk-lib.o
  CC      drivers/gpio/gpiolib.o
  AR      drivers/phy/freescale/built-in.a
  CC      kernel/time/posix-timers.o
  CC      drivers/phy/broadcom/phy-brcm-sata.o
  AR      drivers/pinctrl/aspeed/built-in.a
  CC      fs/sysfs/symlink.o
  CC      arch/arm/mach-omap2/cpuidle44xx.o
  CC      drivers/pinctrl/bcm/pinctrl-bcm281xx.o
  CC      arch/arm/mach-omap2/prm_common.o
  CC      lib/crypto/mpi/mpi-cmp.o
  CC      kernel/bpf/core.o
  CC      mm/compaction.o
  CC      drivers/irqchip/irq-omap-intc.o
  CC      net/sched/sch_mq.o
  CC      crypto/sig.o
  CC      drivers/phy/amlogic/phy-meson-axg-mipi-dphy.o
  CC      fs/kernfs/dir.o
  CC      fs/proc/proc_tty.o
  CC      net/core/request_sock.o
  CC      block/blk-mq.o
  CC      fs/sysfs/mount.o
  CC      lib/crypto/mpi/mpi-sub-ui.o
  CC      net/netlink/af_netlink.o
  CC      drivers/pinctrl/bcm/pinctrl-bcm2835.o
  CC      crypto/kpp.o
  CC      drivers/phy/broadcom/phy-bcm-sr-pcie.o
  CC      drivers/bus/uniphier-system-bus.o
  CC      drivers/irqchip/irq-sun4i.o
  CC      io_uring/msg_ring.o
  CC      net/netlink/genetlink.o
  AR      drivers/phy/amlogic/built-in.a
  CC      net/netlink/policy.o
  CC      arch/arm/mach-omap2/cm_common.o
  CC      fs/proc/cmdline.o
  CC      lib/crypto/mpi/mpi-div.o
  CC      net/core/skbuff.o
  CC      kernel/time/posix-cpu-timers.o
  CC      net/sched/sch_frag.o
  CC      drivers/irqchip/irq-sun6i-r.o
  CC      drivers/bus/vexpress-config.o
  CC      drivers/phy/broadcom/phy-bcm-sr-usb.o
  CC      fs/sysfs/group.o
  ASN.1   crypto/rsapubkey.asn1.[ch]
  CC      fs/proc/consoles.o
  ASN.1   crypto/rsaprivkey.asn1.[ch]
  CC      crypto/rsa.o
  CC      fs/kernfs/file.o
  CC      arch/arm/mach-omap2/prm2xxx_3xxx.o
  CC      kernel/trace/trace.o
  CC      drivers/pinctrl/bcm/pinctrl-bcm4908.o
  CC      lib/crypto/mpi/mpi-inv.o
  CC      drivers/pinctrl/bcm/pinctrl-iproc-gpio.o
  CC      io_uring/timeout.o
  CC      drivers/irqchip/irq-sunxi-nmi.o
  CC      arch/arm/mach-omap2/prm3xxx.o
  CC      fs/proc/cpuinfo.o
  AR      drivers/phy/broadcom/built-in.a
  CC      crypto/rsa_helper.o
  CC      drivers/phy/hisilicon/phy-hix5hd2-sata.o
  AR      fs/sysfs/built-in.a
  CC      fs/proc/devices.o
  AR      drivers/bus/built-in.a
  CC      crypto/rsa-pkcs1pad.o
  AR      net/bpf/built-in.a
  CC      drivers/gpio/gpiolib-devres.o
  CC      kernel/time/posix-clock.o
  CC      net/ethtool/ioctl.o
  AR      drivers/phy/ingenic/built-in.a
  CC      fs/kernfs/symlink.o
  CC      lib/crypto/mpi/mpi-mod.o
  CC      arch/arm/mach-omap2/cm3xxx.o
  CC      mm/show_mem.o
  AR      net/sched/built-in.a
  CC      block/blk-mq-tag.o
  CC      lib/crypto/blake2s.o
  CC      drivers/irqchip/irq-gic.o
  CC      lib/lz4/lz4_decompress.o
  CC      drivers/gpio/gpiolib-legacy.o
  CC      drivers/pinctrl/bcm/pinctrl-cygnus-mux.o
  CC      fs/proc/interrupts.o
  AR      drivers/phy/hisilicon/built-in.a
  CC      arch/arm/mach-omap2/vc3xxx_data.o
  AR      drivers/phy/intel/built-in.a
  AR      fs/kernfs/built-in.a
  CC      drivers/gpio/gpiolib-of.o
  AR      drivers/phy/lantiq/built-in.a
  CC      arch/arm/mach-omap2/vp3xxx_data.o
  CC      drivers/phy/marvell/phy-armada375-usb2.o
  AR      virt/lib/built-in.a
  CC      lib/crypto/mpi/mpi-mul.o
  CC      crypto/acompress.o
  CC      kernel/time/itimer.o
  AR      virt/built-in.a
  CC      drivers/pinctrl/bcm/pinctrl-ns.o
  AR      kernel/bpf/built-in.a
  CC      drivers/pinctrl/berlin/berlin.o
  CC      net/ipv4/route.o
  CC      fs/proc/loadavg.o
  AR      net/netlink/built-in.a
  CC      net/ethtool/common.o
  CC      net/ipv4/inetpeer.o
  CC      mm/shmem_quota.o
  CC      io_uring/sqpoll.o
  CC      drivers/pinctrl/bcm/pinctrl-nsp-gpio.o
  CC      lib/crypto/mpi/mpih-cmp.o
  CC      fs/configfs/inode.o
  CC      lib/zstd/zstd_compress_module.o
  CC      drivers/phy/marvell/phy-berlin-sata.o
  CC      drivers/gpio/gpiolib-cdev.o
  CC      arch/arm/mach-omap2/cminst44xx.o
  CC      drivers/irqchip/irq-gic-common.o
  CC      crypto/scompress.o
  CC      fs/proc/meminfo.o
  CC      drivers/pinctrl/berlin/berlin-bg2.o
  CC      block/blk-stat.o
  CC      kernel/time/clockevents.o
  CC      lib/crypto/mpi/mpih-div.o
  CC      lib/zstd/compress/fse_compress.o
  AR      lib/lz4/built-in.a
  CC      net/core/datagram.o
  CC      drivers/pinctrl/bcm/pinctrl-nsp-mux.o
  CC      mm/interval_tree.o
  CC      arch/arm/mach-omap2/prm44xx.o
  CC      fs/configfs/file.o
  CC      drivers/pinctrl/berlin/berlin-bg2cd.o
  CC      kernel/trace/trace_output.o
  CC      drivers/irqchip/irq-gic-v2m.o
  CC      drivers/phy/marvell/phy-berlin-usb.o
  CC      fs/proc/stat.o
  CC      kernel/time/tick-common.o
  CC      lib/zstd/compress/hist.o
  CC      lib/xz/xz_dec_syms.o
  CC      drivers/pinctrl/berlin/berlin-bg2q.o
  CC      io_uring/fdinfo.o
  CC      block/blk-mq-sysfs.o
  CC      lib/zstd/compress/huf_compress.o
  CC      crypto/algboss.o
  AR      drivers/pinctrl/bcm/built-in.a
  CC      fs/configfs/dir.o
  AR      drivers/pinctrl/cirrus/built-in.a
  CC      lib/zstd/compress/zstd_compress.o
  CC      drivers/irqchip/irq-gic-v3.o
  CC      lib/xz/xz_dec_stream.o
  CC      mm/list_lru.o
  AR      drivers/pinctrl/berlin/built-in.a
  CC      arch/arm/mach-omap2/prcm_mpu44xx.o
  CC      drivers/pinctrl/freescale/pinctrl-imx.o
  CC      fs/proc/uptime.o
  CC      lib/crypto/mpi/mpih-mul.o
  CC      drivers/phy/marvell/phy-mvebu-a3700-comphy.o
  CC      net/ethtool/netlink.o
  CC      kernel/time/tick-broadcast.o
  CC      drivers/gpio/gpiolib-swnode.o
  CC      block/blk-mq-cpumap.o
  CC      drivers/phy/marvell/phy-mvebu-a3700-utmi.o
  CC      drivers/phy/marvell/phy-mvebu-sata.o
  CC      lib/xz/xz_dec_lzma2.o
  CC      fs/proc/util.o
  CC      crypto/testmgr.o
  CC      lib/crypto/mpi/mpi-pow.o
  CC      arch/arm/mach-omap2/prminst44xx.o
  CC      io_uring/tctx.o
  CC      kernel/trace/trace_seq.o
  CC      mm/workingset.o
  CC      drivers/pinctrl/freescale/pinctrl-imx50.o
  CC      drivers/gpio/gpio-mmio.o
  CC      drivers/pwm/core.o
  CC      fs/configfs/symlink.o
  CC      block/blk-mq-sched.o
  CC      fs/proc/version.o
  CC      net/ipv4/protocol.o
  CC      net/core/stream.o
  CC      net/xfrm/xfrm_policy.o
  CC      fs/devpts/inode.o
  CC      drivers/pinctrl/freescale/pinctrl-imx51.o
  CC      drivers/irqchip/irq-gic-v3-mbi.o
  AR      drivers/phy/marvell/built-in.a
  AR      drivers/phy/mediatek/built-in.a
  CC      crypto/sha1_generic.o
  AR      drivers/phy/microchip/built-in.a
  CC      lib/xz/xz_dec_bcj.o
  AR      drivers/phy/motorola/built-in.a
  CC      kernel/time/tick-broadcast-hrtimer.o
  CC      kernel/trace/trace_stat.o
  CC      lib/crypto/mpi/mpiutil.o
  AR      drivers/phy/mscc/built-in.a
  CC      drivers/phy/qualcomm/phy-qcom-usb-hs.o
  CC      arch/arm/mach-omap2/vc44xx_data.o
  CC      net/ethtool/bitset.o
  CC      fs/proc/softirqs.o
  CC      io_uring/poll.o
  CC      fs/configfs/mount.o
  CC      drivers/pinctrl/freescale/pinctrl-imx53.o
  CC      mm/debug.o
  CC      drivers/gpio/gpio-aspeed-sgpio.o
  AR      lib/xz/built-in.a
  AR      drivers/phy/ralink/built-in.a
  CC      drivers/irqchip/irq-gic-v3-its.o
  CC      fs/proc/namespaces.o
  CC      crypto/deflate.o
  CC      lib/crypto/blake2s-generic.o
  CC      net/ipv4/ip_input.o
  CC      block/ioctl.o
  CC      kernel/time/sched_clock.o
  AR      fs/devpts/built-in.a
  CC      drivers/pinctrl/freescale/pinctrl-imx6q.o
  CC      kernel/events/core.o
  AR      lib/crypto/mpi/built-in.a
  CC      arch/arm/mach-omap2/vp44xx_data.o
  CC      drivers/pwm/sysfs.o
  CC      kernel/fork.o
  AR      drivers/phy/qualcomm/built-in.a
  AR      drivers/phy/realtek/built-in.a
  CC      kernel/trace/trace_printk.o
  CC      net/core/scm.o
  AR      drivers/phy/renesas/built-in.a
  CC      fs/configfs/item.o
  CC      drivers/phy/rockchip/phy-rockchip-usb.o
  CC      drivers/gpio/gpio-bcm-kona.o
  CC      kernel/time/tick-oneshot.o
  CC      mm/gup.o
  CC      lib/crypto/sha1.o
  CC      drivers/pinctrl/freescale/pinctrl-imx6dl.o
  CC      crypto/crc32c_generic.o
  CC      fs/proc/self.o
  CC      io_uring/cancel.o
  CC      net/ethtool/strset.o
  CC      drivers/pwm/pwm-bcm-iproc.o
  AR      fs/configfs/built-in.a
  CC      arch/arm/mach-omap2/prm33xx.o
  CC      block/genhd.o
  CC      kernel/time/tick-sched.o
  CC      crypto/lzo.o
  AR      lib/crypto/built-in.a
  CC      kernel/trace/pid_list.o
  CC      kernel/events/ring_buffer.o
  CC      drivers/pinctrl/freescale/pinctrl-imx6sl.o
  CC      drivers/phy/samsung/phy-exynos-dp-video.o
  CC      drivers/gpio/gpio-xgs-iproc.o
  CC      lib/zstd/compress/zstd_compress_literals.o
  AR      drivers/phy/rockchip/built-in.a
  CC      net/ipv4/ip_fragment.o
  CC      lib/zstd/compress/zstd_compress_sequences.o
  CC      drivers/gpio/gpio-brcmstb.o
  CC      arch/arm/mach-omap2/cm33xx.o
  CC      drivers/pinctrl/freescale/pinctrl-imx6sll.o
  CC      fs/proc/thread_self.o
  CC      net/core/gen_stats.o
  CC      drivers/pwm/pwm-bcm-kona.o
  CC      crypto/lzo-rle.o
  CC      io_uring/kbuf.o
  CC      lib/zstd/compress/zstd_compress_superblock.o
  CC      arch/arm/mach-omap2/voltage.o
  CC      drivers/phy/samsung/phy-exynos-mipi-video.o
  CC      kernel/trace/trace_sched_switch.o
  CC      drivers/pinctrl/freescale/pinctrl-imx6sx.o
  CC      net/ethtool/linkinfo.o
  CC      net/ethtool/linkmodes.o
  CC      fs/proc/proc_sysctl.o
  CC      lib/zstd/compress/zstd_double_fast.o
  CC      drivers/pinctrl/freescale/pinctrl-imx6ul.o
  CC      drivers/pwm/pwm-bcm2835.o
  CC      mm/mmap_lock.o
  CC      drivers/gpio/gpio-davinci.o
  CC      kernel/time/vsyscall.o
  CC      crypto/rng.o
  CC      block/ioprio.o
  CC      drivers/gpio/gpio-dwapb.o
  CC      arch/arm/mach-omap2/vc.o
  CC      net/ipv4/ip_forward.o
  CC      drivers/irqchip/irq-gic-v3-its-platform-msi.o
  CC      drivers/phy/samsung/phy-exynos5-usbdrd.o
  CC      drivers/gpio/gpio-em.o
  CC      drivers/pwm/pwm-renesas-tpu.o
  CC      drivers/pinctrl/freescale/pinctrl-imx7d.o
  CC      kernel/trace/trace_nop.o
  CC      net/core/gen_estimator.o
  CC      drivers/pinctrl/freescale/pinctrl-imx7ulp.o
  CC      kernel/time/timekeeping_debug.o
  CC      io_uring/rsrc.o
  CC      mm/highmem.o
  CC      net/xfrm/xfrm_state.o
  CC      net/ethtool/rss.o
  CC      drivers/pinctrl/freescale/pinctrl-vf610.o
  CC      fs/ext4/balloc.o
  CC      crypto/zstd.o
  CC      drivers/irqchip/irq-gic-v4.o
  CC      block/badblocks.o
  CC      fs/ext4/bitmap.o
  CC      arch/arm/mach-omap2/vp.o
  CC      drivers/pwm/pwm-sti.o
  CC      drivers/irqchip/irq-gic-v3-its-pci-msi.o
  CC      drivers/gpio/gpio-en7523.o
  CC      kernel/trace/blktrace.o
  AR      drivers/pinctrl/freescale/built-in.a
  CC      drivers/pinctrl/mediatek/mtk-eint.o
  CC      net/core/net_namespace.o
  AR      drivers/phy/samsung/built-in.a
  CC      net/ipv4/ip_options.o
  CC      drivers/phy/socionext/phy-uniphier-usb2.o
  CC      drivers/phy/socionext/phy-uniphier-usb3hs.o
  AR      kernel/time/built-in.a
  CC      mm/memory.o
  CC      drivers/gpio/gpio-mpc8xxx.o
  CC      crypto/hash_info.o
  CC      kernel/trace/trace_events.o
  CC      block/blk-rq-qos.o
  CC      crypto/rsapubkey.asn1.o
  CC      fs/proc/proc_net.o
  CC      drivers/irqchip/irq-partition-percpu.o
  CC      crypto/rsaprivkey.asn1.o
  CC      drivers/pwm/pwm-sun4i.o
  AR      crypto/built-in.a
  CC      net/ethtool/linkstate.o
  CC      arch/arm/mach-omap2/voltagedomains3xxx_data.o
  CC      net/unix/af_unix.o
  CC      drivers/pwm/pwm-tegra.o
  CC      drivers/pinctrl/mediatek/pinctrl-mtk-common.o
  CC      drivers/pinctrl/mediatek/pinctrl-mtk-common-v2.o
  CC      drivers/pwm/pwm-vt8500.o
  CC      drivers/gpio/gpio-mvebu.o
  CC      net/ipv4/ip_output.o
  CC      io_uring/rw.o
  CC      fs/ext4/block_validity.o
  CC      block/disk-events.o
  CC      drivers/phy/socionext/phy-uniphier-usb3ss.o
  CC      drivers/irqchip/irq-vic.o
  CC      fs/proc/kmsg.o
  CC      drivers/irqchip/irq-armada-370-xp.o
  CC      arch/arm/mach-omap2/voltagedomains44xx_data.o
  CC      net/xfrm/xfrm_hash.o
  CC      fs/jbd2/transaction.o
  CC      lib/zstd/compress/zstd_fast.o
  CC      net/core/secure_seq.o
  AR      drivers/pwm/built-in.a
  CC      net/ethtool/debug.o
  CC      io_uring/opdef.o
  CC      fs/proc/page.o
  CC      drivers/pinctrl/mediatek/pinctrl-moore.o
  CC      kernel/trace/trace_export.o
  CC      drivers/phy/socionext/phy-uniphier-ahci.o
  CC      block/blk-ia-ranges.o
  CC      fs/ext4/dir.o
  CC      arch/arm/mach-omap2/voltagedomains54xx_data.o
  CC      drivers/gpio/gpio-mxc.o
  CC      fs/ext4/ext4_jbd2.o
  CC      drivers/irqchip/irq-atmel-aic-common.o
  CC      drivers/pinctrl/mediatek/pinctrl-mt2701.o
  CC      drivers/pinctrl/meson/pinctrl-meson.o
  CC      net/xfrm/xfrm_input.o
  CC      net/ethtool/wol.o
  CC      block/early-lookup.o
  CC      fs/jbd2/commit.o
  CC      net/core/flow_dissector.o
  AR      fs/proc/built-in.a
  CC      drivers/pinctrl/meson/pinctrl-meson8-pmx.o
  CC      io_uring/notif.o
  CC      drivers/irqchip/irq-atmel-aic5.o
  CC      mm/mincore.o
  CC      kernel/trace/trace_event_perf.o
  AR      drivers/phy/socionext/built-in.a
  CC      net/unix/garbage.o
  CC      arch/arm/mach-omap2/powerdomain.o
  CC      drivers/phy/st/phy-miphy28lp.o
  CC      drivers/gpio/gpio-omap.o
  CC      drivers/pinctrl/mediatek/pinctrl-mt8135.o
  CC      drivers/irqchip/irq-renesas-intc-irqpin.o
  CC      net/ipv4/ip_sockglue.o
  CC      kernel/exec_domain.o
  CC      kernel/events/callchain.o
  CC      fs/ext4/extents.o
  CC      drivers/pinctrl/meson/pinctrl-meson8.o
  CC      block/bounce.o
  CC      net/ethtool/features.o
  CC      drivers/pinctrl/mediatek/pinctrl-mt8127.o
  CC      kernel/trace/trace_events_filter.o
  CC      mm/mlock.o
  CC      kernel/panic.o
  CC      net/unix/sysctl_net_unix.o
  CC      net/ipv4/inet_hashtables.o
  CC      io_uring/io-wq.o
  CC      arch/arm/mach-omap2/powerdomain-common.o
  CC      drivers/irqchip/irq-renesas-irqc.o
  CC      drivers/pinctrl/meson/pinctrl-meson8b.o
  CC      drivers/phy/st/phy-spear1310-miphy.o
  CC      drivers/pinctrl/mediatek/pinctrl-mt7623.o
  CC      fs/jbd2/recovery.o
  CC      net/xfrm/xfrm_output.o
  CC      drivers/gpio/gpio-palmas.o
  AR      drivers/phy/starfive/built-in.a
  AR      drivers/phy/sunplus/built-in.a
  CC      kernel/events/hw_breakpoint.o
  CC      arch/arm/mach-omap2/powerdomains3xxx_data.o
  CC      drivers/pci/msi/pcidev_msi.o
  AR      drivers/pinctrl/meson/built-in.a
  CC      net/ipv6/af_inet6.o
  CC      drivers/irqchip/irq-renesas-rza1.o
  CC      block/bsg.o
  CC      drivers/pinctrl/mediatek/pinctrl-mt7629.o
  CC      arch/arm/mach-omap2/powerdomains2xxx_3xxx_data.o
  CC      drivers/phy/st/phy-spear1340-miphy.o
  CC      lib/zstd/compress/zstd_lazy.o
  CC      net/unix/scm.o
  CC      kernel/events/uprobes.o
  CC      net/ethtool/privflags.o
  CC      net/core/sysctl_net_core.o
  CC      drivers/pci/msi/api.o
  CC      drivers/irqchip/irq-vt8500.o
  CC      drivers/gpio/gpio-pca953x.o
  CC      arch/arm/mach-omap2/powerdomains44xx_data.o
  AR      drivers/pinctrl/mediatek/built-in.a
  CC      mm/mmap.o
  CC      drivers/pinctrl/mvebu/pinctrl-mvebu.o
  CC      fs/jbd2/checkpoint.o
  CC      kernel/trace/trace_events_trigger.o
  CC      arch/arm/mach-omap2/powerdomains33xx_data.o
  AR      io_uring/built-in.a
  CC      drivers/pinctrl/mvebu/pinctrl-dove.o
  CC      drivers/pinctrl/mvebu/pinctrl-armada-370.o
  CC      drivers/pinctrl/mvebu/pinctrl-armada-375.o
  CC      drivers/phy/st/phy-stih407-usb.o
  CC      block/mq-deadline.o
  CC      arch/arm/mach-omap2/powerdomains43xx_data.o
  AR      net/unix/built-in.a
  CC      drivers/irqchip/irq-st.o
  CC      drivers/video/console/dummycon.o
  CC      net/ipv4/inet_timewait_sock.o
  CC      net/xfrm/xfrm_sysctl.o
  CC      drivers/pci/msi/msi.o
  CC      arch/arm/mach-omap2/powerdomains54xx_data.o
  CC      net/xfrm/xfrm_replay.o
  CC      drivers/video/backlight/as3711_bl.o
  CC      drivers/pinctrl/mvebu/pinctrl-armada-38x.o
  CC      drivers/irqchip/irq-crossbar.o
  CC      drivers/video/fbdev/core/fb_notify.o
  AR      drivers/video/console/built-in.a
  CC      net/core/dev.o
  CC      drivers/irqchip/irq-vf610-mscm-ir.o
  CC      net/ethtool/rings.o
  CC      net/ipv6/anycast.o
  CC      drivers/phy/st/phy-stm32-usbphyc.o
  CC      fs/jbd2/revoke.o
  CC      drivers/gpio/gpio-pcf857x.o
  CC      drivers/pinctrl/mvebu/pinctrl-armada-39x.o
  CC      net/ipv4/inet_connection_sock.o
  CC      kernel/trace/trace_eprobe.o
  AR      drivers/video/fbdev/omap/built-in.a
  CC      drivers/pci/pcie/portdrv.o
  CC      arch/arm/mach-omap2/powerdomains7xx_data.o
  CC      drivers/video/fbdev/core/fb_info.o
  CC      drivers/video/backlight/backlight.o
  CC      drivers/irqchip/irq-bcm7038-l1.o
  CC      drivers/pci/msi/irqdomain.o
  CC      drivers/pinctrl/mvebu/pinctrl-armada-xp.o
  CC      block/kyber-iosched.o
  CC      drivers/pci/pcie/rcec.o
  AR      kernel/events/built-in.a
  CC      drivers/irqchip/irq-bcm7120-l2.o
  CC      net/xfrm/xfrm_device.o
  CC      net/ethtool/channels.o
  CC      arch/arm/mach-omap2/clockdomain.o
  CC      fs/jbd2/journal.o
  CC      drivers/gpio/gpio-pl061.o
  AR      drivers/phy/st/built-in.a
  AR      drivers/pinctrl/mvebu/built-in.a
  CC      drivers/phy/tegra/xusb.o
  CC      drivers/pinctrl/nomadik/pinctrl-abx500.o
  CC      net/ipv6/ip6_output.o
  CC      net/ethtool/coalesce.o
  CC      drivers/video/backlight/gpio_backlight.o
  CC      drivers/gpio/gpio-pxa.o
  CC      drivers/video/fbdev/core/fbmem.o
  CC      fs/ext4/extents_status.o
  CC      drivers/pci/pcie/aspm.o
  CC      drivers/irqchip/irq-brcmstb-l2.o
  AR      drivers/pci/msi/built-in.a
  CC      drivers/gpio/gpio-raspberrypi-exp.o
  CC      kernel/trace/error_report-traces.o
  CC      arch/arm/mach-omap2/clockdomains2xxx_3xxx_data.o
  AR      net/xfrm/built-in.a
  CC      mm/mmu_gather.o
  CC      block/bfq-iosched.o
  AR      drivers/pci/endpoint/functions/built-in.a
  CC      drivers/pci/endpoint/pci-ep-cfs.o
  CC      drivers/video/backlight/pwm_bl.o
  CC      drivers/pci/controller/dwc/pcie-designware.o
  CC      drivers/pci/pcie/pme.o
  CC      net/ethtool/pause.o
  CC      net/ipv6/ip6_input.o
  CC      arch/arm/mach-omap2/clockdomains3xxx_data.o
  CC      drivers/gpio/gpio-rcar.o
  CC      drivers/pinctrl/nomadik/pinctrl-ab8500.o
  CC      kernel/trace/power-traces.o
  CC      net/ipv4/tcp.o
  CC      drivers/irqchip/irq-keystone.o
  CC      drivers/video/fbdev/core/fbcmap.o
  CC      drivers/phy/tegra/xusb-tegra124.o
  CC      mm/mprotect.o
  CC      drivers/video/aperture.o
  CC      drivers/pinctrl/nomadik/pinctrl-ab8505.o
  CC      arch/arm/mach-omap2/clockdomains44xx_data.o
  CC      drivers/gpio/gpio-rockchip.o
  CC      drivers/pinctrl/nomadik/pinctrl-nomadik.o
  AR      drivers/pci/pcie/built-in.a
  CC      drivers/irqchip/irq-mtk-sysirq.o
  CC      fs/ext4/file.o
  CC      arch/arm/mach-omap2/clockdomains33xx_data.o
  AR      drivers/video/fbdev/omap2/omapfb/dss/built-in.a
  AR      drivers/video/fbdev/omap2/omapfb/displays/built-in.a
  AR      drivers/video/fbdev/omap2/omapfb/built-in.a
  AR      drivers/video/backlight/built-in.a
  AR      drivers/video/fbdev/omap2/built-in.a
  CC      drivers/pci/endpoint/pci-epc-core.o
  CC      arch/arm/mach-omap2/clockdomains81xx_data.o
  CC      kernel/cpu.o
  CC      net/ethtool/eee.o
  CC      drivers/pci/controller/dwc/pcie-designware-host.o
  AR      drivers/pinctrl/nuvoton/built-in.a
  AR      drivers/pinctrl/nxp/built-in.a
  CC      drivers/pinctrl/qcom/pinctrl-msm.o
  CC      drivers/gpio/gpio-spear-spics.o
  CC      net/ethtool/tsinfo.o
  CC      drivers/video/fbdev/core/modedb.o
  CC      drivers/irqchip/irq-mtk-cirq.o
  CC      arch/arm/mach-omap2/clockdomains43xx_data.o
  CC      drivers/phy/ti/phy-omap-control.o
  CC      mm/mremap.o
  AR      drivers/phy/tegra/built-in.a
  CC      kernel/trace/rpm-traces.o
  CC      net/packet/af_packet.o
  AR      fs/jbd2/built-in.a
  CC      net/core/dev_addr_lists.o
  CC      drivers/gpio/gpio-stmpe.o
  CC      drivers/pci/endpoint/pci-epf-core.o
  CC      arch/arm/mach-omap2/clockdomains54xx_data.o
  CC      drivers/phy/ti/phy-omap-usb2.o
  CC      drivers/pinctrl/nomadik/pinctrl-nomadik-db8500.o
  CC      arch/arm/mach-omap2/clockdomains7xx_data.o
  CC      drivers/irqchip/irq-digicolor.o
  AR      drivers/idle/built-in.a
  CC      fs/ext4/fsmap.o
  CC      drivers/pinctrl/qcom/pinctrl-apq8064.o
  CC      net/ipv6/addrconf.o
  CC      drivers/pci/controller/dwc/pcie-designware-ep.o
  AR      drivers/pinctrl/nomadik/built-in.a
  CC      net/ipv6/addrlabel.o
  CC      drivers/video/fbdev/core/fbcvt.o
  CC      net/ethtool/cabletest.o
  CC      net/ipv4/tcp_input.o
  CC      mm/msync.o
  CC      drivers/irqchip/irq-imx-gpcv2.o
  CC      kernel/trace/trace_dynevent.o
  CC      arch/arm/mach-omap2/clock.o
  CC      lib/dim/dim.o
  CC      drivers/pinctrl/qcom/pinctrl-apq8084.o
  CC      drivers/gpio/gpio-syscon.o
  CC      drivers/pci/endpoint/pci-epc-mem.o
  CC      drivers/irqchip/irq-ls-extirq.o
  CC      drivers/phy/ti/phy-ti-pipe3.o
  AR      drivers/pci/switch/built-in.a
  CC      drivers/gpio/gpio-tegra.o
  CC      drivers/pci/controller/dwc/pci-dra7xx.o
  CC      drivers/video/fbdev/core/fb_cmdline.o
  CC      kernel/trace/trace_probe.o
  CC      mm/page_vma_mapped.o
  CC      drivers/pci/controller/dwc/pci-layerscape.o
  CC      lib/dim/net_dim.o
  CC      net/ethtool/tunnels.o
  CC      drivers/pinctrl/qcom/pinctrl-ipq8064.o
  CC      mm/pagewalk.o
  CC      fs/ext4/fsync.o
  CC      drivers/irqchip/irq-ls-scfg-msi.o
  AR      drivers/pci/endpoint/built-in.a
  CC      arch/arm/mach-omap2/omap_hwmod_2xxx_3xxx_ipblock_data.o
  AR      drivers/pci/controller/mobiveil/built-in.a
  AR      drivers/phy/xilinx/built-in.a
  CC      drivers/video/cmdline.o
  CC      block/bfq-wf2q.o
  CC      drivers/phy/ti/phy-gmii-sel.o
  CC      drivers/video/fbdev/core/fb_io_fops.o
  CC      lib/dim/rdma_dim.o
  CC      drivers/gpio/gpio-tps6586x.o
  CC      drivers/pinctrl/qcom/pinctrl-msm8660.o
  CC      drivers/video/fbdev/core/fb_backlight.o
  CC      net/core/dst.o
  CC      mm/pgtable-generic.o
  CC      mm/rmap.o
  CC      drivers/irqchip/irq-aspeed-vic.o
  AR      lib/dim/built-in.a
  CC      net/ethtool/fec.o
  CC      net/devlink/core.o
  AR      drivers/pci/controller/dwc/built-in.a
  CC      drivers/pci/controller/pci-mvebu.o
  CC      arch/arm/mach-omap2/omap_hwmod_3xxx_data.o
  CC      drivers/gpio/gpio-tps65910.o
  CC      drivers/pinctrl/qcom/pinctrl-msm8960.o
  CC      fs/ext4/hash.o
  CC      lib/zstd/compress/zstd_ldm.o
  CC      drivers/irqchip/irq-aspeed-i2c-ic.o
  CC      kernel/trace/trace_uprobe.o
  CC      block/bfq-cgroup.o
  CC      net/devlink/netlink.o
  AR      drivers/phy/ti/built-in.a
  CC      drivers/phy/phy-core.o
  CC      net/ipv4/tcp_output.o
  AR      net/packet/built-in.a
  CC      net/core/netevent.o
  CC      drivers/pinctrl/qcom/pinctrl-msm8x74.o
  CC      drivers/video/fbdev/core/fbmon.o
  CC      net/ethtool/eeprom.o
  CC      drivers/gpio/gpio-twl4030.o
  CC      arch/arm/mach-omap2/omap_hwmod_81xx_data.o
  CC      drivers/gpio/gpio-uniphier.o
  CC      fs/ext4/ialloc.o
  CC      drivers/irqchip/irq-aspeed-scu-ic.o
  CC      kernel/exit.o
  CC      block/blk-mq-pci.o
  CC      drivers/video/fbdev/wm8505fb.o
  CC      drivers/phy/phy-core-mipi-dphy.o
  CC      drivers/pinctrl/qcom/pinctrl-msm8916.o
  CC      drivers/pinctrl/renesas/core.o
  CC      arch/arm/mach-omap2/board-generic.o
  CC      mm/vmalloc.o
  CC      net/devlink/netlink_gen.o
  CC      drivers/pinctrl/samsung/pinctrl-samsung.o
  CC      drivers/gpio/gpio-vf610.o
  CC      net/core/neighbour.o
  CC      drivers/pci/controller/pci-tegra.o
  CC      drivers/irqchip/irq-stm32-exti.o
  CC      drivers/pinctrl/qcom/pinctrl-spmi-gpio.o
  AR      kernel/trace/built-in.a
  CC      block/blk-mq-virtio.o
  CC      drivers/irqchip/irq-uniphier-aidet.o
  CC      net/ipv6/route.o
  CC      drivers/pci/access.o
  CC      net/ethtool/stats.o
  AR      drivers/phy/built-in.a
  CC      net/ethtool/phc_vclocks.o
  CC      drivers/pinctrl/renesas/pinctrl.o
  CC      drivers/video/fbdev/core/fb_defio.o
  CC      drivers/gpio/gpio-xilinx.o
  CC      arch/arm/mach-omap2/pdata-quirks.o
  CC      fs/squashfs/block.o
  CC      drivers/irqchip/irq-meson-gpio.o
  CC      net/devlink/dev.o
  CC      drivers/pinctrl/samsung/pinctrl-exynos.o
  CC      drivers/pinctrl/qcom/pinctrl-spmi-mpp.o
  CC      drivers/video/fbdev/core/fb_chrdev.o
  CC      block/blk-mq-debugfs.o
  CC      drivers/pinctrl/spear/pinctrl-plgpio.o
  CC      kernel/softirq.o
  CC      lib/zstd/compress/zstd_opt.o
  CC      drivers/gpio/gpio-zynq.o
  CC      arch/arm/mach-omap2/omap_phy_internal.o
  CC      drivers/pci/controller/pci-rcar-gen2.o
  CC      fs/ext4/indirect.o
  CC      net/ethtool/mm.o
  CC      drivers/irqchip/irq-imx-irqsteer.o
  CC      drivers/pinctrl/renesas/gpio.o
  CC      fs/squashfs/cache.o
  CC      drivers/pinctrl/samsung/pinctrl-exynos-arm.o
  CC      drivers/pinctrl/qcom/pinctrl-ssbi-gpio.o
  CC      block/blk-pm.o
  CC      drivers/video/fbdev/core/fb_procfs.o
  AR      drivers/gpio/built-in.a
  CC      net/devlink/port.o
  CC      mm/process_vm_access.o
  CC      drivers/pinctrl/spear/pinctrl-spear.o
  CC      drivers/pci/controller/pcie-rcar.o
  CC      drivers/pinctrl/renesas/pfc-emev2.o
  CC      arch/arm/mach-omap2/omap-iommu.o
  AR      drivers/pinctrl/samsung/built-in.a
  CC      drivers/pci/controller/pcie-rcar-host.o
  CC      drivers/irqchip/irq-imx-intmux.o
  CC      net/ipv4/tcp_timer.o
  CC      drivers/pinctrl/renesas/pfc-r8a73a4.o
  CC      drivers/pinctrl/spear/pinctrl-spear1310.o
  CC      net/ipv6/ip6_fib.o
  CC      fs/squashfs/dir.o
  CC      net/ethtool/module.o
  CC      drivers/pinctrl/qcom/pinctrl-ssbi-mpp.o
  CC      drivers/video/fbdev/core/fbsysfs.o
  CC      drivers/pinctrl/spear/pinctrl-spear1340.o
  CC      drivers/pinctrl/renesas/pfc-r8a7740.o
  AR      drivers/pinctrl/sprd/built-in.a
  CC      mm/page_alloc.o
  AR      block/built-in.a
  CC      lib/fonts/fonts.o
  CC      lib/fonts/font_8x8.o
  CC      kernel/resource.o
  CC      drivers/irqchip/irq-mst-intc.o
  CC      drivers/pinctrl/renesas/pfc-r8a7790.o
  UPD     arch/arm/mach-omap2/pm-asm-offsets.h
  AS      arch/arm/mach-omap2/sleep33xx.o
  CC      fs/squashfs/export.o
  CC      fs/squashfs/file.o
  AS      arch/arm/mach-omap2/sleep43xx.o
  AR      drivers/pinctrl/spear/built-in.a
  CC      fs/ramfs/inode.o
  AR      arch/arm/mach-omap2/built-in.a
  CC      fs/ext4/inline.o
  CC      drivers/video/nomodeset.o
  CC      drivers/pci/controller/pci-host-common.o
  CC      drivers/pinctrl/stm32/pinctrl-stm32.o
  CC      lib/fonts/font_8x16.o
  CC      net/ipv4/tcp_ipv4.o
  CC      drivers/pinctrl/renesas/pfc-r8a7791.o
  CC      fs/fat/cache.o
  CC      drivers/irqchip/irq-sp7021-intc.o
  CC      drivers/video/fbdev/core/fbcon.o
  CC      net/core/rtnetlink.o
  AR      drivers/pinctrl/qcom/built-in.a
  CC      net/devlink/sb.o
  CC      drivers/pci/controller/pci-host-generic.o
  CC      kernel/sysctl.o
  AR      drivers/char/ipmi/built-in.a
  CC      fs/ext4/inode.o
  CC      fs/ramfs/file-mmu.o
  CC      drivers/pinctrl/renesas/pfc-r8a7794.o
  AR      lib/fonts/built-in.a
  CC      mm/init-mm.o
  CC      net/ethtool/pse-pd.o
  CC      fs/squashfs/fragment.o
  AR      drivers/irqchip/built-in.a
  CC      net/ipv4/tcp_minisocks.o
  CC      net/dsa/stubs.o
  CC      drivers/pci/controller/pcie-iproc.o
  CC      lib/zstd/zstd_decompress_module.o
  CC      drivers/pinctrl/stm32/pinctrl-stm32mp135.o
  CC      drivers/pinctrl/renesas/pfc-r8a77470.o
  CC      net/ipv6/ipv6_sockglue.o
  CC      drivers/video/fbdev/sh_mobile_lcdcfb.o
  AR      fs/ramfs/built-in.a
  CC      fs/fat/dir.o
  CC      drivers/video/fbdev/core/bitblit.o
  CC      drivers/video/fbdev/core/softcursor.o
  CC      fs/squashfs/id.o
  CC      drivers/pinctrl/renesas/pfc-r8a7778.o
  CC      net/devlink/dpipe.o
  CC      lib/zstd/decompress/huf_decompress.o
  CC      net/ethtool/plca.o
  CC      drivers/pinctrl/stm32/pinctrl-stm32mp157.o
  CC      drivers/pinctrl/renesas/pfc-r8a7779.o
  AR      net/dsa/built-in.a
  CC      net/ipv6/ndisc.o
  CC      drivers/pinctrl/renesas/pfc-r8a7792.o
  CC      net/devlink/resource.o
  CC      drivers/pinctrl/renesas/pfc-sh73a0.o
  CC      kernel/capability.o
  CC      drivers/pci/controller/pcie-iproc-msi.o
  CC      fs/squashfs/inode.o
  CC      drivers/amba/bus.o
  AR      drivers/pinctrl/stm32/built-in.a
  CC      net/ipv4/tcp_cong.o
  CC      drivers/pinctrl/sunplus/sppctl.o
  CC      net/core/utils.o
  CC      drivers/pci/controller/pcie-iproc-platform.o
  CC      drivers/amba/tegra-ahb.o
  CC      mm/memblock.o
  CC      fs/fat/fatent.o
  CC      net/ipv6/udp.o
  CC      kernel/ptrace.o
  CC      drivers/pinctrl/sunplus/sppctl_sp7021.o
  CC      fs/squashfs/namei.o
  CC      lib/zstd/decompress/zstd_ddict.o
  CC      lib/zstd/decompress/zstd_decompress.o
  CC      drivers/video/fbdev/core/fbcon_rotate.o
  CC      lib/zstd/decompress/zstd_decompress_block.o
  AR      drivers/amba/built-in.a
  CC      drivers/video/hdmi.o
  CC      net/can/af_can.o
  AR      net/ethtool/built-in.a
  CC      net/ipv4/tcp_metrics.o
  CC      lib/argv_split.o
  CC      drivers/pinctrl/renesas/pinctrl-rza2.o
  CC      drivers/video/display_timing.o
  CC      drivers/pci/controller/pcie-iproc-bcma.o
  CC      net/devlink/param.o
  CC      drivers/pinctrl/sunxi/pinctrl-sunxi.o
  AR      drivers/pinctrl/sunplus/built-in.a
  CC      drivers/video/videomode.o
  CC      fs/squashfs/super.o
  CC      mm/madvise.o
  CC      net/ipv4/tcp_fastopen.o
  CC      net/core/link_watch.o
  CC      drivers/video/fbdev/core/fbcon_cw.o
  CC      fs/ext4/ioctl.o
  CC      drivers/pinctrl/renesas/pinctrl-rzn1.o
  CC      drivers/pci/controller/pcie-brcmstb.o
  CC      kernel/user.o
  CC      fs/fat/file.o
  CC      kernel/signal.o
  CC      fs/squashfs/symlink.o
  CC      fs/fat/inode.o
  CC      drivers/video/of_display_timing.o
  CC      net/core/filter.o
  CC      net/can/proc.o
  CC      fs/squashfs/decompressor.o
  AR      drivers/pinctrl/renesas/built-in.a
  CC      net/core/sock_diag.o
  CC      drivers/video/fbdev/efifb.o
  CC      drivers/video/fbdev/core/fbcon_ud.o
  CC      drivers/pci/bus.o
  CC      net/devlink/region.o
  CC      net/devlink/health.o
  CC      net/ipv4/tcp_rate.o
  CC      drivers/video/fbdev/core/fbcon_ccw.o
  CC      drivers/pinctrl/sunxi/pinctrl-sun4i-a10.o
  AR      drivers/pci/controller/built-in.a
  CC      mm/page_io.o
  CC      mm/swap_state.o
  CC      mm/swapfile.o
  CC      fs/squashfs/page_actor.o
  CC      net/can/raw.o
  CC      lib/bug.o
  CC      drivers/clk/actions/owl-common.o
  CC      drivers/pinctrl/sunxi/pinctrl-sun5i.o
  CC      net/ipv6/udplite.o
  CC      fs/fat/misc.o
  CC      lib/zstd/zstd_common_module.o
  CC      drivers/pci/probe.o
  CC      lib/zstd/common/debug.o
  CC      net/ipv6/raw.o
  CC      net/devlink/trap.o
  CC      drivers/video/fbdev/core/cfbfillrect.o
  CC      fs/squashfs/file_cache.o
  CC      drivers/pinctrl/sunxi/pinctrl-sun6i-a31.o
  CC      fs/fat/nfs.o
  CC      net/ipv4/tcp_recovery.o
  CC      drivers/clk/actions/owl-gate.o
  CC      kernel/sys.o
  CC      fs/fat/namei_vfat.o
  CC      lib/zstd/common/entropy_common.o
  CC      drivers/video/of_videomode.o
  CC      lib/zstd/common/error_private.o
  CC      fs/ext4/mballoc.o
  CC      net/can/bcm.o
  CC      lib/zstd/common/fse_decompress.o
  CC      fs/squashfs/decompressor_single.o
  CC      drivers/clk/actions/owl-mux.o
  CC      lib/zstd/common/zstd_common.o
  CC      drivers/video/fbdev/simplefb.o
  CC      kernel/umh.o
  CC      drivers/pinctrl/sunxi/pinctrl-sun6i-a31-r.o
  CC      drivers/pci/host-bridge.o
  CC      drivers/pinctrl/tegra/pinctrl-tegra.o
  CC      drivers/pinctrl/tegra/pinctrl-tegra20.o
  CC      drivers/clk/actions/owl-divider.o
  AR      lib/zstd/built-in.a
  CC      lib/buildid.o
  CC      mm/swap_slots.o
  CC      net/core/dev_ioctl.o
  CC      drivers/pinctrl/sunxi/pinctrl-sun8i-a23.o
  CC      fs/squashfs/lzo_wrapper.o
  CC      drivers/video/fbdev/core/cfbcopyarea.o
  CC      drivers/video/fbdev/core/cfbimgblt.o
  CC      drivers/video/fbdev/core/sysfillrect.o
  CC      fs/fat/namei_msdos.o
  CC      fs/squashfs/xz_wrapper.o
  CC      fs/squashfs/zlib_wrapper.o
  CC      net/devlink/rate.o
  CC      drivers/pci/remove.o
  CC      net/ipv4/tcp_ulp.o
  CC      drivers/pinctrl/sunxi/pinctrl-sun8i-a23-r.o
  CC      drivers/pinctrl/tegra/pinctrl-tegra30.o
  CC      drivers/clk/actions/owl-factor.o
  CC      lib/clz_tab.o
  CC      drivers/pinctrl/tegra/pinctrl-tegra114.o
  CC      net/ipv6/icmp.o
  CC      lib/cmdline.o
  CC      drivers/pci/pci.o
  CC      lib/ctype.o
  CC      mm/dmapool.o
  CC      net/can/gw.o
  CC      lib/dec_and_lock.o
  CC      drivers/pci/pci-driver.o
  AR      fs/squashfs/built-in.a
  CC      fs/ext4/migrate.o
  CC      drivers/pinctrl/ti/pinctrl-ti-iodelay.o
  CC      drivers/video/fbdev/core/syscopyarea.o
  CC      net/sunrpc/auth_gss/auth_gss.o
  CC      fs/nfs/filelayout/filelayout.o
  CC      kernel/workqueue.o
  CC      lib/decompress.o
  CC      fs/nfs/flexfilelayout/flexfilelayout.o
  CC      drivers/pinctrl/tegra/pinctrl-tegra124.o
  CC      drivers/pinctrl/sunxi/pinctrl-sun8i-a33.o
  CC      lib/decompress_bunzip2.o
  AR      fs/fat/built-in.a
  CC      net/ipv4/tcp_offload.o
  CC      drivers/clk/actions/owl-composite.o
  CC      mm/slub.o
  CC      drivers/pinctrl/sunxi/pinctrl-sun8i-a83t.o
  CC      net/devlink/linecard.o
  CC      drivers/pinctrl/tegra/pinctrl-tegra-xusb.o
  AR      drivers/pinctrl/ti/built-in.a
  CC      net/ipv6/mcast.o
  CC      drivers/dma/dw/core.o
  CC      lib/decompress_inflate.o
  CC      drivers/clk/actions/owl-pll.o
  CC      net/sunrpc/auth_gss/gss_generic_token.o
  CC      drivers/pinctrl/sunxi/pinctrl-sun8i-a83t-r.o
  AR      drivers/dma/idxd/built-in.a
  CC      drivers/dma/sh/rcar-dmac.o
  AR      net/can/built-in.a
  AR      drivers/clk/analogbits/built-in.a
  CC      drivers/video/fbdev/core/sysimgblt.o
  CC      net/ipv6/reassembly.o
  CC      drivers/clk/actions/owl-reset.o
  CC      lib/decompress_unlz4.o
  CC      fs/nfs/flexfilelayout/flexfilelayoutdev.o
  CC      lib/decompress_unlzma.o
  CC      drivers/pinctrl/sunxi/pinctrl-sun8i-h3.o
  AR      drivers/pinctrl/tegra/built-in.a
  CC      drivers/clk/actions/owl-s500.o
  CC      fs/exportfs/expfs.o
  CC      fs/nfs/filelayout/filelayoutdev.o
  AR      net/devlink/built-in.a
  CC      net/sunrpc/clnt.o
  CC      drivers/dma/dw/dw.o
  CC      net/ipv4/tcp_plb.o
  CC      drivers/pinctrl/sunxi/pinctrl-sun8i-h3-r.o
  CC      mm/migrate.o
  AR      drivers/clk/actions/built-in.a
  CC      drivers/video/fbdev/core/fb_sys_fops.o
  CC      drivers/clk/at91/pmc.o
  CC      fs/ext4/mmp.o
  CC      lib/decompress_unlzo.o
  AR      fs/exportfs/built-in.a
  CC      net/core/tso.o
  CC      fs/lockd/clntlock.o
  CC      drivers/pinctrl/sunxi/pinctrl-sun8i-v3s.o
  CC      drivers/dma/dw/idma32.o
  AR      drivers/dma/sh/built-in.a
  CC      drivers/pci/search.o
  CC      net/sunrpc/xprt.o
  AR      drivers/soc/apple/built-in.a
  CC      drivers/clk/at91/sckc.o
  CC      drivers/soc/aspeed/aspeed-uart-routing.o
  CC      lib/decompress_unxz.o
  AR      fs/nfs/filelayout/built-in.a
  CC      drivers/pinctrl/sunxi/pinctrl-sun20i-d1.o
  CC      net/sunrpc/auth_gss/gss_mech_switch.o
  CC      drivers/pinctrl/uniphier/pinctrl-uniphier-core.o
  CC      drivers/pinctrl/uniphier/pinctrl-uniphier-ld4.o
  CC      net/ipv4/datagram.o
  AR      drivers/video/fbdev/core/built-in.a
  AR      drivers/video/fbdev/built-in.a
  AR      drivers/video/built-in.a
  CC      lib/decompress_unzstd.o
  CC      drivers/soc/aspeed/aspeed-socinfo.o
  CC      drivers/pinctrl/sunxi/pinctrl-sun9i-a80.o
  AR      net/wireless/built-in.a
  CC      fs/lockd/clntproc.o
  CC      drivers/clk/at91/clk-slow.o
  CC      net/core/sock_reuseport.o
  CC      drivers/clk/axis/clk-artpec6.o
  CC      fs/ext4/move_extent.o
  CC      net/core/fib_notifier.o
  CC      fs/lockd/clntxdr.o
  CC      drivers/pci/pci-sysfs.o
  CC      kernel/pid.o
  CC      drivers/dma/dw/platform.o
  AR      fs/nfs/flexfilelayout/built-in.a
  CC      fs/nfs/client.o
  CC      lib/dump_stack.o
  CC      drivers/pinctrl/uniphier/pinctrl-uniphier-pro4.o
  AR      drivers/soc/aspeed/built-in.a
  CC      net/ipv6/tcp_ipv6.o
  CC      drivers/soc/atmel/soc.o
  CC      drivers/clk/at91/clk-main.o
  AR      drivers/clk/axis/built-in.a
  CC      drivers/pci/rom.o
  CC      drivers/pinctrl/sunxi/pinctrl-sun9i-a80-r.o
  CC      net/sunrpc/auth_gss/svcauth_gss.o
  CC      net/ipv4/raw.o
  AR      drivers/soc/atmel/built-in.a
  CC      fs/ext4/namei.o
  CC      drivers/soc/bcm/brcmstb/common.o
  CC      drivers/dma/dw/of.o
  CC      drivers/pinctrl/uniphier/pinctrl-uniphier-sld8.o
  CC      drivers/clk/at91/clk-pll.o
  CC      mm/page_isolation.o
  CC      drivers/clk/at91/clk-plldiv.o
  CC      drivers/pinctrl/uniphier/pinctrl-uniphier-pro5.o
  CC      net/ipv6/ping.o
  CC      fs/nfs/dir.o
  CC      net/rfkill/core.o
  CC      net/core/xdp.o
  CC      fs/lockd/host.o
  AR      drivers/pinctrl/sunxi/built-in.a
  CC      drivers/soc/dove/pmu.o
  CC      lib/earlycpio.o
  CC      drivers/soc/bcm/brcmstb/biuctrl.o
  CC      drivers/pci/setup-res.o
  CC      drivers/pci/irq.o
  CC      drivers/pci/vpd.o
  CC      lib/extable.o
  CC      net/rfkill/input.o
  CC      net/sunrpc/auth_gss/gss_rpc_upcall.o
  CC      drivers/pinctrl/uniphier/pinctrl-uniphier-pxs2.o
  AR      drivers/dma/dw/built-in.a
  AR      drivers/dma/mediatek/built-in.a
  CC      drivers/clk/at91/clk-master.o
  CC      drivers/dma/qcom/bam_dma.o
  AR      drivers/soc/bcm/brcmstb/built-in.a
  AR      drivers/soc/bcm/built-in.a
  CC      drivers/pci/setup-bus.o
  AR      drivers/soc/dove/built-in.a
  CC      drivers/soc/fsl/guts.o
  CC      kernel/task_work.o
  CC      lib/fdt.o
  CC      mm/early_ioremap.o
  CC      drivers/pinctrl/uniphier/pinctrl-uniphier-ld6b.o
  CC      lib/fdt_addresses.o
  CC      fs/lockd/svc.o
  CC      fs/ext4/page-io.o
  CC      lib/fdt_empty_tree.o
  CC      net/rfkill/rfkill-gpio.o
  CC      net/core/flow_offload.o
  CC      net/ipv4/udp.o
  CC      mm/cma.o
  CC      lib/fdt_ro.o
  CC      net/sunrpc/auth_gss/gss_rpc_xdr.o
  CC      drivers/pmdomain/actions/owl-sps-helper.o
  AR      drivers/soc/fsl/built-in.a
  CC      net/sunrpc/socklib.o
  AR      drivers/soc/fujitsu/built-in.a
  AR      drivers/soc/hisilicon/built-in.a
  CC      drivers/soc/imx/soc-imx.o
  AR      drivers/pinctrl/uniphier/built-in.a
  CC      drivers/clk/at91/clk-system.o
  AR      drivers/pinctrl/vt8500/built-in.a
  CC      drivers/pinctrl/core.o
  CC      kernel/extable.o
  AR      net/rfkill/built-in.a
  CC      fs/ext4/readpage.o
  CC      drivers/dma/ti/edma.o
  AR      drivers/pmdomain/actions/built-in.a
  CC      fs/nls/nls_base.o
  CC      drivers/pmdomain/amlogic/meson-gx-pwrc-vpu.o
  AR      drivers/soc/imx/built-in.a
  CC      lib/fdt_rw.o
  AR      drivers/soc/ixp4xx/built-in.a
  CC      net/ipv6/exthdrs.o
  AR      drivers/soc/loongson/built-in.a
  CC      drivers/soc/mediatek/mtk-infracfg.o
  CC      drivers/clk/at91/clk-peripheral.o
  CC      lib/fdt_strerror.o
  CC      drivers/soc/mediatek/mtk-regulator-coupler.o
  CC      fs/nls/nls_cp437.o
  AR      drivers/pmdomain/apple/built-in.a
  CC      fs/nls/nls_iso8859-1.o
  CC      mm/memfd.o
  CC      lib/fdt_sw.o
  CC      fs/lockd/svclock.o
  CC      drivers/virtio/virtio.o
  CC      drivers/pmdomain/amlogic/meson-ee-pwrc.o
  CC      drivers/pinctrl/pinctrl-utils.o
  CC      kernel/params.o
  CC      fs/nfs/file.o
  AR      drivers/dma/qcom/built-in.a
  CC      drivers/virtio/virtio_ring.o
  CC      net/sunrpc/auth_gss/trace.o
  CC      lib/fdt_wip.o
  CC      net/dns_resolver/dns_key.o
  CC      drivers/dma/ti/omap-dma.o
  CC      fs/nls/nls_utf8.o
  CC      lib/flex_proportions.o
  CC      net/core/gro.o
  CC      drivers/clk/at91/clk-programmable.o
  CC      drivers/regulator/core.o
  CC      fs/ext4/resize.o
  CC      drivers/pinctrl/pinmux.o
  CC      drivers/soc/mediatek/mtk-mmsys.o
  AR      drivers/pmdomain/amlogic/built-in.a
  AR      fs/nls/built-in.a
  CC      drivers/pmdomain/bcm/bcm-pmb.o
  CC      lib/idr.o
  CC      fs/ext4/super.o
  AR      mm/built-in.a
  CC      fs/ext4/symlink.o
  CC      fs/ext4/sysfs.o
  CC      net/dns_resolver/dns_query.o
  CC      drivers/clk/at91/clk-audio-pll.o
  CC      drivers/dma/ti/dma-crossbar.o
  CC      drivers/pmdomain/bcm/bcm2835-power.o
  CC      fs/lockd/svcshare.o
  CC      drivers/pci/vc.o
  CC      drivers/pinctrl/pinconf.o
  CC      kernel/kthread.o
  CC      drivers/soc/mediatek/mtk-mutex.o
  CC      drivers/clk/at91/clk-utmi.o
  CC      lib/irq_regs.o
  CC      fs/nfs/getroot.o
  CC      net/ipv6/datagram.o
  CC      lib/is_single_threaded.o
  AR      net/dns_resolver/built-in.a
  CC      drivers/pmdomain/bcm/raspberrypi-power.o
  CC      lib/klist.o
  CC      drivers/clk/bcm/clk-bcm63xx.o
  CC      drivers/dma/xilinx/xilinx_dma.o
  CC      net/ipv4/udplite.o
  CC      drivers/clk/at91/clk-usb.o
  AR      drivers/soc/mediatek/built-in.a
  AR      drivers/soc/microchip/built-in.a
  CC      lib/kobject.o
  CC      drivers/tty/vt/vt_ioctl.o
  AR      drivers/soc/nuvoton/built-in.a
  CC      drivers/pinctrl/pinconf-generic.o
  CC      drivers/reset/hisilicon/hi6220_reset.o
  CC      drivers/soc/pxa/mfp.o
  CC      drivers/pci/mmap.o
  CC      net/core/netdev-genl.o
  AR      drivers/pmdomain/bcm/built-in.a
  CC      drivers/clk/bcm/clk-kona.o
  CC      drivers/pmdomain/imx/gpc.o
  AR      drivers/dma/ti/built-in.a
  CC      net/sunrpc/auth_gss/gss_krb5_mech.o
  CC      drivers/tty/hvc/hvc_console.o
  CC      kernel/sys_ni.o
  AR      drivers/soc/pxa/built-in.a
  CC      drivers/reset/hisilicon/reset-hi3660.o
  CC      drivers/soc/amlogic/meson-clk-measure.o
  CC      drivers/clk/at91/clk-smd.o
  CC      kernel/nsproxy.o
  CC      lib/kobject_uevent.o
  CC      drivers/virtio/virtio_anchor.o
  CC      drivers/pci/setup-irq.o
  CC      fs/lockd/svcproc.o
  CC      drivers/pinctrl/devicetree.o
  CC      net/ipv4/udp_offload.o
  CC      kernel/notifier.o
  CC      fs/nfs/inode.o
  CC      drivers/clk/at91/clk-h32mx.o
  CC      drivers/clk/bcm/clk-kona-setup.o
  CC      net/ipv6/ip6_flowlabel.o
  CC      drivers/soc/amlogic/meson-mx-socinfo.o
  CC      net/core/netdev-genl-gen.o
  CC      drivers/pmdomain/imx/gpcv2.o
  CC      drivers/pci/proc.o
  AR      drivers/reset/hisilicon/built-in.a
  CC      drivers/pinctrl/pinctrl-as3722.o
  CC      drivers/virtio/virtio_pci_modern_dev.o
  AR      drivers/reset/starfive/built-in.a
  AR      drivers/tty/hvc/built-in.a
  CC      drivers/reset/sti/reset-stih407.o
  CC      drivers/pci/slot.o
  AR      drivers/dma/xilinx/built-in.a
  CC      drivers/tty/vt/vc_screen.o
  CC      drivers/dma/dmaengine.o
  AR      drivers/soc/amlogic/built-in.a
  CC      drivers/soc/qcom/qcom_gsbi.o
  CC      lib/logic_pio.o
  CC      net/sunrpc/auth_gss/gss_krb5_seal.o
  CC      lib/maple_tree.o
  CC      drivers/clk/bcm/clk-bcm281xx.o
  CC      fs/lockd/svcsubs.o
  CC      drivers/clk/at91/clk-generated.o
  CC      drivers/pinctrl/pinctrl-at91.o
  CC      kernel/ksysfs.o
  CC      drivers/reset/sti/reset-syscfg.o
  CC      net/core/gso.o
  AR      drivers/pmdomain/imx/built-in.a
  CC      drivers/pmdomain/mediatek/mtk-scpsys.o
  CC      drivers/char/hw_random/core.o
  CC      drivers/clk/bcm/clk-bcm21664.o
  CC      drivers/soc/qcom/rpm-proc.o
  CC      net/ipv4/arp.o
  CC      drivers/virtio/virtio_pci_legacy_dev.o
  CC      drivers/tty/vt/selection.o
  CC      net/sunrpc/auth_gss/gss_krb5_unseal.o
  CC      drivers/clk/at91/clk-i2s-mux.o
  CC      drivers/pci/of.o
  CC      drivers/tty/vt/keyboard.o
  CC      kernel/cred.o
  CC      drivers/dma/virt-dma.o
  CC      net/ipv6/inet6_connection_sock.o
  CC      drivers/clk/bcm/clk-iproc-armpll.o
  AR      drivers/reset/sti/built-in.a
  AR      drivers/reset/tegra/built-in.a
  CC      drivers/reset/core.o
  CC      drivers/regulator/dummy.o
  CC      drivers/virtio/virtio_mmio.o
  CC      drivers/clk/at91/clk-sam9x60-pll.o
  CC      drivers/soc/qcom/smd-rpm.o
  CC      net/sunrpc/auth_gss/gss_krb5_wrap.o
  CC      drivers/pinctrl/pinctrl-at91-pio4.o
  CC      drivers/char/hw_random/atmel-rng.o
  CC      drivers/clk/at91/sama5d3.o
  CC      drivers/pci/quirks.o
  CC      drivers/clk/bcm/clk-iproc-pll.o
  CC      drivers/pmdomain/mediatek/mtk-pm-domains.o
  CC      drivers/dma/of-dma.o
  CC      fs/lockd/mon.o
  CC      drivers/soc/qcom/smem.o
  CC      drivers/char/hw_random/exynos-trng.o
  CC      kernel/reboot.o
  CC      drivers/regulator/fixed-helper.o
  CC      drivers/virtio/virtio_pci_modern.o
  CC      net/ipv6/udp_offload.o
  CC      drivers/tty/serial/8250/8250_core.o
  CC      net/core/net-sysfs.o
  CC      drivers/reset/reset-brcmstb.o
  CC      fs/nfs/super.o
  CC      net/ipv4/icmp.o
  CC      drivers/clk/bcm/clk-iproc-asiu.o
  CC      drivers/pinctrl/pinctrl-digicolor.o
  CC      net/sunrpc/auth_gss/gss_krb5_crypto.o
  CC      drivers/dma/at_hdmac.o
  CC      drivers/char/hw_random/omap-rng.o
  CC      drivers/clk/at91/dt-compat.o
  AR      drivers/pmdomain/mediatek/built-in.a
  CC      drivers/pmdomain/qcom/cpr.o
  CC      drivers/soc/qcom/smem_state.o
  CC      drivers/reset/reset-brcmstb-rescal.o
  CC      drivers/regulator/helpers.o
  CC      fs/lockd/trace.o
  CC      drivers/virtio/virtio_pci_common.o
  CC      drivers/tty/vt/consolemap.o
  CC      kernel/async.o
  CC      drivers/pinctrl/pinctrl-microchip-sgpio.o
  CC      net/ipv6/seg6.o
  CC      drivers/char/hw_random/omap3-rom-rng.o
  CC      drivers/reset/reset-imx7.o
  CC      drivers/tty/serial/8250/8250_port.o
  CC      drivers/clk/bcm/clk-bcm2711-dvp.o
  CC      net/sunrpc/auth_gss/gss_krb5_keys.o
  CC      drivers/soc/qcom/smp2p.o
  CC      kernel/range.o
  CC      drivers/char/hw_random/imx-rngc.o
  CC      drivers/clk/bcm/clk-bcm2835.o
  CC      drivers/pci/pci-bridge-emul.o
  CC      net/core/page_pool.o
  CC      kernel/smpboot.o
  CC      drivers/clk/at91/sama5d4.o
  CC      drivers/pmdomain/qcom/rpmpd.o
  CC      drivers/regulator/devres.o
  CC      drivers/virtio/virtio_pci_legacy.o
  CC      drivers/reset/reset-microchip-sparx5.o
  CC      fs/lockd/xdr.o
  CC      net/ipv4/devinet.o
  CC      drivers/soc/qcom/smsm.o
  AR      net/sunrpc/auth_gss/built-in.a
  CC      net/sunrpc/xprtsock.o
  CC      drivers/char/hw_random/hisi-rng.o
  HOSTCC  drivers/tty/vt/conmakehash
  CC      fs/nfs/io.o
  CC      net/ipv6/fib6_notifier.o
  CC      drivers/dma/at_xdmac.o
  CC      drivers/pinctrl/pinctrl-ocelot.o
  AR      drivers/pmdomain/qcom/built-in.a
  CC      drivers/pci/pci-label.o
  CC      drivers/pmdomain/renesas/r8a7742-sysc.o
  CC      drivers/tty/vt/vt.o
  CC      drivers/clk/at91/sama5d2.o
  CC      drivers/pmdomain/renesas/r8a7743-sysc.o
  AR      drivers/virtio/built-in.a
  CC      drivers/clk/at91/sama7g5.o
  CC      drivers/clk/bcm/clk-bcm2835-aux.o
  CC      drivers/reset/reset-meson.o
  CC      drivers/pmdomain/renesas/r8a7745-sysc.o
  CC      kernel/ucount.o
  CC      drivers/pmdomain/renesas/r8a77470-sysc.o
  CC      drivers/char/hw_random/histb-rng.o
  CC      drivers/regulator/irq_helpers.o
  CC      drivers/pmdomain/renesas/r8a7779-sysc.o
  CC      net/ipv6/rpl.o
  CC      drivers/pci/syscall.o
  CC      fs/nfs/direct.o
  CC      drivers/pmdomain/renesas/r8a7790-sysc.o
  AR      drivers/clk/at91/built-in.a
  CC      net/core/net-procfs.o
  CC      drivers/reset/reset-raspberrypi.o
  CC      drivers/pinctrl/pinctrl-palmas.o
  CC      net/switchdev/switchdev.o
  CC      drivers/clk/bcm/clk-raspberrypi.o
  CC      drivers/pmdomain/renesas/r8a7791-sysc.o
  CC      drivers/soc/qcom/spm.o
  CC      drivers/soc/renesas/renesas-soc.o
  CC      drivers/tty/serial/8250/8250_dma.o
  CC      drivers/char/hw_random/bcm2835-rng.o
  CC      fs/lockd/clnt4xdr.o
  CC      drivers/pmdomain/renesas/r8a7792-sysc.o
  CC      lib/memcat_p.o
  CC      drivers/pmdomain/renesas/r8a7794-sysc.o
  CC      drivers/dma/bcm2835-dma.o
  CC      drivers/regulator/of_regulator.o
  CC      kernel/regset.o
  CC      drivers/pmdomain/renesas/rcar-sysc.o
  CC      drivers/soc/renesas/rcar-rst.o
  CC      drivers/reset/reset-scmi.o
  AR      drivers/soc/qcom/built-in.a
  CC      drivers/pci/ecam.o
  CC      drivers/soc/rockchip/grf.o
  CC      net/ipv6/ioam6.o
  CC      fs/ext4/xattr.o
  CC      net/ipv4/af_inet.o
  CC      drivers/char/hw_random/iproc-rng200.o
  CC      lib/nmi_backtrace.o
  CC      drivers/clk/bcm/clk-bcm53573-ilp.o
  CC      drivers/tty/serial/8250/8250_dwlib.o
  CC      drivers/pinctrl/pinctrl-rockchip.o
  CC      net/sunrpc/sched.o
  CC      drivers/reset/reset-simple.o
  AR      drivers/soc/renesas/built-in.a
  CC      net/ipv6/sysctl_net_ipv6.o
  CC      net/core/fib_rules.o
  CC      drivers/soc/rockchip/io-domain.o
  CC      drivers/pmdomain/renesas/rmobile-sysc.o
  CC      kernel/ksyms_common.o
  CC      drivers/dma/sun4i-dma.o
  CC      drivers/pci/vgaarb.o
  AR      net/switchdev/built-in.a
  CC      drivers/tty/serial/8250/8250_pcilib.o
  CC      drivers/char/hw_random/st-rng.o
  CC      fs/nfs/pagelist.o
  CC      lib/plist.o
  CC      drivers/reset/reset-socfpga.o
  CC      drivers/clk/bcm/clk-cygnus.o
  CC      lib/radix-tree.o
  CC      fs/lockd/xdr4.o
  CC      fs/lockd/svc4proc.o
  CC      kernel/groups.o
  CC      drivers/regulator/fixed.o
  AR      drivers/pmdomain/renesas/built-in.a
  CC      drivers/pmdomain/rockchip/pm-domains.o
  COPY    drivers/tty/vt/defkeymap.c
  CONMK   drivers/tty/vt/consolemap_deftbl.c
  CC      drivers/tty/vt/defkeymap.o
  CC      drivers/char/hw_random/stm32-rng.o
  AR      drivers/soc/rockchip/built-in.a
  CC      drivers/soc/samsung/exynos5422-asv.o
  CC      drivers/clk/bcm/clk-hr2.o
  CC      drivers/tty/vt/consolemap_deftbl.o
  AR      drivers/tty/vt/built-in.a
  CC      drivers/tty/serial/8250/8250_pci.o
  CC      drivers/reset/reset-sunplus.o
  CC      drivers/tty/serial/8250/8250_exar.o
  CC      drivers/dma/sun6i-dma.o
  CC      fs/lockd/procfs.o
  CC      drivers/pinctrl/pinctrl-single.o
  CC      drivers/regulator/cpcap-regulator.o
  CC      drivers/soc/samsung/exynos-chipid.o
  CC      drivers/char/hw_random/meson-rng.o
  CC      drivers/clk/bcm/clk-nsp.o
  CC      net/ipv6/xfrm6_policy.o
  CC      drivers/reset/reset-sunxi.o
  AR      drivers/pmdomain/rockchip/built-in.a
  AR      drivers/pci/built-in.a
  CC      drivers/pmdomain/samsung/exynos-pm-domains.o
  CC      drivers/clk/berlin/berlin2-avpll.o
  CC      drivers/char/hw_random/mtk-rng.o
  CC      net/core/net-traces.o
  CC      kernel/kcmp.o
  CC      drivers/clk/bcm/clk-ns2.o
  CC      drivers/pmdomain/st/ste-ux500-pm-domain.o
  CC      lib/ratelimit.o
  CC      lib/rbtree.o
  CC      net/sunrpc/auth.o
  CC      drivers/clk/berlin/berlin2-pll.o
  CC      drivers/soc/samsung/exynos-asv.o
  CC      drivers/reset/reset-uniphier.o
  AR      drivers/pmdomain/samsung/built-in.a
  CC      drivers/soc/samsung/exynos-pmu.o
  CC      net/ipv4/igmp.o
  CC      drivers/char/hw_random/ks-sa-rng.o
  CC      drivers/clk/bcm/clk-sr.o
  AR      fs/unicode/built-in.a
  CC      fs/nfs/read.o
  AR      drivers/pmdomain/st/built-in.a
  AR      drivers/char/agp/built-in.a
  AR      drivers/pmdomain/starfive/built-in.a
  CC      lib/seq_buf.o
  AR      drivers/iommu/amd/built-in.a
  AR      drivers/pmdomain/sunxi/built-in.a
  AR      drivers/pmdomain/tegra/built-in.a
  AR      drivers/iommu/intel/built-in.a
  CC      drivers/pinctrl/pinctrl-st.o
  CC      drivers/dma/fsl-edma-main.o
  CC      drivers/regulator/ab8500-ext.o
  CC      drivers/pmdomain/ti/omap_prm.o
  CC      drivers/clk/berlin/berlin2-div.o
  CC      drivers/iommu/arm/arm-smmu/qcom_iommu.o
  CC      drivers/tty/serial/8250/8250_bcm2835aux.o
  AR      fs/lockd/built-in.a
  CC      net/sunrpc/auth_null.o
  CC      kernel/freezer.o
  AR      drivers/pmdomain/xilinx/built-in.a
  CC      lib/siphash.o
  CC      drivers/reset/reset-uniphier-glue.o
  CC      drivers/soc/samsung/exynos3250-pmu.o
  AR      drivers/clk/bcm/built-in.a
  CC      drivers/regulator/ab8500.o
  CC      net/ipv6/xfrm6_state.o
  CC      drivers/clk/berlin/bg2.o
  CC      drivers/char/hw_random/optee-rng.o
  CC      drivers/soc/samsung/exynos4-pmu.o
  CC      net/core/selftests.o
  CC      drivers/tty/serial/8250/8250_early.o
  CC      drivers/reset/reset-zynq.o
  CC      drivers/soc/samsung/exynos5250-pmu.o
  CC      kernel/stacktrace.o
  CC      lib/string.o
  AR      drivers/pmdomain/ti/built-in.a
  AR      drivers/pmdomain/built-in.a
  CC      fs/ext4/xattr_hurd.o
  CC      drivers/dma/fsl-edma-common.o
  CC      fs/nfs/symlink.o
  CC      drivers/char/hw_random/arm_smccc_trng.o
  CC      drivers/soc/samsung/exynos5420-pmu.o
  CC      drivers/soc/samsung/exynos-regulator-coupler.o
  CC      fs/nfs/unlink.o
  AR      drivers/iommu/arm/arm-smmu/built-in.a
  AR      drivers/iommu/arm/arm-smmu-v3/built-in.a
  CC      drivers/pinctrl/pinctrl-stmfx.o
  AR      drivers/iommu/arm/built-in.a
  CC      drivers/clk/berlin/bg2q.o
  AR      drivers/iommu/iommufd/built-in.a
  CC      drivers/iommu/iommu.o
  CC      drivers/iommu/iommu-traces.o
  AR      drivers/reset/built-in.a
  CC      net/ipv4/fib_frontend.o
  CC      drivers/tty/serial/serial_core.o
  CC      net/handshake/alert.o
  CC      drivers/regulator/act8865-regulator.o
  CC      net/ipv6/xfrm6_input.o
  CC      drivers/tty/serial/8250/8250_fsl.o
  CC      kernel/up.o
  AR      drivers/char/hw_random/built-in.a
  CC      drivers/char/mem.o
  CC      fs/ext4/xattr_trusted.o
  AR      drivers/soc/samsung/built-in.a
  CC      drivers/iommu/iommu-sysfs.o
  AR      drivers/soc/sifive/built-in.a
  CC      drivers/soc/sunxi/sunxi_mbus.o
  CC      drivers/pinctrl/pinctrl-zynq.o
  CC      drivers/gpu/host1x/bus.o
  AR      drivers/clk/berlin/built-in.a
  CC      drivers/clk/hisilicon/clk.o
  CC      lib/timerqueue.o
  CC      kernel/uid16.o
  CC      drivers/dma/imx-dma.o
  CC      drivers/base/power/sysfs.o
  CC      drivers/regulator/act8945a-regulator.o
  CC      drivers/tty/serial/8250/8250_dw.o
  CC      fs/ext4/xattr_user.o
  CC      fs/nfs/write.o
  AR      drivers/pinctrl/built-in.a
  CC      drivers/soc/sunxi/sunxi_sram.o
  CC      lib/vsprintf.o
  CC      drivers/base/firmware_loader/builtin/main.o
  CC      drivers/base/firmware_loader/main.o
  CC      net/handshake/genl.o
  CC      drivers/char/random.o
  CC      drivers/clk/hisilicon/clkgate-separated.o
  CC      net/ipv6/xfrm6_output.o
  AR      drivers/base/firmware_loader/builtin/built-in.a
  CC      net/sunrpc/auth_tls.o
  CC      drivers/base/power/generic_ops.o
  CC      net/sunrpc/auth_unix.o
  CC      kernel/kallsyms.o
  CC      drivers/clk/hisilicon/clkdivider-hi6220.o
  CC      drivers/regulator/anatop-regulator.o
  CC      drivers/dma/imx-sdma.o
  CC      net/ipv4/fib_semantics.o
  CC      drivers/gpu/host1x/syncpt.o
  CC      fs/ext4/fast_commit.o
  AR      drivers/soc/sunxi/built-in.a
  CC      drivers/tty/serial/8250/8250_em.o
  CC      drivers/soc/tegra/fuse/fuse-tegra.o
  CC      net/handshake/netlink.o
  CC      drivers/clk/hisilicon/clk-hisi-phase.o
  CC      drivers/base/power/common.o
  AR      drivers/base/firmware_loader/built-in.a
  AR      drivers/soc/tegra/cbb/built-in.a
  CC      drivers/soc/tegra/fuse/fuse-tegra30.o
  CC      drivers/regulator/scmi-regulator.o
  CC      drivers/clk/hisilicon/clk-hi3620.o
  CC      net/core/ptp_classifier.o
  CC      drivers/tty/serial/serial_base_bus.o
  CC      drivers/tty/serial/8250/8250_omap.o
  CC      drivers/base/power/qos.o
  CC      drivers/gpu/host1x/dev.o
  CC      fs/ext4/orphan.o
  CC      drivers/tty/serdev/core.o
  CC      drivers/tty/serial/8250/8250_mtk.o
  CC      kernel/crash_core.o
  CC      net/sunrpc/svc.o
  CC      drivers/clk/hisilicon/clk-hip04.o
  CC      net/handshake/request.o
  CC      drivers/dma/mv_xor.o
  CC      drivers/tty/serdev/serdev-ttyport.o
  CC      drivers/regulator/as3711-regulator.o
  CC      drivers/soc/tegra/fuse/tegra-apbmisc.o
  CC      fs/nfs/namespace.o
  CC      net/core/dst_cache.o
  CC      drivers/iommu/io-pgtable.o
  CC      drivers/char/misc.o
  CC      net/ipv6/xfrm6_protocol.o
  CC      drivers/clk/hisilicon/clk-hix5hd2.o
  CC      net/core/gro_cells.o
  CC      drivers/base/power/runtime.o
  CC      drivers/block/brd.o
  CC      kernel/kexec_core.o
  CC      drivers/block/loop.o
  CC      drivers/tty/serial/8250/8250_uniphier.o
  CC      drivers/clk/hisilicon/crg-hi3516cv300.o
  AR      fs/ext4/built-in.a
  CC      net/ipv4/fib_trie.o
  AR      drivers/tty/serdev/built-in.a
  CC      kernel/kexec.o
  CC      drivers/base/regmap/regmap.o
  CC      drivers/gpu/host1x/intr.o
  CC      drivers/iommu/io-pgtable-arm.o
  CC      net/handshake/tlshd.o
  CC      drivers/char/virtio_console.o
  AR      drivers/base/test/built-in.a
  CC      drivers/soc/tegra/common.o
  CC      drivers/soc/tegra/fuse/fuse-tegra20.o
  CC      drivers/clk/hisilicon/clk-hi3519.o
  CC      net/core/failover.o
  CC      drivers/regulator/as3722-regulator.o
  CC      fs/nfs/mount_clnt.o
  CC      lib/win_minmax.o
  CC      drivers/dma/mxs-dma.o
  CC      drivers/tty/serial/8250/8250_pericom.o
  CC      drivers/tty/serial/serial_ctrl.o
  CC      drivers/base/power/wakeirq.o
  CC      net/ipv4/fib_notifier.o
  AR      drivers/soc/ti/built-in.a
  CC      net/handshake/trace.o
  CC      drivers/gpu/host1x/cdma.o
  CC      lib/xarray.o
  CC      kernel/seccomp.o
  CC      net/sunrpc/svcsock.o
  CC      drivers/clk/hisilicon/clk-hi3559a.o
  CC      drivers/soc/tegra/fuse/speedo-tegra20.o
  CC      drivers/base/power/main.o
  CC      drivers/tty/serial/8250/8250_tegra.o
  CC      lib/lockref.o
  CC      drivers/dma/owl-dma.o
  CC      net/ipv6/fib6_rules.o
  CC      net/core/of_net.o
  CC      drivers/regulator/axp20x-regulator.o
  CC      drivers/block/virtio_blk.o
  CC      drivers/misc/eeprom/at24.o
  CC      drivers/iommu/iova.o
  AR      drivers/char/built-in.a
  CC      fs/ntfs/aops.o
  AR      drivers/tty/ipwireless/built-in.a
  CC      drivers/soc/tegra/fuse/speedo-tegra30.o
  CC      drivers/tty/serial/8250/8250_bcm7271.o
  CC      drivers/clk/hisilicon/clk-hi3660.o
  CC      drivers/gpu/host1x/channel.o
  CC      fs/nfs/nfstrace.o
  AR      net/handshake/built-in.a
  CC      drivers/soc/tegra/flowctrl.o
  CC      fs/ubifs/shrinker.o
  CC      drivers/soc/ux500/ux500-soc-id.o
  CC      lib/bcd.o
  CC      drivers/soc/tegra/fuse/speedo-tegra114.o
  CC      drivers/regulator/bcm590xx-regulator.o
  CC      drivers/misc/eeprom/eeprom_93cx6.o
  CC      lib/sort.o
  CC      drivers/clk/hisilicon/clk-hi3670.o
  CC      net/ipv4/inet_fragment.o
  CC      lib/parser.o
  CC      net/ipv6/proc.o
  CC      drivers/base/regmap/regcache.o
  CC      drivers/iommu/of_iommu.o
  AR      net/core/built-in.a
  CC      drivers/clk/hisilicon/crg-hi3798cv200.o
  CC      drivers/regulator/da9210-regulator.o
  CC      kernel/utsname_sysctl.o
  CC      drivers/gpu/host1x/job.o
  AR      drivers/soc/ux500/built-in.a
  CC      drivers/soc/tegra/fuse/speedo-tegra124.o
  CC      fs/ntfs/attrib.o
  CC      drivers/clk/hisilicon/clk-hi6220.o
  CC      lib/debug_locks.o
  AR      drivers/misc/eeprom/built-in.a
  AR      drivers/misc/cb710/built-in.a
  AR      drivers/misc/ti-st/built-in.a
  AR      drivers/gpu/drm/tests/built-in.a
  AR      drivers/block/built-in.a
  AR      drivers/misc/lis3lv02d/built-in.a
  AR      drivers/gpu/drm/arm/built-in.a
  CC      drivers/base/power/wakeup.o
  CC      net/sunrpc/svcauth.o
  AR      drivers/misc/cardreader/built-in.a
  CC      drivers/gpu/drm/display/drm_dp_aux_bus.o
  CC      drivers/misc/ad525x_dpot.o
  CC      drivers/soc/tegra/pmc.o
  CC      lib/random32.o
  CC      kernel/tracepoint.o
  CC      drivers/base/power/wakeup_stats.o
  CC      fs/ubifs/journal.o
  CC      drivers/dma/pl330.o
  CC      drivers/gpu/drm/display/drm_display_helper_mod.o
  AR      drivers/soc/tegra/fuse/built-in.a
  CC      drivers/tty/tty_io.o
  CC      drivers/base/regmap/regcache-rbtree.o
  CC      drivers/iommu/omap-iommu.o
  CC      drivers/regulator/dbx500-prcmu.o
  CC      drivers/tty/serial/8250/8250_of.o
  CC      drivers/clk/hisilicon/reset.o
  CC      lib/bust_spinlocks.o
  CC      drivers/gpu/host1x/debug.o
  CC      kernel/irq_work.o
  CC      net/ipv6/sit.o
  CC      drivers/tty/serial/serial_port.o
  CC      drivers/gpu/drm/display/drm_dp_dual_mode_helper.o
  CC      fs/ntfs/collate.o
  CC      fs/nfs/export.o
  CC      drivers/misc/ad525x_dpot-i2c.o
  CC      drivers/base/regmap/regcache-flat.o
  CC      net/ipv4/ping.o
  CC      net/sunrpc/svcauth_unix.o
  CC      kernel/cpu_pm.o
  CC      drivers/gpu/host1x/mipi.o
  CC      drivers/base/power/domain.o
  CC      drivers/clk/hisilicon/clk-hi6220-stub.o
  CC      drivers/regulator/db8500-prcmu.o
  CC      drivers/gpu/drm/display/drm_dp_helper.o
  CC      fs/ubifs/file.o
  CC      net/devres.o
  CC      kernel/iomem.o
  CC      drivers/base/regmap/regcache-maple.o
  CC      lib/kasprintf.o
  CC      drivers/iommu/omap-iommu-debug.o
  CC      fs/ntfs/compress.o
  CC      drivers/clk/hisilicon/clk-hi3660-stub.o
  CC      drivers/misc/ics932s401.o
  AR      drivers/tty/serial/8250/built-in.a
  CC      lib/bitmap.o
  CC      drivers/tty/serial/earlycon.o
  CC      drivers/gpu/host1x/fence.o
  CC      drivers/dma/ste_dma40.o
  CC      drivers/regulator/fan53555.o
  CC      kernel/rseq.o
  CC      drivers/soc/tegra/regulators-tegra20.o
  CC      drivers/regulator/gpio-regulator.o
  CC      drivers/base/regmap/regmap-debugfs.o
  CC      drivers/iommu/rockchip-iommu.o
  AR      drivers/clk/hisilicon/built-in.a
  AR      drivers/clk/imgtec/built-in.a
  CC      drivers/gpu/host1x/hw/host1x01.o
  CC      drivers/clk/imx/clk.o
  CC      net/ipv6/addrconf_core.o
  CC      fs/ubifs/dir.o
  CC      fs/ntfs/debug.o
  AR      drivers/soc/versatile/built-in.a
  CC      drivers/misc/apds9802als.o
  CC      drivers/dma/ste_dma40_ll.o
  CC      drivers/tty/serial/amba-pl011.o
  AR      drivers/gpu/drm/renesas/rcar-du/built-in.a
  AR      drivers/gpu/drm/renesas/built-in.a
  CC      drivers/dma/stm32-dma.o
  CC      fs/nfs/sysfs.o
  CC      net/sunrpc/addr.o
  CC      drivers/base/regmap/regmap-i2c.o
  CC      drivers/gpu/drm/display/drm_dp_mst_topology.o
  CC      drivers/tty/serial/bcm63xx_uart.o
  CC      drivers/clk/imx/clk-busy.o
  CC      drivers/soc/tegra/regulators-tegra30.o
  CC      drivers/regulator/lp872x.o
  CC      fs/ntfs/dir.o
  AR      kernel/built-in.a
  CC      drivers/gpu/host1x/hw/host1x02.o
  CC      net/sunrpc/rpcb_clnt.o
  CC      drivers/clk/imx/clk-composite-7ulp.o
  CC      drivers/base/power/domain_governor.o
  CC      fs/ntfs/file.o
  CC      drivers/misc/isl29003.o
  CC      net/ipv6/exthdrs_core.o
  CC      drivers/base/regmap/regmap-spi.o
  CC      drivers/regulator/max8907-regulator.o
  CC      drivers/regulator/max8973-regulator.o
  CC      drivers/tty/n_tty.o
  CC      net/ipv4/ip_tunnel_core.o
  CC      lib/scatterlist.o
  CC      drivers/clk/imx/clk-composite-8m.o
  CC      drivers/tty/tty_ioctl.o
  AR      drivers/soc/tegra/built-in.a
  CC      fs/nfs/fs_context.o
  AR      drivers/soc/xilinx/built-in.a
  AR      drivers/soc/built-in.a
  CC      drivers/tty/tty_ldisc.o
  CC      drivers/dma/stm32-dmamux.o
  CC      drivers/base/power/clock_ops.o
  CC      fs/ubifs/super.o
  CC      drivers/iommu/tegra-gart.o
  CC      drivers/tty/tty_buffer.o
  CC      drivers/gpu/host1x/hw/host1x04.o
  CC      fs/ntfs/index.o
  CC      drivers/base/regmap/regmap-spmi.o
  CC      drivers/misc/sram.o
  CC      drivers/tty/serial/samsung_tty.o
  CC      net/ipv6/ip6_checksum.o
  AR      drivers/gpu/vga/built-in.a
  AR      drivers/gpu/drm/omapdrm/built-in.a
  CC      drivers/clk/imx/clk-composite-93.o
  CC      drivers/gpu/host1x/hw/host1x05.o
  CC      drivers/gpu/host1x/hw/host1x06.o
  CC      drivers/dma/stm32-mdma.o
  AR      drivers/base/power/built-in.a
  CC      drivers/clk/imx/clk-fracn-gppll.o
  CC      drivers/base/regmap/regmap-mmio.o
  CC      drivers/iommu/tegra-smmu.o
  CC      drivers/clk/imx/clk-cpu.o
  CC      fs/ntfs/inode.o
  CC      drivers/misc/sram-exec.o
  CC      net/socket.o
  CC      net/sunrpc/timer.o
  CC      net/ipv4/gre_offload.o
  CC      drivers/regulator/max77686-regulator.o
  CC      drivers/base/component.o
  CC      drivers/gpu/drm/display/drm_dsc_helper.o
  CC      lib/list_sort.o
  CC      drivers/iommu/exynos-iommu.o
  CC      drivers/mfd/act8945a.o
  CC      drivers/clk/imx/clk-divider-gate.o
  CC      fs/nfs/nfsroot.o
  CC      lib/uuid.o
  CC      drivers/base/regmap/regmap-irq.o
  CC      net/ipv6/ip6_icmp.o
  CC      drivers/clk/imx/clk-fixup-div.o
  CC      drivers/gpu/host1x/hw/host1x07.o
  AR      drivers/misc/built-in.a
  CC      lib/iov_iter.o
  CC      drivers/tty/tty_port.o
  CC      drivers/tty/tty_mutex.o
  CC      drivers/tty/serial/sh-sci.o
  CC      net/sunrpc/xdr.o
  CC      drivers/tty/serial/imx.o
  AR      drivers/clk/ingenic/built-in.a
  CC      drivers/tty/serial/imx_earlycon.o
  CC      net/ipv4/metrics.o
  CC      drivers/mfd/bcm2835-pm.o
  CC      drivers/clk/imx/clk-fixup-mux.o
  CC      drivers/regulator/max77802-regulator.o
  CC      drivers/tty/tty_ldsem.o
  CC      drivers/dma/tegra20-apb-dma.o
  CC      fs/ntfs/mft.o
  CC      net/ipv6/output_core.o
  AR      drivers/iommu/built-in.a
  CC      drivers/gpu/drm/display/drm_hdmi_helper.o
  CC      fs/nfs/sysctl.o
  CC      drivers/regulator/qcom_rpm-regulator.o
  AR      drivers/base/regmap/built-in.a
  CC      drivers/base/core.o
  CC      drivers/clk/imx/clk-frac-pll.o
  CC      fs/ubifs/sb.o
  CC      fs/nfs/nfs2super.o
  CC      drivers/mfd/bcm590xx.o
  CC      drivers/regulator/qcom_smd-regulator.o
  CC      net/ipv4/netlink.o
  CC      fs/nfs/proc.o
  CC      drivers/tty/serial/meson_uart.o
  CC      drivers/gpu/host1x/hw/host1x08.o
  CC      fs/nfs/nfs2xdr.o
  CC      drivers/clk/imx/clk-gate2.o
  CC      drivers/base/bus.o
  CC      fs/ntfs/mst.o
  CC      net/ipv6/protocol.o
  CC      drivers/dma/uniphier-mdmac.o
  CC      drivers/tty/serial/atmel_serial.o
  CC      drivers/mfd/stmpe.o
  CC      drivers/gpu/drm/display/drm_scdc_helper.o
  CC      drivers/tty/tty_baudrate.o
  CC      drivers/tty/tty_jobctrl.o
  CC      drivers/clk/imx/clk-gate-93.o
  CC      fs/autofs/init.o
  CC      drivers/regulator/qcom_spmi-regulator.o
  CC      drivers/gpu/host1x/context.o
  CC      drivers/tty/n_null.o
  CC      lib/clz_ctz.o
  CC      net/ipv4/nexthop.o
  AR      drivers/gpu/drm/tilcdc/built-in.a
  CC      lib/bsearch.o
  AR      drivers/nfc/built-in.a
  CC      net/sunrpc/sunrpc_syms.o
  CC      fs/ntfs/namei.o
  CC      drivers/clk/imx/clk-gate-exclusive.o
  CC      drivers/tty/pty.o
  CC      drivers/clk/imx/clk-pfd.o
  CC      fs/nfs/nfs3super.o
  CC      fs/autofs/inode.o
  CC      drivers/tty/serial/msm_serial.o
  AR      drivers/dma/built-in.a
  CC      fs/ubifs/io.o
  CC      drivers/base/dd.o
  CC      net/ipv6/ip6_offload.o
  CC      drivers/regulator/palmas-regulator.o
  CC      drivers/gpu/host1x/context_bus.o
  CC      drivers/tty/sysrq.o
  CC      net/sysctl_net.o
  CC      drivers/gpu/drm/tegra/drm.o
  CC      drivers/clk/imx/clk-pfdv2.o
  CC      drivers/mfd/stmpe-i2c.o
  CC      lib/find_bit.o
  CC      fs/ntfs/runlist.o
  AR      drivers/gpu/drm/display/built-in.a
  CC      lib/llist.o
  AR      drivers/gpu/host1x/built-in.a
  CC      drivers/mfd/sun6i-prcm.o
  CC      fs/autofs/root.o
  CC      drivers/gpu/drm/tegra/uapi.o
  CC      drivers/mfd/tps65217.o
  AR      fs/hostfs/built-in.a
  CC      drivers/mfd/tps65218.o
  CC      net/sunrpc/cache.o
  CC      lib/memweight.o
  CC      drivers/clk/imx/clk-pllv1.o
  CC      drivers/tty/serial/st-asc.o
  CC      lib/kfifo.o
  CC      fs/ubifs/tnc.o
  CC      drivers/gpu/drm/tegra/submit.o
  CC      fs/nfs/nfs3client.o
  CC      drivers/base/syscore.o
  CC      net/ipv6/tcpv6_offload.o
  CC      fs/autofs/symlink.o
  CC      net/ipv4/udp_tunnel_stub.o
  CC      drivers/base/driver.o
  CC      drivers/clk/imx/clk-pllv2.o
  CC      drivers/regulator/pwm-regulator.o
  CC      drivers/clk/keystone/pll.o
  CC      drivers/clk/keystone/gate.o
  CC      drivers/clk/keystone/syscon-clk.o
  CC      fs/autofs/waitq.o
  CC      drivers/tty/serial/vt8500_serial.o
  CC      net/sunrpc/rpc_pipe.o
  CC      lib/percpu-refcount.o
  CC      fs/ntfs/super.o
  CC      fs/ntfs/sysctl.o
  CC      fs/nfs/nfs3proc.o
  CC      fs/ntfs/unistr.o
  CC      fs/ntfs/upcase.o
  CC      net/ipv4/ip_tunnel.o
  CC      drivers/base/class.o
  CC      drivers/clk/imx/clk-pllv3.o
  AR      drivers/gpu/drm/imx/built-in.a
  CC      net/ipv4/sysctl_net_ipv4.o
  CC      drivers/clk/imx/clk-pllv4.o
  CC      net/ipv6/exthdrs_offload.o
  AR      drivers/clk/keystone/built-in.a
  CC      drivers/gpu/drm/tegra/firewall.o
  CC      drivers/mfd/tps65910.o
  CC      drivers/clk/imx/clk-pll14xx.o
  CC      drivers/clk/imx/clk-sscg-pll.o
  AR      drivers/dax/hmem/built-in.a
  AR      drivers/dax/built-in.a
  CC      fs/autofs/expire.o
  CC      net/ipv6/inet6_hashtables.o
  CC      drivers/regulator/tps51632-regulator.o
  CC      drivers/tty/serial/xilinx_uartps.o
  CC      net/sunrpc/sysfs.o
  CC      lib/rhashtable.o
  CC      fs/ubifs/master.o
  CC      drivers/mfd/twl-core.o
  CC      drivers/mfd/twl4030-irq.o
  CC      drivers/clk/imx/clk-gpr-mux.o
  CC      fs/nfs/nfs3xdr.o
  CC      drivers/gpu/drm/tegra/gem.o
  CC      fs/autofs/dev-ioctl.o
  CC      drivers/regulator/pbias-regulator.o
  CC      drivers/regulator/rk808-regulator.o
  CC      drivers/base/platform.o
  CC      fs/debugfs/inode.o
  AR      drivers/gpu/drm/i2c/built-in.a
  CC      lib/base64.o
  CC      drivers/clk/mediatek/clk-mtk.o
  AR      fs/ntfs/built-in.a
  CC      drivers/clk/mediatek/clk-pll.o
  CC      net/ipv6/mcast_snoop.o
  CC      fs/debugfs/file.o
  CC      drivers/gpu/drm/panel/panel-simple.o
  CC      drivers/clk/imx/clk-imx5.o
  CC      drivers/mfd/twl6030-irq.o
  CC      drivers/clk/mediatek/clk-gate.o
  CC      drivers/regulator/rn5t618-regulator.o
  CC      fs/ubifs/scan.o
  CC      lib/once.o
  AR      fs/autofs/built-in.a
  CC      net/ipv4/proc.o
  CC      drivers/dma-buf/dma-buf.o
  CC      drivers/tty/serial/serial-tegra.o
  CC      net/sunrpc/svc_xprt.o
  CC      drivers/gpu/drm/tegra/fb.o
  AR      drivers/gpu/drm/bridge/analogix/built-in.a
  AR      drivers/gpu/drm/bridge/cadence/built-in.a
  CC      drivers/clk/imx/clk-imx6q.o
  AR      drivers/gpu/drm/bridge/imx/built-in.a
  AR      drivers/gpu/drm/bridge/synopsys/built-in.a
  AR      drivers/gpu/drm/bridge/built-in.a
  CC      lib/refcount.o
  CC      drivers/gpu/drm/panel/panel-edp.o
  CC      drivers/base/cpu.o
  CC      drivers/regulator/s2mps11.o
  CC      drivers/mfd/twl4030-power.o
  CC      fs/nfs/nfs3acl.o
  CC      fs/ubifs/replay.o
  AR      net/ipv6/built-in.a
  CC      drivers/clk/meson/meson-clkc-utils.o
  CC      fs/ubifs/log.o
  AR      fs/debugfs/built-in.a
  CC      drivers/regulator/s5m8767.o
  CC      lib/rcuref.o
  CC      drivers/clk/mediatek/clk-apmixed.o
  CC      fs/tracefs/inode.o
  CC      drivers/clk/meson/clk-mpll.o
  CC      drivers/dma-buf/dma-fence.o
  CC      drivers/gpu/drm/tegra/dp.o
  CC      net/sunrpc/xprtmultipath.o
  AR      drivers/cxl/core/built-in.a
  AR      drivers/cxl/built-in.a
  CC      drivers/mfd/mfd-core.o
  CC      lib/usercopy.o
  CC      lib/errseq.o
  CC      drivers/base/firmware.o
  AR      drivers/clk/microchip/built-in.a
  CC      fs/ubifs/commit.o
  CC      drivers/tty/serial/fsl_lpuart.o
  CC      drivers/clk/mediatek/clk-cpumux.o
  CC      net/ipv4/tunnel4.o
  AR      drivers/gpu/drm/hisilicon/built-in.a
  CC      fs/tracefs/event_inode.o
  CC      fs/nfs/nfs4proc.o
  CC      lib/bucket_locks.o
  CC      drivers/clk/meson/clk-pll.o
  CC      drivers/clk/imx/clk-imx6sl.o
  CC      fs/pstore/inode.o
  CC      drivers/gpu/drm/tegra/hub.o
  CC      drivers/base/init.o
  CC      fs/ubifs/gc.o
  CC      drivers/clk/mediatek/reset.o
  CC      drivers/regulator/stm32-pwr.o
  CC      drivers/base/map.o
  CC      drivers/mfd/motorola-cpcap.o
  CC      lib/generic-radix-tree.o
  CC      fs/ubifs/orphan.o
  CC      drivers/regulator/stpmic1_regulator.o
  CC      drivers/regulator/ti-abb-regulator.o
  CC      drivers/clk/meson/clk-regmap.o
  CC      drivers/clk/mediatek/clk-mux.o
  CC      drivers/dma-buf/dma-fence-array.o
  CC      drivers/dma-buf/dma-fence-chain.o
  CC      drivers/clk/imx/clk-imx6sll.o
  CC      drivers/tty/serial/digicolor-usart.o
  CC      fs/pstore/platform.o
  AR      drivers/gpu/drm/panel/built-in.a
  CC      lib/string_helpers.o
  CC      drivers/mfd/ac100.o
  CC      fs/ubifs/budget.o
  AR      fs/tracefs/built-in.a
  CC      drivers/clk/mmp/clk-apbc.o
  CC      drivers/gpu/drm/tegra/plane.o
  CC      net/ipv4/ipconfig.o
  CC      net/sunrpc/backchannel_rqst.o
  CC      drivers/clk/meson/meson8b.o
  CC      drivers/clk/mediatek/clk-fhctl.o
  CC      drivers/clk/mediatek/clk-pllfh.o
  CC      drivers/base/devres.o
  CC      lib/hexdump.o
  CC      drivers/dma-buf/dma-fence-unwrap.o
  AR      drivers/clk/mstar/built-in.a
  CC      drivers/regulator/tps62360-regulator.o
  CC      drivers/dma-buf/dma-resv.o
  CC      drivers/mfd/axp20x.o
  CC      drivers/dma-buf/sync_file.o
  CC      drivers/clk/mmp/clk-apmu.o
  CC      drivers/clk/imx/clk-imx6sx.o
  CC      drivers/tty/serial/stm32-usart.o
  CC      net/sunrpc/stats.o
  CC      fs/pstore/pmsg.o
  AR      drivers/macintosh/built-in.a
  CC      fs/ubifs/find.o
  CC      drivers/clk/meson/meson8-ddr.o
  AR      drivers/gpu/drm/mxsfb/built-in.a
  CC      lib/kstrtox.o
  CC      drivers/clk/mvebu/common.o
  CC      net/ipv4/inet_diag.o
  CC      drivers/clk/mmp/clk-frac.o
  CC      drivers/mfd/axp20x-i2c.o
  CC      drivers/regulator/tps65090-regulator.o
  CC      fs/open.o
  CC      drivers/clk/mediatek/clk-mt6795-apmixedsys.o
  CC      fs/nfs/nfs4xdr.o
  AR      drivers/clk/meson/built-in.a
  CC      drivers/base/attribute_container.o
  CC      drivers/clk/qcom/common.o
  CC      fs/pstore/ram.o
  CC      lib/pci_iomap.o
  CC      drivers/clk/mvebu/clk-cpu.o
  CC      drivers/clk/mmp/clk-mix.o
  CC      drivers/gpu/drm/tegra/dc.o
  CC      drivers/clk/imx/clk-imx6ul.o
  CC      drivers/base/transport_class.o
  AR      drivers/dma-buf/built-in.a
  AR      drivers/scsi/arm/built-in.a
  AR      drivers/gpu/drm/tiny/built-in.a
  CC      drivers/scsi/scsi.o
  CC      fs/ubifs/tnc_commit.o
  CC      drivers/gpu/drm/tegra/output.o
  CC      drivers/clk/mediatek/clk-mt6795-infracfg.o
  CC      drivers/regulator/tps65217-regulator.o
  CC      drivers/mfd/axp20x-rsb.o
  CC      net/sunrpc/sysctl.o
  CC      drivers/clk/qcom/clk-regmap.o
  CC      drivers/clk/mvebu/clk-corediv.o
  CC      drivers/tty/serial/owl-uart.o
  CC      fs/read_write.o
  CC      lib/iomap_copy.o
  AR      drivers/clk/ralink/built-in.a
  CC      fs/pstore/ram_core.o
  CC      lib/devres.o
  CC      drivers/clk/mmp/clk-gate.o
  CC      drivers/clk/mediatek/clk-mt6795-pericfg.o
  CC      drivers/base/topology.o
  CC      drivers/clk/qcom/clk-alpha-pll.o
  CC      drivers/clk/renesas/clk-emev2.o
  CC      drivers/regulator/tps65218-regulator.o
  CC      drivers/clk/imx/clk-imx7d.o
  CC      drivers/mfd/max14577.o
  CC      drivers/clk/mvebu/armada-370.o
  CC      fs/ubifs/compress.o
  CC      drivers/clk/mmp/clk.o
  CC      net/ipv4/tcp_diag.o
  AR      net/sunrpc/built-in.a
  AR      fs/pstore/built-in.a
  CC      drivers/scsi/hosts.o
  AR      drivers/nvme/host/built-in.a
  CC      drivers/clk/renesas/clk-rz.o
  CC      lib/hweight.o
  AR      drivers/nvme/target/built-in.a
  CC      lib/assoc_array.o
  AR      drivers/nvme/built-in.a
  CC      drivers/tty/serial/milbeaut_usio.o
  CC      drivers/tty/serial/sunplus-uart.o
  CC      drivers/clk/mediatek/clk-mt6795-topckgen.o
  CC      net/ipv4/tcp_cubic.o
  CC      drivers/clk/rockchip/clk.o
  CC      drivers/clk/mvebu/armada-375.o
  CC      drivers/regulator/tps6586x-regulator.o
  CC      drivers/clk/mmp/reset.o
  CC      drivers/clk/renesas/r7s9210-cpg-mssr.o
  CC      fs/ubifs/lpt.o
  CC      drivers/mfd/max77686.o
  CC      drivers/base/container.o
  CC      drivers/gpu/drm/tegra/rgb.o
  CC      drivers/clk/mediatek/clk-mt6795-mfg.o
  CC      drivers/clk/rockchip/clk-pll.o
  CC      drivers/clk/qcom/clk-pll.o
  CC      drivers/clk/renesas/clk-r8a73a4.o
  CC      drivers/base/property.o
  CC      drivers/clk/mmp/clk-of-mmp2.o
  CC      drivers/clk/imx/clk-imx7ulp.o
  CC      drivers/clk/mvebu/armada-38x.o
  CC      lib/bitrev.o
  CC      drivers/regulator/tps65910-regulator.o
  CC      drivers/scsi/scsi_ioctl.o
  CC      drivers/gpu/drm/tegra/hda.o
  CC      fs/nfs/nfs4state.o
  CC      lib/linear_ranges.o
  CC      drivers/base/cacheinfo.o
  CC      drivers/clk/mediatek/clk-mt6795-mm.o
  CC      drivers/mfd/max8907.o
  CC      fs/ubifs/lprops.o
  CC      drivers/clk/mvebu/armada-39x.o
  CC      drivers/clk/qcom/clk-rcg.o
  CC      drivers/clk/renesas/clk-r8a7740.o
  CC      drivers/clk/mmp/clk-pll.o
  CC      drivers/clk/samsung/clk.o
  CC      drivers/gpu/drm/tegra/hdmi.o
  CC      drivers/gpu/drm/tegra/mipi-phy.o
  CC      net/ipv4/xfrm4_policy.o
  CC      lib/crc16.o
  CC      drivers/tty/serial/serial_mctrl_gpio.o
  CC      fs/ubifs/recovery.o
  CC      drivers/clk/rockchip/clk-cpu.o
  CC      drivers/clk/mvebu/armada-xp.o
  CC      drivers/clk/renesas/r8a7742-cpg-mssr.o
  CC      drivers/scsi/scsicam.o
  CC      drivers/regulator/twl-regulator.o
  CC      drivers/clk/imx/clk-vf610.o
  CC      drivers/clk/mediatek/clk-mt6795-vdecsys.o
  CC      drivers/clk/samsung/clk-pll.o
  HOSTCC  lib/gen_crc32table
  CC      net/ipv4/xfrm4_state.o
  CC      drivers/clk/mmp/pwr-island.o
  CC      drivers/mfd/max8997.o
  CC      drivers/clk/rockchip/clk-half-divider.o
  CC      drivers/clk/qcom/clk-rcg2.o
  CC      drivers/clk/renesas/r8a7743-cpg-mssr.o
  CC      drivers/clk/mvebu/mv98dx3236.o
  CC      lib/xxhash.o
  CC      drivers/clk/qcom/clk-branch.o
  CC      drivers/clk/mediatek/clk-mt6795-vencsys.o
  CC      drivers/clk/mmp/clk-of-pxa1928.o
  CC      drivers/scsi/scsi_error.o
  CC      drivers/ata/libata-core.o
  CC      drivers/mfd/max8997-irq.o
  CC      drivers/clk/mvebu/dove.o
  CC      drivers/base/swnode.o
  CC      fs/nfs/nfs4renewd.o
  CC      drivers/clk/mediatek/clk-mt2701.o
  CC      drivers/clk/renesas/r8a7745-cpg-mssr.o
  CC      drivers/clk/rockchip/clk-inverter.o
  CC      drivers/clk/samsung/clk-cpu.o
  CC      drivers/regulator/twl6030-regulator.o
  AR      drivers/tty/serial/built-in.a
  CC      fs/ubifs/ioctl.o
  AR      drivers/tty/built-in.a
  CC      drivers/regulator/uniphier-regulator.o
  AR      drivers/clk/mmp/built-in.a
  CC      lib/genalloc.o
  CC      fs/file_table.o
  CC      net/ipv4/xfrm4_input.o
  CC      drivers/clk/mvebu/dove-divider.o
  AR      drivers/clk/imx/built-in.a
  CC      drivers/base/devtmpfs.o
  CC      drivers/clk/rockchip/clk-mmc-phase.o
  CC      drivers/clk/renesas/r8a77470-cpg-mssr.o
  CC      drivers/clk/mediatek/clk-mt7622-apmixedsys.o
  CC      drivers/gpu/drm/tegra/dsi.o
  CC      drivers/clk/qcom/clk-regmap-divider.o
  CC      drivers/clk/rockchip/clk-muxgrf.o
  CC      drivers/ata/libata-scsi.o
  AR      drivers/clk/mvebu/built-in.a
  CC      drivers/clk/rockchip/clk-ddr.o
  CC      drivers/mfd/max8998.o
  AR      drivers/gpu/drm/xlnx/built-in.a
  CC      drivers/clk/rockchip/softrst.o
  CC      drivers/clk/renesas/clk-r8a7778.o
  CC      drivers/clk/mediatek/clk-mt7622.o
  CC      drivers/clk/mediatek/clk-mt7622-infracfg.o
  CC      fs/ubifs/lpt_commit.o
  CC      lib/bch.o
  CC      drivers/regulator/vexpress-regulator.o
  CC      drivers/scsi/scsi_lib.o
  CC      drivers/clk/samsung/clk-exynos3250.o
  CC      net/ipv4/xfrm4_output.o
  CC      drivers/clk/samsung/clk-exynos4.o
  CC      drivers/ata/libata-eh.o
  CC      drivers/gpu/drm/tegra/sor.o
  CC      drivers/clk/mediatek/clk-mt7629.o
  CC      drivers/clk/rockchip/clk-rv1108.o
  CC      drivers/clk/socfpga/clk.o
  CC      drivers/clk/qcom/clk-regmap-mux.o
  CC      drivers/gpu/drm/tegra/dpaux.o
  CC      drivers/clk/renesas/clk-r8a7779.o
  CC      drivers/mfd/max8998-irq.o
  AR      drivers/regulator/built-in.a
  CC      fs/nfs/nfs4super.o
  CC      fs/nfs/nfs4file.o
  CC      drivers/clk/mediatek/clk-mt7981-apmixed.o
  CC      drivers/clk/samsung/clk-exynos4412-isp.o
  CC      drivers/clk/socfpga/clk-gate.o
  CC      drivers/base/module.o
  CC      drivers/clk/rockchip/clk-rv1126.o
  CC      drivers/clk/qcom/clk-regmap-mux-div.o
  CC      drivers/clk/rockchip/clk-rk3036.o
  CC      drivers/clk/renesas/r8a7790-cpg-mssr.o
  CC      drivers/mfd/abx500-core.o
  CC      drivers/clk/qcom/clk-regmap-phy-mux.o
  CC      net/ipv4/xfrm4_protocol.o
  CC      lib/syscall.o
  CC      drivers/clk/socfpga/clk-pll.o
  CC      drivers/clk/mediatek/clk-mt7981-topckgen.o
  CC      drivers/base/soc.o
  CC      lib/errname.o
  CC      drivers/clk/samsung/clk-exynos5250.o
  CC      drivers/ata/libata-transport.o
  CC      drivers/clk/renesas/r8a7791-cpg-mssr.o
  CC      drivers/clk/rockchip/clk-rk3128.o
  CC      fs/super.o
  CC      fs/ubifs/tnc_misc.o
  CC      drivers/scsi/scsi_lib_dma.o
  CC      drivers/clk/qcom/clk-hfpll.o
  CC      lib/nlattr.o
  CC      drivers/clk/socfpga/clk-periph.o
  CC      drivers/clk/samsung/clk-exynos5-subcmu.o
  CC      drivers/mfd/db8500-prcmu.o
  CC      drivers/clk/renesas/r8a7792-cpg-mssr.o
  CC      drivers/mtd/parsers/cmdlinepart.o
  CC      drivers/clk/mediatek/clk-mt7981-infracfg.o
  CC      drivers/clk/qcom/reset.o
  CC      drivers/base/pinctrl.o
  CC      fs/nfs/delegation.o
  AR      drivers/gpu/drm/gud/built-in.a
  CC      drivers/clk/rockchip/clk-rk3188.o
  CC      drivers/clk/renesas/r8a7794-cpg-mssr.o
  CC      drivers/clk/socfpga/clk-pll-a10.o
  CC      fs/ubifs/debug.o
  CC      drivers/clk/rockchip/clk-rk3228.o
  CC      drivers/clk/samsung/clk-exynos5260.o
  CC      drivers/mtd/parsers/ofpart_core.o
  CC      drivers/clk/qcom/gdsc.o
  CC      drivers/scsi/scsi_scan.o
  CC      drivers/base/devcoredump.o
  CC      drivers/base/platform-msi.o
  CC      drivers/clk/spear/clk.o
  AR      net/ipv4/built-in.a
  CC      lib/dynamic_queue_limits.o
  AR      net/built-in.a
  CC      drivers/spi/spi.o
  CC      fs/nfs/nfs4idmap.o
  CC      drivers/clk/socfpga/clk-periph-a10.o
  CC      drivers/clk/renesas/r9a06g032-clocks.o
  CC      drivers/clk/mediatek/clk-mt7981-eth.o
  CC      lib/glob.o
  CC      fs/ubifs/misc.o
  CC      drivers/clk/rockchip/clk-rk3288.o
  CC      drivers/mfd/ab8500-core.o
  CC      drivers/mtd/parsers/ofpart_bcm4908.o
  CC      drivers/clk/socfpga/clk-gate-a10.o
  CC      drivers/clk/samsung/clk-exynos5410.o
  CC      drivers/gpu/drm/tegra/gr2d.o
  CC      drivers/clk/spear/clk-aux-synth.o
  CC      lib/strncpy_from_user.o
  AR      drivers/clk/sprd/built-in.a
  CC      drivers/base/trace.o
  AR      drivers/gpu/drm/solomon/built-in.a
  CC      drivers/spmi/spmi.o
  CC      drivers/clk/qcom/gcc-apq8084.o
  CC      drivers/mtd/parsers/ofpart_linksys_ns.o
  AR      drivers/clk/socfpga/built-in.a
  CC      drivers/clk/samsung/clk-exynos5420.o
  AR      drivers/clk/rockchip/built-in.a
  CC      drivers/clk/spear/clk-frac-synth.o
  CC      drivers/clk/renesas/clk-sh73a0.o
  CC      drivers/ata/libata-trace.o
  CC      drivers/clk/mediatek/clk-mt7986-apmixed.o
  CC      fs/nfs/callback.o
  CC      drivers/gpu/drm/tegra/gr3d.o
  CC      fs/char_dev.o
  CC      drivers/ata/libata-sata.o
  GEN     drivers/scsi/scsi_devinfo_tbl.c
  CC      drivers/scsi/scsi_devinfo.o
  CC      lib/strnlen_user.o
  CC      drivers/clk/spear/clk-gpt-synth.o
  CC      drivers/clk/renesas/rcar-gen2-cpg.o
  CC      drivers/clk/mediatek/clk-mt7986-topckgen.o
  CC      drivers/clk/samsung/clk-exynos-audss.o
  AR      drivers/base/built-in.a
  AR      drivers/mtd/parsers/built-in.a
  CC      drivers/mtd/chips/chipreg.o
  CC      drivers/clk/qcom/mmcc-apq8084.o
  CC      drivers/net/phy/mdio-boardinfo.o
  AR      drivers/net/pse-pd/built-in.a
  CC      fs/stat.o
  CC      fs/exec.o
  CC      fs/ubifs/sysfs.o
  CC      fs/pipe.o
  CC      drivers/clk/mediatek/clk-mt7986-infracfg.o
  CC      drivers/spi/spi-mem.o
  CC      drivers/spmi/spmi-pmic-arb.o
  CC      drivers/clk/renesas/renesas-cpg-mssr.o
  CC      drivers/clk/samsung/clk-exynos-clkout.o
  CC      drivers/clk/spear/clk-vco-pll.o
  CC      fs/namei.o
  CC      drivers/mtd/chips/cfi_probe.o
  CC      drivers/mtd/chips/cfi_util.o
  CC      lib/net_utils.o
  CC      drivers/clk/qcom/gcc-msm8660.o
  CC      drivers/scsi/scsi_sysctl.o
  CC      drivers/gpu/drm/tegra/falcon.o
  CC      fs/ubifs/xattr.o
  CC      drivers/clk/spear/spear1310_clock.o
  CC      drivers/clk/mediatek/clk-mt7986-eth.o
  CC      drivers/spi/spidev.o
  CC      drivers/mfd/ab8500-sysctrl.o
  CC      drivers/clk/st/clkgen-mux.o
  CC      drivers/clk/qcom/gcc-msm8916.o
  CC      drivers/ata/libata-sff.o
  CC      drivers/clk/renesas/clk-mstp.o
  AR      drivers/clk/samsung/built-in.a
  CC      drivers/net/phy/stubs.o
  CC      drivers/clk/qcom/gcc-msm8960.o
  CC      drivers/mtd/chips/cfi_cmdset_0001.o
  CC      lib/sg_split.o
  AR      drivers/spmi/built-in.a
  AR      drivers/firewire/built-in.a
  AR      drivers/mtd/lpddr/built-in.a
  CC      drivers/cdrom/cdrom.o
  CC      fs/nfs/callback_xdr.o
  AR      drivers/auxdisplay/built-in.a
  CC      drivers/ata/libata-pmp.o
  CC      drivers/usb/common/common.o
  AR      fs/ubifs/built-in.a
  CC      drivers/scsi/scsi_proc.o
  CC      drivers/ata/ahci.o
  CC      drivers/clk/mediatek/clk-mt8135-apmixedsys.o
  CC      drivers/gpu/drm/tegra/vic.o
  CC      drivers/usb/core/usb.o
  CC      drivers/clk/st/clkgen-pll.o
  CC      drivers/clk/spear/spear1340_clock.o
  CC      drivers/clk/qcom/gcc-msm8974.o
  CC      drivers/usb/phy/phy.o
  CC      drivers/clk/renesas/clk-div6.o
  CC      drivers/usb/phy/of.o
  CC      drivers/mfd/tps6586x.o
  CC      drivers/net/phy/mdio_devres.o
  CC      lib/sg_pool.o
  CC      drivers/clk/mediatek/clk-mt8135.o
  CC      drivers/spi/spi-bcm2835.o
  CC      drivers/clk/qcom/mmcc-msm8960.o
  CC      drivers/usb/common/debug.o
  AR      drivers/clk/renesas/built-in.a
  CC      drivers/scsi/scsi_debugfs.o
  CC      lib/stmp_device.o
  CC      drivers/clk/mediatek/clk-mt8516-apmixedsys.o
  CC      drivers/gpu/drm/tegra/nvdec.o
  CC      drivers/net/mdio/fwnode_mdio.o
  CC      drivers/usb/common/usb-conn-gpio.o
  AR      drivers/clk/spear/built-in.a
  CC      drivers/clk/st/clkgen-fsyn.o
  CC      drivers/usb/phy/phy-ab8500-usb.o
  CC      drivers/usb/common/ulpi.o
  CC      drivers/usb/phy/phy-generic.o
  CC      drivers/usb/core/hub.o
  CC      drivers/clk/qcom/mmcc-msm8974.o
  CC      drivers/gpu/drm/tegra/riscv.o
  CC      drivers/mtd/chips/gen_probe.o
  CC      lib/stackdepot.o
  CC      drivers/mfd/omap-usb-host.o
  CC      drivers/net/phy/phylink.o
  CC      drivers/scsi/scsi_trace.o
  CC      drivers/clk/mediatek/clk-mt8516.o
  CC      fs/nfs/callback_proc.o
  CC      drivers/ata/libahci.o
  CC      drivers/usb/dwc3/core.o
  CC      drivers/spi/spi-bcm2835aux.o
  CC      drivers/net/mdio/of_mdio.o
  CC      drivers/clk/qcom/a53-pll.o
  CC      drivers/ata/ahci_platform.o
  AR      drivers/usb/common/built-in.a
  AR      drivers/mtd/chips/built-in.a
  CC      drivers/input/serio/serio.o
  CC      drivers/clk/qcom/apcs-msm8916.o
  CC      drivers/mtd/maps/physmap-core.o
  CC      drivers/gpu/drm/tegra/trace.o
  CC      drivers/net/pcs/pcs-xpcs.o
  AR      drivers/clk/mediatek/built-in.a
  CC      drivers/mtd/devices/spear_smi.o
  CC      drivers/clk/st/clk-flexgen.o
  CC      drivers/usb/phy/phy-tegra-usb.o
  CC      lib/asn1_decoder.o
  CC      drivers/mfd/omap-usb-tll.o
  CC      drivers/scsi/scsi_logging.o
  CC      fs/fcntl.o
  CC      fs/ioctl.o
  CC      drivers/clk/qcom/clk-rpm.o
  AR      drivers/mtd/maps/built-in.a
  CC      fs/readdir.o
  AR      drivers/cdrom/built-in.a
  CC      drivers/usb/core/hcd.o
  AR      drivers/clk/st/built-in.a
  CC      drivers/spi/spi-iproc-qspi.o
  CC      drivers/spi/spi-brcmstb-qspi.o
  CC      drivers/usb/dwc2/core.o
  CC      drivers/net/mdio/mdio-bcm-iproc.o
  CC      drivers/mfd/qcom-pm8xxx.o
  GEN     lib/oid_registry_data.c
  CC      drivers/input/serio/serport.o
  CC      lib/ucs2_string.o
  CC      drivers/gpu/drm/tegra/fbdev.o
  CC      drivers/clk/qcom/clk-smd-rpm.o
  CC      fs/nfs/nfs4namespace.o
  AR      drivers/mtd/devices/built-in.a
  AR      drivers/mtd/nand/onenand/built-in.a
  AR      drivers/mtd/tests/built-in.a
  CC      drivers/usb/dwc2/core_intr.o
  CC      drivers/spi/spi-bcm-qspi.o
  CC      drivers/mtd/nand/raw/atmel/nand-controller.o
  CC      drivers/scsi/scsi_pm.o
  AR      drivers/mtd/nand/spi/built-in.a
  CC      drivers/usb/phy/phy-isp1301.o
  CC      drivers/mtd/nand/raw/atmel/pmecc.o
  CC      drivers/usb/dwc3/trace.o
  CC      drivers/net/pcs/pcs-xpcs-nxp.o
  CC      lib/sbitmap.o
  CC      drivers/mtd/nand/core.o
  CC      drivers/usb/core/urb.o
  CC      drivers/mfd/ssbi.o
  CC      drivers/net/mdio/mdio-bcm-unimac.o
  CC      drivers/ata/libahci_platform.o
  CC      drivers/input/serio/ambakmi.o
  AR      drivers/clk/qcom/built-in.a
  CC      drivers/clk/stm32/clk-stm32mp13.o
  AR      drivers/gpu/drm/tegra/built-in.a
  CC      drivers/mfd/qcom_rpm.o
  CC      drivers/scsi/scsi_bsg.o
  CC      drivers/net/phy/phy.o
  CC      drivers/usb/dwc2/platform.o
  CC      drivers/usb/phy/phy-mxs-usb.o
  CC      drivers/net/pcs/pcs-xpcs-wx.o
  CC      drivers/usb/dwc2/drd.o
  CC      drivers/gpu/drm/drm_aperture.o
  CC      drivers/input/serio/libps2.o
  CC      fs/nfs/nfs4getroot.o
  CC      lib/group_cpus.o
  CC      drivers/clk/stm32/clk-stm32-core.o
  CC      fs/select.o
  CC      drivers/spi/spi-bitbang.o
  CC      drivers/scsi/scsi_common.o
  CC      drivers/net/mdio/mdio-bitbang.o
  AR      drivers/mtd/spi-nor/controllers/built-in.a
  CC      drivers/mtd/spi-nor/core.o
  CC      drivers/mfd/qcom-spmi-pmic.o
  AR      drivers/mtd/nand/raw/ingenic/built-in.a
  CC      drivers/mtd/spi-nor/sfdp.o
  CC      drivers/usb/core/message.o
  CC      drivers/gpu/drm/drm_atomic.o
  CC      lib/devmem_is_allowed.o
  CC      drivers/usb/dwc3/host.o
  CC      drivers/net/can/dev/skb.o
  AR      drivers/mtd/nand/raw/atmel/built-in.a
  CC      drivers/ata/sata_highbank.o
  CC      drivers/mtd/nand/raw/gpmi-nand/gpmi-nand.o
  CC      drivers/scsi/sd.o
  CC      drivers/mfd/tps65090.o
  CC      drivers/net/pcs/pcs-lynx.o
  AR      drivers/input/serio/built-in.a
  CC      drivers/usb/phy/phy-ulpi.o
  CC      drivers/clk/stm32/reset-stm32.o
  CC      drivers/mtd/nand/raw/brcmnand/iproc_nand.o
  AR      drivers/clk/starfive/built-in.a
  CC      drivers/usb/dwc2/params.o
  CC      drivers/mtd/nand/raw/nand_base.o
  CC      drivers/spi/spi-cadence.o
  CC      fs/nfs/nfs4client.o
  AR      lib/lib.a
  CC      drivers/net/mdio/mdio-regmap.o
  GEN     lib/crc32table.h
  AR      drivers/clk/stm32/built-in.a
  CC      lib/oid_registry.o
  CC      drivers/clk/sunxi/clk-factors.o
  CC      drivers/usb/dwc3/gadget.o
  CC      drivers/mtd/nand/raw/brcmnand/bcm63138_nand.o
  CC      drivers/net/phy/phy-c45.o
  CC      drivers/clk/sunxi-ng/ccu_common.o
  CC      drivers/mfd/at91-usart.o
  CC      drivers/usb/phy/phy-ulpi-viewport.o
  CC      drivers/net/can/dev/calc_bittiming.o
  AR      drivers/net/pcs/built-in.a
  CC      drivers/mtd/nand/raw/nand_legacy.o
  CC      drivers/spi/spi-davinci.o
  CC      lib/crc32.o
  CC      drivers/mtd/nand/raw/brcmnand/brcmstb_nand.o
  CC      fs/dcache.o
  CC      drivers/clk/sunxi/clk-sunxi.o
  CC      drivers/ata/ahci_brcm.o
  CC      drivers/mfd/atmel-flexcom.o
  CC      drivers/net/mdio/mdio-sun4i.o
  CC      drivers/usb/dwc2/hcd.o
  CC      drivers/clk/sunxi-ng/ccu_mmc_timing.o
  CC      drivers/mtd/spi-nor/swp.o
  CC      drivers/gpu/drm/drm_atomic_uapi.o
  AR      drivers/mtd/nand/raw/gpmi-nand/built-in.a
  CC      drivers/clk/sunxi/clk-a10-codec.o
  CC      drivers/usb/core/driver.o
  AR      drivers/usb/phy/built-in.a
  CC      drivers/ata/ahci_dm816.o
  CC      drivers/mtd/nand/raw/brcmnand/brcmnand.o
  AR      lib/built-in.a
  CC      drivers/scsi/sr.o
  AR      drivers/net/can/rcar/built-in.a
  CC      drivers/usb/isp1760/isp1760-core.o
  CC      fs/nfs/nfs4session.o
  CC      drivers/mfd/atmel-smc.o
  CC      drivers/clk/sunxi-ng/ccu_reset.o
  CC      drivers/net/can/dev/bittiming.o
  CC      drivers/usb/host/pci-quirks.o
  CC      drivers/net/phy/phy-core.o
  CC      drivers/clk/sunxi/clk-a10-hosc.o
  CC      drivers/spi/spi-omap2-mcspi.o
  CC      drivers/net/mdio/mdio-mux.o
  CC      drivers/clk/sunxi-ng/ccu_div.o
  CC      drivers/mtd/spi-nor/otp.o
  CC      drivers/mtd/spi-nor/sysfs.o
  CC      drivers/mfd/palmas.o
  CC      drivers/usb/isp1760/isp1760-if.o
  CC      drivers/clk/sunxi-ng/ccu_frac.o
  CC      drivers/clk/sunxi/clk-a10-mod1.o
  CC      drivers/usb/core/config.o
  CC      drivers/ata/ahci_imx.o
  CC      drivers/gpu/drm/drm_auth.o
  CC      drivers/usb/storage/scsiglue.o
  CC      drivers/scsi/sr_ioctl.o
  CC      drivers/net/mdio/mdio-mux-bcm-iproc.o
  CC      drivers/clk/tegra/clk.o
  CC      drivers/mtd/ubi/vtbl.o
  CC      drivers/usb/host/ehci-hcd.o
  CC      drivers/clk/sunxi/clk-a10-pll2.o
  CC      drivers/mtd/spi-nor/atmel.o
  CC      drivers/net/phy/phy_device.o
  CC      drivers/clk/sunxi-ng/ccu_gate.o
  CC      drivers/net/can/dev/dev.o
  CC      fs/nfs/dns_resolve.o
  CC      drivers/usb/isp1760/isp1760-hcd.o
  CC      drivers/mfd/rk8xx-core.o
  CC      drivers/usb/dwc3/ep0.o
  CC      drivers/spi/spi-orion.o
  AR      drivers/mtd/nand/raw/brcmnand/built-in.a
  CC      drivers/clk/sunxi/clk-a10-ve.o
  CC      drivers/gpu/drm/drm_blend.o
  CC      drivers/mfd/rk8xx-i2c.o
  CC      drivers/usb/core/file.o
  CC      drivers/clk/tegra/clk-audio-sync.o
  CC      drivers/usb/storage/protocol.o
  CC      drivers/mtd/nand/raw/nand_bbt.o
  CC      drivers/clk/sunxi-ng/ccu_mux.o
  CC      drivers/scsi/sr_vendor.o
  CC      drivers/mtd/spi-nor/catalyst.o
  CC      drivers/ata/ahci_sunxi.o
  CC      drivers/mtd/ubi/vmt.o
  CC      drivers/clk/sunxi/clk-a20-gmac.o
  CC      drivers/usb/dwc2/hcd_intr.o
  AR      drivers/net/mdio/built-in.a
  CC      drivers/usb/core/buffer.o
  CC      drivers/clk/tegra/clk-device.o
  CC      drivers/clk/tegra/clk-dfll.o
  CC      drivers/clk/sunxi-ng/ccu_mult.o
  CC      fs/nfs/nfs4trace.o
  CC      drivers/usb/host/ehci-pci.o
  CC      drivers/mfd/rn5t618.o
  CC      drivers/net/can/dev/length.o
  CC      drivers/usb/storage/transport.o
  CC      drivers/gpu/drm/drm_bridge.o
  CC      drivers/clk/sunxi/clk-mod0.o
  CC      drivers/usb/dwc3/drd.o
  CC      drivers/spi/spi-pl022.o
  CC      drivers/mtd/spi-nor/eon.o
  CC      drivers/scsi/scsi_sysfs.o
  CC      drivers/ata/ahci_st.o
  CC      drivers/clk/sunxi-ng/ccu_phase.o
  CC      drivers/spi/spi-rspi.o
  CC      drivers/mtd/nand/raw/nand_timings.o
  CC      drivers/usb/isp1760/isp1760-udc.o
  CC      drivers/usb/core/sysfs.o
  CC      drivers/mtd/ubi/upd.o
  CC      drivers/mtd/ubi/build.o
  CC      drivers/clk/sunxi/clk-simple-gates.o
  CC      drivers/mfd/sec-core.o
  CC      drivers/net/can/dev/netlink.o
  CC      drivers/net/phy/linkmode.o
  CC      drivers/mtd/spi-nor/esmt.o
  CC      drivers/clk/sunxi-ng/ccu_sdm.o
  CC      drivers/mtd/nand/raw/nand_ids.o
  CC      drivers/gpu/drm/drm_cache.o
  CC      drivers/usb/dwc2/hcd_queue.o
  CC      drivers/usb/dwc3/debugfs.o
  CC      drivers/clk/tegra/clk-divider.o
  CC      drivers/clk/sunxi/clk-sun4i-display.o
  CC      drivers/usb/storage/usb.o
  CC      drivers/ata/ahci_tegra.o
  CC      drivers/clk/sunxi-ng/ccu_nk.o
  CC      drivers/mtd/nand/raw/nand_onfi.o
  CC      drivers/mtd/spi-nor/everspin.o
  CC      drivers/mtd/nand/raw/nand_jedec.o
  CC      drivers/mtd/nand/bbt.o
  CC      drivers/usb/core/endpoint.o
  CC      drivers/gpu/drm/drm_client.o
  AR      drivers/scsi/built-in.a
  CC      drivers/spi/spi-sh-hspi.o
  CC      drivers/net/phy/mdio_bus.o
  CC      drivers/clk/ti/clk.o
  CC      drivers/mtd/ubi/cdev.o
  CC      drivers/mfd/sec-irq.o
  CC      drivers/clk/tegra/clk-periph.o
  CC      drivers/clk/sunxi/clk-sun4i-pll3.o
  AR      drivers/usb/isp1760/built-in.a
  CC      drivers/clk/tegra/clk-periph-fixed.o
  CC      drivers/clk/sunxi-ng/ccu_nkm.o
  CC      drivers/clk/tegra/clk-periph-gate.o
  CC      drivers/net/can/dev/rx-offload.o
  CC      drivers/mfd/syscon.o
  CC      drivers/mtd/nand/raw/nand_amd.o
  CC      fs/inode.o
  CC      drivers/usb/host/ehci-platform.o
  CC      drivers/usb/host/ehci-omap.o
  CC      drivers/mtd/spi-nor/fujitsu.o
  CC      drivers/usb/dwc3/dwc3-omap.o
  CC      drivers/usb/core/devio.o
  CC      drivers/usb/dwc2/hcd_ddma.o
  CC      drivers/ata/ahci_qoriq.o
  CC      drivers/clk/sunxi/clk-sun4i-tcon-ch1.o
  CC      drivers/usb/storage/initializers.o
  CC      drivers/gpu/drm/drm_client_modeset.o
  CC      drivers/clk/ti/autoidle.o
  CC      drivers/spi/spi-stm32-qspi.o
  CC      drivers/usb/core/notify.o
  CC      drivers/clk/tegra/clk-pll.o
  CC      drivers/clk/sunxi-ng/ccu_nkmp.o
  CC      drivers/mtd/nand/raw/nand_esmt.o
  CC      drivers/mfd/vexpress-sysreg.o
  CC      drivers/mtd/ubi/kapi.o
  CC      drivers/mtd/spi-nor/gigadevice.o
  CC      drivers/clk/sunxi/clk-sun8i-bus-gates.o
  CC      drivers/clk/tegra/clk-pll-out.o
  CC      drivers/net/phy/mdio_device.o
  CC      drivers/clk/sunxi-ng/ccu_nm.o
  CC      drivers/usb/dwc3/dwc3-exynos.o
  CC      drivers/clk/ti/clockdomain.o
  CC      drivers/usb/storage/sierra_ms.o
  CC      drivers/mtd/nand/raw/nand_hynix.o
  CC      drivers/usb/host/ehci-orion.o
  AR      drivers/net/can/spi/mcp251xfd/built-in.a
  CC      drivers/net/can/spi/mcp251x.o
  AR      drivers/net/can/dev/built-in.a
  CC      drivers/ata/sata_mv.o
  CC      drivers/spi/spi-sun4i.o
  CC      drivers/mtd/nand/raw/nand_macronix.o
  CC      drivers/clk/sunxi/clk-sun8i-mbus.o
  CC      drivers/mfd/as3711.o
  CC      drivers/clk/ti/dpll.o
  CC      drivers/clk/sunxi-ng/ccu_mp.o
  CC      drivers/mtd/spi-nor/intel.o
  CC      drivers/ata/sata_rcar.o
  CC      drivers/mtd/ubi/eba.o
  CC      drivers/usb/dwc2/gadget.o
  CC      drivers/gpu/drm/drm_color_mgmt.o
  AR      drivers/net/ethernet/3com/built-in.a
  CC      drivers/usb/storage/option_ms.o
  AR      drivers/net/ethernet/8390/built-in.a
  CC      drivers/usb/host/ehci-spear.o
  AR      drivers/net/ethernet/actions/built-in.a
  CC      drivers/net/phy/swphy.o
  AR      drivers/net/ethernet/adaptec/built-in.a
  AR      drivers/net/ethernet/adi/built-in.a
  AR      drivers/net/ethernet/agere/built-in.a
  AR      drivers/net/ethernet/alacritech/built-in.a
  CC      drivers/usb/dwc3/dwc3-haps.o
  CC      drivers/clk/sunxi/clk-sun9i-core.o
  CC      drivers/net/ethernet/allwinner/sun4i-emac.o
  CC      drivers/clk/uniphier/clk-uniphier-core.o
  CC      drivers/clk/tegra/clk-sdmmc-mux.o
  CC      drivers/spi/spi-sun6i.o
  CC      drivers/mtd/nand/raw/nand_micron.o
  CC      drivers/mtd/spi-nor/issi.o
  CC      drivers/clk/sunxi-ng/ccu-sun20i-d1.o
  CC      drivers/clk/ti/composite.o
  CC      drivers/mfd/as3722.o
  CC      drivers/usb/host/ehci-st.o
  CC      drivers/usb/storage/usual-tables.o
  CC      drivers/clk/sunxi/clk-sun9i-mmc.o
  CC      drivers/net/phy/sfp-bus.o
  CC      drivers/clk/uniphier/clk-uniphier-cpugear.o
  CC      drivers/usb/core/generic.o
  CC      drivers/usb/dwc3/dwc3-keystone.o
  CC      drivers/gpu/drm/drm_connector.o
  CC      drivers/clk/tegra/clk-super.o
  CC      drivers/net/phy/at803x.o
  CC      fs/nfs/nfs4sysctl.o
  CC      drivers/clk/sunxi-ng/ccu-sun20i-d1-r.o
  CC      drivers/mtd/nand/raw/nand_sandisk.o
  CC      drivers/mtd/ubi/io.o
  AR      drivers/net/can/spi/built-in.a
  AR      drivers/net/can/usb/built-in.a
  CC      drivers/clk/uniphier/clk-uniphier-fixed-factor.o
  CC      drivers/clk/ti/divider.o
  AR      drivers/net/can/softing/built-in.a
  AR      drivers/usb/storage/built-in.a
  CC      drivers/mtd/spi-nor/macronix.o
  CC      drivers/mtd/mtdcore.o
  CC      drivers/clk/sunxi/clk-usb.o
  CC      drivers/net/can/sun4i_can.o
  AR      drivers/net/ethernet/allwinner/built-in.a
  CC      drivers/usb/core/quirks.o
  AR      drivers/net/ethernet/alteon/built-in.a
  CC      drivers/mfd/stpmic1.o
  AR      drivers/net/ethernet/amazon/built-in.a
  CC      drivers/usb/host/ehci-atmel.o
  AR      drivers/net/ethernet/amd/built-in.a
  CC      drivers/clk/sunxi-ng/ccu-sun4i-a10.o
  CC      drivers/clk/tegra/clk-tegra-audio.o
  AR      drivers/net/ethernet/aquantia/built-in.a
  CC      drivers/spi/spi-tegra114.o
  AR      drivers/net/ethernet/arc/built-in.a
  AR      drivers/net/ethernet/asix/built-in.a
  CC      drivers/mtd/nand/raw/nand_samsung.o
  AR      drivers/net/ethernet/atheros/built-in.a
  CC      drivers/clk/uniphier/clk-uniphier-fixed-rate.o
  CC      drivers/net/ethernet/cadence/macb_main.o
  CC      drivers/clk/sunxi/clk-sun8i-apb0.o
  AR      drivers/ata/built-in.a
  CC      drivers/mtd/spi-nor/micron-st.o
  CC      drivers/usb/dwc3/dwc3-meson-g12a.o
  CC      drivers/clk/ti/gate.o
  CC      drivers/usb/dwc3/dwc3-of-simple.o
  CC      drivers/clk/sunxi-ng/ccu-sun5i.o
  CC      drivers/clk/tegra/clk-tegra-periph.o
  CC      drivers/mtd/nand/ecc.o
  CC      fs/nfs/pnfs.o
  CC      drivers/mtd/nand/raw/nand_toshiba.o
  CC      drivers/usb/core/devices.o
  CC      drivers/clk/uniphier/clk-uniphier-gate.o
  CC      drivers/mfd/stmfx.o
  CC      drivers/mtd/ubi/wl.o
  CC      drivers/clk/sunxi/clk-sun9i-cpus.o
  CC      drivers/usb/host/ohci-hcd.o
  CC      drivers/net/phy/ax88796b.o
  CC      drivers/net/can/xilinx_can.o
  CC      drivers/clk/sunxi-ng/ccu-sun6i-a31.o
  CC      drivers/clk/ti/fixed-factor.o
  CC      drivers/clk/tegra/clk-tegra-fixed.o
  CC      drivers/mtd/nand/raw/denali.o
  CC      drivers/gpu/drm/drm_crtc.o
  CC      drivers/mtd/nand/ecc-sw-hamming.o
  CC      drivers/usb/dwc2/debugfs.o
  CC      drivers/clk/uniphier/clk-uniphier-mux.o
  CC      drivers/mtd/spi-nor/spansion.o
  CC      drivers/spi/spi-tegra20-sflash.o
  CC      drivers/clk/sunxi/clk-sun6i-apb0.o
  AR      drivers/net/wireless/admtek/built-in.a
  CC      drivers/usb/dwc3/dwc3-st.o
  AR      drivers/net/wireless/ath/built-in.a
  CC      drivers/clk/ti/mux.o
  AR      drivers/net/wireless/atmel/built-in.a
  CC      drivers/usb/core/phy.o
  CC      drivers/clk/tegra/clk-tegra-super-cclk.o
  CC      fs/attr.o
  CC      drivers/clk/sunxi-ng/ccu-sun6i-rtc.o
  AR      drivers/net/wireless/broadcom/built-in.a
  AR      drivers/net/wireless/cisco/built-in.a
  CC      drivers/clk/uniphier/clk-uniphier-sys.o
  AR      drivers/net/wireless/intel/built-in.a
  AR      drivers/mfd/built-in.a
  AR      drivers/net/wireless/intersil/built-in.a
  CC      drivers/net/ethernet/cadence/macb_ptp.o
  CC      drivers/net/phy/bcm-phy-lib.o
  AR      drivers/net/wireless/mediatek/built-in.a
  CC      drivers/clk/uniphier/clk-uniphier-mio.o
  AR      drivers/net/wireless/marvell/built-in.a
  CC      drivers/gpu/drm/drm_displayid.o
  AR      drivers/net/wireless/microchip/built-in.a
  CC      drivers/clk/uniphier/clk-uniphier-peri.o
  AR      drivers/net/wireless/purelifi/built-in.a
  CC      drivers/clk/sunxi/clk-sun6i-apb0-gates.o
  AR      drivers/net/wireless/quantenna/built-in.a
  AR      drivers/clk/uniphier/built-in.a
  CC      drivers/mtd/spi-nor/sst.o
  AR      drivers/net/wireless/ralink/built-in.a
  AR      drivers/net/wireless/realtek/built-in.a
  AR      drivers/net/wireless/rsi/built-in.a
  CC      drivers/clk/tegra/clk-tegra-super-gen4.o
  CC      drivers/clk/sunxi-ng/ccu-sun8i-a23.o
  AR      drivers/net/wireless/silabs/built-in.a
  AR      drivers/usb/dwc2/built-in.a
  CC      drivers/mtd/ubi/attach.o
  AR      drivers/net/wireless/st/built-in.a
  CC      drivers/gpu/drm/drm_drv.o
  AR      drivers/net/wireless/ti/built-in.a
  CC      drivers/clk/tegra/clk-tegra20.o
  CC      drivers/clk/ti/apll.o
  AR      drivers/net/wireless/zydas/built-in.a
  CC      drivers/spi/spi-tegra20-slink.o
  AR      drivers/net/wireless/legacy/built-in.a
  CC      drivers/usb/dwc3/dwc3-qcom.o
  AR      drivers/net/wireless/virtual/built-in.a
  AR      drivers/net/wireless/built-in.a
  CC      fs/nfs/pnfs_dev.o
  CC      drivers/usb/core/port.o
  CC      drivers/mtd/nand/raw/denali_dt.o
  CC      drivers/clk/sunxi/clk-sun6i-ar100.o
  CC      drivers/net/phy/broadcom.o
  CC      drivers/mtd/mtdsuper.o
  AR      drivers/net/can/built-in.a
  CC      drivers/mtd/nand/raw/davinci_nand.o
  CC      drivers/clk/sunxi-ng/ccu-sun8i-a33.o
  CC      drivers/input/keyboard/atkbd.o
  CC      drivers/input/mouse/elan_i2c_core.o
  CC      drivers/mtd/spi-nor/winbond.o
  AR      drivers/clk/sunxi/built-in.a
  CC      drivers/input/mouse/elan_i2c_i2c.o
  CC      drivers/clk/tegra/clk-tegra20-emc.o
  CC      drivers/usb/misc/usb3503.o
  CC      drivers/input/mouse/psmouse-base.o
  CC      drivers/clk/ti/clkt_dpll.o
  CC      drivers/input/mouse/synaptics.o
  CC      drivers/usb/host/ohci-pci.o
  CC      drivers/clk/sunxi-ng/ccu-sun8i-a83t.o
  CC      drivers/mtd/nand/raw/omap2.o
  CC      drivers/gpu/drm/drm_dumb_buffers.o
  CC      drivers/usb/core/of.o
  CC      drivers/net/phy/dp83867.o
  CC      drivers/clk/tegra/clk-tegra30.o
  CC      drivers/spi/spi-xilinx.o
  CC      fs/bad_inode.o
  CC      drivers/mtd/ubi/misc.o
  CC      drivers/net/usb/pegasus.o
  AR      drivers/usb/dwc3/built-in.a
  CC      drivers/clk/ti/clkt_iclk.o
  CC      drivers/net/ethernet/broadcom/asp2/bcmasp.o
  CC      drivers/input/keyboard/bcm-keypad.o
  CC      drivers/mtd/spi-nor/xilinx.o
  CC      fs/nfs/pnfs_nfs.o
  AR      drivers/net/ethernet/cadence/built-in.a
  CC      drivers/rtc/lib.o
  CC      drivers/clk/sunxi-ng/ccu-sun8i-h3.o
  CC      drivers/clk/ti/clkt_dflt.o
  AR      drivers/usb/misc/built-in.a
  CC      drivers/clk/ux500/clk-prcc.o
  CC      drivers/usb/host/ohci-platform.o
  CC      drivers/clk/tegra/clk-tegra114.o
  CC      drivers/gpu/drm/drm_edid.o
  CC      drivers/gpu/drm/drm_encoder.o
  CC      drivers/clk/versatile/icst.o
  CC      drivers/usb/core/hcd-pci.o
  CC      drivers/mtd/ubi/debug.o
  CC      drivers/i2c/algos/i2c-algo-bit.o
  AR      drivers/spi/built-in.a
  CC      drivers/net/usb/asix_devices.o
  CC      drivers/clk/sunxi-ng/ccu-sun8i-r40.o
  CC      drivers/clk/ti/clkctrl.o
  CC      drivers/net/phy/fixed_phy.o
  CC      drivers/input/keyboard/gpio_keys.o
  CC      drivers/rtc/class.o
  CC      drivers/mtd/spi-nor/xmc.o
  CC      drivers/clk/tegra/clk-tegra124.o
  CC      drivers/clk/ux500/clk-prcmu.o
  CC      drivers/mtd/nand/raw/omap_elm.o
  CC      drivers/clk/versatile/clk-icst.o
  CC      drivers/input/mouse/focaltech.o
  CC      fs/nfs/nfs42proc.o
  AR      drivers/net/ethernet/brocade/built-in.a
  CC      drivers/net/ethernet/broadcom/bcm4908_enet.o
  CC      drivers/usb/host/ohci-spear.o
  CC      drivers/mtd/mtdconcat.o
  CC      drivers/clk/sunxi-ng/ccu-sun8i-v3s.o
  CC      drivers/usb/core/../misc/onboard_usb_hub_pdevs.o
  AR      drivers/mtd/ubi/built-in.a
  CC      drivers/clk/ux500/clk-sysctrl.o
  CC      drivers/mtd/spi-nor/debugfs.o
  CC      drivers/clk/ti/clk-33xx.o
  CC      drivers/clk/tegra/clk-tegra124-dfll-fcpu.o
  CC      drivers/clk/versatile/clk-versatile.o
  CC      drivers/mtd/nand/raw/marvell_nand.o
  CC      fs/nfs/nfs42xattr.o
  CC      drivers/rtc/interface.o
  CC      drivers/input/keyboard/spear-keyboard.o
  CC      drivers/net/ethernet/broadcom/asp2/bcmasp_intf.o
  AR      drivers/i2c/algos/built-in.a
  CC      drivers/input/mouse/alps.o
  CC      drivers/i2c/busses/i2c-bcm2835.o
  CC      drivers/net/phy/icplus.o
  CC      drivers/clk/sunxi-ng/ccu-sun8i-de2.o
  CC      drivers/net/usb/asix_common.o
  CC      drivers/net/ethernet/broadcom/bgmac.o
  CC      drivers/clk/ti/dpll3xxx.o
  CC      drivers/clk/versatile/clk-sp810.o
  CC      drivers/usb/host/ohci-st.o
  CC      drivers/clk/ux500/reset-prcc.o
  AR      drivers/usb/core/built-in.a
  CC      drivers/i2c/muxes/i2c-demux-pinctrl.o
  CC      drivers/clk/sunxi-ng/ccu-sun8i-r.o
  CC      drivers/input/keyboard/st-keyscan.o
  AR      drivers/mtd/spi-nor/built-in.a
  CC      drivers/clk/ti/fapll.o
  CC      drivers/clk/tegra/clk-tegra124-emc.o
  CC      drivers/clk/ti/clk-814x.o
  CC      drivers/clk/versatile/clk-vexpress-osc.o
  CC      drivers/i2c/busses/i2c-bcm-iproc.o
  CC      drivers/i2c/busses/i2c-cadence.o
  CC      drivers/clk/ux500/u8500_of_clk.o
  CC      drivers/clk/sunxi-ng/ccu-sun9i-a80.o
  CC      drivers/net/phy/marvell.o
  CC      drivers/net/phy/micrel.o
  CC      drivers/usb/host/ohci-at91.o
  CC      drivers/net/usb/ax88172a.o
  CC      drivers/clk/ti/clk-816x.o
  CC      drivers/input/keyboard/tegra-kbc.o
  AR      fs/nfs/built-in.a
  AR      drivers/clk/versatile/built-in.a
  CC      drivers/input/mouse/byd.o
  CC      fs/file.o
  CC      drivers/clk/tegra/cvb.o
  CC      drivers/rtc/nvmem.o
  CC      drivers/i2c/muxes/i2c-mux-gpio.o
  CC      drivers/clk/tegra/clk-utils.o
  CC      drivers/gpu/drm/drm_file.o
  CC      drivers/mtd/nand/raw/vf610_nfc.o
  CC      drivers/net/ethernet/broadcom/asp2/bcmasp_ethtool.o
  CC      drivers/clk/sunxi-ng/ccu-sun9i-a80-de.o
  CC      drivers/clk/ti/interface.o
  CC      drivers/input/touchscreen/stmpe-ts.o
  CC      drivers/clk/ux500/abx500-clk.o
  CC      drivers/clk/ti/clk-3xxx.o
  CC      drivers/rtc/dev.o
  CC      drivers/clk/sunxi-ng/ccu-sun9i-a80-usb.o
  CC      drivers/net/ethernet/calxeda/xgmac.o
  AR      drivers/clk/tegra/built-in.a
  CC      drivers/i2c/i2c-boardinfo.o
  CC      drivers/rtc/proc.o
  CC      drivers/usb/host/xhci.o
  CC      fs/filesystems.o
  AR      drivers/input/keyboard/built-in.a
  CC      drivers/mtd/mtdpart.o
  CC      drivers/i2c/busses/i2c-davinci.o
  CC      drivers/i2c/muxes/i2c-mux-pca954x.o
  CC      drivers/net/mii.o
  CC      drivers/net/usb/ax88179_178a.o
  CC      drivers/input/mouse/elantech.o
  AR      drivers/clk/ux500/built-in.a
  CC      drivers/clk/ti/clk-44xx.o
  CC      drivers/clk/ti/dpll44xx.o
  CC      drivers/mtd/nand/raw/stm32_fmc2_nand.o
  AR      drivers/clk/sunxi-ng/built-in.a
  AR      drivers/i3c/built-in.a
  AR      drivers/media/i2c/built-in.a
  AR      drivers/media/tuners/built-in.a
  AR      drivers/net/ethernet/broadcom/asp2/built-in.a
  CC      drivers/gpu/drm/drm_fourcc.o
  CC      drivers/gpu/drm/drm_framebuffer.o
  CC      drivers/net/ethernet/broadcom/bgmac-bcma.o
  AR      drivers/media/rc/keymaps/built-in.a
  AR      drivers/media/rc/built-in.a
  CC      drivers/rtc/sysfs.o
  CC      drivers/media/cec/core/cec-core.o
  CC      drivers/mtd/nand/raw/pl35x-nand-controller.o
  CC      drivers/input/touchscreen/sun4i-ts.o
  CC      drivers/gpu/drm/drm_gem.o
  CC      drivers/mtd/mtdchar.o
  CC      fs/namespace.o
  CC      drivers/clk/ti/clk-54xx.o
  AR      drivers/clk/xilinx/built-in.a
  CC      drivers/net/phy/realtek.o
  CC      fs/seq_file.o
  CC      fs/xattr.o
  CC      drivers/i2c/muxes/i2c-mux-pinctrl.o
  CC      drivers/i2c/busses/i2c-designware-common.o
  AR      drivers/input/touchscreen/built-in.a
  CC      drivers/net/ethernet/broadcom/bgmac-bcma-mdio.o
  CC      drivers/clk/zynq/clkc.o
  CC      drivers/media/cec/core/cec-adap.o
  CC      drivers/clk/ti/clk-7xx.o
  CC      drivers/rtc/rtc-ac100.o
  AR      drivers/net/ethernet/calxeda/built-in.a
  AR      drivers/media/common/b2c2/built-in.a
  AR      drivers/pps/clients/built-in.a
  AR      drivers/media/common/saa7146/built-in.a
  AR      drivers/pps/generators/built-in.a
  CC      drivers/pps/pps.o
  AR      drivers/media/common/siano/built-in.a
  AR      drivers/media/common/v4l2-tpg/built-in.a
  AR      drivers/media/common/videobuf2/built-in.a
  AR      drivers/media/common/built-in.a
  AR      drivers/media/cec/i2c/built-in.a
  CC      drivers/mtd/mtd_blkdevs.o
  CC      drivers/usb/host/xhci-mem.o
  CC      drivers/input/mouse/logips2pp.o
  CC      drivers/net/usb/cdc_ether.o
  CC      drivers/clk/ti/clk-dra7-atl.o
  CC      drivers/clk/ti/clk-43xx.o
  AR      drivers/i2c/muxes/built-in.a
  CC      fs/libfs.o
  CC      drivers/clk/zynq/pll.o
  CC      drivers/usb/chipidea/core.o
  AR      drivers/mtd/nand/raw/built-in.a
  CC      drivers/mtd/mtdblock.o
  AR      drivers/mtd/nand/built-in.a
  CC      drivers/i2c/busses/i2c-designware-master.o
  CC      drivers/pps/kapi.o
  CC      drivers/pps/sysfs.o
  CC      drivers/gpu/drm/drm_ioctl.o
  CC      drivers/rtc/rtc-as3722.o
  CC      drivers/rtc/rtc-brcmstb-waketimer.o
  CC      drivers/clk/clk-devres.o
  CC      drivers/net/ethernet/broadcom/bgmac-platform.o
  CC      drivers/input/mouse/trackpoint.o
  CC      drivers/net/phy/rockchip.o
  CC      drivers/rtc/rtc-ds1307.o
  CC      drivers/clk/ti/adpll.o
  AR      drivers/clk/zynq/built-in.a
  CC      drivers/net/loopback.o
  CC      drivers/net/usb/smsc75xx.o
  AR      drivers/pps/built-in.a
  CC      drivers/input/mouse/cypress_ps2.o
  CC      drivers/i2c/i2c-core-base.o
  CC      fs/fs-writeback.o
  CC      drivers/usb/gadget/udc/bdc/bdc_core.o
  AR      drivers/mtd/built-in.a
  AR      drivers/usb/gadget/function/built-in.a
  CC      drivers/net/phy/smsc.o
  CC      drivers/usb/roles/class.o
  CC      drivers/gpu/drm/drm_lease.o
  CC      drivers/i2c/busses/i2c-designware-platdrv.o
  CC      drivers/input/misc/pm8941-pwrkey.o
  CC      drivers/media/cec/core/cec-api.o
  CC      drivers/media/cec/core/cec-notifier.o
  CC      drivers/input/misc/stpmic1_onkey.o
  AR      drivers/clk/ti/built-in.a
  CC      drivers/usb/chipidea/otg.o
  CC      drivers/clk/clk-bulk.o
  AR      drivers/net/ethernet/broadcom/built-in.a
  CC      drivers/i2c/i2c-core-smbus.o
  AR      drivers/net/ethernet/cavium/common/built-in.a
  AR      drivers/net/ethernet/cavium/thunder/built-in.a
  AR      drivers/net/ethernet/cavium/liquidio/built-in.a
  AR      drivers/net/ethernet/cavium/octeon/built-in.a
  CC      drivers/net/virtio_net.o
  AR      drivers/net/ethernet/cavium/built-in.a
  CC      drivers/input/mouse/psmouse-smbus.o
  AR      drivers/net/ethernet/chelsio/built-in.a
  AR      drivers/net/ethernet/cirrus/built-in.a
  CC      drivers/usb/gadget/udc/bdc/bdc_cmd.o
  AR      drivers/net/ethernet/cisco/built-in.a
  AR      drivers/usb/roles/built-in.a
  AR      drivers/net/ethernet/cortina/built-in.a
  AR      drivers/net/ethernet/dec/built-in.a
  AR      drivers/media/platform/allegro-dvt/built-in.a
  AR      drivers/net/ethernet/dlink/built-in.a
  CC      drivers/usb/host/xhci-ext-caps.o
  AR      drivers/net/ethernet/emulex/built-in.a
  AR      drivers/media/platform/amlogic/meson-ge2d/built-in.a
  AR      drivers/media/platform/amlogic/built-in.a
  AR      drivers/net/ethernet/engleder/built-in.a
  AR      drivers/media/platform/amphion/built-in.a
  AR      drivers/net/ethernet/ezchip/built-in.a
  AR      drivers/media/platform/aspeed/built-in.a
  AR      drivers/net/ethernet/faraday/built-in.a
  CC      drivers/usb/gadget/udc/bdc/bdc_ep.o
  AR      drivers/media/platform/atmel/built-in.a
  AR      drivers/media/platform/cadence/built-in.a
  AR      drivers/net/ethernet/freescale/enetc/built-in.a
  CC      drivers/net/ethernet/freescale/fec_main.o
  CC      drivers/clk/clkdev.o
  AR      drivers/media/platform/chips-media/built-in.a
  AR      drivers/media/platform/intel/built-in.a
  CC      drivers/rtc/rtc-em3027.o
  AR      drivers/media/platform/marvell/built-in.a
  AR      drivers/net/ethernet/fungible/built-in.a
  CC      drivers/clk/clk.o
  CC      drivers/i2c/busses/i2c-exynos5.o
  AR      drivers/input/misc/built-in.a
  AR      drivers/media/platform/mediatek/jpeg/built-in.a
  AR      drivers/media/platform/mediatek/mdp/built-in.a
  AR      drivers/media/platform/mediatek/vcodec/common/built-in.a
  AR      drivers/net/phy/built-in.a
  CC      drivers/usb/chipidea/debug.o
  AR      drivers/media/platform/mediatek/vcodec/encoder/built-in.a
  AR      drivers/usb/gadget/legacy/built-in.a
  CC      drivers/gpu/drm/drm_managed.o
  AR      drivers/media/cec/platform/built-in.a
  CC      drivers/net/usb/smsc95xx.o
  AR      drivers/media/platform/mediatek/vcodec/decoder/built-in.a
  AR      drivers/media/platform/mediatek/vcodec/built-in.a
  AR      drivers/media/cec/usb/built-in.a
  CC      drivers/i2c/busses/i2c-imx.o
  CC      drivers/i2c/busses/i2c-meson.o
  AR      drivers/media/platform/mediatek/vpu/built-in.a
  AR      drivers/media/platform/mediatek/mdp3/built-in.a
  CC      drivers/rtc/rtc-max77686.o
  AR      drivers/media/platform/mediatek/built-in.a
  AR      drivers/media/platform/microchip/built-in.a
  AR      drivers/media/platform/nvidia/tegra-vde/built-in.a
  AR      drivers/media/platform/nvidia/built-in.a
  AR      drivers/media/cec/core/built-in.a
  AR      drivers/media/cec/built-in.a
  AR      drivers/input/mouse/built-in.a
  AR      drivers/media/platform/nxp/dw100/built-in.a
  CC      drivers/i2c/i2c-core-slave.o
  CC      drivers/usb/host/xhci-ring.o
  CC      drivers/input/input.o
  AR      drivers/media/platform/nxp/imx-jpeg/built-in.a
  CC      drivers/usb/chipidea/ulpi.o
  AR      drivers/media/platform/nxp/imx8-isi/built-in.a
  AR      drivers/media/platform/nxp/built-in.a
  AR      drivers/media/platform/qcom/camss/built-in.a
  AR      drivers/media/platform/qcom/venus/built-in.a
  AR      drivers/media/platform/qcom/built-in.a
  AR      drivers/media/platform/renesas/rcar-vin/built-in.a
  AR      drivers/media/platform/rockchip/rga/built-in.a
  AR      drivers/media/platform/renesas/rzg2l-cru/built-in.a
  AR      drivers/media/platform/rockchip/rkisp1/built-in.a
  AR      drivers/media/platform/renesas/vsp1/built-in.a
  AR      drivers/media/platform/rockchip/built-in.a
  AR      drivers/media/platform/samsung/exynos-gsc/built-in.a
  AR      drivers/media/platform/renesas/built-in.a
  CC      drivers/usb/gadget/udc/core.o
  AR      drivers/media/platform/samsung/exynos4-is/built-in.a
  AR      drivers/net/ethernet/google/built-in.a
  CC      drivers/rtc/rtc-max8907.o
  AR      drivers/media/platform/samsung/s3c-camif/built-in.a
  AR      drivers/media/platform/samsung/s5p-g2d/built-in.a
  CC      drivers/net/net_failover.o
  AR      drivers/media/platform/samsung/s5p-jpeg/built-in.a
  AR      drivers/media/platform/samsung/s5p-mfc/built-in.a
  CC      drivers/ptp/ptp_clock.o
  AR      drivers/media/platform/samsung/built-in.a
  CC      drivers/gpu/drm/drm_mm.o
  AR      drivers/media/platform/st/sti/bdisp/built-in.a
  AR      drivers/media/platform/st/sti/c8sectpfe/built-in.a
  CC      drivers/i2c/busses/i2c-mv64xxx.o
  AR      drivers/media/platform/st/sti/delta/built-in.a
  AR      drivers/media/platform/st/sti/hva/built-in.a
  CC      fs/pnode.o
  AR      drivers/media/platform/st/stm32/built-in.a
  AR      drivers/media/platform/st/built-in.a
  CC      drivers/i2c/i2c-core-of.o
  AR      drivers/media/platform/sunxi/sun4i-csi/built-in.a
  AR      drivers/media/platform/sunxi/sun6i-csi/built-in.a
  AR      drivers/media/platform/sunxi/sun6i-mipi-csi2/built-in.a
  CC      drivers/usb/host/xhci-hub.o
  CC      drivers/usb/gadget/udc/bdc/bdc_udc.o
  CC      drivers/usb/chipidea/udc.o
  CC      drivers/net/ethernet/freescale/fec_ptp.o
  AR      drivers/media/platform/sunxi/sun8i-a83t-mipi-csi2/built-in.a
  CC      drivers/clk/clk-divider.o
  AR      drivers/media/platform/sunxi/sun8i-di/built-in.a
  AR      drivers/media/platform/sunxi/sun8i-rotate/built-in.a
  AR      drivers/media/platform/sunxi/built-in.a
  AR      drivers/media/platform/ti/am437x/built-in.a
  AR      drivers/media/platform/ti/cal/built-in.a
  CC      drivers/clk/clk-fixed-factor.o
  AR      drivers/media/platform/ti/vpe/built-in.a
  AR      drivers/media/platform/ti/davinci/built-in.a
  AR      drivers/media/platform/ti/omap/built-in.a
  AR      drivers/media/platform/ti/omap3isp/built-in.a
  AR      drivers/media/platform/ti/built-in.a
  CC      drivers/rtc/rtc-mv.o
  AR      drivers/media/platform/verisilicon/built-in.a
  AR      drivers/media/platform/via/built-in.a
  CC      drivers/net/usb/net1080.o
  AR      drivers/media/platform/xilinx/built-in.a
  AR      drivers/media/platform/built-in.a
  AR      drivers/media/pci/ttpci/built-in.a
  AR      drivers/media/pci/b2c2/built-in.a
  AR      drivers/media/pci/pluto2/built-in.a
  AR      drivers/media/pci/dm1105/built-in.a
  CC      fs/splice.o
  AR      drivers/media/pci/pt1/built-in.a
  CC      drivers/net/ethernet/freescale/fsl_pq_mdio.o
  CC      drivers/ptp/ptp_chardev.o
  AR      drivers/media/pci/pt3/built-in.a
  AR      drivers/media/pci/mantis/built-in.a
  CC      drivers/rtc/rtc-palmas.o
  AR      drivers/media/pci/ngene/built-in.a
  CC      drivers/gpu/drm/drm_mode_config.o
  CC      drivers/gpu/drm/drm_mode_object.o
  AR      drivers/media/pci/ddbridge/built-in.a
  CC      drivers/power/reset/as3722-poweroff.o
  AR      drivers/media/pci/saa7146/built-in.a
  AR      drivers/media/pci/smipcie/built-in.a
  AR      drivers/usb/gadget/udc/bdc/built-in.a
  CC      drivers/i2c/busses/i2c-nomadik.o
  CC      drivers/usb/gadget/udc/trace.o
  AR      drivers/media/pci/netup_unidvb/built-in.a
  CC      drivers/net/ethernet/hisilicon/hix5hd2_gmac.o
  AR      drivers/media/pci/intel/ipu3/built-in.a
  AR      drivers/media/pci/intel/ivsc/built-in.a
  AR      drivers/media/pci/intel/built-in.a
  AR      drivers/media/pci/built-in.a
  AR      drivers/media/usb/b2c2/built-in.a
  CC      drivers/input/input-compat.o
  AR      drivers/media/usb/dvb-usb/built-in.a
  AR      drivers/media/usb/dvb-usb-v2/built-in.a
  CC      drivers/usb/chipidea/trace.o
  AR      drivers/media/usb/s2255/built-in.a
  AR      drivers/media/usb/siano/built-in.a
  CC      fs/sync.o
  AR      drivers/media/usb/ttusb-budget/built-in.a
  AR      drivers/media/usb/ttusb-dec/built-in.a
  AR      drivers/media/usb/built-in.a
  AR      drivers/media/mmc/siano/built-in.a
  CC      drivers/net/usb/cdc_subset.o
  CC      drivers/ptp/ptp_sysfs.o
  AR      drivers/media/mmc/built-in.a
  AR      drivers/media/firewire/built-in.a
  AR      drivers/media/spi/built-in.a
  CC      drivers/power/reset/at91-poweroff.o
  AR      drivers/media/test-drivers/built-in.a
  CC      drivers/usb/host/xhci-dbg.o
  CC      drivers/usb/host/xhci-trace.o
  AR      drivers/media/built-in.a
  CC      drivers/usb/chipidea/host.o
  AR      drivers/net/ethernet/huawei/built-in.a
  CC      drivers/input/input-mt.o
  CC      drivers/clk/clk-fixed-rate.o
  CC      drivers/hwmon/hwmon.o
  CC      drivers/rtc/rtc-pl031.o
  CC      drivers/thermal/broadcom/ns-thermal.o
  CC      drivers/i2c/busses/i2c-omap.o
  CC      drivers/usb/chipidea/ci_hdrc_usb2.o
  CC      drivers/power/reset/at91-reset.o
  CC      drivers/usb/gadget/udc/snps_udc_core.o
  CC      drivers/usb/host/xhci-debugfs.o
  CC      drivers/hwmon/scmi-hwmon.o
  CC      drivers/rtc/rtc-spear.o
  CC      drivers/gpu/drm/drm_modes.o
  CC      drivers/rtc/rtc-st-lpc.o
  CC      drivers/net/usb/zaurus.o
  CC      drivers/net/ethernet/freescale/gianfar.o
  AR      drivers/net/ethernet/hisilicon/built-in.a
  CC      drivers/input/input-poller.o
  CC      drivers/thermal/broadcom/sr-thermal.o
  CC      drivers/net/ethernet/intel/e1000e/82571.o
  CC      fs/utimes.o
  CC      drivers/i2c/i2c-smbus.o
  CC      drivers/ptp/ptp_vclock.o
  CC      drivers/clk/clk-gate.o
  CC      drivers/power/reset/at91-sama5d2_shdwc.o
  CC      drivers/clk/clk-multiplier.o
  CC      drivers/clk/clk-mux.o
  CC      drivers/usb/chipidea/ci_hdrc_msm.o
  CC      drivers/usb/chipidea/ci_hdrc_pci.o
  CC      drivers/usb/chipidea/usbmisc_imx.o
  AR      drivers/thermal/broadcom/built-in.a
  CC      drivers/thermal/samsung/exynos_tmu.o
  AR      drivers/thermal/intel/built-in.a
  CC      drivers/rtc/rtc-stm32.o
  CC      drivers/hwmon/iio_hwmon.o
  CC      drivers/power/reset/brcm-kona-reset.o
  CC      drivers/input/ff-core.o
  CC      drivers/ptp/ptp_dte.o
  CC      drivers/net/usb/usbnet.o
  CC      drivers/input/touchscreen.o
  CC      drivers/usb/chipidea/ci_hdrc_imx.o
  CC      fs/d_path.o
  CC      drivers/clk/clk-composite.o
  CC      drivers/thermal/ti-soc-thermal/ti-bandgap.o
  CC      drivers/i2c/busses/i2c-owl.o
  CC      drivers/hwmon/lm90.o
  CC      drivers/power/reset/brcmstb-reboot.o
  CC      drivers/gpu/drm/drm_modeset_lock.o
  CC      drivers/power/supply/power_supply_core.o
  CC      drivers/usb/host/xhci-pci.o
  CC      drivers/ptp/ptp_kvm_arm.o
  CC      drivers/power/supply/power_supply_sysfs.o
  CC      drivers/net/ethernet/intel/e1000e/ich8lan.o
  CC      drivers/rtc/rtc-sun6i.o
  CC      drivers/usb/gadget/udc/snps_udc_plat.o
  CC      drivers/clk/clk-fractional-divider.o
  CC      drivers/input/matrix-keymap.o
  CC      drivers/net/usb/cdc_ncm.o
  AR      drivers/thermal/samsung/built-in.a
  CC      drivers/input/vivaldi-fmap.o
  CC      drivers/gpu/drm/drm_plane.o
  CC      drivers/power/reset/gpio-poweroff.o
  CC      drivers/input/input-leds.o
  CC      drivers/ptp/ptp_kvm_common.o
  AR      drivers/thermal/ti-soc-thermal/built-in.a
  CC      drivers/usb/chipidea/ci_hdrc_tegra.o
  CC      fs/stack.o
  CC      fs/fs_struct.o
  CC      drivers/thermal/st/st_thermal.o
  CC      drivers/i2c/busses/i2c-qup.o
  CC      drivers/net/ethernet/freescale/gianfar_ethtool.o
  CC      drivers/power/reset/gpio-restart.o
  CC      fs/statfs.o
  CC      drivers/net/ethernet/intel/igb/igb_main.o
  CC      drivers/clk/clk-gpio.o
  AR      drivers/usb/gadget/udc/built-in.a
  AR      drivers/usb/gadget/built-in.a
  CC      drivers/power/supply/power_supply_leds.o
  CC      drivers/thermal/st/st_thermal_memmap.o
  CC      drivers/rtc/rtc-sunxi.o
  CC      drivers/rtc/rtc-tegra.o
  CC      drivers/input/joydev.o
  CC      drivers/rtc/rtc-tps6586x.o
  CC      drivers/ptp/ptp_qoriq.o
  CC      drivers/usb/host/xhci-plat.o
  CC      drivers/ptp/ptp_qoriq_debugfs.o
  AR      drivers/net/ethernet/i825xx/built-in.a
  CC      drivers/thermal/qcom/tsens.o
  CC      drivers/thermal/qcom/tsens-v2.o
  CC      drivers/power/reset/hisi-reboot.o
  CC      drivers/clk/clk-conf.o
  CC      drivers/power/supply/power_supply_hwmon.o
  CC      drivers/hwmon/lm95245.o
  AR      drivers/usb/chipidea/built-in.a
  CC      drivers/power/reset/msm-poweroff.o
  CC      drivers/thermal/st/stm_thermal.o
  CC      drivers/power/supply/act8945a_charger.o
  CC      drivers/i2c/busses/i2c-riic.o
  CC      drivers/gpu/drm/drm_prime.o
  CC      drivers/watchdog/watchdog_core.o
  CC      drivers/rtc/rtc-tps65910.o
  CC      fs/fs_pin.o
  CC      drivers/watchdog/watchdog_dev.o
  CC      drivers/power/reset/qcom-pon.o
  AR      drivers/thermal/tegra/built-in.a
  CC      drivers/input/evdev.o
  AR      drivers/net/usb/built-in.a
  CC      drivers/clk/clk-en7523.o
  CC      drivers/clk/clk-aspeed.o
  CC      fs/nsfs.o
  AR      drivers/ptp/built-in.a
  CC      drivers/usb/host/xhci-mvebu.o
  CC      drivers/i2c/i2c-dev.o
  CC      drivers/i2c/i2c-mux.o
  CC      drivers/power/supply/sbs-battery.o
  AR      drivers/net/ethernet/freescale/built-in.a
  CC      drivers/i2c/busses/i2c-rk3x.o
  AR      drivers/thermal/st/built-in.a
  CC      drivers/clk/clk-ast2600.o
  AR      drivers/thermal/mediatek/built-in.a
  CC      drivers/rtc/rtc-twl.o
  CC      drivers/net/ethernet/intel/e1000e/80003es2lan.o
  CC      drivers/power/reset/st-poweroff.o
  CC      drivers/thermal/qcom/tsens-v1.o
  AR      drivers/hwmon/built-in.a
  CC      drivers/gpu/drm/drm_print.o
  CC      drivers/edac/edac_mc.o
  CC      fs/fs_types.o
  CC      drivers/i2c/i2c-slave-eeprom.o
  CC      drivers/net/ethernet/intel/igb/igb_ethtool.o
  CC      drivers/gpu/drm/drm_property.o
  CC      drivers/usb/host/xhci-rcar.o
  CC      drivers/rtc/rtc-vt8500.o
  CC      drivers/watchdog/sp805_wdt.o
  CC      drivers/i2c/busses/i2c-s3c2410.o
  CC      drivers/power/supply/tps65090-charger.o
  CC      drivers/thermal/qcom/tsens-v0_1.o
  CC      drivers/power/reset/vexpress-poweroff.o
  CC      drivers/clk/clk-highbank.o
  AR      drivers/net/ethernet/microsoft/built-in.a
  CC      drivers/thermal/thermal_core.o
  CC      fs/fs_context.o
  CC      drivers/opp/core.o
  CC      drivers/edac/edac_device.o
  AR      drivers/input/built-in.a
  CC      drivers/net/ethernet/intel/igb/e1000_82575.o
  CC      drivers/gpu/drm/drm_syncobj.o
  CC      drivers/i2c/busses/i2c-sh_mobile.o
  CC      drivers/watchdog/at91sam9_wdt.o
  CC      drivers/power/reset/keystone-reset.o
  CC      drivers/power/reset/syscon-reboot.o
  AR      drivers/rtc/built-in.a
  CC      drivers/edac/edac_mc_sysfs.o
  AR      drivers/power/supply/built-in.a
  CC      fs/fs_parser.o
  CC      drivers/thermal/qcom/tsens-8960.o
  CC      drivers/clk/clk-lan966x.o
  CC      drivers/opp/cpu.o
  AR      drivers/usb/host/built-in.a
  CC      drivers/net/ethernet/intel/e1000e/mac.o
  AR      drivers/usb/built-in.a
  AR      drivers/net/ethernet/litex/built-in.a
  CC      drivers/net/ethernet/intel/igb/e1000_mac.o
  CC      drivers/i2c/busses/i2c-st.o
  CC      drivers/power/reset/syscon-poweroff.o
  CC      fs/fsopen.o
  CC      drivers/clk/clk-max77686.o
  AR      drivers/thermal/qcom/built-in.a
  CC      drivers/net/ethernet/intel/igb/e1000_nvm.o
  CC      drivers/i2c/busses/i2c-stm32f7.o
  CC      drivers/net/ethernet/intel/igb/e1000_phy.o
  CC      drivers/edac/edac_module.o
  CC      drivers/power/reset/rmobile-reset.o
  CC      fs/init.o
  AR      drivers/net/ethernet/marvell/octeon_ep/built-in.a
  AR      drivers/net/ethernet/marvell/octeontx2/built-in.a
  CC      drivers/watchdog/sama5d4_wdt.o
  AR      drivers/net/ethernet/marvell/prestera/built-in.a
  CC      drivers/net/ethernet/marvell/mvmdio.o
  CC      drivers/net/ethernet/marvell/mv643xx_eth.o
  CC      drivers/thermal/thermal_sysfs.o
  CC      drivers/power/reset/reboot-mode.o
  CC      drivers/net/ethernet/intel/e1000e/manage.o
  CC      fs/kernel_read_file.o
  CC      drivers/net/ethernet/intel/igb/e1000_mbx.o
  CC      drivers/edac/edac_device_sysfs.o
  CC      drivers/thermal/thermal_trip.o
  CC      drivers/gpu/drm/drm_sysfs.o
  CC      drivers/watchdog/dw_wdt.o
  AR      drivers/net/ethernet/mellanox/built-in.a
  CC      drivers/clk/clk-milbeaut.o
  CC      drivers/edac/wq.o
  CC      drivers/net/ethernet/marvell/mvneta.o
  AR      drivers/power/reset/built-in.a
  AR      drivers/power/built-in.a
  CC      drivers/opp/of.o
  CC      drivers/watchdog/orion_wdt.o
  CC      drivers/net/ethernet/intel/igb/e1000_i210.o
  CC      drivers/thermal/thermal_helpers.o
  CC      drivers/net/ethernet/micrel/ks8851_common.o
  CC      drivers/clk/clk-qoriq.o
  CC      fs/mnt_idmapping.o
  CC      drivers/i2c/busses/i2c-stm32.o
  CC      drivers/edac/edac_pci.o
  CC      drivers/net/ethernet/intel/e1000e/nvm.o
  CC      drivers/watchdog/sunxi_wdt.o
  CC      drivers/edac/edac_pci_sysfs.o
  CC      drivers/opp/debugfs.o
  CC      drivers/net/ethernet/microchip/vcap/vcap_api_debugfs.o
  CC      drivers/gpu/drm/drm_trace_points.o
  CC      drivers/thermal/thermal_hwmon.o
  CC      drivers/watchdog/rn5t618_wdt.o
  CC      drivers/clk/clk-scmi.o
  CC      fs/remap_range.o
  CC      drivers/cpufreq/cpufreq.o
  CC      drivers/net/ethernet/intel/e1000e/phy.o
  CC      drivers/cpufreq/freq_table.o
  CC      drivers/i2c/busses/i2c-sun6i-p2wi.o
  CC      drivers/thermal/thermal_of.o
  CC      drivers/gpu/drm/drm_vblank.o
  CC      drivers/net/ethernet/microchip/vcap/vcap_api.o
  CC      drivers/net/ethernet/intel/igb/igb_ptp.o
  CC      drivers/watchdog/imx2_wdt.o
  CC      drivers/edac/fsl_ddr_edac.o
  CC      drivers/clk/clk-sp7021.o
  CC      drivers/net/ethernet/intel/e1000e/param.o
  CC      drivers/net/ethernet/micrel/ks8851_spi.o
  CC      fs/buffer.o
  CC      drivers/i2c/busses/i2c-tegra.o
  CC      drivers/opp/ti-opp-supply.o
  CC      drivers/thermal/gov_step_wise.o
  AR      drivers/net/ethernet/mscc/built-in.a
  CC      drivers/net/ethernet/microchip/vcap/vcap_tc.o
  CC      drivers/watchdog/db8500_wdt.o
  CC      drivers/edac/layerscape_edac.o
  CC      drivers/watchdog/bcm2835_wdt.o
  CC      drivers/watchdog/st_lpc_wdt.o
  CC      drivers/net/ethernet/intel/e1000e/ethtool.o
  CC      drivers/cpuidle/governors/menu.o
  CC      drivers/watchdog/bcm_kona_wdt.o
  CC      drivers/clk/clk-stm32mp1.o
  CC      drivers/thermal/cpufreq_cooling.o
  CC      drivers/gpu/drm/drm_vblank_work.o
  AR      drivers/opp/built-in.a
  AR      drivers/net/ethernet/myricom/built-in.a
  CC      drivers/net/ethernet/intel/igb/igb_hwmon.o
  CC      drivers/i2c/busses/i2c-uniphier.o
  CC      fs/mpage.o
  CC      drivers/edac/highbank_mc_edac.o
  AR      drivers/net/ethernet/micrel/built-in.a
  CC      drivers/net/ethernet/intel/e1000e/netdev.o
  AR      drivers/cpuidle/governors/built-in.a
  CC      drivers/cpuidle/cpuidle.o
  CC      drivers/clk/clk-vt8500.o
  CC      drivers/watchdog/meson_wdt.o
  CC      drivers/gpu/drm/drm_vma_manager.o
  CC      drivers/gpu/drm/drm_gpuva_mgr.o
  CC      drivers/thermal/devfreq_cooling.o
  CC      drivers/gpu/drm/drm_writeback.o
  CC      drivers/mmc/core/core.o
  CC      drivers/net/ethernet/intel/e1000e/ptp.o
  CC      fs/proc_namespace.o
  CC      drivers/cpufreq/cpufreq_stats.o
  CC      drivers/cpuidle/driver.o
  CC      drivers/i2c/busses/i2c-uniphier-f.o
  CC      drivers/gpu/drm/drm_panel.o
  CC      drivers/watchdog/mtk_wdt.o
  AR      drivers/clk/built-in.a
  CC      drivers/edac/highbank_l2_edac.o
  CC      drivers/mmc/host/mmci.o
  AR      drivers/net/ethernet/natsemi/built-in.a
  CC      drivers/cpuidle/governor.o
  AR      drivers/net/ethernet/intel/igb/built-in.a
  CC      drivers/cpufreq/cpufreq_performance.o
  CC      drivers/mmc/core/bus.o
  CC      fs/direct-io.o
  CC      drivers/thermal/rockchip_thermal.o
  CC      drivers/gpu/drm/drm_of.o
  AR      drivers/net/ethernet/marvell/built-in.a
  AR      drivers/ufs/built-in.a
  CC      drivers/mmc/host/mmci_qcom_dml.o
  CC      drivers/i2c/busses/i2c-xiic.o
  CC      drivers/i2c/busses/i2c-rcar.o
  CC      drivers/thermal/rcar_thermal.o
  CC      drivers/mmc/core/host.o
  CC      drivers/cpuidle/sysfs.o
  CC      drivers/cpufreq/cpufreq_ondemand.o
  CC      drivers/watchdog/digicolor_wdt.o
  AR      drivers/net/ethernet/neterion/built-in.a
  CC      drivers/mmc/host/mmci_stm32_sdmmc.o
  CC      drivers/i2c/busses/i2c-bcm-kona.o
  AR      drivers/edac/built-in.a
  CC      drivers/cpuidle/dt_idle_states.o
  CC      drivers/leds/trigger/ledtrig-timer.o
  CC      drivers/leds/blink/leds-bcm63138.o
  CC      drivers/mmc/host/sdhci.o
  AR      drivers/net/ethernet/microchip/vcap/built-in.a
  AR      drivers/net/ethernet/microchip/built-in.a
  CC      drivers/thermal/db8500_thermal.o
  CC      drivers/watchdog/aspeed_wdt.o
  CC      drivers/gpu/drm/drm_pci.o
  CC      drivers/thermal/armada_thermal.o
  CC      drivers/watchdog/stm32_iwdg.o
  CC      drivers/leds/trigger/ledtrig-oneshot.o
  CC      drivers/cpufreq/cpufreq_governor.o
  CC      drivers/i2c/busses/i2c-brcmstb.o
  CC      drivers/gpu/drm/drm_debugfs.o
  CC      drivers/cpuidle/dt_idle_genpd.o
  AR      drivers/leds/blink/built-in.a
  AR      drivers/net/ethernet/netronome/built-in.a
  CC      drivers/mmc/core/mmc.o
  CC      drivers/mmc/host/sdhci-pxav3.o
  CC      fs/eventpoll.o
  CC      drivers/watchdog/gxp-wdt.o
  AR      drivers/firmware/arm_ffa/built-in.a
  CC      drivers/firmware/arm_scmi/bus.o
  CC      drivers/watchdog/of_xilinx_wdt.o
  CC      drivers/firmware/arm_scmi/driver.o
  CC      drivers/mmc/host/sdhci-s3c.o
  CC      drivers/thermal/imx_thermal.o
  CC      drivers/leds/trigger/ledtrig-heartbeat.o
  AR      drivers/net/ethernet/ni/built-in.a
  AR      drivers/net/ethernet/nvidia/built-in.a
  CC      drivers/watchdog/bcm47xx_wdt.o
  CC      drivers/cpuidle/cpuidle-zynq.o
  CC      drivers/gpu/drm/drm_debugfs_crc.o
  AR      drivers/leds/simple/built-in.a
  CC      drivers/cpufreq/cpufreq_governor_attr_set.o
  CC      drivers/mmc/core/mmc_ops.o
  CC      fs/anon_inodes.o
  CC      drivers/firmware/broadcom/bcm47xx_nvram.o
  CC      drivers/cpufreq/cpufreq-dt.o
  AR      drivers/i2c/busses/built-in.a
  CC      drivers/cpuidle/cpuidle-at91.o
  CC      drivers/thermal/hisi_thermal.o
  AR      drivers/i2c/built-in.a
  CC      drivers/firmware/arm_scmi/notify.o
  CC      drivers/cpuidle/cpuidle-exynos.o
  CC      drivers/leds/trigger/ledtrig-backlight.o
  CC      drivers/cpuidle/cpuidle-arm.o
  CC      drivers/watchdog/stpmic1_wdt.o
  CC      fs/signalfd.o
  AR      drivers/net/ethernet/oki-semi/built-in.a
  CC      drivers/mmc/core/sd.o
  CC      drivers/thermal/uniphier_thermal.o
  CC      drivers/firmware/broadcom/bcm47xx_sprom.o
  CC      drivers/gpu/drm/drm_panel_orientation_quirks.o
  CC      drivers/firmware/broadcom/tee_bnxt_fw.o
  AR      drivers/net/ethernet/packetengines/built-in.a
  CC      drivers/leds/trigger/ledtrig-cpu.o
  CC      drivers/mmc/host/sdhci-spear.o
  CC      drivers/cpufreq/cpufreq-dt-platdev.o
  AR      drivers/crypto/allwinner/built-in.a
  AR      drivers/crypto/stm32/built-in.a
  AR      drivers/firmware/cirrus/built-in.a
  AR      drivers/watchdog/built-in.a
  AR      drivers/crypto/xilinx/built-in.a
  AR      drivers/net/ethernet/qlogic/built-in.a
  CC      drivers/firmware/arm_scmi/base.o
  CC      fs/timerfd.o
  AR      drivers/firmware/meson/built-in.a
  AR      drivers/crypto/hisilicon/built-in.a
  CC      drivers/leds/trigger/ledtrig-default-on.o
  CC      drivers/cpuidle/cpuidle-psci.o
  CC      drivers/clocksource/timer-of.o
  AR      drivers/crypto/intel/keembay/built-in.a
  AR      drivers/crypto/intel/ixp4xx/built-in.a
  AR      drivers/crypto/intel/built-in.a
  CC      drivers/cpuidle/cpuidle-psci-domain.o
  CC      drivers/mmc/host/omap.o
  AR      drivers/crypto/starfive/built-in.a
  CC      drivers/thermal/amlogic_thermal.o
  CC      drivers/cpufreq/brcmstb-avs-cpufreq.o
  CC      drivers/gpu/drm/drm_atomic_helper.o
  CC      fs/eventfd.o
  CC      drivers/firmware/arm_scmi/clock.o
  CC      drivers/leds/trigger/ledtrig-transient.o
  AR      drivers/crypto/built-in.a
  AR      drivers/net/ethernet/qualcomm/emac/built-in.a
  AR      drivers/net/ethernet/qualcomm/built-in.a
  CC      drivers/clocksource/timer-probe.o
  CC      drivers/mmc/core/sd_ops.o
  CC      drivers/cpufreq/imx6q-cpufreq.o
  CC      drivers/cpuidle/cpuidle-tegra.o
  CC      fs/aio.o
  CC      drivers/firmware/efi/efi.o
  CC      drivers/gpu/drm/drm_atomic_state_helper.o
  AR      drivers/thermal/built-in.a
  CC      drivers/leds/led-core.o
  CC      drivers/hid/usbhid/hid-core.o
  CC      drivers/firmware/efi/libstub/efi-stub-helper.o
  CC      fs/locks.o
  CC      fs/binfmt_script.o
  CC      fs/binfmt_elf.o
  AR      drivers/net/ethernet/intel/e1000e/built-in.a
  CC      drivers/mmc/host/omap_hsmmc.o
  AR      drivers/net/ethernet/intel/built-in.a
  CC      drivers/firmware/arm_scmi/perf.o
  CC      drivers/net/ethernet/realtek/r8169_main.o
  CC      drivers/clocksource/timer-atmel-pit.o
  CC      drivers/leds/trigger/ledtrig-camera.o
  CC      drivers/cpuidle/cpuidle-qcom-spm.o
  CC      drivers/mmc/core/sdio.o
  CC      drivers/firmware/efi/vars.o
  AR      drivers/firmware/imx/built-in.a
  CC      drivers/mmc/host/atmel-mci.o
  CC      fs/mbcache.o
  AR      drivers/firmware/broadcom/built-in.a
  CC      drivers/gpu/drm/drm_bridge_connector.o
  CC      drivers/cpufreq/mvebu-cpufreq.o
  CC      drivers/cpufreq/omap-cpufreq.o
  AR      drivers/leds/trigger/built-in.a
  CC      drivers/of/base.o
  CC      drivers/leds/led-class.o
  CC      drivers/clocksource/timer-atmel-tcb.o
  CC      drivers/firmware/efi/libstub/gop.o
  CC      drivers/firmware/efi/libstub/secureboot.o
  AR      drivers/cpuidle/built-in.a
  CC      drivers/clocksource/sh_cmt.o
  CC      drivers/firmware/arm_scmi/power.o
  CC      drivers/mmc/core/sdio_ops.o
  CC      drivers/mmc/core/sdio_bus.o
  CC      drivers/firmware/arm_scmi/reset.o
  CC      drivers/cpufreq/qcom-cpufreq-nvmem.o
  CC      drivers/leds/led-triggers.o
  CC      drivers/cpufreq/raspberrypi-cpufreq.o
  CC      drivers/firmware/efi/reboot.o
  CC      drivers/mmc/core/sdio_cis.o
  CC      fs/posix_acl.o
  CC      drivers/firmware/efi/memattr.o
  AR      drivers/hid/usbhid/built-in.a
  CC      drivers/hid/hid-core.o
  CC      drivers/firmware/efi/libstub/tpm.o
  CC      drivers/bcma/main.o
  CC      fs/coredump.o
  CC      drivers/bcma/scan.o
  CC      drivers/leds/leds-gpio.o
  CC      drivers/net/ethernet/renesas/sh_eth.o
  CC      drivers/firmware/arm_scmi/sensors.o
  CC      drivers/gpu/drm/drm_crtc_helper.o
  CC      drivers/of/cpu.o
  CC      drivers/cpufreq/scmi-cpufreq.o
  CC      drivers/net/ethernet/realtek/r8169_firmware.o
  CC      drivers/clocksource/sh_mtu2.o
  CC      drivers/mmc/host/mvsdio.o
  CC      drivers/hid/hid-input.o
  CC      drivers/of/device.o
  CC      drivers/mmc/core/sdio_io.o
  CC      drivers/of/module.o
  AR      drivers/staging/media/built-in.a
  AR      drivers/staging/iio/accel/built-in.a
  CC      drivers/firmware/efi/libstub/file.o
  AR      drivers/staging/iio/adc/built-in.a
  AR      drivers/staging/iio/addac/built-in.a
  CC      drivers/leds/leds-ns2.o
  AR      drivers/staging/iio/frequency/built-in.a
  AR      drivers/staging/iio/impedance-analyzer/built-in.a
  CC      drivers/firmware/psci/psci.o
  AR      drivers/staging/iio/resolver/built-in.a
  AR      drivers/staging/iio/built-in.a
  CC      drivers/bcma/core.o
  CC      drivers/staging/nvec/nvec_ps2.o
  CC      drivers/staging/nvec/nvec.o
  CC      drivers/cpufreq/spear-cpufreq.o
  CC      drivers/staging/nvec/nvec_power.o
  CC      drivers/firmware/arm_scmi/system.o
  CC      drivers/gpu/drm/drm_damage_helper.o
  CC      drivers/clocksource/renesas-ostm.o
  CC      drivers/of/platform.o
  CC      drivers/staging/board/board.o
  CC      drivers/leds/leds-pwm.o
  CC      drivers/net/ethernet/realtek/r8169_phy_config.o
  CC      fs/drop_caches.o
  CC      drivers/mmc/core/sdio_irq.o
  CC      drivers/cpufreq/tegra20-cpufreq.o
  CC      drivers/firmware/arm_scmi/voltage.o
  CC      drivers/firmware/efi/libstub/mem.o
  AR      drivers/net/ethernet/rdc/built-in.a
  CC      drivers/mmc/host/tmio_mmc_core.o
  CC      drivers/firmware/efi/libstub/random.o
  CC      drivers/firmware/smccc/smccc.o
  CC      drivers/firmware/smccc/kvm_guest.o
  CC      drivers/bcma/sprom.o
  CC      drivers/staging/nvec/nvec_kbd.o
  CC      drivers/clocksource/sh_tmu.o
  AR      drivers/net/ethernet/rocker/built-in.a
  AR      drivers/net/ethernet/samsung/built-in.a
  CC      drivers/clocksource/em_sti.o
  AR      drivers/firmware/psci/built-in.a
  CC      drivers/bcma/driver_chipcommon.o
  CC      drivers/staging/board/kzm9d.o
  CC      drivers/clocksource/mmio.o
  CC      drivers/gpu/drm/drm_encoder_slave.o
  CC      drivers/cpufreq/tegra124-cpufreq.o
  AR      drivers/leds/built-in.a
  AR      drivers/net/ethernet/seeq/built-in.a
  CC      drivers/firmware/smccc/soc_id.o
  CC      drivers/staging/nvec/nvec_paz00.o
  AR      drivers/net/ethernet/silan/built-in.a
  CC      drivers/firmware/arm_scmi/powercap.o
  AR      drivers/net/ethernet/sis/built-in.a
  CC      fs/sysctls.o
  CC      drivers/of/property.o
  CC      drivers/gpu/drm/drm_flip_work.o
  CC      drivers/firmware/efi/libstub/randomalloc.o
  CC      drivers/cpufreq/ti-cpufreq.o
  CC      drivers/firmware/efi/tpm.o
  CC      drivers/mmc/core/slot-gpio.o
  CC      drivers/staging/board/armadillo800eva.o
  CC      fs/fhandle.o
  CC      drivers/mmc/host/renesas_sdhi_core.o
  CC      drivers/bcma/driver_chipcommon_pmu.o
  CC      drivers/clocksource/timer-digicolor.o
  AR      drivers/firmware/tegra/built-in.a
  CC      drivers/platform/chrome/cros_ec_proto.o
  CC      drivers/firmware/arm_scmi/shmem.o
  AR      drivers/staging/nvec/built-in.a
  CC      drivers/hid/hid-quirks.o
  AR      drivers/net/ethernet/sfc/built-in.a
  AR      drivers/firmware/smccc/built-in.a
  CC      drivers/firmware/efi/memmap.o
  CC      drivers/platform/chrome/cros_ec_trace.o
  CC      drivers/net/ethernet/smsc/smsc911x.o
  CC      drivers/cpufreq/qoriq-cpufreq.o
  CC      drivers/net/ethernet/socionext/sni_ave.o
  AR      drivers/net/ethernet/realtek/built-in.a
  CC      drivers/firmware/arm_scmi/mailbox.o
  CC      drivers/firmware/efi/libstub/pci.o
  CC      drivers/gpu/drm/drm_format_helper.o
  CC      drivers/hid/hid-debug.o
  CC      drivers/clocksource/timer-ti-dm.o
  AR      drivers/firmware/xilinx/built-in.a
  CC      drivers/bcma/driver_chipcommon_b.o
  AR      drivers/staging/board/built-in.a
  AR      drivers/staging/built-in.a
  CC      drivers/mmc/core/regulator.o
  CC      drivers/firmware/efi/capsule.o
  CC      drivers/net/ethernet/stmicro/stmmac/stmmac_main.o
  CC      drivers/firmware/efi/fdtparams.o
  CC      drivers/mmc/host/renesas_sdhi_sys_dmac.o
  CC      drivers/hid/hid-generic.o
  AR      fs/built-in.a
  CC      drivers/of/kobj.o
  CC      drivers/firmware/arm_scmi/smc.o
  CC      drivers/firmware/efi/libstub/skip_spaces.o
  AR      drivers/platform/chrome/built-in.a
  AR      drivers/platform/built-in.a
  AR      drivers/cpufreq/built-in.a
  CC      drivers/clocksource/timer-ti-dm-systimer.o
  CC      drivers/firmware/dmi_scan.o
  CC      drivers/mailbox/mailbox.o
  CC      drivers/mailbox/pl320-ipc.o
  CC      drivers/firmware/efi/libstub/lib-cmdline.o
  AR      drivers/net/ethernet/renesas/built-in.a
  CC      drivers/firmware/dmi-id.o
  CC      drivers/bcma/driver_chipcommon_sflash.o
  CC      drivers/gpu/drm/drm_gem_atomic_helper.o
  CC      drivers/firmware/efi/libstub/lib-ctype.o
  CC      drivers/hwspinlock/hwspinlock_core.o
  CC      drivers/firmware/arm_scmi/msg.o
  CC      drivers/remoteproc/remoteproc_core.o
  CC      drivers/mmc/core/pwrseq.o
  CC      drivers/rpmsg/rpmsg_core.o
  CC      drivers/firmware/arm_scmi/optee.o
  CC      drivers/gpu/drm/drm_gem_framebuffer_helper.o
  CC      drivers/firmware/efi/libstub/alignedmem.o
  CC      drivers/rpmsg/qcom_smd.o
  AR      drivers/hid/built-in.a
  CC      drivers/remoteproc/remoteproc_coredump.o
  CC      drivers/of/dynamic.o
  CC      drivers/clocksource/dw_apb_timer.o
  CC      drivers/gpu/drm/drm_kms_helper_common.o
  CC      drivers/remoteproc/remoteproc_debugfs.o
  CC      drivers/mailbox/omap-mailbox.o
  CC      drivers/mmc/host/renesas_sdhi_internal_dmac.o
  CC      drivers/bcma/driver_pci.o
  CC      drivers/mmc/core/debugfs.o
  CC      drivers/firmware/arm_scmi/scmi_pm_domain.o
  CC      drivers/mailbox/bcm2835-mailbox.o
  CC      drivers/hwspinlock/omap_hwspinlock.o
  AR      drivers/net/ethernet/socionext/built-in.a
  CC      drivers/hwspinlock/qcom_hwspinlock.o
  CC      drivers/net/ethernet/stmicro/stmmac/stmmac_ethtool.o
  CC      drivers/firmware/efi/libstub/relocate.o
  CC      drivers/firmware/efi/esrt.o
  AR      drivers/devfreq/event/built-in.a
  CC      drivers/devfreq/devfreq.o
  CC      drivers/clocksource/dw_apb_timer_of.o
  CC      drivers/clocksource/timer-rockchip.o
  CC      drivers/gpu/drm/drm_modeset_helper.o
  AR      drivers/firmware/arm_scmi/built-in.a
  CC      drivers/bcma/driver_pcie2.o
  AR      drivers/net/ethernet/smsc/built-in.a
  CC      drivers/bcma/driver_gmac_cmn.o
  CC      drivers/of/fdt.o
  CC      drivers/extcon/extcon.o
  CC      drivers/firmware/raspberrypi.o
  CC      drivers/firmware/efi/efi-pstore.o
  AR      drivers/hwspinlock/built-in.a
  CC      drivers/devfreq/devfreq-event.o
  CC      drivers/remoteproc/remoteproc_sysfs.o
  CC      drivers/memory/samsung/exynos-srom.o
  AR      drivers/rpmsg/built-in.a
  CC      drivers/mmc/core/pwrseq_simple.o
  CC      drivers/firmware/efi/libstub/printk.o
  CC      drivers/mmc/host/uniphier-sd.o
  CC      drivers/mailbox/hi3660-mailbox.o
  CC      drivers/firmware/efi/runtime-wrappers.o
  CC      drivers/firmware/qcom_scm.o
  CC      drivers/clocksource/nomadik-mtu.o
  AR      drivers/iio/accel/built-in.a
  CC      drivers/mmc/host/dw_mmc.o
  CC      drivers/iio/adc/ab8500-gpadc.o
  CC      drivers/extcon/devres.o
  CC      drivers/bcma/driver_gpio.o
  AR      drivers/memory/samsung/built-in.a
  CC      drivers/gpu/drm/drm_plane_helper.o
  CC      drivers/memory/tegra/mc.o
  CC      drivers/mailbox/hi6220-mailbox.o
  CC      drivers/memory/jedec_ddr_data.o
  CC      drivers/remoteproc/remoteproc_virtio.o
  CC      drivers/extcon/extcon-usb-gpio.o
  CC      drivers/firmware/efi/libstub/vsprintf.o
  CC      drivers/clocksource/clksrc-dbx500-prcmu.o
  CC      drivers/mmc/core/pwrseq_emmc.o
  CC      drivers/perf/arm_pmu.o
  CC      drivers/net/ethernet/stmicro/stmmac/stmmac_mdio.o
  CC      drivers/of/fdt_address.o
  CC      drivers/mmc/host/dw_mmc-pltfm.o
  CC      drivers/iio/adc/bcm_iproc_adc.o
  AR      drivers/iio/addac/built-in.a
  CC      drivers/bcma/host_pci.o
  CC      drivers/bcma/host_soc.o
  CC      drivers/firmware/efi/libstub/fdt.o
  AR      drivers/net/ethernet/sun/built-in.a
  CC      drivers/firmware/efi/libstub/lib-fdt_rw.o
  CC      drivers/clocksource/timer-armada-370-xp.o
  CC      drivers/of/address.o
  AR      drivers/extcon/built-in.a
  CC      drivers/memory/tegra/tegra20.o
  CC      drivers/gpu/drm/drm_probe_helper.o
  CC      drivers/devfreq/governor_simpleondemand.o
  CC      drivers/mmc/host/dw_mmc-exynos.o
  CC      drivers/mailbox/qcom-apcs-ipc-mailbox.o
  AR      drivers/iio/afe/built-in.a
  CC      drivers/net/ethernet/stmicro/stmmac/ring_mode.o
  CC      drivers/clocksource/timer-orion.o
  CC      drivers/firmware/efi/libstub/lib-fdt_ro.o
  CC      drivers/mmc/core/block.o
  CC      drivers/iio/adc/xilinx-xadc-core.o
  CC      drivers/remoteproc/remoteproc_elf_loader.o
  CC      drivers/ras/ras.o
  AR      drivers/hwtracing/intel_th/built-in.a
  CC      drivers/perf/arm_pmu_platform.o
  AR      drivers/net/ethernet/sunplus/built-in.a
  CC      drivers/mailbox/sun6i-msgbox.o
  AR      drivers/devfreq/built-in.a
  AR      drivers/bcma/built-in.a
  CC      drivers/of/irq.o
  AR      drivers/net/ethernet/tehuti/built-in.a
  CC      drivers/net/ethernet/ti/cpsw-common.o
  CC      drivers/memory/of_memory.o
  CC      drivers/firmware/efi/libstub/lib-fdt_wip.o
  AR      drivers/android/built-in.a
  CC      drivers/gpu/drm/drm_rect.o
  CC      drivers/memory/tegra/tegra30.o
  CC      drivers/ras/debugfs.o
  CC      drivers/clocksource/bcm2835_timer.o
  CC      drivers/mmc/host/dw_mmc-rockchip.o
  CC      drivers/firmware/efi/libstub/lib-fdt.o
  CC      drivers/mailbox/qcom-ipcc.o
  CC      drivers/of/of_reserved_mem.o
  CC      drivers/firmware/efi/libstub/lib-fdt_empty_tree.o
  CC      drivers/memory/atmel-ebi.o
  CC      drivers/net/ethernet/ti/davinci_mdio.o
  CC      drivers/firmware/efi/libstub/lib-fdt_sw.o
  AR      drivers/iio/amplifiers/built-in.a
  CC      drivers/firmware/qcom_scm-smc.o
  CC      drivers/mmc/core/queue.o
  CC      drivers/firmware/efi/sysfb_efi.o
  CC      drivers/memory/tegra/tegra114.o
  CC      drivers/net/ethernet/stmicro/stmmac/chain_mode.o
  CC      drivers/iio/adc/xilinx-xadc-events.o
  CC      drivers/clocksource/timer-sun4i.o
  CC      drivers/gpu/drm/drm_self_refresh_helper.o
  CC      drivers/gpu/drm/drm_simple_kms_helper.o
  CC      drivers/gpu/drm/bridge/panel.o
  AR      drivers/perf/built-in.a
  CC      drivers/firmware/efi/libstub/efi-stub.o
  AR      drivers/ras/built-in.a
  AR      drivers/remoteproc/built-in.a
  AR      drivers/nvmem/layouts/built-in.a
  CC      drivers/nvmem/core.o
  CC      drivers/mmc/host/sh_mmcif.o
  CC      drivers/nvmem/bcm-ocotp.o
  CC      drivers/tee/optee/core.o
  AR      drivers/mailbox/built-in.a
  CC      drivers/firmware/qcom_scm-legacy.o
  CC      drivers/mmc/host/wmt-sdmmc.o
  AR      drivers/of/built-in.a
  CC      drivers/iio/buffer/industrialio-triggered-buffer.o
  CC      drivers/tee/optee/call.o
  AR      drivers/iio/adc/built-in.a
  CC      drivers/memory/tegra/tegra124.o
  CC      drivers/interconnect/qcom/icc-common.o
  CC      drivers/clocksource/timer-sun5i.o
  CC      drivers/tee/optee/notif.o
  CC      drivers/firmware/efi/libstub/string.o
  CC      drivers/tee/tee_core.o
  CC      drivers/memory/tegra/tegra20-emc.o
  CC      drivers/firmware/efi/libstub/intrinsics.o
  CC      drivers/gpu/drm/drm_fbdev_generic.o
  CC      drivers/gpu/drm/drm_fb_helper.o
  CC      drivers/iio/buffer/kfifo_buf.o
  CC      drivers/net/ethernet/ti/cpts.o
  CC      drivers/tee/optee/rpc.o
  CC      drivers/tee/optee/supp.o
  CC      drivers/nvmem/imx-ocotp.o
  CC      drivers/interconnect/qcom/msm8916.o
  AR      drivers/mmc/core/built-in.a
  CC      drivers/interconnect/qcom/smd-rpm.o
  CC      drivers/net/ethernet/stmicro/stmmac/dwmac_lib.o
  AR      drivers/iio/cdc/built-in.a
  CC      drivers/interconnect/core.o
  CC      drivers/tee/optee/device.o
  CC      drivers/tee/optee/smc_abi.o
  CC      drivers/tee/optee/ffa_abi.o
  CC      drivers/clocksource/timer-meson6.o
  AR      drivers/iio/chemical/built-in.a
  CC      drivers/interconnect/bulk.o
  CC      drivers/interconnect/debugfs-client.o
  CC      drivers/mmc/host/meson-mx-sdhc-clkc.o
  CC      drivers/nvmem/qfprom.o
  AR      drivers/iio/common/cros_ec_sensors/built-in.a
  AR      drivers/iio/common/hid-sensors/built-in.a
  AR      drivers/iio/common/inv_sensors/built-in.a
  AR      drivers/iio/buffer/built-in.a
  AR      drivers/iio/common/ms_sensors/built-in.a
  CC      drivers/firmware/efi/libstub/systable.o
  AR      drivers/net/ethernet/vertexcom/built-in.a
  CC      drivers/interconnect/qcom/icc-rpm.o
  AR      drivers/iio/common/scmi_sensors/built-in.a
  CC      drivers/memory/brcmstb_dpfe.o
  AR      drivers/iio/common/ssp_sensors/built-in.a
  AR      drivers/iio/common/st_sensors/built-in.a
  CC      drivers/memory/brcmstb_memc.o
  AR      drivers/iio/common/built-in.a
  CC      drivers/clocksource/timer-tegra.o
  AR      drivers/iio/dac/built-in.a
  CC      drivers/mmc/host/meson-mx-sdhc-mmc.o
  AR      drivers/iio/dummy/built-in.a
  CC      drivers/iio/gyro/mpu3050-core.o
  CC      drivers/net/ethernet/ti/cpsw.o
  CC      drivers/firmware/efi/libstub/screen_info.o
  CC      drivers/interconnect/qcom/icc-rpm-clocks.o
  CC      drivers/memory/tegra/tegra30-emc.o
  CC      drivers/tee/tee_shm.o
  CC      drivers/nvmem/sunxi_sid.o
  CC      drivers/net/ethernet/stmicro/stmmac/dwmac1000_core.o
  AR      drivers/net/ethernet/via/built-in.a
  CC      drivers/nvmem/vf610-ocotp.o
  CC      drivers/clocksource/timer-vt8500.o
  CC      drivers/memory/ti-aemif.o
  CC      drivers/gpu/drm/drm_mipi_dsi.o
  AR      drivers/iio/filter/built-in.a
  CC      drivers/iio/gyro/mpu3050-i2c.o
  CC      drivers/mmc/host/meson-mx-sdio.o
  AR      drivers/interconnect/qcom/built-in.a
  CC      drivers/tee/tee_shm_pool.o
  CC      drivers/mmc/host/sunxi-mmc.o
  CC      drivers/clocksource/bcm_kona_timer.o
  AR      drivers/net/ethernet/wangxun/built-in.a
  CC      drivers/memory/omap-gpmc.o
  AR      drivers/net/ethernet/wiznet/built-in.a
  CC      drivers/net/ethernet/xilinx/xilinx_emaclite.o
  CC      drivers/firmware/sysfb.o
  CC      drivers/memory/tegra/tegra124-emc.o
  CC      drivers/firmware/efi/libstub/efi-stub-entry.o
  AR      drivers/nvmem/built-in.a
  CC      drivers/net/ethernet/stmicro/stmmac/dwmac1000_dma.o
  AR      drivers/interconnect/built-in.a
  CC      drivers/clocksource/timer-cadence-ttc.o
  CC      drivers/net/ethernet/ti/davinci_cpdma.o
  AR      drivers/tee/optee/built-in.a
  CC      drivers/memory/mvebu-devbus.o
  CC      drivers/firmware/efi/efi-init.o
  CC      drivers/firmware/trusted_foundations.o
  AR      drivers/net/ethernet/synopsys/built-in.a
  CC      drivers/firmware/efi/libstub/arm32-stub.o
  CC      drivers/net/ethernet/stmicro/stmmac/dwmac100_core.o
  AR      drivers/tee/built-in.a
  CC      drivers/net/ethernet/stmicro/stmmac/dwmac100_dma.o
  CC      drivers/net/ethernet/stmicro/stmmac/enh_desc.o
  CC      drivers/net/ethernet/stmicro/stmmac/norm_desc.o
  AR      drivers/iio/gyro/built-in.a
  CC      drivers/firmware/efi/arm-runtime.o
  AR      drivers/iio/frequency/built-in.a
  STUBCPY drivers/firmware/efi/libstub/alignedmem.stub.o
  AR      drivers/iio/health/built-in.a
  CC      drivers/clocksource/timer-stm32.o
  CC      drivers/clocksource/exynos_mct.o
  AR      drivers/iio/humidity/built-in.a
  AR      drivers/gpu/drm/built-in.a
  AR      drivers/iio/imu/bmi160/built-in.a
  CC      drivers/iio/light/isl29018.o
  AR      drivers/gpu/built-in.a
  AR      drivers/iio/imu/bno055/built-in.a
  CC      drivers/memory/pl353-smc.o
  AR      drivers/iio/imu/inv_icm42600/built-in.a
  AR      drivers/net/ethernet/pensando/built-in.a
  AR      drivers/iio/imu/inv_mpu6050/built-in.a
  CC      drivers/net/ethernet/ti/cpsw_ale.o
  AR      drivers/iio/imu/st_lsm6dsx/built-in.a
  CC      drivers/net/ethernet/stmicro/stmmac/mmc_core.o
  AR      drivers/iio/imu/st_lsm9ds0/built-in.a
  CC      drivers/net/ethernet/ti/cpsw_priv.o
  AR      drivers/iio/imu/built-in.a
  CC      drivers/net/ethernet/ti/cpsw_sl.o
  CC      drivers/clocksource/samsung_pwm_timer.o
  STUBCPY drivers/firmware/efi/libstub/efi-stub-helper.stub.o
  AR      drivers/memory/tegra/built-in.a
  AR      drivers/net/ethernet/xilinx/built-in.a
  STUBCPY drivers/firmware/efi/libstub/efi-stub.stub.o
  CC      drivers/net/ethernet/stmicro/stmmac/stmmac_hwtstamp.o
  CC      drivers/net/ethernet/stmicro/stmmac/stmmac_ptp.o
  STUBCPY drivers/firmware/efi/libstub/fdt.stub.o
  STUBCPY drivers/firmware/efi/libstub/file.stub.o
  STUBCPY drivers/firmware/efi/libstub/gop.stub.o
  CC      drivers/mmc/host/bcm2835.o
  STUBCPY drivers/firmware/efi/libstub/intrinsics.stub.o
  STUBCPY drivers/firmware/efi/libstub/lib-cmdline.stub.o
  STUBCPY drivers/firmware/efi/libstub/lib-ctype.stub.o
  CC      drivers/net/ethernet/stmicro/stmmac/dwmac4_descs.o
  STUBCPY drivers/firmware/efi/libstub/lib-fdt.stub.o
  STUBCPY drivers/firmware/efi/libstub/lib-fdt_empty_tree.stub.o
  STUBCPY drivers/firmware/efi/libstub/lib-fdt_ro.stub.o
  CC      drivers/clocksource/timer-qcom.o
  STUBCPY drivers/firmware/efi/libstub/lib-fdt_rw.stub.o
  STUBCPY drivers/firmware/efi/libstub/lib-fdt_sw.stub.o
  CC      drivers/net/ethernet/stmicro/stmmac/dwmac4_dma.o
  CC      drivers/clocksource/timer-mediatek.o
  STUBCPY drivers/firmware/efi/libstub/lib-fdt_wip.stub.o
  STUBCPY drivers/firmware/efi/libstub/mem.stub.o
  CC      drivers/iio/light/isl29028.o
  CC      drivers/net/ethernet/stmicro/stmmac/dwmac4_lib.o
  STUBCPY drivers/firmware/efi/libstub/pci.stub.o
  CC      drivers/iio/magnetometer/ak8975.o
  STUBCPY drivers/firmware/efi/libstub/printk.stub.o
  STUBCPY drivers/firmware/efi/libstub/random.stub.o
  STUBCPY drivers/firmware/efi/libstub/randomalloc.stub.o
  AR      drivers/iio/multiplexer/built-in.a
  STUBCPY drivers/firmware/efi/libstub/relocate.stub.o
  CC      drivers/clocksource/timer-mediatek-cpux.o
  STUBCPY drivers/firmware/efi/libstub/screen_info.stub.o
  CC      drivers/net/ethernet/stmicro/stmmac/dwmac4_core.o
  AR      drivers/iio/orientation/built-in.a
  STUBCPY drivers/firmware/efi/libstub/secureboot.stub.o
  CC      drivers/mmc/host/owl-mmc.o
  STUBCPY drivers/firmware/efi/libstub/skip_spaces.stub.o
  STUBCPY drivers/firmware/efi/libstub/string.stub.o
  CC      drivers/memory/stm32-fmc2-ebi.o
  STUBCPY drivers/firmware/efi/libstub/systable.stub.o
  AR      drivers/firmware/efi/built-in.a
  STUBCPY drivers/firmware/efi/libstub/tpm.stub.o
  STUBCPY drivers/firmware/efi/libstub/vsprintf.stub.o
  CC      drivers/clocksource/timer-ti-32k.o
  STUBCPY drivers/firmware/efi/libstub/arm32-stub.stub.o
  STUBCPY drivers/firmware/efi/libstub/efi-stub-entry.stub.o
  AR      drivers/firmware/efi/libstub/lib.a
  AR      drivers/iio/position/built-in.a
  CC      drivers/mmc/host/sdhci-pltfm.o
  AR      drivers/iio/potentiometer/built-in.a
  AR      drivers/firmware/built-in.a
  CC      drivers/net/ethernet/stmicro/stmmac/dwmac5.o
  CC      drivers/net/ethernet/stmicro/stmmac/hwif.o
  CC      drivers/net/ethernet/ti/cpsw_ethtool.o
  CC      drivers/clocksource/timer-owl.o
  CC      drivers/net/ethernet/stmicro/stmmac/stmmac_tc.o
  AR      drivers/iio/potentiostat/built-in.a
  CC      drivers/mmc/host/sdhci-esdhc-imx.o
  CC      drivers/net/ethernet/stmicro/stmmac/dwxgmac2_core.o
  CC      drivers/net/ethernet/ti/cpsw_switchdev.o
  AR      drivers/iio/pressure/built-in.a
  CC      drivers/net/ethernet/ti/cpsw_new.o
  AR      drivers/iio/light/built-in.a
  CC      drivers/mmc/host/sdhci-dove.o
  CC      drivers/clocksource/timer-milbeaut.o
  AR      drivers/iio/magnetometer/built-in.a
  CC      drivers/clocksource/arm_arch_timer.o
  CC      drivers/net/ethernet/stmicro/stmmac/dwxgmac2_dma.o
  CC      drivers/net/ethernet/stmicro/stmmac/dwxgmac2_descs.o
  AR      drivers/iio/proximity/built-in.a
  CC      drivers/mmc/host/sdhci-tegra.o
  AR      drivers/iio/resolver/built-in.a
  AR      drivers/iio/temperature/built-in.a
  AR      drivers/memory/built-in.a
  AR      drivers/iio/test/built-in.a
  CC      drivers/net/ethernet/stmicro/stmmac/stmmac_xdp.o
  CC      drivers/clocksource/arm_global_timer.o
  CC      drivers/net/ethernet/stmicro/stmmac/stmmac_platform.o
  CC      drivers/iio/trigger/iio-trig-hrtimer.o
  CC      drivers/mmc/host/sdhci-of-arasan.o
  CC      drivers/clocksource/timer-sp804.o
  CC      drivers/iio/industrialio-core.o
  CC      drivers/mmc/host/sdhci-of-at91.o
  CC      drivers/mmc/host/sdhci-of-esdhc.o
  AR      drivers/iio/trigger/built-in.a
  CC      drivers/net/ethernet/stmicro/stmmac/dwmac-ipq806x.o
  CC      drivers/iio/industrialio-event.o
  CC      drivers/mmc/host/sdhci-bcm-kona.o
  CC      drivers/clocksource/dummy_timer.o
  CC      drivers/iio/inkern.o
  CC      drivers/mmc/host/sdhci-iproc.o
  CC      drivers/net/ethernet/stmicro/stmmac/dwmac-meson.o
  CC      drivers/clocksource/timer-keystone.o
  CC      drivers/iio/industrialio-buffer.o
  CC      drivers/clocksource/timer-versatile.o
  CC      drivers/net/ethernet/stmicro/stmmac/dwmac-meson8b.o
  CC      drivers/net/ethernet/stmicro/stmmac/dwmac-qcom-ethqos.o
  CC      drivers/iio/industrialio-trigger.o
  CC      drivers/clocksource/timer-imx-gpt.o
  CC      drivers/net/ethernet/stmicro/stmmac/dwmac-rk.o
  CC      drivers/iio/industrialio-configfs.o
  CC      drivers/mmc/host/sdhci-msm.o
  CC      drivers/clocksource/timer-imx-tpm.o
  CC      drivers/mmc/host/sdhci-st.o
  CC      drivers/net/ethernet/stmicro/stmmac/dwmac-socfpga.o
  CC      drivers/clocksource/clksrc_st_lpc.o
  CC      drivers/iio/industrialio-sw-trigger.o
  CC      drivers/clocksource/timer-microchip-pit64b.o
  CC      drivers/net/ethernet/stmicro/stmmac/dwmac-sti.o
  CC      drivers/clocksource/timer-gxp.o
  CC      drivers/mmc/host/sdhci-brcmstb.o
  CC      drivers/net/ethernet/stmicro/stmmac/dwmac-stm32.o
  CC      drivers/net/ethernet/stmicro/stmmac/dwmac-sunxi.o
  CC      drivers/mmc/host/sdhci-omap.o
  CC      drivers/net/ethernet/stmicro/stmmac/dwmac-sun8i.o
  AR      drivers/net/ethernet/ti/built-in.a
  CC      drivers/mmc/host/cqhci-core.o
  CC      drivers/net/ethernet/stmicro/stmmac/dwmac-dwc-qos-eth.o
  CC      drivers/net/ethernet/stmicro/stmmac/dwmac-generic.o
  CC      drivers/net/ethernet/stmicro/stmmac/dwmac-imx.o
  AR      drivers/clocksource/built-in.a
  AR      drivers/iio/built-in.a
  AR      drivers/net/ethernet/stmicro/stmmac/built-in.a
  AR      drivers/net/ethernet/stmicro/built-in.a
  AR      drivers/net/ethernet/built-in.a
  AR      drivers/mmc/host/built-in.a
  AR      drivers/mmc/built-in.a
  AR      drivers/net/built-in.a
  AR      drivers/built-in.a
  AR      built-in.a
  AR      vmlinux.a
  LD      vmlinux.o
  OBJCOPY modules.builtin.modinfo
  GEN     modules.builtin
  MODPOST vmlinux.symvers
  CC      .vmlinux.export.o
  UPD     include/generated/utsversion.h
  CC      init/version-timestamp.o
  LD      .tmp_vmlinux.kallsyms1
  NM      .tmp_vmlinux.kallsyms1.syms
  KSYMS   .tmp_vmlinux.kallsyms1.S
  AS      .tmp_vmlinux.kallsyms1.S
  LD      .tmp_vmlinux.kallsyms2
  NM      .tmp_vmlinux.kallsyms2.syms
  KSYMS   .tmp_vmlinux.kallsyms2.S
  AS      .tmp_vmlinux.kallsyms2.S
  LD      vmlinux
  NM      System.map
  SORTTAB vmlinux
  OBJCOPY arch/arm/boot/Image
  Kernel: arch/arm/boot/Image is ready
  LDS     arch/arm/boot/compressed/vmlinux.lds
  AS      arch/arm/boot/compressed/head.o
  GZIP    arch/arm/boot/compressed/piggy_data
  CC      arch/arm/boot/compressed/misc.o
  CC      arch/arm/boot/compressed/decompress.o
  CC      arch/arm/boot/compressed/string.o
  AS      arch/arm/boot/compressed/hyp-stub.o
  CC      arch/arm/boot/compressed/fdt_rw.o
  CC      arch/arm/boot/compressed/fdt_ro.o
  CC      arch/arm/boot/compressed/fdt_wip.o
  CC      arch/arm/boot/compressed/fdt.o
  CC      arch/arm/boot/compressed/atags_to_fdt.o
  CC      arch/arm/boot/compressed/fdt_check_mem_start.o
  AS      arch/arm/boot/compressed/lib1funcs.o
  AS      arch/arm/boot/compressed/ashldi3.o
  AS      arch/arm/boot/compressed/bswapsdi2.o
  AS      arch/arm/boot/compressed/piggy.o
  LD      arch/arm/boot/compressed/vmlinux
  OBJCOPY arch/arm/boot/zImage
  Kernel: arch/arm/boot/zImage is ready
make[1]: Leaving directory '/home/ubuntu/Projects/MYSELF/ZTE/H3600/build'
make: Leaving directory '/home/ubuntu/Projects/MYSELF/ZTE/H3600/linux-v6.6'
