    0 a 00000001 00000001 bf0fc994 00000001
    1 k 00000001 0013dd00 bf0fc9b0 00000001
    2 M 00000001 040200ff bf0fc710 00000001
    3 x 00000001 00000002 bf0fc908 00000001
    4 l 00000000 00000000 00000001 00000320
    5 l 00000000 00000003 00000001 00000190
    6 l 00000000 00000004 00000001 00000190
    7 l 00000000 00000005 00000001 00000190
    8 l 00000000 00000006 00000001 000003e8
    9 l 00000001 00000000 00000001 00000320
   10 l 00000001 00000003 00000001 00000190
   11 l 00000001 00000004 00000001 00000190
   12 l 00000001 00000005 00000001 00000190
   13 l 00000001 00000006 00000001 000003e8
   14 J 00000000 00000000 00000007 00000000
   15 J 00000000 00000001 00000007 00000000
   16 J 00000000 00000002 00000006 00000000
   17 J 00000000 0000002d 00000006 00000000
   18 J 00000000 0000002e 00000006 00000000
   19 J 00000000 0000002f 00000006 00000000
   20 J 00000000 00000030 00000006 00000000
   21 J 00000000 00000008 00000006 00000000
   22 J 00000000 00000009 00000006 00000000
   23 J 00000000 0000000a 00000006 00000000
   24 J 00000000 0000000b 00000006 00000000
   25 J 00000000 0000000c 00000006 00000000
   26 J 00000000 00000010 00000006 00000000
   27 J 00000000 00000011 00000006 00000000
   28 J 00000000 00000012 00000006 00000000
   29 J 00000000 00000013 00000006 00000000
   30 J 00000000 00000014 00000006 00000000
   31 J 00000000 00000015 00000006 00000000
   32 J 00000000 00000016 00000006 00000000
   33 J 00000000 0000001b 00000006 00000000
   34 J 00000000 0000001c 00000006 00000000
   35 J 00000000 0000001d 00000006 00000000
   36 J 00000000 0000001e 00000006 00000000
   37 J 00000000 0000001f 00000006 00000000
   38 J 00000000 00000020 00000006 00000000
   39 J 00000000 00000021 00000006 00000000
   40 J 00000000 00000022 00000006 00000000
   41 J 00000000 00000023 00000006 00000000
   42 J 00000000 00000024 00000006 00000000
   43 J 00000000 00000025 00000006 00000000
   44 J 00000000 00000026 00000006 00000000
   45 J 00000000 00000027 00000006 00000000
   46 J 00000000 00000028 00000006 00000000
   47 J 00000000 00000029 00000006 00000000
   48 J 00000000 0000002a 00000006 00000000
   49 J 00000000 0000002b 00000006 00000000
   50 J 00000000 00000048 00000006 00000000
   51 J 00000000 00000049 00000006 00000000
   52 J 00000000 0000002c 00000005 00000000
   53 J 00000000 00000053 00000005 00000000
   54 J 00000000 00000003 00000004 00000000
   55 J 00000000 00000004 00000004 00000000
   56 J 00000000 00000005 00000004 00000000
   57 J 00000000 00000006 00000004 00000000
   58 J 00000000 00000007 00000004 00000000
   59 J 00000000 0000000d 00000004 00000000
   60 J 00000000 0000000e 00000004 00000000
   61 J 00000000 0000000f 00000004 00000000
   62 J 00000000 00000017 00000004 00000000
   63 J 00000000 00000018 00000004 00000000
   64 J 00000000 00000019 00000004 00000000
   65 J 00000000 0000001a 00000004 00000000
   66 J 00000000 00000033 00000004 00000000
   67 J 00000000 00000034 00000004 00000000
   68 J 00000000 00000035 00000004 00000000
   69 J 00000000 00000036 00000004 00000000
   70 J 00000000 00000037 00000004 00000000
   71 J 00000000 00000038 00000004 00000000
   72 J 00000000 00000039 00000004 00000000
   73 J 00000000 0000003a 00000004 00000000
   74 J 00000000 0000003b 00000004 00000000
   75 J 00000000 0000003c 00000004 00000000
   76 J 00000000 0000003d 00000004 00000000
   77 J 00000000 0000003e 00000004 00000000
   78 J 00000000 0000003f 00000004 00000000
   79 J 00000000 00000040 00000004 00000000
   80 J 00000000 00000041 00000004 00000000
   81 J 00000000 00000042 00000004 00000000
   82 J 00000000 00000043 00000004 00000000
   83 J 00000000 00000044 00000004 00000000
   84 J 00000000 00000045 00000004 00000000
   85 J 00000000 00000046 00000004 00000000
   86 J 00000000 0000004d 00000004 00000000
   87 J 00000000 0000004e 00000004 00000000
   88 J 00000000 0000004f 00000004 00000000
   89 J 00000000 00000055 00000004 00000000
   90 J 00000000 00000058 00000004 00000000
   91 J 00000000 00000059 00000004 00000000
   92 J 00000000 0000005a 00000004 00000000
   93 J 00000000 0000005b 00000004 00000000
   94 J 00000000 0000005c 00000004 00000000
   95 J 00000000 0000005d 00000004 00000000
   96 J 00000000 0000005e 00000004 00000000
   97 J 00000000 0000005f 00000004 00000000
   98 J 00000000 00000062 00000004 00000000
   99 J 00000000 00000063 00000004 00000000
  100 J 00000000 00000064 00000004 00000000
  101 J 00000000 00000065 00000004 00000000
  102 J 00000000 00000066 00000004 00000000
  103 J 00000000 00000067 00000004 00000000
  104 J 00000000 00000068 00000004 00000000
  105 J 00000000 00000069 00000004 00000000
  106 J 00000000 0000006a 00000004 00000000
  107 J 00000000 0000006b 00000004 00000000
  108 J 00000000 0000006c 00000004 00000000
  109 J 00000000 0000006d 00000004 00000000
  110 J 00000000 0000006e 00000004 00000000
  111 J 00000000 0000006f 00000004 00000000
  112 J 00000000 00000070 00000004 00000000
  113 J 00000000 00000071 00000004 00000000
  114 J 00000000 00000072 00000004 00000000
  115 J 00000000 00000073 00000004 00000000
  116 J 00000000 00000074 00000004 00000000
  117 J 00000000 00000075 00000004 00000000
  118 J 00000000 00000076 00000004 00000000
  119 J 00000000 00000077 00000004 00000000
  120 J 00000000 00000078 00000004 00000000
  121 J 00000000 00000079 00000004 00000000
  122 J 00000000 0000007a 00000004 00000000
  123 J 00000000 0000007b 00000004 00000000
  124 J 00000000 0000007c 00000004 00000000
  125 J 00000000 0000007d 00000004 00000000
  126 J 00000000 0000007e 00000004 00000000
  127 J 00000000 0000007f 00000004 00000000
  128 J 00000000 00000032 00000004 00000000
  129 J 00000000 00000047 00000003 00000000
  130 J 00000000 00000031 00000003 00000000
  131 J 00000000 00000050 00000003 00000000
  132 J 00000000 00000051 00000003 00000000
  133 J 00000000 00000052 00000003 00000000
  134 J 00000000 00000054 00000003 00000000
  135 J 00000000 00000056 00000003 00000000
  136 J 00000000 00000057 00000003 00000000
  137 J 00000000 0000004b 00000002 00000000
  138 J 00000000 0000004c 00000001 00000000
  139 J 00000000 00000060 00000001 00000000
  140 J 00000000 00000061 00000001 00000000
  141 J 00000000 0000004a 00000000 00000000
  142 J 00000000 00000000 00000007 00000001
  143 J 00000000 00000001 00000007 00000001
  144 J 00000000 00000002 00000006 00000001
  145 J 00000000 0000002d 00000006 00000001
  146 J 00000000 0000002e 00000006 00000001
  147 J 00000000 0000002f 00000006 00000001
  148 J 00000000 00000030 00000006 00000001
  149 J 00000000 00000008 00000006 00000001
  150 J 00000000 00000009 00000006 00000001
  151 J 00000000 0000000a 00000006 00000001
  152 J 00000000 0000000b 00000006 00000001
  153 J 00000000 0000000c 00000006 00000001
  154 J 00000000 00000010 00000006 00000001
  155 J 00000000 00000011 00000006 00000001
  156 J 00000000 00000012 00000006 00000001
  157 J 00000000 00000013 00000006 00000001
  158 J 00000000 00000014 00000006 00000001
  159 J 00000000 00000015 00000006 00000001
  160 J 00000000 00000016 00000006 00000001
  161 J 00000000 0000001b 00000006 00000001
  162 J 00000000 0000001c 00000006 00000001
  163 J 00000000 0000001d 00000006 00000001
  164 J 00000000 0000001e 00000006 00000001
  165 J 00000000 0000001f 00000006 00000001
  166 J 00000000 00000020 00000006 00000001
  167 J 00000000 00000021 00000006 00000001
  168 J 00000000 00000022 00000006 00000001
  169 J 00000000 00000023 00000006 00000001
  170 J 00000000 00000024 00000006 00000001
  171 J 00000000 00000025 00000006 00000001
  172 J 00000000 00000026 00000006 00000001
  173 J 00000000 00000027 00000006 00000001
  174 J 00000000 00000028 00000006 00000001
  175 J 00000000 00000029 00000006 00000001
  176 J 00000000 0000002a 00000006 00000001
  177 J 00000000 0000002b 00000006 00000001
  178 J 00000000 00000048 00000006 00000001
  179 J 00000000 00000049 00000006 00000001
  180 J 00000000 0000002c 00000005 00000001
  181 J 00000000 00000053 00000005 00000001
  182 J 00000000 00000003 00000004 00000001
  183 J 00000000 00000004 00000004 00000001
  184 J 00000000 00000005 00000004 00000001
  185 J 00000000 00000006 00000004 00000001
  186 J 00000000 00000007 00000004 00000001
  187 J 00000000 0000000d 00000004 00000001
  188 J 00000000 0000000e 00000004 00000001
  189 J 00000000 0000000f 00000004 00000001
  190 J 00000000 00000017 00000004 00000001
  191 J 00000000 00000018 00000004 00000001
  192 J 00000000 00000019 00000004 00000001
  193 J 00000000 0000001a 00000004 00000001
  194 J 00000000 00000033 00000004 00000001
  195 J 00000000 00000034 00000004 00000001
  196 J 00000000 00000035 00000004 00000001
  197 J 00000000 00000036 00000004 00000001
  198 J 00000000 00000037 00000004 00000001
  199 J 00000000 00000038 00000004 00000001
  200 J 00000000 00000039 00000004 00000001
  201 J 00000000 0000003a 00000004 00000001
  202 J 00000000 0000003b 00000004 00000001
  203 J 00000000 0000003c 00000004 00000001
  204 J 00000000 0000003d 00000004 00000001
  205 J 00000000 0000003e 00000004 00000001
  206 J 00000000 0000003f 00000004 00000001
  207 J 00000000 00000040 00000004 00000001
  208 J 00000000 00000041 00000004 00000001
  209 J 00000000 00000042 00000004 00000001
  210 J 00000000 00000043 00000004 00000001
  211 J 00000000 00000044 00000004 00000001
  212 J 00000000 00000045 00000004 00000001
  213 J 00000000 00000046 00000004 00000001
  214 J 00000000 0000004d 00000004 00000001
  215 J 00000000 0000004e 00000004 00000001
  216 J 00000000 0000004f 00000004 00000001
  217 J 00000000 00000055 00000004 00000001
  218 J 00000000 00000058 00000004 00000001
  219 J 00000000 00000059 00000004 00000001
  220 J 00000000 0000005a 00000004 00000001
  221 J 00000000 0000005b 00000004 00000001
  222 J 00000000 0000005c 00000004 00000001
  223 J 00000000 0000005d 00000004 00000001
  224 J 00000000 0000005e 00000004 00000001
  225 J 00000000 0000005f 00000004 00000001
  226 J 00000000 00000062 00000004 00000001
  227 J 00000000 00000063 00000004 00000001
  228 J 00000000 00000064 00000004 00000001
  229 J 00000000 00000065 00000004 00000001
  230 J 00000000 00000066 00000004 00000001
  231 J 00000000 00000067 00000004 00000001
  232 J 00000000 00000068 00000004 00000001
  233 J 00000000 00000069 00000004 00000001
  234 J 00000000 0000006a 00000004 00000001
  235 J 00000000 0000006b 00000004 00000001
  236 J 00000000 0000006c 00000004 00000001
  237 J 00000000 0000006d 00000004 00000001
  238 J 00000000 0000006e 00000004 00000001
  239 J 00000000 0000006f 00000004 00000001
  240 J 00000000 00000070 00000004 00000001
  241 J 00000000 00000071 00000004 00000001
  242 J 00000000 00000072 00000004 00000001
  243 J 00000000 00000073 00000004 00000001
  244 J 00000000 00000074 00000004 00000001
  245 J 00000000 00000075 00000004 00000001
  246 J 00000000 00000076 00000004 00000001
  247 J 00000000 00000077 00000004 00000001
  248 J 00000000 00000078 00000004 00000001
  249 J 00000000 00000079 00000004 00000001
  250 J 00000000 0000007a 00000004 00000001
  251 J 00000000 0000007b 00000004 00000001
  252 J 00000000 0000007c 00000004 00000001
  253 J 00000000 0000007d 00000004 00000001
  254 J 00000000 0000007e 00000004 00000001
  255 J 00000000 0000007f 00000004 00000001
  256 J 00000000 00000032 00000004 00000001
  257 J 00000000 00000047 00000003 00000001
  258 J 00000000 00000031 00000003 00000001
  259 J 00000000 00000050 00000003 00000001
  260 J 00000000 00000051 00000003 00000001
  261 J 00000000 00000052 00000003 00000001
  262 J 00000000 00000054 00000003 00000001
  263 J 00000000 00000056 00000003 00000001
  264 J 00000000 00000057 00000003 00000001
  265 J 00000000 0000004b 00000002 00000001
  266 J 00000000 0000004c 00000001 00000001
  267 J 00000000 00000060 00000001 00000001
  268 J 00000000 00000061 00000001 00000001
  269 J 00000000 0000004a 00000000 00000001
  270 J 00000001 00000000 00000007 00000000
  271 J 00000001 00000001 00000007 00000000
  272 J 00000001 00000002 00000006 00000000
  273 J 00000001 0000002d 00000006 00000000
  274 J 00000001 0000002e 00000006 00000000
  275 J 00000001 0000002f 00000006 00000000
  276 J 00000001 00000030 00000006 00000000
  277 J 00000001 00000008 00000006 00000000
  278 J 00000001 00000009 00000006 00000000
  279 J 00000001 0000000a 00000006 00000000
  280 J 00000001 0000000b 00000006 00000000
  281 J 00000001 0000000c 00000006 00000000
  282 J 00000001 00000010 00000006 00000000
  283 J 00000001 00000011 00000006 00000000
  284 J 00000001 00000012 00000006 00000000
  285 J 00000001 00000013 00000006 00000000
  286 J 00000001 00000014 00000006 00000000
  287 J 00000001 00000015 00000006 00000000
  288 J 00000001 00000016 00000006 00000000
  289 J 00000001 0000001b 00000006 00000000
  290 J 00000001 0000001c 00000006 00000000
  291 J 00000001 0000001d 00000006 00000000
  292 J 00000001 0000001e 00000006 00000000
  293 J 00000001 0000001f 00000006 00000000
  294 J 00000001 00000020 00000006 00000000
  295 J 00000001 00000021 00000006 00000000
  296 J 00000001 00000022 00000006 00000000
  297 J 00000001 00000023 00000006 00000000
  298 J 00000001 00000024 00000006 00000000
  299 J 00000001 00000025 00000006 00000000
  300 J 00000001 00000026 00000006 00000000
  301 J 00000001 00000027 00000006 00000000
  302 J 00000001 00000028 00000006 00000000
  303 J 00000001 00000029 00000006 00000000
  304 J 00000001 0000002a 00000006 00000000
  305 J 00000001 0000002b 00000006 00000000
  306 J 00000001 00000048 00000006 00000000
  307 J 00000001 00000049 00000006 00000000
  308 J 00000001 0000002c 00000005 00000000
  309 J 00000001 00000053 00000005 00000000
  310 J 00000001 00000003 00000004 00000000
  311 J 00000001 00000004 00000004 00000000
  312 J 00000001 00000005 00000004 00000000
  313 J 00000001 00000006 00000004 00000000
  314 J 00000001 00000007 00000004 00000000
  315 J 00000001 0000000d 00000004 00000000
  316 J 00000001 0000000e 00000004 00000000
  317 J 00000001 0000000f 00000004 00000000
  318 J 00000001 00000017 00000004 00000000
  319 J 00000001 00000018 00000004 00000000
  320 J 00000001 00000019 00000004 00000000
  321 J 00000001 0000001a 00000004 00000000
  322 J 00000001 00000033 00000004 00000000
  323 J 00000001 00000034 00000004 00000000
  324 J 00000001 00000035 00000004 00000000
  325 J 00000001 00000036 00000004 00000000
  326 J 00000001 00000037 00000004 00000000
  327 J 00000001 00000038 00000004 00000000
  328 J 00000001 00000039 00000004 00000000
  329 J 00000001 0000003a 00000004 00000000
  330 J 00000001 0000003b 00000004 00000000
  331 J 00000001 0000003c 00000004 00000000
  332 J 00000001 0000003d 00000004 00000000
  333 J 00000001 0000003e 00000004 00000000
  334 J 00000001 0000003f 00000004 00000000
  335 J 00000001 00000040 00000004 00000000
  336 J 00000001 00000041 00000004 00000000
  337 J 00000001 00000042 00000004 00000000
  338 J 00000001 00000043 00000004 00000000
  339 J 00000001 00000044 00000004 00000000
  340 J 00000001 00000045 00000004 00000000
  341 J 00000001 00000046 00000004 00000000
  342 J 00000001 0000004d 00000004 00000000
  343 J 00000001 0000004e 00000004 00000000
  344 J 00000001 0000004f 00000004 00000000
  345 J 00000001 00000055 00000004 00000000
  346 J 00000001 00000058 00000004 00000000
  347 J 00000001 00000059 00000004 00000000
  348 J 00000001 0000005a 00000004 00000000
  349 J 00000001 0000005b 00000004 00000000
  350 J 00000001 0000005c 00000004 00000000
  351 J 00000001 0000005d 00000004 00000000
  352 J 00000001 0000005e 00000004 00000000
  353 J 00000001 0000005f 00000004 00000000
  354 J 00000001 00000062 00000004 00000000
  355 J 00000001 00000063 00000004 00000000
  356 J 00000001 00000064 00000004 00000000
  357 J 00000001 00000065 00000004 00000000
  358 J 00000001 00000066 00000004 00000000
  359 J 00000001 00000067 00000004 00000000
  360 J 00000001 00000068 00000004 00000000
  361 J 00000001 00000069 00000004 00000000
  362 J 00000001 0000006a 00000004 00000000
  363 J 00000001 0000006b 00000004 00000000
  364 J 00000001 0000006c 00000004 00000000
  365 J 00000001 0000006d 00000004 00000000
  366 J 00000001 0000006e 00000004 00000000
  367 J 00000001 0000006f 00000004 00000000
  368 J 00000001 00000070 00000004 00000000
  369 J 00000001 00000071 00000004 00000000
  370 J 00000001 00000072 00000004 00000000
  371 J 00000001 00000073 00000004 00000000
  372 J 00000001 00000074 00000004 00000000
  373 J 00000001 00000075 00000004 00000000
  374 J 00000001 00000076 00000004 00000000
  375 J 00000001 00000077 00000004 00000000
  376 J 00000001 00000078 00000004 00000000
  377 J 00000001 00000079 00000004 00000000
  378 J 00000001 0000007a 00000004 00000000
  379 J 00000001 0000007b 00000004 00000000
  380 J 00000001 0000007c 00000004 00000000
  381 J 00000001 0000007d 00000004 00000000
  382 J 00000001 0000007e 00000004 00000000
  383 J 00000001 0000007f 00000004 00000000
  384 J 00000001 00000032 00000004 00000000
  385 J 00000001 00000047 00000003 00000000
  386 J 00000001 00000031 00000003 00000000
  387 J 00000001 00000050 00000003 00000000
  388 J 00000001 00000051 00000003 00000000
  389 J 00000001 00000052 00000003 00000000
  390 J 00000001 00000054 00000003 00000000
  391 J 00000001 00000056 00000003 00000000
  392 J 00000001 00000057 00000003 00000000
  393 J 00000001 0000004b 00000002 00000000
  394 J 00000001 0000004c 00000001 00000000
  395 J 00000001 00000060 00000001 00000000
  396 J 00000001 00000061 00000001 00000000
  397 J 00000001 0000004a 00000000 00000000
  398 J 00000001 00000000 00000007 00000001
  399 J 00000001 00000001 00000007 00000001
  400 J 00000001 00000002 00000006 00000001
  401 J 00000001 0000002d 00000006 00000001
  402 J 00000001 0000002e 00000006 00000001
  403 J 00000001 0000002f 00000006 00000001
  404 J 00000001 00000030 00000006 00000001
  405 J 00000001 00000008 00000006 00000001
  406 J 00000001 00000009 00000006 00000001
  407 J 00000001 0000000a 00000006 00000001
  408 J 00000001 0000000b 00000006 00000001
  409 J 00000001 0000000c 00000006 00000001
  410 J 00000001 00000010 00000006 00000001
  411 J 00000001 00000011 00000006 00000001
  412 J 00000001 00000012 00000006 00000001
  413 J 00000001 00000013 00000006 00000001
  414 J 00000001 00000014 00000006 00000001
  415 J 00000001 00000015 00000006 00000001
  416 J 00000001 00000016 00000006 00000001
  417 J 00000001 0000001b 00000006 00000001
  418 J 00000001 0000001c 00000006 00000001
  419 J 00000001 0000001d 00000006 00000001
  420 J 00000001 0000001e 00000006 00000001
  421 J 00000001 0000001f 00000006 00000001
  422 J 00000001 00000020 00000006 00000001
  423 J 00000001 00000021 00000006 00000001
  424 J 00000001 00000022 00000006 00000001
  425 J 00000001 00000023 00000006 00000001
  426 J 00000001 00000024 00000006 00000001
  427 J 00000001 00000025 00000006 00000001
  428 J 00000001 00000026 00000006 00000001
  429 J 00000001 00000027 00000006 00000001
  430 J 00000001 00000028 00000006 00000001
  431 J 00000001 00000029 00000006 00000001
  432 J 00000001 0000002a 00000006 00000001
  433 J 00000001 0000002b 00000006 00000001
  434 J 00000001 00000048 00000006 00000001
  435 J 00000001 00000049 00000006 00000001
  436 J 00000001 0000002c 00000005 00000001
  437 J 00000001 00000053 00000005 00000001
  438 J 00000001 00000003 00000004 00000001
  439 J 00000001 00000004 00000004 00000001
  440 J 00000001 00000005 00000004 00000001
  441 J 00000001 00000006 00000004 00000001
  442 J 00000001 00000007 00000004 00000001
  443 J 00000001 0000000d 00000004 00000001
  444 J 00000001 0000000e 00000004 00000001
  445 J 00000001 0000000f 00000004 00000001
  446 J 00000001 00000017 00000004 00000001
  447 J 00000001 00000018 00000004 00000001
  448 J 00000001 00000019 00000004 00000001
  449 J 00000001 0000001a 00000004 00000001
  450 J 00000001 00000033 00000004 00000001
  451 J 00000001 00000034 00000004 00000001
  452 J 00000001 00000035 00000004 00000001
  453 J 00000001 00000036 00000004 00000001
  454 J 00000001 00000037 00000004 00000001
  455 J 00000001 00000038 00000004 00000001
  456 J 00000001 00000039 00000004 00000001
  457 J 00000001 0000003a 00000004 00000001
  458 J 00000001 0000003b 00000004 00000001
  459 J 00000001 0000003c 00000004 00000001
  460 J 00000001 0000003d 00000004 00000001
  461 J 00000001 0000003e 00000004 00000001
  462 J 00000001 0000003f 00000004 00000001
  463 J 00000001 00000040 00000004 00000001
  464 J 00000001 00000041 00000004 00000001
  465 J 00000001 00000042 00000004 00000001
  466 J 00000001 00000043 00000004 00000001
  467 J 00000001 00000044 00000004 00000001
  468 J 00000001 00000045 00000004 00000001
  469 J 00000001 00000046 00000004 00000001
  470 J 00000001 0000004d 00000004 00000001
  471 J 00000001 0000004e 00000004 00000001
  472 J 00000001 0000004f 00000004 00000001
  473 J 00000001 00000055 00000004 00000001
  474 J 00000001 00000058 00000004 00000001
  475 J 00000001 00000059 00000004 00000001
  476 J 00000001 0000005a 00000004 00000001
  477 J 00000001 0000005b 00000004 00000001
  478 J 00000001 0000005c 00000004 00000001
  479 J 00000001 0000005d 00000004 00000001
  480 J 00000001 0000005e 00000004 00000001
  481 J 00000001 0000005f 00000004 00000001
  482 J 00000001 00000062 00000004 00000001
  483 J 00000001 00000063 00000004 00000001
  484 J 00000001 00000064 00000004 00000001
  485 J 00000001 00000065 00000004 00000001
  486 J 00000001 00000066 00000004 00000001
  487 J 00000001 00000067 00000004 00000001
  488 J 00000001 00000068 00000004 00000001
  489 J 00000001 00000069 00000004 00000001
  490 J 00000001 0000006a 00000004 00000001
  491 J 00000001 0000006b 00000004 00000001
  492 J 00000001 0000006c 00000004 00000001
  493 J 00000001 0000006d 00000004 00000001
  494 J 00000001 0000006e 00000004 00000001
  495 J 00000001 0000006f 00000004 00000001
  496 J 00000001 00000070 00000004 00000001
  497 J 00000001 00000071 00000004 00000001
  498 J 00000001 00000072 00000004 00000001
  499 J 00000001 00000073 00000004 00000001
  500 J 00000001 00000074 00000004 00000001
  501 J 00000001 00000075 00000004 00000001
  502 J 00000001 00000076 00000004 00000001
  503 J 00000001 00000077 00000004 00000001
  504 J 00000001 00000078 00000004 00000001
  505 J 00000001 00000079 00000004 00000001
  506 J 00000001 0000007a 00000004 00000001
  507 J 00000001 0000007b 00000004 00000001
  508 J 00000001 0000007c 00000004 00000001
  509 J 00000001 0000007d 00000004 00000001
  510 J 00000001 0000007e 00000004 00000001
  511 J 00000001 0000007f 00000004 00000001
  512 J 00000001 00000032 00000004 00000001
  513 J 00000001 00000047 00000003 00000001
  514 J 00000001 00000031 00000003 00000001
  515 J 00000001 00000050 00000003 00000001
  516 J 00000001 00000051 00000003 00000001
  517 J 00000001 00000052 00000003 00000001
  518 J 00000001 00000054 00000003 00000001
  519 J 00000001 00000056 00000003 00000001
  520 J 00000001 00000057 00000003 00000001
  521 J 00000001 0000004b 00000002 00000001
  522 J 00000001 0000004c 00000001 00000001
  523 J 00000001 00000060 00000001 00000001
  524 J 00000001 00000061 00000001 00000001
  525 J 00000001 0000004a 00000000 00000001
  526 J 00000002 00000000 00000007 00000000
  527 J 00000002 00000001 00000007 00000000
  528 J 00000002 00000002 00000006 00000000
  529 J 00000002 0000002d 00000006 00000000
  530 J 00000002 0000002e 00000006 00000000
  531 J 00000002 0000002f 00000006 00000000
  532 J 00000002 00000030 00000006 00000000
  533 J 00000002 00000008 00000006 00000000
  534 J 00000002 00000009 00000006 00000000
  535 J 00000002 0000000a 00000006 00000000
  536 J 00000002 0000000b 00000006 00000000
  537 J 00000002 0000000c 00000006 00000000
  538 J 00000002 00000010 00000006 00000000
  539 J 00000002 00000011 00000006 00000000
  540 J 00000002 00000012 00000006 00000000
  541 J 00000002 00000013 00000006 00000000
  542 J 00000002 00000014 00000006 00000000
  543 J 00000002 00000015 00000006 00000000
  544 J 00000002 00000016 00000006 00000000
  545 J 00000002 0000001b 00000006 00000000
  546 J 00000002 0000001c 00000006 00000000
  547 J 00000002 0000001d 00000006 00000000
  548 J 00000002 0000001e 00000006 00000000
  549 J 00000002 0000001f 00000006 00000000
  550 J 00000002 00000020 00000006 00000000
  551 J 00000002 00000021 00000006 00000000
  552 J 00000002 00000022 00000006 00000000
  553 J 00000002 00000023 00000006 00000000
  554 J 00000002 00000024 00000006 00000000
  555 J 00000002 00000025 00000006 00000000
  556 J 00000002 00000026 00000006 00000000
  557 J 00000002 00000027 00000006 00000000
  558 J 00000002 00000028 00000006 00000000
  559 J 00000002 00000029 00000006 00000000
  560 J 00000002 0000002a 00000006 00000000
  561 J 00000002 0000002b 00000006 00000000
  562 J 00000002 00000048 00000006 00000000
  563 J 00000002 00000049 00000006 00000000
  564 J 00000002 0000002c 00000005 00000000
  565 J 00000002 00000053 00000005 00000000
  566 J 00000002 00000003 00000004 00000000
  567 J 00000002 00000004 00000004 00000000
  568 J 00000002 00000005 00000004 00000000
  569 J 00000002 00000006 00000004 00000000
  570 J 00000002 00000007 00000004 00000000
  571 J 00000002 0000000d 00000004 00000000
  572 J 00000002 0000000e 00000004 00000000
  573 J 00000002 0000000f 00000004 00000000
  574 J 00000002 00000017 00000004 00000000
  575 J 00000002 00000018 00000004 00000000
  576 J 00000002 00000019 00000004 00000000
  577 J 00000002 0000001a 00000004 00000000
  578 J 00000002 00000033 00000004 00000000
  579 J 00000002 00000034 00000004 00000000
  580 J 00000002 00000035 00000004 00000000
  581 J 00000002 00000036 00000004 00000000
  582 J 00000002 00000037 00000004 00000000
  583 J 00000002 00000038 00000004 00000000
  584 J 00000002 00000039 00000004 00000000
  585 J 00000002 0000003a 00000004 00000000
  586 J 00000002 0000003b 00000004 00000000
  587 J 00000002 0000003c 00000004 00000000
  588 J 00000002 0000003d 00000004 00000000
  589 J 00000002 0000003e 00000004 00000000
  590 J 00000002 0000003f 00000004 00000000
  591 J 00000002 00000040 00000004 00000000
  592 J 00000002 00000041 00000004 00000000
  593 J 00000002 00000042 00000004 00000000
  594 J 00000002 00000043 00000004 00000000
  595 J 00000002 00000044 00000004 00000000
  596 J 00000002 00000045 00000004 00000000
  597 J 00000002 00000046 00000004 00000000
  598 J 00000002 0000004d 00000004 00000000
  599 J 00000002 0000004e 00000004 00000000
  600 J 00000002 0000004f 00000004 00000000
  601 J 00000002 00000055 00000004 00000000
  602 J 00000002 00000058 00000004 00000000
  603 J 00000002 00000059 00000004 00000000
  604 J 00000002 0000005a 00000004 00000000
  605 J 00000002 0000005b 00000004 00000000
  606 J 00000002 0000005c 00000004 00000000
  607 J 00000002 0000005d 00000004 00000000
  608 J 00000002 0000005e 00000004 00000000
  609 J 00000002 0000005f 00000004 00000000
  610 J 00000002 00000062 00000004 00000000
  611 J 00000002 00000063 00000004 00000000
  612 J 00000002 00000064 00000004 00000000
  613 J 00000002 00000065 00000004 00000000
  614 J 00000002 00000066 00000004 00000000
  615 J 00000002 00000067 00000004 00000000
  616 J 00000002 00000068 00000004 00000000
  617 J 00000002 00000069 00000004 00000000
  618 J 00000002 0000006a 00000004 00000000
  619 J 00000002 0000006b 00000004 00000000
  620 J 00000002 0000006c 00000004 00000000
  621 J 00000002 0000006d 00000004 00000000
  622 J 00000002 0000006e 00000004 00000000
  623 J 00000002 0000006f 00000004 00000000
  624 J 00000002 00000070 00000004 00000000
  625 J 00000002 00000071 00000004 00000000
  626 J 00000002 00000072 00000004 00000000
  627 J 00000002 00000073 00000004 00000000
  628 J 00000002 00000074 00000004 00000000
  629 J 00000002 00000075 00000004 00000000
  630 J 00000002 00000076 00000004 00000000
  631 J 00000002 00000077 00000004 00000000
  632 J 00000002 00000078 00000004 00000000
  633 J 00000002 00000079 00000004 00000000
  634 J 00000002 0000007a 00000004 00000000
  635 J 00000002 0000007b 00000004 00000000
  636 J 00000002 0000007c 00000004 00000000
  637 J 00000002 0000007d 00000004 00000000
  638 J 00000002 0000007e 00000004 00000000
  639 J 00000002 0000007f 00000004 00000000
  640 J 00000002 00000032 00000004 00000000
  641 J 00000002 00000047 00000003 00000000
  642 J 00000002 00000031 00000003 00000000
  643 J 00000002 00000050 00000003 00000000
  644 J 00000002 00000051 00000003 00000000
  645 J 00000002 00000052 00000003 00000000
  646 J 00000002 00000054 00000003 00000000
  647 J 00000002 00000056 00000003 00000000
  648 J 00000002 00000057 00000003 00000000
  649 J 00000002 0000004b 00000002 00000000
  650 J 00000002 0000004c 00000001 00000000
  651 J 00000002 00000060 00000001 00000000
  652 J 00000002 00000061 00000001 00000000
  653 J 00000002 0000004a 00000000 00000000
  654 J 00000002 00000000 00000007 00000001
  655 J 00000002 00000001 00000007 00000001
  656 J 00000002 00000002 00000006 00000001
  657 J 00000002 0000002d 00000006 00000001
  658 J 00000002 0000002e 00000006 00000001
  659 J 00000002 0000002f 00000006 00000001
  660 J 00000002 00000030 00000006 00000001
  661 J 00000002 00000008 00000006 00000001
  662 J 00000002 00000009 00000006 00000001
  663 J 00000002 0000000a 00000006 00000001
  664 J 00000002 0000000b 00000006 00000001
  665 J 00000002 0000000c 00000006 00000001
  666 J 00000002 00000010 00000006 00000001
  667 J 00000002 00000011 00000006 00000001
  668 J 00000002 00000012 00000006 00000001
  669 J 00000002 00000013 00000006 00000001
  670 J 00000002 00000014 00000006 00000001
  671 J 00000002 00000015 00000006 00000001
  672 J 00000002 00000016 00000006 00000001
  673 J 00000002 0000001b 00000006 00000001
  674 J 00000002 0000001c 00000006 00000001
  675 J 00000002 0000001d 00000006 00000001
  676 J 00000002 0000001e 00000006 00000001
  677 J 00000002 0000001f 00000006 00000001
  678 J 00000002 00000020 00000006 00000001
  679 J 00000002 00000021 00000006 00000001
  680 J 00000002 00000022 00000006 00000001
  681 J 00000002 00000023 00000006 00000001
  682 J 00000002 00000024 00000006 00000001
  683 J 00000002 00000025 00000006 00000001
  684 J 00000002 00000026 00000006 00000001
  685 J 00000002 00000027 00000006 00000001
  686 J 00000002 00000028 00000006 00000001
  687 J 00000002 00000029 00000006 00000001
  688 J 00000002 0000002a 00000006 00000001
  689 J 00000002 0000002b 00000006 00000001
  690 J 00000002 00000048 00000006 00000001
  691 J 00000002 00000049 00000006 00000001
  692 J 00000002 0000002c 00000005 00000001
  693 J 00000002 00000053 00000005 00000001
  694 J 00000002 00000003 00000004 00000001
  695 J 00000002 00000004 00000004 00000001
  696 J 00000002 00000005 00000004 00000001
  697 J 00000002 00000006 00000004 00000001
  698 J 00000002 00000007 00000004 00000001
  699 J 00000002 0000000d 00000004 00000001
  700 J 00000002 0000000e 00000004 00000001
  701 J 00000002 0000000f 00000004 00000001
  702 J 00000002 00000017 00000004 00000001
  703 J 00000002 00000018 00000004 00000001
  704 J 00000002 00000019 00000004 00000001
  705 J 00000002 0000001a 00000004 00000001
  706 J 00000002 00000033 00000004 00000001
  707 J 00000002 00000034 00000004 00000001
  708 J 00000002 00000035 00000004 00000001
  709 J 00000002 00000036 00000004 00000001
  710 J 00000002 00000037 00000004 00000001
  711 J 00000002 00000038 00000004 00000001
  712 J 00000002 00000039 00000004 00000001
  713 J 00000002 0000003a 00000004 00000001
  714 J 00000002 0000003b 00000004 00000001
  715 J 00000002 0000003c 00000004 00000001
  716 J 00000002 0000003d 00000004 00000001
  717 J 00000002 0000003e 00000004 00000001
  718 J 00000002 0000003f 00000004 00000001
  719 J 00000002 00000040 00000004 00000001
  720 J 00000002 00000041 00000004 00000001
  721 J 00000002 00000042 00000004 00000001
  722 J 00000002 00000043 00000004 00000001
  723 J 00000002 00000044 00000004 00000001
  724 J 00000002 00000045 00000004 00000001
  725 J 00000002 00000046 00000004 00000001
  726 J 00000002 0000004d 00000004 00000001
  727 J 00000002 0000004e 00000004 00000001
  728 J 00000002 0000004f 00000004 00000001
  729 J 00000002 00000055 00000004 00000001
  730 J 00000002 00000058 00000004 00000001
  731 J 00000002 00000059 00000004 00000001
  732 J 00000002 0000005a 00000004 00000001
  733 J 00000002 0000005b 00000004 00000001
  734 J 00000002 0000005c 00000004 00000001
  735 J 00000002 0000005d 00000004 00000001
  736 J 00000002 0000005e 00000004 00000001
  737 J 00000002 0000005f 00000004 00000001
  738 J 00000002 00000062 00000004 00000001
  739 J 00000002 00000063 00000004 00000001
  740 J 00000002 00000064 00000004 00000001
  741 J 00000002 00000065 00000004 00000001
  742 J 00000002 00000066 00000004 00000001
  743 J 00000002 00000067 00000004 00000001
  744 J 00000002 00000068 00000004 00000001
  745 J 00000002 00000069 00000004 00000001
  746 J 00000002 0000006a 00000004 00000001
  747 J 00000002 0000006b 00000004 00000001
  748 J 00000002 0000006c 00000004 00000001
  749 J 00000002 0000006d 00000004 00000001
  750 J 00000002 0000006e 00000004 00000001
  751 J 00000002 0000006f 00000004 00000001
  752 J 00000002 00000070 00000004 00000001
  753 J 00000002 00000071 00000004 00000001
  754 J 00000002 00000072 00000004 00000001
  755 J 00000002 00000073 00000004 00000001
  756 J 00000002 00000074 00000004 00000001
  757 J 00000002 00000075 00000004 00000001
  758 J 00000002 00000076 00000004 00000001
  759 J 00000002 00000077 00000004 00000001
  760 J 00000002 00000078 00000004 00000001
  761 J 00000002 00000079 00000004 00000001
  762 J 00000002 0000007a 00000004 00000001
  763 J 00000002 0000007b 00000004 00000001
  764 J 00000002 0000007c 00000004 00000001
  765 J 00000002 0000007d 00000004 00000001
  766 J 00000002 0000007e 00000004 00000001
  767 J 00000002 0000007f 00000004 00000001
  768 J 00000002 00000032 00000004 00000001
  769 J 00000002 00000047 00000003 00000001
  770 J 00000002 00000031 00000003 00000001
  771 J 00000002 00000050 00000003 00000001
  772 J 00000002 00000051 00000003 00000001
  773 J 00000002 00000052 00000003 00000001
  774 J 00000002 00000054 00000003 00000001
  775 J 00000002 00000056 00000003 00000001
  776 J 00000002 00000057 00000003 00000001
  777 J 00000002 0000004b 00000002 00000001
  778 J 00000002 0000004c 00000001 00000001
  779 J 00000002 00000060 00000001 00000001
  780 J 00000002 00000061 00000001 00000001
  781 J 00000002 0000004a 00000000 00000001
  782 J 00000003 00000000 00000007 00000000
  783 J 00000003 00000001 00000007 00000000
  784 J 00000003 00000002 00000006 00000000
  785 J 00000003 0000002d 00000006 00000000
  786 J 00000003 0000002e 00000006 00000000
  787 J 00000003 0000002f 00000006 00000000
  788 J 00000003 00000030 00000006 00000000
  789 J 00000003 00000008 00000006 00000000
  790 J 00000003 00000009 00000006 00000000
  791 J 00000003 0000000a 00000006 00000000
  792 J 00000003 0000000b 00000006 00000000
  793 J 00000003 0000000c 00000006 00000000
  794 J 00000003 00000010 00000006 00000000
  795 J 00000003 00000011 00000006 00000000
  796 J 00000003 00000012 00000006 00000000
  797 J 00000003 00000013 00000006 00000000
  798 J 00000003 00000014 00000006 00000000
  799 J 00000003 00000015 00000006 00000000
  800 J 00000003 00000016 00000006 00000000
  801 J 00000003 0000001b 00000006 00000000
  802 J 00000003 0000001c 00000006 00000000
  803 J 00000003 0000001d 00000006 00000000
  804 J 00000003 0000001e 00000006 00000000
  805 J 00000003 0000001f 00000006 00000000
  806 J 00000003 00000020 00000006 00000000
  807 J 00000003 00000021 00000006 00000000
  808 J 00000003 00000022 00000006 00000000
  809 J 00000003 00000023 00000006 00000000
  810 J 00000003 00000024 00000006 00000000
  811 J 00000003 00000025 00000006 00000000
  812 J 00000003 00000026 00000006 00000000
  813 J 00000003 00000027 00000006 00000000
  814 J 00000003 00000028 00000006 00000000
  815 J 00000003 00000029 00000006 00000000
  816 J 00000003 0000002a 00000006 00000000
  817 J 00000003 0000002b 00000006 00000000
  818 J 00000003 00000048 00000006 00000000
  819 J 00000003 00000049 00000006 00000000
  820 J 00000003 0000002c 00000005 00000000
  821 J 00000003 00000053 00000005 00000000
  822 J 00000003 00000003 00000004 00000000
  823 J 00000003 00000004 00000004 00000000
  824 J 00000003 00000005 00000004 00000000
  825 J 00000003 00000006 00000004 00000000
  826 J 00000003 00000007 00000004 00000000
  827 J 00000003 0000000d 00000004 00000000
  828 J 00000003 0000000e 00000004 00000000
  829 J 00000003 0000000f 00000004 00000000
  830 J 00000003 00000017 00000004 00000000
  831 J 00000003 00000018 00000004 00000000
  832 J 00000003 00000019 00000004 00000000
  833 J 00000003 0000001a 00000004 00000000
  834 J 00000003 00000033 00000004 00000000
  835 J 00000003 00000034 00000004 00000000
  836 J 00000003 00000035 00000004 00000000
  837 J 00000003 00000036 00000004 00000000
  838 J 00000003 00000037 00000004 00000000
  839 J 00000003 00000038 00000004 00000000
  840 J 00000003 00000039 00000004 00000000
  841 J 00000003 0000003a 00000004 00000000
  842 J 00000003 0000003b 00000004 00000000
  843 J 00000003 0000003c 00000004 00000000
  844 J 00000003 0000003d 00000004 00000000
  845 J 00000003 0000003e 00000004 00000000
  846 J 00000003 0000003f 00000004 00000000
  847 J 00000003 00000040 00000004 00000000
  848 J 00000003 00000041 00000004 00000000
  849 J 00000003 00000042 00000004 00000000
  850 J 00000003 00000043 00000004 00000000
  851 J 00000003 00000044 00000004 00000000
  852 J 00000003 00000045 00000004 00000000
  853 J 00000003 00000046 00000004 00000000
  854 J 00000003 0000004d 00000004 00000000
  855 J 00000003 0000004e 00000004 00000000
  856 J 00000003 0000004f 00000004 00000000
  857 J 00000003 00000055 00000004 00000000
  858 J 00000003 00000058 00000004 00000000
  859 J 00000003 00000059 00000004 00000000
  860 J 00000003 0000005a 00000004 00000000
  861 J 00000003 0000005b 00000004 00000000
  862 J 00000003 0000005c 00000004 00000000
  863 J 00000003 0000005d 00000004 00000000
  864 J 00000003 0000005e 00000004 00000000
  865 J 00000003 0000005f 00000004 00000000
  866 J 00000003 00000062 00000004 00000000
  867 J 00000003 00000063 00000004 00000000
  868 J 00000003 00000064 00000004 00000000
  869 J 00000003 00000065 00000004 00000000
  870 J 00000003 00000066 00000004 00000000
  871 J 00000003 00000067 00000004 00000000
  872 J 00000003 00000068 00000004 00000000
  873 J 00000003 00000069 00000004 00000000
  874 J 00000003 0000006a 00000004 00000000
  875 J 00000003 0000006b 00000004 00000000
  876 J 00000003 0000006c 00000004 00000000
  877 J 00000003 0000006d 00000004 00000000
  878 J 00000003 0000006e 00000004 00000000
  879 J 00000003 0000006f 00000004 00000000
  880 J 00000003 00000070 00000004 00000000
  881 J 00000003 00000071 00000004 00000000
  882 J 00000003 00000072 00000004 00000000
  883 J 00000003 00000073 00000004 00000000
  884 J 00000003 00000074 00000004 00000000
  885 J 00000003 00000075 00000004 00000000
  886 J 00000003 00000076 00000004 00000000
  887 J 00000003 00000077 00000004 00000000
  888 J 00000003 00000078 00000004 00000000
  889 J 00000003 00000079 00000004 00000000
  890 J 00000003 0000007a 00000004 00000000
  891 J 00000003 0000007b 00000004 00000000
  892 J 00000003 0000007c 00000004 00000000
  893 J 00000003 0000007d 00000004 00000000
  894 J 00000003 0000007e 00000004 00000000
  895 J 00000003 0000007f 00000004 00000000
  896 J 00000003 00000032 00000004 00000000
  897 J 00000003 00000047 00000003 00000000
  898 J 00000003 00000031 00000003 00000000
  899 J 00000003 00000050 00000003 00000000
  900 J 00000003 00000051 00000003 00000000
  901 J 00000003 00000052 00000003 00000000
  902 J 00000003 00000054 00000003 00000000
  903 J 00000003 00000056 00000003 00000000
  904 J 00000003 00000057 00000003 00000000
  905 J 00000003 0000004b 00000002 00000000
  906 J 00000003 0000004c 00000001 00000000
  907 J 00000003 00000060 00000001 00000000
  908 J 00000003 00000061 00000001 00000000
  909 J 00000003 0000004a 00000000 00000000
  910 J 00000003 00000000 00000007 00000001
  911 J 00000003 00000001 00000007 00000001
  912 J 00000003 00000002 00000006 00000001
  913 J 00000003 0000002d 00000006 00000001
  914 J 00000003 0000002e 00000006 00000001
  915 J 00000003 0000002f 00000006 00000001
  916 J 00000003 00000030 00000006 00000001
  917 J 00000003 00000008 00000006 00000001
  918 J 00000003 00000009 00000006 00000001
  919 J 00000003 0000000a 00000006 00000001
  920 J 00000003 0000000b 00000006 00000001
  921 J 00000003 0000000c 00000006 00000001
  922 J 00000003 00000010 00000006 00000001
  923 J 00000003 00000011 00000006 00000001
  924 J 00000003 00000012 00000006 00000001
  925 J 00000003 00000013 00000006 00000001
  926 J 00000003 00000014 00000006 00000001
  927 J 00000003 00000015 00000006 00000001
  928 J 00000003 00000016 00000006 00000001
  929 J 00000003 0000001b 00000006 00000001
  930 J 00000003 0000001c 00000006 00000001
  931 J 00000003 0000001d 00000006 00000001
  932 J 00000003 0000001e 00000006 00000001
  933 J 00000003 0000001f 00000006 00000001
  934 J 00000003 00000020 00000006 00000001
  935 J 00000003 00000021 00000006 00000001
  936 J 00000003 00000022 00000006 00000001
  937 J 00000003 00000023 00000006 00000001
  938 J 00000003 00000024 00000006 00000001
  939 J 00000003 00000025 00000006 00000001
  940 J 00000003 00000026 00000006 00000001
  941 J 00000003 00000027 00000006 00000001
  942 J 00000003 00000028 00000006 00000001
  943 J 00000003 00000029 00000006 00000001
  944 J 00000003 0000002a 00000006 00000001
  945 J 00000003 0000002b 00000006 00000001
  946 J 00000003 00000048 00000006 00000001
  947 J 00000003 00000049 00000006 00000001
  948 J 00000003 0000002c 00000005 00000001
  949 J 00000003 00000053 00000005 00000001
  950 J 00000003 00000003 00000004 00000001
  951 J 00000003 00000004 00000004 00000001
  952 J 00000003 00000005 00000004 00000001
  953 J 00000003 00000006 00000004 00000001
  954 J 00000003 00000007 00000004 00000001
  955 J 00000003 0000000d 00000004 00000001
  956 J 00000003 0000000e 00000004 00000001
  957 J 00000003 0000000f 00000004 00000001
  958 J 00000003 00000017 00000004 00000001
  959 J 00000003 00000018 00000004 00000001
  960 J 00000003 00000019 00000004 00000001
  961 J 00000003 0000001a 00000004 00000001
  962 J 00000003 00000033 00000004 00000001
  963 J 00000003 00000034 00000004 00000001
  964 J 00000003 00000035 00000004 00000001
  965 J 00000003 00000036 00000004 00000001
  966 J 00000003 00000037 00000004 00000001
  967 J 00000003 00000038 00000004 00000001
  968 J 00000003 00000039 00000004 00000001
  969 J 00000003 0000003a 00000004 00000001
  970 J 00000003 0000003b 00000004 00000001
  971 J 00000003 0000003c 00000004 00000001
  972 J 00000003 0000003d 00000004 00000001
  973 J 00000003 0000003e 00000004 00000001
  974 J 00000003 0000003f 00000004 00000001
  975 J 00000003 00000040 00000004 00000001
  976 J 00000003 00000041 00000004 00000001
  977 J 00000003 00000042 00000004 00000001
  978 J 00000003 00000043 00000004 00000001
  979 J 00000003 00000044 00000004 00000001
  980 J 00000003 00000045 00000004 00000001
  981 J 00000003 00000046 00000004 00000001
  982 J 00000003 0000004d 00000004 00000001
  983 J 00000003 0000004e 00000004 00000001
  984 J 00000003 0000004f 00000004 00000001
  985 J 00000003 00000055 00000004 00000001
  986 J 00000003 00000058 00000004 00000001
  987 J 00000003 00000059 00000004 00000001
  988 J 00000003 0000005a 00000004 00000001
  989 J 00000003 0000005b 00000004 00000001
  990 J 00000003 0000005c 00000004 00000001
  991 J 00000003 0000005d 00000004 00000001
  992 J 00000003 0000005e 00000004 00000001
  993 J 00000003 0000005f 00000004 00000001
  994 J 00000003 00000062 00000004 00000001
  995 J 00000003 00000063 00000004 00000001
  996 J 00000003 00000064 00000004 00000001
  997 J 00000003 00000065 00000004 00000001
  998 J 00000003 00000066 00000004 00000001
  999 J 00000003 00000067 00000004 00000001
 1000 J 00000003 00000068 00000004 00000001
 1001 J 00000003 00000069 00000004 00000001
 1002 J 00000003 0000006a 00000004 00000001
 1003 J 00000003 0000006b 00000004 00000001
 1004 J 00000003 0000006c 00000004 00000001
 1005 J 00000003 0000006d 00000004 00000001
 1006 J 00000003 0000006e 00000004 00000001
 1007 J 00000003 0000006f 00000004 00000001
 1008 J 00000003 00000070 00000004 00000001
 1009 J 00000003 00000071 00000004 00000001
 1010 J 00000003 00000072 00000004 00000001
 1011 J 00000003 00000073 00000004 00000001
 1012 J 00000003 00000074 00000004 00000001
 1013 J 00000003 00000075 00000004 00000001
 1014 J 00000003 00000076 00000004 00000001
 1015 J 00000003 00000077 00000004 00000001
 1016 J 00000003 00000078 00000004 00000001
 1017 J 00000003 00000079 00000004 00000001
 1018 J 00000003 0000007a 00000004 00000001
 1019 J 00000003 0000007b 00000004 00000001
 1020 J 00000003 0000007c 00000004 00000001
 1021 J 00000003 0000007d 00000004 00000001
 1022 J 00000003 0000007e 00000004 00000001
 1023 J 00000003 0000007f 00000004 00000001
 1024 J 00000003 00000032 00000004 00000001
 1025 J 00000003 00000047 00000003 00000001
 1026 J 00000003 00000031 00000003 00000001
 1027 J 00000003 00000050 00000003 00000001
 1028 J 00000003 00000051 00000003 00000001
 1029 J 00000003 00000052 00000003 00000001
 1030 J 00000003 00000054 00000003 00000001
 1031 J 00000003 00000056 00000003 00000001
 1032 J 00000003 00000057 00000003 00000001
 1033 J 00000003 0000004b 00000002 00000001
 1034 J 00000003 0000004c 00000001 00000001
 1035 J 00000003 00000060 00000001 00000001
 1036 J 00000003 00000061 00000001 00000001
 1037 J 00000003 0000004a 00000000 00000001
 1038 J 00000004 00000000 00000007 00000000
 1039 J 00000004 00000001 00000007 00000000
 1040 J 00000004 00000002 00000006 00000000
 1041 J 00000004 0000002d 00000006 00000000
 1042 J 00000004 0000002e 00000006 00000000
 1043 J 00000004 0000002f 00000006 00000000
 1044 J 00000004 00000030 00000006 00000000
 1045 J 00000004 00000008 00000006 00000000
 1046 J 00000004 00000009 00000006 00000000
 1047 J 00000004 0000000a 00000006 00000000
 1048 J 00000004 0000000b 00000006 00000000
 1049 J 00000004 0000000c 00000006 00000000
 1050 J 00000004 00000010 00000006 00000000
 1051 J 00000004 00000011 00000006 00000000
 1052 J 00000004 00000012 00000006 00000000
 1053 J 00000004 00000013 00000006 00000000
 1054 J 00000004 00000014 00000006 00000000
 1055 J 00000004 00000015 00000006 00000000
 1056 J 00000004 00000016 00000006 00000000
 1057 J 00000004 0000001b 00000006 00000000
 1058 J 00000004 0000001c 00000006 00000000
 1059 J 00000004 0000001d 00000006 00000000
 1060 J 00000004 0000001e 00000006 00000000
 1061 J 00000004 0000001f 00000006 00000000
 1062 J 00000004 00000020 00000006 00000000
 1063 J 00000004 00000021 00000006 00000000
 1064 J 00000004 00000022 00000006 00000000
 1065 J 00000004 00000023 00000006 00000000
 1066 J 00000004 00000024 00000006 00000000
 1067 J 00000004 00000025 00000006 00000000
 1068 J 00000004 00000026 00000006 00000000
 1069 J 00000004 00000027 00000006 00000000
 1070 J 00000004 00000028 00000006 00000000
 1071 J 00000004 00000029 00000006 00000000
 1072 J 00000004 0000002a 00000006 00000000
 1073 J 00000004 0000002b 00000006 00000000
 1074 J 00000004 00000048 00000006 00000000
 1075 J 00000004 00000049 00000006 00000000
 1076 J 00000004 0000002c 00000005 00000000
 1077 J 00000004 00000053 00000005 00000000
 1078 J 00000004 00000003 00000004 00000000
 1079 J 00000004 00000004 00000004 00000000
 1080 J 00000004 00000005 00000004 00000000
 1081 J 00000004 00000006 00000004 00000000
 1082 J 00000004 00000007 00000004 00000000
 1083 J 00000004 0000000d 00000004 00000000
 1084 J 00000004 0000000e 00000004 00000000
 1085 J 00000004 0000000f 00000004 00000000
 1086 J 00000004 00000017 00000004 00000000
 1087 J 00000004 00000018 00000004 00000000
 1088 J 00000004 00000019 00000004 00000000
 1089 J 00000004 0000001a 00000004 00000000
 1090 J 00000004 00000033 00000004 00000000
 1091 J 00000004 00000034 00000004 00000000
 1092 J 00000004 00000035 00000004 00000000
 1093 J 00000004 00000036 00000004 00000000
 1094 J 00000004 00000037 00000004 00000000
 1095 J 00000004 00000038 00000004 00000000
 1096 J 00000004 00000039 00000004 00000000
 1097 J 00000004 0000003a 00000004 00000000
 1098 J 00000004 0000003b 00000004 00000000
 1099 J 00000004 0000003c 00000004 00000000
 1100 J 00000004 0000003d 00000004 00000000
 1101 J 00000004 0000003e 00000004 00000000
 1102 J 00000004 0000003f 00000004 00000000
 1103 J 00000004 00000040 00000004 00000000
 1104 J 00000004 00000041 00000004 00000000
 1105 J 00000004 00000042 00000004 00000000
 1106 J 00000004 00000043 00000004 00000000
 1107 J 00000004 00000044 00000004 00000000
 1108 J 00000004 00000045 00000004 00000000
 1109 J 00000004 00000046 00000004 00000000
 1110 J 00000004 0000004d 00000004 00000000
 1111 J 00000004 0000004e 00000004 00000000
 1112 J 00000004 0000004f 00000004 00000000
 1113 J 00000004 00000055 00000004 00000000
 1114 J 00000004 00000058 00000004 00000000
 1115 J 00000004 00000059 00000004 00000000
 1116 J 00000004 0000005a 00000004 00000000
 1117 J 00000004 0000005b 00000004 00000000
 1118 J 00000004 0000005c 00000004 00000000
 1119 J 00000004 0000005d 00000004 00000000
 1120 J 00000004 0000005e 00000004 00000000
 1121 J 00000004 0000005f 00000004 00000000
 1122 J 00000004 00000062 00000004 00000000
 1123 J 00000004 00000063 00000004 00000000
 1124 J 00000004 00000064 00000004 00000000
 1125 J 00000004 00000065 00000004 00000000
 1126 J 00000004 00000066 00000004 00000000
 1127 J 00000004 00000067 00000004 00000000
 1128 J 00000004 00000068 00000004 00000000
 1129 J 00000004 00000069 00000004 00000000
 1130 J 00000004 0000006a 00000004 00000000
 1131 J 00000004 0000006b 00000004 00000000
 1132 J 00000004 0000006c 00000004 00000000
 1133 J 00000004 0000006d 00000004 00000000
 1134 J 00000004 0000006e 00000004 00000000
 1135 J 00000004 0000006f 00000004 00000000
 1136 J 00000004 00000070 00000004 00000000
 1137 J 00000004 00000071 00000004 00000000
 1138 J 00000004 00000072 00000004 00000000
 1139 J 00000004 00000073 00000004 00000000
 1140 J 00000004 00000074 00000004 00000000
 1141 J 00000004 00000075 00000004 00000000
 1142 J 00000004 00000076 00000004 00000000
 1143 J 00000004 00000077 00000004 00000000
 1144 J 00000004 00000078 00000004 00000000
 1145 J 00000004 00000079 00000004 00000000
 1146 J 00000004 0000007a 00000004 00000000
 1147 J 00000004 0000007b 00000004 00000000
 1148 J 00000004 0000007c 00000004 00000000
 1149 J 00000004 0000007d 00000004 00000000
 1150 J 00000004 0000007e 00000004 00000000
 1151 J 00000004 0000007f 00000004 00000000
 1152 J 00000004 00000032 00000004 00000000
 1153 J 00000004 00000047 00000003 00000000
 1154 J 00000004 00000031 00000003 00000000
 1155 J 00000004 00000050 00000003 00000000
 1156 J 00000004 00000051 00000003 00000000
 1157 J 00000004 00000052 00000003 00000000
 1158 J 00000004 00000054 00000003 00000000
 1159 J 00000004 00000056 00000003 00000000
 1160 J 00000004 00000057 00000003 00000000
 1161 J 00000004 0000004b 00000002 00000000
 1162 J 00000004 0000004c 00000001 00000000
 1163 J 00000004 00000060 00000001 00000000
 1164 J 00000004 00000061 00000001 00000000
 1165 J 00000004 0000004a 00000000 00000000
 1166 J 00000004 00000000 00000007 00000001
 1167 J 00000004 00000001 00000007 00000001
 1168 J 00000004 00000002 00000006 00000001
 1169 J 00000004 0000002d 00000006 00000001
 1170 J 00000004 0000002e 00000006 00000001
 1171 J 00000004 0000002f 00000006 00000001
 1172 J 00000004 00000030 00000006 00000001
 1173 J 00000004 00000008 00000006 00000001
 1174 J 00000004 00000009 00000006 00000001
 1175 J 00000004 0000000a 00000006 00000001
 1176 J 00000004 0000000b 00000006 00000001
 1177 J 00000004 0000000c 00000006 00000001
 1178 J 00000004 00000010 00000006 00000001
 1179 J 00000004 00000011 00000006 00000001
 1180 J 00000004 00000012 00000006 00000001
 1181 J 00000004 00000013 00000006 00000001
 1182 J 00000004 00000014 00000006 00000001
 1183 J 00000004 00000015 00000006 00000001
 1184 J 00000004 00000016 00000006 00000001
 1185 J 00000004 0000001b 00000006 00000001
 1186 J 00000004 0000001c 00000006 00000001
 1187 J 00000004 0000001d 00000006 00000001
 1188 J 00000004 0000001e 00000006 00000001
 1189 J 00000004 0000001f 00000006 00000001
 1190 J 00000004 00000020 00000006 00000001
 1191 J 00000004 00000021 00000006 00000001
 1192 J 00000004 00000022 00000006 00000001
 1193 J 00000004 00000023 00000006 00000001
 1194 J 00000004 00000024 00000006 00000001
 1195 J 00000004 00000025 00000006 00000001
 1196 J 00000004 00000026 00000006 00000001
 1197 J 00000004 00000027 00000006 00000001
 1198 J 00000004 00000028 00000006 00000001
 1199 J 00000004 00000029 00000006 00000001
 1200 J 00000004 0000002a 00000006 00000001
 1201 J 00000004 0000002b 00000006 00000001
 1202 J 00000004 00000048 00000006 00000001
 1203 J 00000004 00000049 00000006 00000001
 1204 J 00000004 0000002c 00000005 00000001
 1205 J 00000004 00000053 00000005 00000001
 1206 J 00000004 00000003 00000004 00000001
 1207 J 00000004 00000004 00000004 00000001
 1208 J 00000004 00000005 00000004 00000001
 1209 J 00000004 00000006 00000004 00000001
 1210 J 00000004 00000007 00000004 00000001
 1211 J 00000004 0000000d 00000004 00000001
 1212 J 00000004 0000000e 00000004 00000001
 1213 J 00000004 0000000f 00000004 00000001
 1214 J 00000004 00000017 00000004 00000001
 1215 J 00000004 00000018 00000004 00000001
 1216 J 00000004 00000019 00000004 00000001
 1217 J 00000004 0000001a 00000004 00000001
 1218 J 00000004 00000033 00000004 00000001
 1219 J 00000004 00000034 00000004 00000001
 1220 J 00000004 00000035 00000004 00000001
 1221 J 00000004 00000036 00000004 00000001
 1222 J 00000004 00000037 00000004 00000001
 1223 J 00000004 00000038 00000004 00000001
 1224 J 00000004 00000039 00000004 00000001
 1225 J 00000004 0000003a 00000004 00000001
 1226 J 00000004 0000003b 00000004 00000001
 1227 J 00000004 0000003c 00000004 00000001
 1228 J 00000004 0000003d 00000004 00000001
 1229 J 00000004 0000003e 00000004 00000001
 1230 J 00000004 0000003f 00000004 00000001
 1231 J 00000004 00000040 00000004 00000001
 1232 J 00000004 00000041 00000004 00000001
 1233 J 00000004 00000042 00000004 00000001
 1234 J 00000004 00000043 00000004 00000001
 1235 J 00000004 00000044 00000004 00000001
 1236 J 00000004 00000045 00000004 00000001
 1237 J 00000004 00000046 00000004 00000001
 1238 J 00000004 0000004d 00000004 00000001
 1239 J 00000004 0000004e 00000004 00000001
 1240 J 00000004 0000004f 00000004 00000001
 1241 J 00000004 00000055 00000004 00000001
 1242 J 00000004 00000058 00000004 00000001
 1243 J 00000004 00000059 00000004 00000001
 1244 J 00000004 0000005a 00000004 00000001
 1245 J 00000004 0000005b 00000004 00000001
 1246 J 00000004 0000005c 00000004 00000001
 1247 J 00000004 0000005d 00000004 00000001
 1248 J 00000004 0000005e 00000004 00000001
 1249 J 00000004 0000005f 00000004 00000001
 1250 J 00000004 00000062 00000004 00000001
 1251 J 00000004 00000063 00000004 00000001
 1252 J 00000004 00000064 00000004 00000001
 1253 J 00000004 00000065 00000004 00000001
 1254 J 00000004 00000066 00000004 00000001
 1255 J 00000004 00000067 00000004 00000001
 1256 J 00000004 00000068 00000004 00000001
 1257 J 00000004 00000069 00000004 00000001
 1258 J 00000004 0000006a 00000004 00000001
 1259 J 00000004 0000006b 00000004 00000001
 1260 J 00000004 0000006c 00000004 00000001
 1261 J 00000004 0000006d 00000004 00000001
 1262 J 00000004 0000006e 00000004 00000001
 1263 J 00000004 0000006f 00000004 00000001
 1264 J 00000004 00000070 00000004 00000001
 1265 J 00000004 00000071 00000004 00000001
 1266 J 00000004 00000072 00000004 00000001
 1267 J 00000004 00000073 00000004 00000001
 1268 J 00000004 00000074 00000004 00000001
 1269 J 00000004 00000075 00000004 00000001
 1270 J 00000004 00000076 00000004 00000001
 1271 J 00000004 00000077 00000004 00000001
 1272 J 00000004 00000078 00000004 00000001
 1273 J 00000004 00000079 00000004 00000001
 1274 J 00000004 0000007a 00000004 00000001
 1275 J 00000004 0000007b 00000004 00000001
 1276 J 00000004 0000007c 00000004 00000001
 1277 J 00000004 0000007d 00000004 00000001
 1278 J 00000004 0000007e 00000004 00000001
 1279 J 00000004 0000007f 00000004 00000001
 1280 J 00000004 00000032 00000004 00000001
 1281 J 00000004 00000047 00000003 00000001
 1282 J 00000004 00000031 00000003 00000001
 1283 J 00000004 00000050 00000003 00000001
 1284 J 00000004 00000051 00000003 00000001
 1285 J 00000004 00000052 00000003 00000001
 1286 J 00000004 00000054 00000003 00000001
 1287 J 00000004 00000056 00000003 00000001
 1288 J 00000004 00000057 00000003 00000001
 1289 J 00000004 0000004b 00000002 00000001
 1290 J 00000004 0000004c 00000001 00000001
 1291 J 00000004 00000060 00000001 00000001
 1292 J 00000004 00000061 00000001 00000001
 1293 J 00000004 0000004a 00000000 00000001
 1294 J 00000005 00000000 00000007 00000000
 1295 J 00000005 00000001 00000007 00000000
 1296 J 00000005 00000002 00000006 00000000
 1297 J 00000005 0000002d 00000006 00000000
 1298 J 00000005 0000002e 00000006 00000000
 1299 J 00000005 0000002f 00000006 00000000
 1300 J 00000005 00000030 00000006 00000000
 1301 J 00000005 00000008 00000006 00000000
 1302 J 00000005 00000009 00000006 00000000
 1303 J 00000005 0000000a 00000006 00000000
 1304 J 00000005 0000000b 00000006 00000000
 1305 J 00000005 0000000c 00000006 00000000
 1306 J 00000005 00000010 00000006 00000000
 1307 J 00000005 00000011 00000006 00000000
 1308 J 00000005 00000012 00000006 00000000
 1309 J 00000005 00000013 00000006 00000000
 1310 J 00000005 00000014 00000006 00000000
 1311 J 00000005 00000015 00000006 00000000
 1312 J 00000005 00000016 00000006 00000000
 1313 J 00000005 0000001b 00000006 00000000
 1314 J 00000005 0000001c 00000006 00000000
 1315 J 00000005 0000001d 00000006 00000000
 1316 J 00000005 0000001e 00000006 00000000
 1317 J 00000005 0000001f 00000006 00000000
 1318 J 00000005 00000020 00000006 00000000
 1319 J 00000005 00000021 00000006 00000000
 1320 J 00000005 00000022 00000006 00000000
 1321 J 00000005 00000023 00000006 00000000
 1322 J 00000005 00000024 00000006 00000000
 1323 J 00000005 00000025 00000006 00000000
 1324 J 00000005 00000026 00000006 00000000
 1325 J 00000005 00000027 00000006 00000000
 1326 J 00000005 00000028 00000006 00000000
 1327 J 00000005 00000029 00000006 00000000
 1328 J 00000005 0000002a 00000006 00000000
 1329 J 00000005 0000002b 00000006 00000000
 1330 J 00000005 00000048 00000006 00000000
 1331 J 00000005 00000049 00000006 00000000
 1332 J 00000005 0000002c 00000005 00000000
 1333 J 00000005 00000053 00000005 00000000
 1334 J 00000005 00000003 00000004 00000000
 1335 J 00000005 00000004 00000004 00000000
 1336 J 00000005 00000005 00000004 00000000
 1337 J 00000005 00000006 00000004 00000000
 1338 J 00000005 00000007 00000004 00000000
 1339 J 00000005 0000000d 00000004 00000000
 1340 J 00000005 0000000e 00000004 00000000
 1341 J 00000005 0000000f 00000004 00000000
 1342 J 00000005 00000017 00000004 00000000
 1343 J 00000005 00000018 00000004 00000000
 1344 J 00000005 00000019 00000004 00000000
 1345 J 00000005 0000001a 00000004 00000000
 1346 J 00000005 00000033 00000004 00000000
 1347 J 00000005 00000034 00000004 00000000
 1348 J 00000005 00000035 00000004 00000000
 1349 J 00000005 00000036 00000004 00000000
 1350 J 00000005 00000037 00000004 00000000
 1351 J 00000005 00000038 00000004 00000000
 1352 J 00000005 00000039 00000004 00000000
 1353 J 00000005 0000003a 00000004 00000000
 1354 J 00000005 0000003b 00000004 00000000
 1355 J 00000005 0000003c 00000004 00000000
 1356 J 00000005 0000003d 00000004 00000000
 1357 J 00000005 0000003e 00000004 00000000
 1358 J 00000005 0000003f 00000004 00000000
 1359 J 00000005 00000040 00000004 00000000
 1360 J 00000005 00000041 00000004 00000000
 1361 J 00000005 00000042 00000004 00000000
 1362 J 00000005 00000043 00000004 00000000
 1363 J 00000005 00000044 00000004 00000000
 1364 J 00000005 00000045 00000004 00000000
 1365 J 00000005 00000046 00000004 00000000
 1366 J 00000005 0000004d 00000004 00000000
 1367 J 00000005 0000004e 00000004 00000000
 1368 J 00000005 0000004f 00000004 00000000
 1369 J 00000005 00000055 00000004 00000000
 1370 J 00000005 00000058 00000004 00000000
 1371 J 00000005 00000059 00000004 00000000
 1372 J 00000005 0000005a 00000004 00000000
 1373 J 00000005 0000005b 00000004 00000000
 1374 J 00000005 0000005c 00000004 00000000
 1375 J 00000005 0000005d 00000004 00000000
 1376 J 00000005 0000005e 00000004 00000000
 1377 J 00000005 0000005f 00000004 00000000
 1378 J 00000005 00000062 00000004 00000000
 1379 J 00000005 00000063 00000004 00000000
 1380 J 00000005 00000064 00000004 00000000
 1381 J 00000005 00000065 00000004 00000000
 1382 J 00000005 00000066 00000004 00000000
 1383 J 00000005 00000067 00000004 00000000
 1384 J 00000005 00000068 00000004 00000000
 1385 J 00000005 00000069 00000004 00000000
 1386 J 00000005 0000006a 00000004 00000000
 1387 J 00000005 0000006b 00000004 00000000
 1388 J 00000005 0000006c 00000004 00000000
 1389 J 00000005 0000006d 00000004 00000000
 1390 J 00000005 0000006e 00000004 00000000
 1391 J 00000005 0000006f 00000004 00000000
 1392 J 00000005 00000070 00000004 00000000
 1393 J 00000005 00000071 00000004 00000000
 1394 J 00000005 00000072 00000004 00000000
 1395 J 00000005 00000073 00000004 00000000
 1396 J 00000005 00000074 00000004 00000000
 1397 J 00000005 00000075 00000004 00000000
 1398 J 00000005 00000076 00000004 00000000
 1399 J 00000005 00000077 00000004 00000000
 1400 J 00000005 00000078 00000004 00000000
 1401 J 00000005 00000079 00000004 00000000
 1402 J 00000005 0000007a 00000004 00000000
 1403 J 00000005 0000007b 00000004 00000000
 1404 J 00000005 0000007c 00000004 00000000
 1405 J 00000005 0000007d 00000004 00000000
 1406 J 00000005 0000007e 00000004 00000000
 1407 J 00000005 0000007f 00000004 00000000
 1408 J 00000005 00000032 00000004 00000000
 1409 J 00000005 00000047 00000003 00000000
 1410 J 00000005 00000031 00000003 00000000
 1411 J 00000005 00000050 00000003 00000000
 1412 J 00000005 00000051 00000003 00000000
 1413 J 00000005 00000052 00000003 00000000
 1414 J 00000005 00000054 00000003 00000000
 1415 J 00000005 00000056 00000003 00000000
 1416 J 00000005 00000057 00000003 00000000
 1417 J 00000005 0000004b 00000002 00000000
 1418 J 00000005 0000004c 00000001 00000000
 1419 J 00000005 00000060 00000001 00000000
 1420 J 00000005 00000061 00000001 00000000
 1421 J 00000005 0000004a 00000000 00000000
 1422 J 00000005 00000000 00000007 00000001
 1423 J 00000005 00000001 00000007 00000001
 1424 J 00000005 00000002 00000006 00000001
 1425 J 00000005 0000002d 00000006 00000001
 1426 J 00000005 0000002e 00000006 00000001
 1427 J 00000005 0000002f 00000006 00000001
 1428 J 00000005 00000030 00000006 00000001
 1429 J 00000005 00000008 00000006 00000001
 1430 J 00000005 00000009 00000006 00000001
 1431 J 00000005 0000000a 00000006 00000001
 1432 J 00000005 0000000b 00000006 00000001
 1433 J 00000005 0000000c 00000006 00000001
 1434 J 00000005 00000010 00000006 00000001
 1435 J 00000005 00000011 00000006 00000001
 1436 J 00000005 00000012 00000006 00000001
 1437 J 00000005 00000013 00000006 00000001
 1438 J 00000005 00000014 00000006 00000001
 1439 J 00000005 00000015 00000006 00000001
 1440 J 00000005 00000016 00000006 00000001
 1441 J 00000005 0000001b 00000006 00000001
 1442 J 00000005 0000001c 00000006 00000001
 1443 J 00000005 0000001d 00000006 00000001
 1444 J 00000005 0000001e 00000006 00000001
 1445 J 00000005 0000001f 00000006 00000001
 1446 J 00000005 00000020 00000006 00000001
 1447 J 00000005 00000021 00000006 00000001
 1448 J 00000005 00000022 00000006 00000001
 1449 J 00000005 00000023 00000006 00000001
 1450 J 00000005 00000024 00000006 00000001
 1451 J 00000005 00000025 00000006 00000001
 1452 J 00000005 00000026 00000006 00000001
 1453 J 00000005 00000027 00000006 00000001
 1454 J 00000005 00000028 00000006 00000001
 1455 J 00000005 00000029 00000006 00000001
 1456 J 00000005 0000002a 00000006 00000001
 1457 J 00000005 0000002b 00000006 00000001
 1458 J 00000005 00000048 00000006 00000001
 1459 J 00000005 00000049 00000006 00000001
 1460 J 00000005 0000002c 00000005 00000001
 1461 J 00000005 00000053 00000005 00000001
 1462 J 00000005 00000003 00000004 00000001
 1463 J 00000005 00000004 00000004 00000001
 1464 J 00000005 00000005 00000004 00000001
 1465 J 00000005 00000006 00000004 00000001
 1466 J 00000005 00000007 00000004 00000001
 1467 J 00000005 0000000d 00000004 00000001
 1468 J 00000005 0000000e 00000004 00000001
 1469 J 00000005 0000000f 00000004 00000001
 1470 J 00000005 00000017 00000004 00000001
 1471 J 00000005 00000018 00000004 00000001
 1472 J 00000005 00000019 00000004 00000001
 1473 J 00000005 0000001a 00000004 00000001
 1474 J 00000005 00000033 00000004 00000001
 1475 J 00000005 00000034 00000004 00000001
 1476 J 00000005 00000035 00000004 00000001
 1477 J 00000005 00000036 00000004 00000001
 1478 J 00000005 00000037 00000004 00000001
 1479 J 00000005 00000038 00000004 00000001
 1480 J 00000005 00000039 00000004 00000001
 1481 J 00000005 0000003a 00000004 00000001
 1482 J 00000005 0000003b 00000004 00000001
 1483 J 00000005 0000003c 00000004 00000001
 1484 J 00000005 0000003d 00000004 00000001
 1485 J 00000005 0000003e 00000004 00000001
 1486 J 00000005 0000003f 00000004 00000001
 1487 J 00000005 00000040 00000004 00000001
 1488 J 00000005 00000041 00000004 00000001
 1489 J 00000005 00000042 00000004 00000001
 1490 J 00000005 00000043 00000004 00000001
 1491 J 00000005 00000044 00000004 00000001
 1492 J 00000005 00000045 00000004 00000001
 1493 J 00000005 00000046 00000004 00000001
 1494 J 00000005 0000004d 00000004 00000001
 1495 J 00000005 0000004e 00000004 00000001
 1496 J 00000005 0000004f 00000004 00000001
 1497 J 00000005 00000055 00000004 00000001
 1498 J 00000005 00000058 00000004 00000001
 1499 J 00000005 00000059 00000004 00000001
 1500 J 00000005 0000005a 00000004 00000001
 1501 J 00000005 0000005b 00000004 00000001
 1502 J 00000005 0000005c 00000004 00000001
 1503 J 00000005 0000005d 00000004 00000001
 1504 J 00000005 0000005e 00000004 00000001
 1505 J 00000005 0000005f 00000004 00000001
 1506 J 00000005 00000062 00000004 00000001
 1507 J 00000005 00000063 00000004 00000001
 1508 J 00000005 00000064 00000004 00000001
 1509 J 00000005 00000065 00000004 00000001
 1510 J 00000005 00000066 00000004 00000001
 1511 J 00000005 00000067 00000004 00000001
 1512 J 00000005 00000068 00000004 00000001
 1513 J 00000005 00000069 00000004 00000001
 1514 J 00000005 0000006a 00000004 00000001
 1515 J 00000005 0000006b 00000004 00000001
 1516 J 00000005 0000006c 00000004 00000001
 1517 J 00000005 0000006d 00000004 00000001
 1518 J 00000005 0000006e 00000004 00000001
 1519 J 00000005 0000006f 00000004 00000001
 1520 J 00000005 00000070 00000004 00000001
 1521 J 00000005 00000071 00000004 00000001
 1522 J 00000005 00000072 00000004 00000001
 1523 J 00000005 00000073 00000004 00000001
 1524 J 00000005 00000074 00000004 00000001
 1525 J 00000005 00000075 00000004 00000001
 1526 J 00000005 00000076 00000004 00000001
 1527 J 00000005 00000077 00000004 00000001
 1528 J 00000005 00000078 00000004 00000001
 1529 J 00000005 00000079 00000004 00000001
 1530 J 00000005 0000007a 00000004 00000001
 1531 J 00000005 0000007b 00000004 00000001
 1532 J 00000005 0000007c 00000004 00000001
 1533 J 00000005 0000007d 00000004 00000001
 1534 J 00000005 0000007e 00000004 00000001
 1535 J 00000005 0000007f 00000004 00000001
 1536 J 00000005 00000032 00000004 00000001
 1537 J 00000005 00000047 00000003 00000001
 1538 J 00000005 00000031 00000003 00000001
 1539 J 00000005 00000050 00000003 00000001
 1540 J 00000005 00000051 00000003 00000001
 1541 J 00000005 00000052 00000003 00000001
 1542 J 00000005 00000054 00000003 00000001
 1543 J 00000005 00000056 00000003 00000001
 1544 J 00000005 00000057 00000003 00000001
 1545 J 00000005 0000004b 00000002 00000001
 1546 J 00000005 0000004c 00000001 00000001
 1547 J 00000005 00000060 00000001 00000001
 1548 J 00000005 00000061 00000001 00000001
 1549 J 00000005 0000004a 00000000 00000001
 1550 J 00000006 00000000 00000007 00000000
 1551 J 00000006 00000001 00000007 00000000
 1552 J 00000006 00000002 00000006 00000000
 1553 J 00000006 0000002d 00000006 00000000
 1554 J 00000006 0000002e 00000006 00000000
 1555 J 00000006 0000002f 00000006 00000000
 1556 J 00000006 00000030 00000006 00000000
 1557 J 00000006 00000008 00000006 00000000
 1558 J 00000006 00000009 00000006 00000000
 1559 J 00000006 0000000a 00000006 00000000
 1560 J 00000006 0000000b 00000006 00000000
 1561 J 00000006 0000000c 00000006 00000000
 1562 J 00000006 00000010 00000006 00000000
 1563 J 00000006 00000011 00000006 00000000
 1564 J 00000006 00000012 00000006 00000000
 1565 J 00000006 00000013 00000006 00000000
 1566 J 00000006 00000014 00000006 00000000
 1567 J 00000006 00000015 00000006 00000000
 1568 J 00000006 00000016 00000006 00000000
 1569 J 00000006 0000001b 00000006 00000000
 1570 J 00000006 0000001c 00000006 00000000
 1571 J 00000006 0000001d 00000006 00000000
 1572 J 00000006 0000001e 00000006 00000000
 1573 J 00000006 0000001f 00000006 00000000
 1574 J 00000006 00000020 00000006 00000000
 1575 J 00000006 00000021 00000006 00000000
 1576 J 00000006 00000022 00000006 00000000
 1577 J 00000006 00000023 00000006 00000000
 1578 J 00000006 00000024 00000006 00000000
 1579 J 00000006 00000025 00000006 00000000
 1580 J 00000006 00000026 00000006 00000000
 1581 J 00000006 00000027 00000006 00000000
 1582 J 00000006 00000028 00000006 00000000
 1583 J 00000006 00000029 00000006 00000000
 1584 J 00000006 0000002a 00000006 00000000
 1585 J 00000006 0000002b 00000006 00000000
 1586 J 00000006 00000048 00000006 00000000
 1587 J 00000006 00000049 00000006 00000000
 1588 J 00000006 0000002c 00000005 00000000
 1589 J 00000006 00000053 00000005 00000000
 1590 J 00000006 00000003 00000004 00000000
 1591 J 00000006 00000004 00000004 00000000
 1592 J 00000006 00000005 00000004 00000000
 1593 J 00000006 00000006 00000004 00000000
 1594 J 00000006 00000007 00000004 00000000
 1595 J 00000006 0000000d 00000004 00000000
 1596 J 00000006 0000000e 00000004 00000000
 1597 J 00000006 0000000f 00000004 00000000
 1598 J 00000006 00000017 00000004 00000000
 1599 J 00000006 00000018 00000004 00000000
 1600 J 00000006 00000019 00000004 00000000
 1601 J 00000006 0000001a 00000004 00000000
 1602 J 00000006 00000033 00000004 00000000
 1603 J 00000006 00000034 00000004 00000000
 1604 J 00000006 00000035 00000004 00000000
 1605 J 00000006 00000036 00000004 00000000
 1606 J 00000006 00000037 00000004 00000000
 1607 J 00000006 00000038 00000004 00000000
 1608 J 00000006 00000039 00000004 00000000
 1609 J 00000006 0000003a 00000004 00000000
 1610 J 00000006 0000003b 00000004 00000000
 1611 J 00000006 0000003c 00000004 00000000
 1612 J 00000006 0000003d 00000004 00000000
 1613 J 00000006 0000003e 00000004 00000000
 1614 J 00000006 0000003f 00000004 00000000
 1615 J 00000006 00000040 00000004 00000000
 1616 J 00000006 00000041 00000004 00000000
 1617 J 00000006 00000042 00000004 00000000
 1618 J 00000006 00000043 00000004 00000000
 1619 J 00000006 00000044 00000004 00000000
 1620 J 00000006 00000045 00000004 00000000
 1621 J 00000006 00000046 00000004 00000000
 1622 J 00000006 0000004d 00000004 00000000
 1623 J 00000006 0000004e 00000004 00000000
 1624 J 00000006 0000004f 00000004 00000000
 1625 J 00000006 00000055 00000004 00000000
 1626 J 00000006 00000058 00000004 00000000
 1627 J 00000006 00000059 00000004 00000000
 1628 J 00000006 0000005a 00000004 00000000
 1629 J 00000006 0000005b 00000004 00000000
 1630 J 00000006 0000005c 00000004 00000000
 1631 J 00000006 0000005d 00000004 00000000
 1632 J 00000006 0000005e 00000004 00000000
 1633 J 00000006 0000005f 00000004 00000000
 1634 J 00000006 00000062 00000004 00000000
 1635 J 00000006 00000063 00000004 00000000
 1636 J 00000006 00000064 00000004 00000000
 1637 J 00000006 00000065 00000004 00000000
 1638 J 00000006 00000066 00000004 00000000
 1639 J 00000006 00000067 00000004 00000000
 1640 J 00000006 00000068 00000004 00000000
 1641 J 00000006 00000069 00000004 00000000
 1642 J 00000006 0000006a 00000004 00000000
 1643 J 00000006 0000006b 00000004 00000000
 1644 J 00000006 0000006c 00000004 00000000
 1645 J 00000006 0000006d 00000004 00000000
 1646 J 00000006 0000006e 00000004 00000000
 1647 J 00000006 0000006f 00000004 00000000
 1648 J 00000006 00000070 00000004 00000000
 1649 J 00000006 00000071 00000004 00000000
 1650 J 00000006 00000072 00000004 00000000
 1651 J 00000006 00000073 00000004 00000000
 1652 J 00000006 00000074 00000004 00000000
 1653 J 00000006 00000075 00000004 00000000
 1654 J 00000006 00000076 00000004 00000000
 1655 J 00000006 00000077 00000004 00000000
 1656 J 00000006 00000078 00000004 00000000
 1657 J 00000006 00000079 00000004 00000000
 1658 J 00000006 0000007a 00000004 00000000
 1659 J 00000006 0000007b 00000004 00000000
 1660 J 00000006 0000007c 00000004 00000000
 1661 J 00000006 0000007d 00000004 00000000
 1662 J 00000006 0000007e 00000004 00000000
 1663 J 00000006 0000007f 00000004 00000000
 1664 J 00000006 00000032 00000004 00000000
 1665 J 00000006 00000047 00000003 00000000
 1666 J 00000006 00000031 00000003 00000000
 1667 J 00000006 00000050 00000003 00000000
 1668 J 00000006 00000051 00000003 00000000
 1669 J 00000006 00000052 00000003 00000000
 1670 J 00000006 00000054 00000003 00000000
 1671 J 00000006 00000056 00000003 00000000
 1672 J 00000006 00000057 00000003 00000000
 1673 J 00000006 0000004b 00000002 00000000
 1674 J 00000006 0000004c 00000001 00000000
 1675 J 00000006 00000060 00000001 00000000
 1676 J 00000006 00000061 00000001 00000000
 1677 J 00000006 0000004a 00000000 00000000
 1678 J 00000006 00000000 00000007 00000001
 1679 J 00000006 00000001 00000007 00000001
 1680 J 00000006 00000002 00000006 00000001
 1681 J 00000006 0000002d 00000006 00000001
 1682 J 00000006 0000002e 00000006 00000001
 1683 J 00000006 0000002f 00000006 00000001
 1684 J 00000006 00000030 00000006 00000001
 1685 J 00000006 00000008 00000006 00000001
 1686 J 00000006 00000009 00000006 00000001
 1687 J 00000006 0000000a 00000006 00000001
 1688 J 00000006 0000000b 00000006 00000001
 1689 J 00000006 0000000c 00000006 00000001
 1690 J 00000006 00000010 00000006 00000001
 1691 J 00000006 00000011 00000006 00000001
 1692 J 00000006 00000012 00000006 00000001
 1693 J 00000006 00000013 00000006 00000001
 1694 J 00000006 00000014 00000006 00000001
 1695 J 00000006 00000015 00000006 00000001
 1696 J 00000006 00000016 00000006 00000001
 1697 J 00000006 0000001b 00000006 00000001
 1698 J 00000006 0000001c 00000006 00000001
 1699 J 00000006 0000001d 00000006 00000001
 1700 J 00000006 0000001e 00000006 00000001
 1701 J 00000006 0000001f 00000006 00000001
 1702 J 00000006 00000020 00000006 00000001
 1703 J 00000006 00000021 00000006 00000001
 1704 J 00000006 00000022 00000006 00000001
 1705 J 00000006 00000023 00000006 00000001
 1706 J 00000006 00000024 00000006 00000001
 1707 J 00000006 00000025 00000006 00000001
 1708 J 00000006 00000026 00000006 00000001
 1709 J 00000006 00000027 00000006 00000001
 1710 J 00000006 00000028 00000006 00000001
 1711 J 00000006 00000029 00000006 00000001
 1712 J 00000006 0000002a 00000006 00000001
 1713 J 00000006 0000002b 00000006 00000001
 1714 J 00000006 00000048 00000006 00000001
 1715 J 00000006 00000049 00000006 00000001
 1716 J 00000006 0000002c 00000005 00000001
 1717 J 00000006 00000053 00000005 00000001
 1718 J 00000006 00000003 00000004 00000001
 1719 J 00000006 00000004 00000004 00000001
 1720 J 00000006 00000005 00000004 00000001
 1721 J 00000006 00000006 00000004 00000001
 1722 J 00000006 00000007 00000004 00000001
 1723 J 00000006 0000000d 00000004 00000001
 1724 J 00000006 0000000e 00000004 00000001
 1725 J 00000006 0000000f 00000004 00000001
 1726 J 00000006 00000017 00000004 00000001
 1727 J 00000006 00000018 00000004 00000001
 1728 J 00000006 00000019 00000004 00000001
 1729 J 00000006 0000001a 00000004 00000001
 1730 J 00000006 00000033 00000004 00000001
 1731 J 00000006 00000034 00000004 00000001
 1732 J 00000006 00000035 00000004 00000001
 1733 J 00000006 00000036 00000004 00000001
 1734 J 00000006 00000037 00000004 00000001
 1735 J 00000006 00000038 00000004 00000001
 1736 J 00000006 00000039 00000004 00000001
 1737 J 00000006 0000003a 00000004 00000001
 1738 J 00000006 0000003b 00000004 00000001
 1739 J 00000006 0000003c 00000004 00000001
 1740 J 00000006 0000003d 00000004 00000001
 1741 J 00000006 0000003e 00000004 00000001
 1742 J 00000006 0000003f 00000004 00000001
 1743 J 00000006 00000040 00000004 00000001
 1744 J 00000006 00000041 00000004 00000001
 1745 J 00000006 00000042 00000004 00000001
 1746 J 00000006 00000043 00000004 00000001
 1747 J 00000006 00000044 00000004 00000001
 1748 J 00000006 00000045 00000004 00000001
 1749 J 00000006 00000046 00000004 00000001
 1750 J 00000006 0000004d 00000004 00000001
 1751 J 00000006 0000004e 00000004 00000001
 1752 J 00000006 0000004f 00000004 00000001
 1753 J 00000006 00000055 00000004 00000001
 1754 J 00000006 00000058 00000004 00000001
 1755 J 00000006 00000059 00000004 00000001
 1756 J 00000006 0000005a 00000004 00000001
 1757 J 00000006 0000005b 00000004 00000001
 1758 J 00000006 0000005c 00000004 00000001
 1759 J 00000006 0000005d 00000004 00000001
 1760 J 00000006 0000005e 00000004 00000001
 1761 J 00000006 0000005f 00000004 00000001
 1762 J 00000006 00000062 00000004 00000001
 1763 J 00000006 00000063 00000004 00000001
 1764 J 00000006 00000064 00000004 00000001
 1765 J 00000006 00000065 00000004 00000001
 1766 J 00000006 00000066 00000004 00000001
 1767 J 00000006 00000067 00000004 00000001
 1768 J 00000006 00000068 00000004 00000001
 1769 J 00000006 00000069 00000004 00000001
 1770 J 00000006 0000006a 00000004 00000001
 1771 J 00000006 0000006b 00000004 00000001
 1772 J 00000006 0000006c 00000004 00000001
 1773 J 00000006 0000006d 00000004 00000001
 1774 J 00000006 0000006e 00000004 00000001
 1775 J 00000006 0000006f 00000004 00000001
 1776 J 00000006 00000070 00000004 00000001
 1777 J 00000006 00000071 00000004 00000001
 1778 J 00000006 00000072 00000004 00000001
 1779 J 00000006 00000073 00000004 00000001
 1780 J 00000006 00000074 00000004 00000001
 1781 J 00000006 00000075 00000004 00000001
 1782 J 00000006 00000076 00000004 00000001
 1783 J 00000006 00000077 00000004 00000001
 1784 J 00000006 00000078 00000004 00000001
 1785 J 00000006 00000079 00000004 00000001
 1786 J 00000006 0000007a 00000004 00000001
 1787 J 00000006 0000007b 00000004 00000001
 1788 J 00000006 0000007c 00000004 00000001
 1789 J 00000006 0000007d 00000004 00000001
 1790 J 00000006 0000007e 00000004 00000001
 1791 J 00000006 0000007f 00000004 00000001
 1792 J 00000006 00000032 00000004 00000001
 1793 J 00000006 00000047 00000003 00000001
 1794 J 00000006 00000031 00000003 00000001
 1795 J 00000006 00000050 00000003 00000001
 1796 J 00000006 00000051 00000003 00000001
 1797 J 00000006 00000052 00000003 00000001
 1798 J 00000006 00000054 00000003 00000001
 1799 J 00000006 00000056 00000003 00000001
 1800 J 00000006 00000057 00000003 00000001
 1801 J 00000006 0000004b 00000002 00000001
 1802 J 00000006 0000004c 00000001 00000001
 1803 J 00000006 00000060 00000001 00000001
 1804 J 00000006 00000061 00000001 00000001
 1805 J 00000006 0000004a 00000000 00000001
 1806 J 00000007 00000000 00000007 00000000
 1807 J 00000007 00000001 00000007 00000000
 1808 J 00000007 00000002 00000006 00000000
 1809 J 00000007 0000002d 00000006 00000000
 1810 J 00000007 0000002e 00000006 00000000
 1811 J 00000007 0000002f 00000006 00000000
 1812 J 00000007 00000030 00000006 00000000
 1813 J 00000007 00000008 00000006 00000000
 1814 J 00000007 00000009 00000006 00000000
 1815 J 00000007 0000000a 00000006 00000000
 1816 J 00000007 0000000b 00000006 00000000
 1817 J 00000007 0000000c 00000006 00000000
 1818 J 00000007 00000010 00000006 00000000
 1819 J 00000007 00000011 00000006 00000000
 1820 J 00000007 00000012 00000006 00000000
 1821 J 00000007 00000013 00000006 00000000
 1822 J 00000007 00000014 00000006 00000000
 1823 J 00000007 00000015 00000006 00000000
 1824 J 00000007 00000016 00000006 00000000
 1825 J 00000007 0000001b 00000006 00000000
 1826 J 00000007 0000001c 00000006 00000000
 1827 J 00000007 0000001d 00000006 00000000
 1828 J 00000007 0000001e 00000006 00000000
 1829 J 00000007 0000001f 00000006 00000000
 1830 J 00000007 00000020 00000006 00000000
 1831 J 00000007 00000021 00000006 00000000
 1832 J 00000007 00000022 00000006 00000000
 1833 J 00000007 00000023 00000006 00000000
 1834 J 00000007 00000024 00000006 00000000
 1835 J 00000007 00000025 00000006 00000000
 1836 J 00000007 00000026 00000006 00000000
 1837 J 00000007 00000027 00000006 00000000
 1838 J 00000007 00000028 00000006 00000000
 1839 J 00000007 00000029 00000006 00000000
 1840 J 00000007 0000002a 00000006 00000000
 1841 J 00000007 0000002b 00000006 00000000
 1842 J 00000007 00000048 00000006 00000000
 1843 J 00000007 00000049 00000006 00000000
 1844 J 00000007 0000002c 00000005 00000000
 1845 J 00000007 00000053 00000005 00000000
 1846 J 00000007 00000003 00000004 00000000
 1847 J 00000007 00000004 00000004 00000000
 1848 J 00000007 00000005 00000004 00000000
 1849 J 00000007 00000006 00000004 00000000
 1850 J 00000007 00000007 00000004 00000000
 1851 J 00000007 0000000d 00000004 00000000
 1852 J 00000007 0000000e 00000004 00000000
 1853 J 00000007 0000000f 00000004 00000000
 1854 J 00000007 00000017 00000004 00000000
 1855 J 00000007 00000018 00000004 00000000
 1856 J 00000007 00000019 00000004 00000000
 1857 J 00000007 0000001a 00000004 00000000
 1858 J 00000007 00000033 00000004 00000000
 1859 J 00000007 00000034 00000004 00000000
 1860 J 00000007 00000035 00000004 00000000
 1861 J 00000007 00000036 00000004 00000000
 1862 J 00000007 00000037 00000004 00000000
 1863 J 00000007 00000038 00000004 00000000
 1864 J 00000007 00000039 00000004 00000000
 1865 J 00000007 0000003a 00000004 00000000
 1866 J 00000007 0000003b 00000004 00000000
 1867 J 00000007 0000003c 00000004 00000000
 1868 J 00000007 0000003d 00000004 00000000
 1869 J 00000007 0000003e 00000004 00000000
 1870 J 00000007 0000003f 00000004 00000000
 1871 J 00000007 00000040 00000004 00000000
 1872 J 00000007 00000041 00000004 00000000
 1873 J 00000007 00000042 00000004 00000000
 1874 J 00000007 00000043 00000004 00000000
 1875 J 00000007 00000044 00000004 00000000
 1876 J 00000007 00000045 00000004 00000000
 1877 J 00000007 00000046 00000004 00000000
 1878 J 00000007 0000004d 00000004 00000000
 1879 J 00000007 0000004e 00000004 00000000
 1880 J 00000007 0000004f 00000004 00000000
 1881 J 00000007 00000055 00000004 00000000
 1882 J 00000007 00000058 00000004 00000000
 1883 J 00000007 00000059 00000004 00000000
 1884 J 00000007 0000005a 00000004 00000000
 1885 J 00000007 0000005b 00000004 00000000
 1886 J 00000007 0000005c 00000004 00000000
 1887 J 00000007 0000005d 00000004 00000000
 1888 J 00000007 0000005e 00000004 00000000
 1889 J 00000007 0000005f 00000004 00000000
 1890 J 00000007 00000062 00000004 00000000
 1891 J 00000007 00000063 00000004 00000000
 1892 J 00000007 00000064 00000004 00000000
 1893 J 00000007 00000065 00000004 00000000
 1894 J 00000007 00000066 00000004 00000000
 1895 J 00000007 00000067 00000004 00000000
 1896 J 00000007 00000068 00000004 00000000
 1897 J 00000007 00000069 00000004 00000000
 1898 J 00000007 0000006a 00000004 00000000
 1899 J 00000007 0000006b 00000004 00000000
 1900 J 00000007 0000006c 00000004 00000000
 1901 J 00000007 0000006d 00000004 00000000
 1902 J 00000007 0000006e 00000004 00000000
 1903 J 00000007 0000006f 00000004 00000000
 1904 J 00000007 00000070 00000004 00000000
 1905 J 00000007 00000071 00000004 00000000
 1906 J 00000007 00000072 00000004 00000000
 1907 J 00000007 00000073 00000004 00000000
 1908 J 00000007 00000074 00000004 00000000
 1909 J 00000007 00000075 00000004 00000000
 1910 J 00000007 00000076 00000004 00000000
 1911 J 00000007 00000077 00000004 00000000
 1912 J 00000007 00000078 00000004 00000000
 1913 J 00000007 00000079 00000004 00000000
 1914 J 00000007 0000007a 00000004 00000000
 1915 J 00000007 0000007b 00000004 00000000
 1916 J 00000007 0000007c 00000004 00000000
 1917 J 00000007 0000007d 00000004 00000000
 1918 J 00000007 0000007e 00000004 00000000
 1919 J 00000007 0000007f 00000004 00000000
 1920 J 00000007 00000032 00000004 00000000
 1921 J 00000007 00000047 00000003 00000000
 1922 J 00000007 00000031 00000003 00000000
 1923 J 00000007 00000050 00000003 00000000
 1924 J 00000007 00000051 00000003 00000000
 1925 J 00000007 00000052 00000003 00000000
 1926 J 00000007 00000054 00000003 00000000
 1927 J 00000007 00000056 00000003 00000000
 1928 J 00000007 00000057 00000003 00000000
 1929 J 00000007 0000004b 00000002 00000000
 1930 J 00000007 0000004c 00000001 00000000
 1931 J 00000007 00000060 00000001 00000000
 1932 J 00000007 00000061 00000001 00000000
 1933 J 00000007 0000004a 00000000 00000000
 1934 J 00000007 00000000 00000007 00000001
 1935 J 00000007 00000001 00000007 00000001
 1936 J 00000007 00000002 00000006 00000001
 1937 J 00000007 0000002d 00000006 00000001
 1938 J 00000007 0000002e 00000006 00000001
 1939 J 00000007 0000002f 00000006 00000001
 1940 J 00000007 00000030 00000006 00000001
 1941 J 00000007 00000008 00000006 00000001
 1942 J 00000007 00000009 00000006 00000001
 1943 J 00000007 0000000a 00000006 00000001
 1944 J 00000007 0000000b 00000006 00000001
 1945 J 00000007 0000000c 00000006 00000001
 1946 J 00000007 00000010 00000006 00000001
 1947 J 00000007 00000011 00000006 00000001
 1948 J 00000007 00000012 00000006 00000001
 1949 J 00000007 00000013 00000006 00000001
 1950 J 00000007 00000014 00000006 00000001
 1951 J 00000007 00000015 00000006 00000001
 1952 J 00000007 00000016 00000006 00000001
 1953 J 00000007 0000001b 00000006 00000001
 1954 J 00000007 0000001c 00000006 00000001
 1955 J 00000007 0000001d 00000006 00000001
 1956 J 00000007 0000001e 00000006 00000001
 1957 J 00000007 0000001f 00000006 00000001
 1958 J 00000007 00000020 00000006 00000001
 1959 J 00000007 00000021 00000006 00000001
 1960 J 00000007 00000022 00000006 00000001
 1961 J 00000007 00000023 00000006 00000001
 1962 J 00000007 00000024 00000006 00000001
 1963 J 00000007 00000025 00000006 00000001
 1964 J 00000007 00000026 00000006 00000001
 1965 J 00000007 00000027 00000006 00000001
 1966 J 00000007 00000028 00000006 00000001
 1967 J 00000007 00000029 00000006 00000001
 1968 J 00000007 0000002a 00000006 00000001
 1969 J 00000007 0000002b 00000006 00000001
 1970 J 00000007 00000048 00000006 00000001
 1971 J 00000007 00000049 00000006 00000001
 1972 J 00000007 0000002c 00000005 00000001
 1973 J 00000007 00000053 00000005 00000001
 1974 J 00000007 00000003 00000004 00000001
 1975 J 00000007 00000004 00000004 00000001
 1976 J 00000007 00000005 00000004 00000001
 1977 J 00000007 00000006 00000004 00000001
 1978 J 00000007 00000007 00000004 00000001
 1979 J 00000007 0000000d 00000004 00000001
 1980 J 00000007 0000000e 00000004 00000001
 1981 J 00000007 0000000f 00000004 00000001
 1982 J 00000007 00000017 00000004 00000001
 1983 J 00000007 00000018 00000004 00000001
 1984 J 00000007 00000019 00000004 00000001
 1985 J 00000007 0000001a 00000004 00000001
 1986 J 00000007 00000033 00000004 00000001
 1987 J 00000007 00000034 00000004 00000001
 1988 J 00000007 00000035 00000004 00000001
 1989 J 00000007 00000036 00000004 00000001
 1990 J 00000007 00000037 00000004 00000001
 1991 J 00000007 00000038 00000004 00000001
 1992 J 00000007 00000039 00000004 00000001
 1993 J 00000007 0000003a 00000004 00000001
 1994 J 00000007 0000003b 00000004 00000001
 1995 J 00000007 0000003c 00000004 00000001
 1996 J 00000007 0000003d 00000004 00000001
 1997 J 00000007 0000003e 00000004 00000001
 1998 J 00000007 0000003f 00000004 00000001
 1999 J 00000007 00000040 00000004 00000001
 2000 J 00000007 00000041 00000004 00000001
 2001 J 00000007 00000042 00000004 00000001
 2002 J 00000007 00000043 00000004 00000001
 2003 J 00000007 00000044 00000004 00000001
 2004 J 00000007 00000045 00000004 00000001
 2005 J 00000007 00000046 00000004 00000001
 2006 J 00000007 0000004d 00000004 00000001
 2007 J 00000007 0000004e 00000004 00000001
 2008 J 00000007 0000004f 00000004 00000001
 2009 J 00000007 00000055 00000004 00000001
 2010 J 00000007 00000058 00000004 00000001
 2011 J 00000007 00000059 00000004 00000001
 2012 J 00000007 0000005a 00000004 00000001
 2013 J 00000007 0000005b 00000004 00000001
 2014 J 00000007 0000005c 00000004 00000001
 2015 J 00000007 0000005d 00000004 00000001
 2016 J 00000007 0000005e 00000004 00000001
 2017 J 00000007 0000005f 00000004 00000001
 2018 J 00000007 00000062 00000004 00000001
 2019 J 00000007 00000063 00000004 00000001
 2020 J 00000007 00000064 00000004 00000001
 2021 J 00000007 00000065 00000004 00000001
 2022 J 00000007 00000066 00000004 00000001
 2023 J 00000007 00000067 00000004 00000001
 2024 J 00000007 00000068 00000004 00000001
 2025 J 00000007 00000069 00000004 00000001
 2026 J 00000007 0000006a 00000004 00000001
 2027 J 00000007 0000006b 00000004 00000001
 2028 J 00000007 0000006c 00000004 00000001
 2029 J 00000007 0000006d 00000004 00000001
 2030 J 00000007 0000006e 00000004 00000001
 2031 J 00000007 0000006f 00000004 00000001
 2032 J 00000007 00000070 00000004 00000001
 2033 J 00000007 00000071 00000004 00000001
 2034 J 00000007 00000072 00000004 00000001
 2035 J 00000007 00000073 00000004 00000001
 2036 J 00000007 00000074 00000004 00000001
 2037 J 00000007 00000075 00000004 00000001
 2038 J 00000007 00000076 00000004 00000001
 2039 J 00000007 00000077 00000004 00000001
 2040 J 00000007 00000078 00000004 00000001
 2041 J 00000007 00000079 00000004 00000001
 2042 J 00000007 0000007a 00000004 00000001
 2043 J 00000007 0000007b 00000004 00000001
 2044 J 00000007 0000007c 00000004 00000001
 2045 J 00000007 0000007d 00000004 00000001
 2046 J 00000007 0000007e 00000004 00000001
 2047 J 00000007 0000007f 00000004 00000001
 2048 J 00000007 00000032 00000004 00000001
 2049 J 00000007 00000047 00000003 00000001
 2050 J 00000007 00000031 00000003 00000001
 2051 J 00000007 00000050 00000003 00000001
 2052 J 00000007 00000051 00000003 00000001
 2053 J 00000007 00000052 00000003 00000001
 2054 J 00000007 00000054 00000003 00000001
 2055 J 00000007 00000056 00000003 00000001
 2056 J 00000007 00000057 00000003 00000001
 2057 J 00000007 0000004b 00000002 00000001
 2058 J 00000007 0000004c 00000001 00000001
 2059 J 00000007 00000060 00000001 00000001
 2060 J 00000007 00000061 00000001 00000001
 2061 J 00000007 0000004a 00000000 00000001
 2062 S 00000012 ce4e3274 ce4e4560 00000001
 2063 W 00000019 00000000 00000007 00000001
 2064 E cd0d9000 cd339d8c 00000000 bf19c008
 2065 E cd0db800 cd339d8c 00000000 bf19c008
 2066 E cd0dd800 cd339d8c 00000000 bf19c008
 2067 E cd0df800 cd339d8c 00000000 bf19c008
 2068 E cd1c1800 cd339d8c 00000000 bf19c008
 2069 C 00000000 00000000 00000007 00000001
 2070 G cd339db0 00008100 00009100 00009200
 2071 a 00000001 00008100 00009100 00009200
 2072 h 00000000 00000001 bf0fc994 00009200
 2073 k 00000001 00000003 bf0fc940 00009200
 2074 x 00000000 040200ff bf0fc710 00009200
 2075 M 00000000 00000002 bf0fc8ec 00009200
 2076 n 00000001 00000000 bf0fc908 00000000
 2077 O 00000000 000007d0 bf0fc924 00000000
 2078 O 00000001 000007d0 00000000 00000000
 2079 O 00000002 000007d0 00000000 00000000
 2080 O 00000003 000007d0 00000000 00000000
 2081 O 00000004 000007d0 00000000 00000000
 2082 T 00008100 cd339cf4 00000000 00000000
 2083 I 00000000 00000000 00000000 00000000
 2084 I 00000000 00000000 00000004 00000000
 2085 I 00000000 00000000 00000008 00000000
 2086 I 00000000 00000000 0000000c 00000000
 2087 T 00009100 cd339cf4 bf100be0 00000000
 2088 I 00000000 00000002 00000001 00000000
 2089 I 00000000 00000002 00000005 00000000
 2090 I 00000000 00000002 00000009 00000000
 2091 I 00000000 00000002 0000000d 00000000
 2092 T 000088a8 cd339cf4 bf100bfc 00000000
 2093 I 00000000 00000001 00000002 00000000
 2094 I 00000000 00000001 00000006 00000000
 2095 I 00000000 00000001 0000000a 00000000
 2096 I 00000000 00000001 0000000e 00000000
 2097 T 00009200 cd339cf4 bf100c18 00000000
 2098 I 00000000 00000003 00000003 00000000
 2099 I 00000000 00000003 00000007 00000000
 2100 I 00000000 00000003 0000000b 00000000
 2101 I 00000000 00000003 0000000f 00000000
 2102 T 00008100 cd339cf4 bf100c34 00000000
 2103 I 00000001 00000000 00000000 00000000
 2104 I 00000001 00000000 00000004 00000000
 2105 I 00000001 00000000 00000008 00000000
 2106 I 00000001 00000000 0000000c 00000000
 2107 T 00009100 cd339cf4 bf100be0 00000000
 2108 I 00000001 00000002 00000001 00000000
 2109 I 00000001 00000002 00000005 00000000
 2110 I 00000001 00000002 00000009 00000000
 2111 I 00000001 00000002 0000000d 00000000
 2112 T 000088a8 cd339cf4 bf100bfc 00000000
 2113 I 00000001 00000001 00000002 00000000
 2114 I 00000001 00000001 00000006 00000000
 2115 I 00000001 00000001 0000000a 00000000
 2116 I 00000001 00000001 0000000e 00000000
 2117 T 00009200 cd339cf4 bf100c18 00000000
 2118 I 00000001 00000003 00000003 00000000
 2119 I 00000001 00000003 00000007 00000000
 2120 I 00000001 00000003 0000000b 00000000
 2121 I 00000001 00000003 0000000f 00000000
 2122 T 00008100 cd339cf4 bf100c34 00000000
 2123 I 00000002 00000000 00000000 00000000
 2124 I 00000002 00000000 00000004 00000000
 2125 I 00000002 00000000 00000008 00000000
 2126 I 00000002 00000000 0000000c 00000000
 2127 T 00009100 cd339cf4 bf100be0 00000000
 2128 I 00000002 00000002 00000001 00000000
 2129 I 00000002 00000002 00000005 00000000
 2130 I 00000002 00000002 00000009 00000000
 2131 I 00000002 00000002 0000000d 00000000
 2132 T 000088a8 cd339cf4 bf100bfc 00000000
 2133 I 00000002 00000001 00000002 00000000
 2134 I 00000002 00000001 00000006 00000000
 2135 I 00000002 00000001 0000000a 00000000
 2136 I 00000002 00000001 0000000e 00000000
 2137 T 00009200 cd339cf4 bf100c18 00000000
 2138 I 00000002 00000003 00000003 00000000
 2139 I 00000002 00000003 00000007 00000000
 2140 I 00000002 00000003 0000000b 00000000
 2141 I 00000002 00000003 0000000f 00000000
 2142 T 00008100 cd339cf4 bf100c34 00000000
 2143 I 00000003 00000000 00000000 00000000
 2144 I 00000003 00000000 00000004 00000000
 2145 I 00000003 00000000 00000008 00000000
 2146 I 00000003 00000000 0000000c 00000000
 2147 T 00009100 cd339cf4 bf100be0 00000000
 2148 I 00000003 00000002 00000001 00000000
 2149 I 00000003 00000002 00000005 00000000
 2150 I 00000003 00000002 00000009 00000000
 2151 I 00000003 00000002 0000000d 00000000
 2152 T 000088a8 cd339cf4 bf100bfc 00000000
 2153 I 00000003 00000001 00000002 00000000
 2154 I 00000003 00000001 00000006 00000000
 2155 I 00000003 00000001 0000000a 00000000
 2156 I 00000003 00000001 0000000e 00000000
 2157 T 00009200 cd339cf4 bf100c18 00000000
 2158 I 00000003 00000003 00000003 00000000
 2159 I 00000003 00000003 00000007 00000000
 2160 I 00000003 00000003 0000000b 00000000
 2161 I 00000003 00000003 0000000f 00000000
 2162 T 00008100 cd339cf4 bf100c34 00000000
 2163 I 00000004 00000000 00000000 00000000
 2164 I 00000004 00000000 00000004 00000000
 2165 I 00000004 00000000 00000008 00000000
 2166 I 00000004 00000000 0000000c 00000000
 2167 T 00009100 cd339cf4 bf100be0 00000000
 2168 I 00000004 00000002 00000001 00000000
 2169 I 00000004 00000002 00000005 00000000
 2170 I 00000004 00000002 00000009 00000000
 2171 I 00000004 00000002 0000000d 00000000
 2172 T 000088a8 cd339cf4 bf100bfc 00000000
 2173 I 00000004 00000001 00000002 00000000
 2174 I 00000004 00000001 00000006 00000000
 2175 I 00000004 00000001 0000000a 00000000
 2176 I 00000004 00000001 0000000e 00000000
 2177 T 00009200 cd339cf4 bf100c18 00000000
 2178 I 00000004 00000003 00000003 00000000
 2179 I 00000004 00000003 00000007 00000000
 2180 I 00000004 00000003 0000000b 00000000
 2181 I 00000004 00000003 0000000f 00000000
 2182 T 00008100 cd339cf4 bf100c34 00000000
 2183 I 00000005 00000000 00000000 00000000
 2184 I 00000005 00000000 00000004 00000000
 2185 I 00000005 00000000 00000008 00000000
 2186 I 00000005 00000000 0000000c 00000000
 2187 T 00009100 cd339cf4 bf100be0 00000000
 2188 I 00000005 00000002 00000001 00000000
 2189 I 00000005 00000002 00000005 00000000
 2190 I 00000005 00000002 00000009 00000000
 2191 I 00000005 00000002 0000000d 00000000
 2192 T 000088a8 cd339cf4 bf100bfc 00000000
 2193 I 00000005 00000001 00000002 00000000
 2194 I 00000005 00000001 00000006 00000000
 2195 I 00000005 00000001 0000000a 00000000
 2196 I 00000005 00000001 0000000e 00000000
 2197 T 00009200 cd339cf4 bf100c18 00000000
 2198 I 00000005 00000003 00000003 00000000
 2199 I 00000005 00000003 00000007 00000000
 2200 I 00000005 00000003 0000000b 00000000
 2201 I 00000005 00000003 0000000f 00000000
 2202 T 00008100 cd339cf4 bf100c34 00000000
 2203 I 00000006 00000000 00000000 00000000
 2204 I 00000006 00000000 00000004 00000000
 2205 I 00000006 00000000 00000008 00000000
 2206 I 00000006 00000000 0000000c 00000000
 2207 T 00009100 cd339cf4 bf100be0 00000000
 2208 I 00000006 00000002 00000001 00000000
 2209 I 00000006 00000002 00000005 00000000
 2210 I 00000006 00000002 00000009 00000000
 2211 I 00000006 00000002 0000000d 00000000
 2212 T 000088a8 cd339cf4 bf100bfc 00000000
 2213 I 00000006 00000001 00000002 00000000
 2214 I 00000006 00000001 00000006 00000000
 2215 I 00000006 00000001 0000000a 00000000
 2216 I 00000006 00000001 0000000e 00000000
 2217 T 00009200 cd339cf4 bf100c18 00000000
 2218 I 00000006 00000003 00000003 00000000
 2219 I 00000006 00000003 00000007 00000000
 2220 I 00000006 00000003 0000000b 00000000
 2221 I 00000006 00000003 0000000f 00000000
 2222 T 00008100 cd339cf4 bf100c34 00000000
 2223 I 00000007 00000000 00000000 00000000
 2224 I 00000007 00000000 00000004 00000000
 2225 I 00000007 00000000 00000008 00000000
 2226 I 00000007 00000000 0000000c 00000000
 2227 T 00009100 cd339cf4 bf100be0 00000000
 2228 I 00000007 00000002 00000001 00000000
 2229 I 00000007 00000002 00000005 00000000
 2230 I 00000007 00000002 00000009 00000000
 2231 I 00000007 00000002 0000000d 00000000
 2232 T 000088a8 cd339cf4 bf100bfc 00000000
 2233 I 00000007 00000001 00000002 00000000
 2234 I 00000007 00000001 00000006 00000000
 2235 I 00000007 00000001 0000000a 00000000
 2236 I 00000007 00000001 0000000e 00000000
 2237 T 00009200 cd339cf4 bf100c18 00000000
 2238 I 00000007 00000003 00000003 00000000
 2239 I 00000007 00000003 00000007 00000000
 2240 I 00000007 00000003 0000000b 00000000
 2241 I 00000007 00000003 0000000f 00000000
 2242 T 00008100 cd339cf4 bf100c34 00000000
 2243 I 00000008 00000000 00000000 00000000
 2244 I 00000008 00000000 00000004 00000000
 2245 I 00000008 00000000 00000008 00000000
 2246 I 00000008 00000000 0000000c 00000000
 2247 T 00009100 cd339cf4 bf100be0 00000000
 2248 I 00000008 00000002 00000001 00000000
 2249 I 00000008 00000002 00000005 00000000
 2250 I 00000008 00000002 00000009 00000000
 2251 I 00000008 00000002 0000000d 00000000
 2252 T 000088a8 cd339cf4 bf100bfc 00000000
 2253 I 00000008 00000001 00000002 00000000
 2254 I 00000008 00000001 00000006 00000000
 2255 I 00000008 00000001 0000000a 00000000
 2256 I 00000008 00000001 0000000e 00000000
 2257 T 00009200 cd339cf4 bf100c18 00000000
 2258 I 00000008 00000003 00000003 00000000
 2259 I 00000008 00000003 00000007 00000000
 2260 I 00000008 00000003 0000000b 00000000
 2261 I 00000008 00000003 0000000f 00000000
 2262 p cd339d34 00650650 bf1b68c0 00000001
 2263 D 00000004 00000001 bf0fc79c f4000000
 2264 L 00000004 00000001 bf0fcb38 f4000000
 2265 v 00000004 00000000 00000000 00000001
 2266 d 00000004 00000000 00000000 00000001
 2267 V 00000004 00000000 00000000 00000003
 2268 V 00000004 00000000 00000fff 00000003
 2269 V 00000004 00000000 00000fff 00000003
 2270 V 00000005 00000000 00000fff 00000003
 2271 i 00000004 ffffff10 bf0fceb8 000000ff
 2272 Y 00000004 ffffff10 bf0fceb8 000000ff
 2273 b cd339d40 000000df bf0fcca4 000000ff
 2274 F 00000004 00000000 bf0fcca4 000000ff
 2275 B 00000004 00000000 bf0fcbc4 f4000000
 2276 u cd339d78 00000001 bf0fcdd8 00000005
 2277 m cd339d50 00000001 bf0fcdf4 00000000
 2278 p cd339d34 00000000 bf0fcba8 00000001
 2279 D 00000000 00000001 bf0fc79c f4000000
 2280 L 00000000 00000001 bf0fcb38 f4000000
 2281 v 00000000 00000000 00000000 00000001
 2282 d 00000000 00000000 00000000 00000001
 2283 V 00000000 00000000 00000000 00000003
 2284 V 00000000 00000000 00000fff 00000003
 2285 i 00000000 ffffff01 bf0fceb8 000000ff
 2286 Y 00000000 ffffff01 bf0fceb8 000000ff
 2287 b cd339d40 000000fd bf0fcca4 000000ff
 2288 F 00000000 00000000 bf0fcca4 000000ff
 2289 B 00000000 00000000 bf0fcbc4 f4000000
 2290 u cd339d78 00000001 bf0fcdd8 00000005
 2291 m cd339d50 00000001 bf0fcdf4 00000000
 2292 p cd339d34 00000000 bf0fcba8 00000001
 2293 D 00000001 00000001 bf0fc79c f4000000
 2294 L 00000001 00000001 bf0fcb38 f4000000
 2295 v 00000001 00000000 00000000 00000001
 2296 d 00000001 00000000 00000000 00000001
 2297 V 00000001 00000000 00000000 00000003
 2298 V 00000001 00000000 00000fff 00000003
 2299 i 00000001 ffffff02 bf0fceb8 000000ff
 2300 Y 00000001 ffffff02 bf0fceb8 000000ff
 2301 b cd339d40 000000fb bf0fcca4 000000ff
 2302 F 00000001 00000000 bf0fcca4 000000ff
 2303 B 00000001 00000000 bf0fcbc4 f4000000
 2304 u cd339d78 00000001 bf0fcdd8 00000005
 2305 m cd339d50 00000001 bf0fcdf4 00000000
 2306 p cd339d34 00000000 bf0fcba8 00000001
 2307 D 00000002 00000001 bf0fc79c f4000000
 2308 L 00000002 00000001 bf0fcb38 f4000000
 2309 v 00000002 00000000 00000000 00000001
 2310 d 00000002 00000000 00000000 00000001
 2311 V 00000002 00000000 00000000 00000003
 2312 V 00000002 00000000 00000fff 00000003
 2313 i 00000002 ffffff04 bf0fceb8 000000ff
 2314 Y 00000002 ffffff04 bf0fceb8 000000ff
 2315 b cd339d40 000000f7 bf0fcca4 000000ff
 2316 F 00000002 00000000 bf0fcca4 000000ff
 2317 B 00000002 00000000 bf0fcbc4 f4000000
 2318 u cd339d78 00000001 bf0fcdd8 00000005
 2319 m cd339d50 00000001 bf0fcdf4 00000000
 2320 p cd339d34 00000000 bf0fcba8 00000001
 2321 D 00000003 00000001 bf0fc79c f4000000
 2322 L 00000003 00000001 bf0fcb38 f4000000
 2323 v 00000003 00000000 00000000 00000001
 2324 d 00000003 00000000 00000000 00000001
 2325 V 00000003 00000000 00000000 00000003
 2326 V 00000003 00000000 00000fff 00000003
 2327 i 00000003 ffffff08 bf0fceb8 000000ff
 2328 Y 00000003 ffffff08 bf0fceb8 000000ff
 2329 b cd339d40 000000ef bf0fcca4 000000ff
 2330 F 00000003 00000000 bf0fcca4 000000ff
 2331 B 00000003 00000000 bf0fcbc4 f4000000
 2332 u cd339d78 00000001 bf0fcdd8 00000005
 2333 m cd339d50 00000001 bf0fcdf4 00000000
 2334 p cd339d34 00000000 00000010 00000001
 2335 D 00000005 00000001 bf0fc79c f4000000
 2336 L 00000005 00000001 bf0fcb38 f4000000
 2337 v 00000005 00000000 00000000 00000001
 2338 d 00000005 00000000 00000000 00000001
 2339 V 00000005 00000000 00000000 00000003
 2340 V 00000005 00000000 00000fff 00000003
 2341 i 00000005 ffffff20 bf0fceb8 000000ff
 2342 Y 00000005 ffffff20 bf0fceb8 000000ff
 2343 b cd339d40 000000fe bf0fcca4 000000ff
 2344 F 00000005 00000000 bf0fcca4 000000ff
 2345 B 00000005 00000000 bf0fcbc4 f4000000
 2346 u cd339d78 00000001 bf0fcdd8 00000001
 2347 m cd339d50 00000001 bf0fcdf4 00000000
 2348 p cd339d34 00000000 00000040 00000001
 2349 D 00000006 00000001 bf0fc79c f4000000
 2350 L 00000006 00000001 bf0fcb38 f4000000
 2351 v 00000006 00000000 00000000 00000001
 2352 d 00000006 00000000 00000000 00000001
 2353 V 00000006 00000000 00000000 00000003
 2354 V 00000006 00000000 00000fff 00000003
 2355 i 00000006 ffffff00 bf0fceb8 00000006
 2356 Y 00000006 ffffff00 bf0fceb8 00000006
 2357 b cd339d40 000000ff bf0fcca4 00000006
 2358 F 00000006 00000000 bf0fcca4 00000006
 2359 B 00000006 00000000 bf0fcbc4 f4000000
 2360 u cd339d78 00000001 bf0fcdd8 00000005
 2361 m cd339d50 00000001 bf0fcdf4 00000002
 2362 p cd339d34 00000000 00000006 00000001
 2363 D 00000007 00000001 bf0fc79c f4000000
 2364 L 00000007 00000001 bf0fcb38 f4000000
 2365 v 00000007 00000000 00000000 00000001
 2366 d 00000007 00000000 00000000 00000001
 2367 V 00000007 00000000 00000000 00000003
 2368 V 00000007 00000000 00000fff 00000003
 2369 i 00000007 ffffff00 bf0fceb8 00000007
 2370 Y 00000007 ffffff00 bf0fceb8 00000007
 2371 b cd339d40 000000ff bf0fcca4 00000007
 2372 F 00000007 00000000 bf0fcca4 00000007
 2373 B 00000007 00000000 bf0fcbc4 f4000000
 2374 u cd339d78 00000001 bf0fcdd8 00000005
 2375 m cd339d50 00000001 bf0fcdf4 00000002
 2376 P cd339d60 00001f40 00000000 00000001
 2377 q 00000000 00001f40 bf0fac24 f4000000
 2378 l 00000000 00000000 00000001 00001f40
 2379 l 00000001 00000000 00000001 00001f40
 2380 q 00000001 00000000 bf0fe94c f4000000
 2381 l 00000000 00000001 00000001 00000000
 2382 l 00000001 00000001 00000001 00000000
 2383 q 00000002 00000000 bf0fe94c f4000000
 2384 l 00000000 00000002 00000001 00000000
 2385 l 00000001 00000002 00000001 00000000
 2386 q 00000003 00000000 bf0fe94c f4000000
 2387 l 00000000 00000003 00000001 00000000
 2388 l 00000001 00000003 00000001 00000000
 2389 q 00000004 00000000 bf0fe94c f4000000
 2390 l 00000000 00000004 00000001 00000000
 2391 l 00000001 00000004 00000001 00000000
 2392 q 00000005 00000000 bf0fe94c f4000000
 2393 l 00000000 00000005 00000001 00000000
 2394 l 00000001 00000005 00000001 00000000
 2395 q 00000006 00000000 bf0fe94c f4000000
 2396 l 00000000 00000006 00000001 00000000
 2397 l 00000001 00000006 00000001 00000000
 2398 q 00000007 00000000 bf0fe94c f4000000
 2399 l 00000000 00000007 00000001 00000000
 2400 l 00000001 00000007 00000001 00000000
 2401 t 00000000 0000004a 00000000 f4000000
 2402 J 00000000 0000004a 00000000 00000000
 2403 J 00000001 0000004a 00000000 00000000
 2404 J 00000002 0000004a 00000000 00000000
 2405 J 00000003 0000004a 00000000 00000000
 2406 J 00000004 0000004a 00000000 00000000
 2407 J 00000006 0000004a 00000000 00000000
 2408 J 00000007 0000004a 00000000 00000000
 2409 t 00000001 0000004a 00000000 f4000000
 2410 J 00000005 0000004a 00000000 00000001
 2411 l 00000000 00000005 00000001 00001f40
 2412 l 00000001 00000005 00000001 00001f40
 2413 t 00000000 00000060 00000001 00001f40
 2414 J 00000000 00000060 00000001 00000000
 2415 J 00000001 00000060 00000001 00000000
 2416 J 00000002 00000060 00000001 00000000
 2417 J 00000003 00000060 00000001 00000000
 2418 J 00000004 00000060 00000001 00000000
 2419 J 00000006 00000060 00000001 00000000
 2420 J 00000007 00000060 00000001 00000000
 2421 t 00000001 00000060 00000001 00001f40
 2422 J 00000005 00000060 00000001 00000001
 2423 l 00000000 00000005 00000001 00001f40
 2424 l 00000001 00000005 00000001 00001f40
 2425 t 00000000 00000061 00000001 00001f40
 2426 J 00000000 00000061 00000001 00000000
 2427 J 00000001 00000061 00000001 00000000
 2428 J 00000002 00000061 00000001 00000000
 2429 J 00000003 00000061 00000001 00000000
 2430 J 00000004 00000061 00000001 00000000
 2431 J 00000006 00000061 00000001 00000000
 2432 J 00000007 00000061 00000001 00000000
 2433 t 00000001 00000061 00000001 00001f40
 2434 J 00000005 00000061 00000001 00000001
 2435 l 00000000 00000005 00000001 00001f40
 2436 l 00000001 00000005 00000001 00001f40
 2437 t 00000000 0000004c 00000001 00001f40
 2438 J 00000000 0000004c 00000001 00000000
 2439 J 00000001 0000004c 00000001 00000000
 2440 J 00000002 0000004c 00000001 00000000
 2441 J 00000003 0000004c 00000001 00000000
 2442 J 00000004 0000004c 00000001 00000000
 2443 J 00000006 0000004c 00000001 00000000
 2444 J 00000007 0000004c 00000001 00000000
 2445 t 00000001 0000004c 00000001 00001f40
 2446 J 00000005 0000004c 00000001 00000001
 2447 l 00000000 00000005 00000001 00001f40
 2448 l 00000001 00000005 00000001 00001f40
 2449 t 00000000 00000049 00000001 00001f40
 2450 J 00000000 00000049 00000001 00000000
 2451 J 00000001 00000049 00000001 00000000
 2452 J 00000002 00000049 00000001 00000000
 2453 J 00000003 00000049 00000001 00000000
 2454 J 00000004 00000049 00000001 00000000
 2455 J 00000006 00000049 00000001 00000000
 2456 J 00000007 00000049 00000001 00000000
 2457 t 00000001 00000049 00000001 00001f40
 2458 J 00000005 00000049 00000001 00000001
 2459 l 00000000 00000005 00000001 00001f40
 2460 l 00000001 00000005 00000001 00001f40
 2461 t 00000000 0000004b 00000002 00001f40
 2462 J 00000000 0000004b 00000002 00000000
 2463 J 00000001 0000004b 00000002 00000000
 2464 J 00000002 0000004b 00000002 00000000
 2465 J 00000003 0000004b 00000002 00000000
 2466 J 00000004 0000004b 00000002 00000000
 2467 J 00000006 0000004b 00000002 00000000
 2468 J 00000007 0000004b 00000002 00000000
 2469 t 00000001 0000004b 00000002 00001f40
 2470 J 00000005 0000004b 00000002 00000001
 2471 l 00000000 00000005 00000001 00001f40
 2472 l 00000001 00000005 00000001 00001f40
 2473 t 00000000 00000051 00000003 00001f40
 2474 J 00000000 00000051 00000003 00000000
 2475 J 00000001 00000051 00000003 00000000
 2476 J 00000002 00000051 00000003 00000000
 2477 J 00000003 00000051 00000003 00000000
 2478 J 00000004 00000051 00000003 00000000
 2479 J 00000006 00000051 00000003 00000000
 2480 J 00000007 00000051 00000003 00000000
 2481 t 00000001 00000051 00000003 00001f40
 2482 J 00000005 00000051 00000003 00000001
 2483 l 00000000 00000005 00000001 00001f40
 2484 l 00000001 00000005 00000001 00001f40
 2485 t 00000000 00000050 00000003 00001f40
 2486 J 00000000 00000050 00000003 00000000
 2487 J 00000001 00000050 00000003 00000000
 2488 J 00000002 00000050 00000003 00000000
 2489 J 00000003 00000050 00000003 00000000
 2490 J 00000004 00000050 00000003 00000000
 2491 J 00000006 00000050 00000003 00000000
 2492 J 00000007 00000050 00000003 00000000
 2493 t 00000001 00000050 00000003 00001f40
 2494 J 00000005 00000050 00000003 00000001
 2495 l 00000000 00000005 00000001 00001f40
 2496 l 00000001 00000005 00000001 00001f40
 2497 t 00000000 00000052 00000003 00001f40
 2498 J 00000000 00000052 00000003 00000000
 2499 J 00000001 00000052 00000003 00000000
 2500 J 00000002 00000052 00000003 00000000
 2501 J 00000003 00000052 00000003 00000000
 2502 J 00000004 00000052 00000003 00000000
 2503 J 00000006 00000052 00000003 00000000
 2504 J 00000007 00000052 00000003 00000000
 2505 t 00000001 00000052 00000003 00001f40
 2506 J 00000005 00000052 00000003 00000001
 2507 l 00000000 00000005 00000001 00001f40
 2508 l 00000001 00000005 00000001 00001f40
 2509 t 00000000 00000054 00000003 00001f40
 2510 J 00000000 00000054 00000003 00000000
 2511 J 00000001 00000054 00000003 00000000
 2512 J 00000002 00000054 00000003 00000000
 2513 J 00000003 00000054 00000003 00000000
 2514 J 00000004 00000054 00000003 00000000
 2515 J 00000006 00000054 00000003 00000000
 2516 J 00000007 00000054 00000003 00000000
 2517 t 00000001 00000054 00000003 00001f40
 2518 J 00000005 00000054 00000003 00000001
 2519 l 00000000 00000005 00000001 00001f40
 2520 l 00000001 00000005 00000001 00001f40
 2521 t 00000000 00000047 00000003 00001f40
 2522 J 00000000 00000047 00000003 00000000
 2523 J 00000001 00000047 00000003 00000000
 2524 J 00000002 00000047 00000003 00000000
 2525 J 00000003 00000047 00000003 00000000
 2526 J 00000004 00000047 00000003 00000000
 2527 J 00000006 00000047 00000003 00000000
 2528 J 00000007 00000047 00000003 00000000
 2529 t 00000001 00000047 00000003 00001f40
 2530 J 00000005 00000047 00000003 00000001
 2531 l 00000000 00000005 00000001 00001f40
 2532 l 00000001 00000005 00000001 00001f40
 2533 t 00000000 00000056 00000003 00001f40
 2534 J 00000000 00000056 00000003 00000000
 2535 J 00000001 00000056 00000003 00000000
 2536 J 00000002 00000056 00000003 00000000
 2537 J 00000003 00000056 00000003 00000000
 2538 J 00000004 00000056 00000003 00000000
 2539 J 00000006 00000056 00000003 00000000
 2540 J 00000007 00000056 00000003 00000000
 2541 t 00000001 00000056 00000003 00001f40
 2542 J 00000005 00000056 00000003 00000001
 2543 l 00000000 00000005 00000001 00001f40
 2544 l 00000001 00000005 00000001 00001f40
 2545 t 00000000 00000057 00000003 00001f40
 2546 J 00000000 00000057 00000003 00000000
 2547 J 00000001 00000057 00000003 00000000
 2548 J 00000002 00000057 00000003 00000000
 2549 J 00000003 00000057 00000003 00000000
 2550 J 00000004 00000057 00000003 00000000
 2551 J 00000006 00000057 00000003 00000000
 2552 J 00000007 00000057 00000003 00000000
 2553 t 00000001 00000057 00000003 00001f40
 2554 J 00000005 00000057 00000003 00000001
 2555 l 00000000 00000005 00000001 00001f40
 2556 l 00000001 00000005 00000001 00001f40
 2557 t 00000000 00000058 00000003 00001f40
 2558 J 00000000 00000058 00000003 00000000
 2559 J 00000001 00000058 00000003 00000000
 2560 J 00000002 00000058 00000003 00000000
 2561 J 00000003 00000058 00000003 00000000
 2562 J 00000004 00000058 00000003 00000000
 2563 J 00000006 00000058 00000003 00000000
 2564 J 00000007 00000058 00000003 00000000
 2565 t 00000001 00000058 00000003 00001f40
 2566 J 00000005 00000058 00000003 00000001
 2567 l 00000000 00000005 00000001 00001f40
 2568 l 00000001 00000005 00000001 00001f40
 2569 t 00000000 00000003 00000003 00001f40
 2570 J 00000000 00000003 00000003 00000000
 2571 J 00000001 00000003 00000003 00000000
 2572 J 00000002 00000003 00000003 00000000
 2573 J 00000003 00000003 00000003 00000000
 2574 J 00000004 00000003 00000003 00000000
 2575 J 00000006 00000003 00000003 00000000
 2576 J 00000007 00000003 00000003 00000000
 2577 t 00000001 00000003 00000003 00001f40
 2578 J 00000005 00000003 00000003 00000001
 2579 l 00000000 00000005 00000001 00001f40
 2580 l 00000001 00000005 00000001 00001f40
 2581 t 00000000 00000056 00000003 00001f40
 2582 J 00000000 00000056 00000003 00000000
 2583 J 00000001 00000056 00000003 00000000
 2584 J 00000002 00000056 00000003 00000000
 2585 J 00000003 00000056 00000003 00000000
 2586 J 00000004 00000056 00000003 00000000
 2587 J 00000006 00000056 00000003 00000000
 2588 J 00000007 00000056 00000003 00000000
 2589 t 00000001 00000056 00000003 00001f40
 2590 J 00000005 00000056 00000003 00000001
 2591 l 00000000 00000005 00000001 00001f40
 2592 l 00000001 00000005 00000001 00001f40
 2593 t 00000000 00000057 00000003 00001f40
 2594 J 00000000 00000057 00000003 00000000
 2595 J 00000001 00000057 00000003 00000000
 2596 J 00000002 00000057 00000003 00000000
 2597 J 00000003 00000057 00000003 00000000
 2598 J 00000004 00000057 00000003 00000000
 2599 J 00000006 00000057 00000003 00000000
 2600 J 00000007 00000057 00000003 00000000
 2601 t 00000001 00000057 00000003 00001f40
 2602 J 00000005 00000057 00000003 00000001
 2603 l 00000000 00000005 00000001 00001f40
 2604 l 00000001 00000005 00000001 00001f40
 2605 t 00000000 00000058 00000003 00001f40
 2606 J 00000000 00000058 00000003 00000000
 2607 J 00000001 00000058 00000003 00000000
 2608 J 00000002 00000058 00000003 00000000
 2609 J 00000003 00000058 00000003 00000000
 2610 J 00000004 00000058 00000003 00000000
 2611 J 00000006 00000058 00000003 00000000
 2612 J 00000007 00000058 00000003 00000000
 2613 t 00000001 00000058 00000003 00001f40
 2614 J 00000005 00000058 00000003 00000001
 2615 l 00000000 00000005 00000001 00001f40
 2616 l 00000001 00000005 00000001 00001f40
 2617 t 00000000 00000000 00000004 00001f40
 2618 J 00000000 00000000 00000004 00000000
 2619 J 00000001 00000000 00000004 00000000
 2620 J 00000002 00000000 00000004 00000000
 2621 J 00000003 00000000 00000004 00000000
 2622 J 00000004 00000000 00000004 00000000
 2623 J 00000006 00000000 00000004 00000000
 2624 J 00000007 00000000 00000004 00000000
 2625 t 00000001 00000000 00000007 00001f40
 2626 J 00000005 00000000 00000007 00000001
 2627 l 00000000 00000005 00000001 00001f40
 2628 l 00000001 00000005 00000001 00001f40
 2629 t 00000000 00000001 00000004 00001f40
 2630 J 00000000 00000001 00000004 00000000
 2631 J 00000001 00000001 00000004 00000000
 2632 J 00000002 00000001 00000004 00000000
 2633 J 00000003 00000001 00000004 00000000
 2634 J 00000004 00000001 00000004 00000000
 2635 J 00000006 00000001 00000004 00000000
 2636 J 00000007 00000001 00000004 00000000
 2637 t 00000001 00000001 00000007 00001f40
 2638 J 00000005 00000001 00000007 00000001
 2639 l 00000000 00000005 00000001 00001f40
 2640 l 00000001 00000005 00000001 00001f40
 2641 t 00000000 00000002 00000004 00001f40
 2642 J 00000000 00000002 00000004 00000000
 2643 J 00000001 00000002 00000004 00000000
 2644 J 00000002 00000002 00000004 00000000
 2645 J 00000003 00000002 00000004 00000000
 2646 J 00000004 00000002 00000004 00000000
 2647 J 00000006 00000002 00000004 00000000
 2648 J 00000007 00000002 00000004 00000000
 2649 t 00000001 00000002 00000007 00001f40
 2650 J 00000005 00000002 00000007 00000001
 2651 l 00000000 00000005 00000001 00001f40
 2652 l 00000001 00000005 00000001 00001f40
 2653 t 00000000 00000004 00000004 00001f40
 2654 J 00000000 00000004 00000004 00000000
 2655 J 00000001 00000004 00000004 00000000
 2656 J 00000002 00000004 00000004 00000000
 2657 J 00000003 00000004 00000004 00000000
 2658 J 00000004 00000004 00000004 00000000
 2659 J 00000006 00000004 00000004 00000000
 2660 J 00000007 00000004 00000004 00000000
 2661 t 00000001 00000004 00000004 00001f40
 2662 J 00000005 00000004 00000004 00000001
 2663 l 00000000 00000005 00000001 00001f40
 2664 l 00000001 00000005 00000001 00001f40
 2665 t 00000000 00000008 00000004 00001f40
 2666 J 00000000 00000008 00000004 00000000
 2667 J 00000001 00000008 00000004 00000000
 2668 J 00000002 00000008 00000004 00000000
 2669 J 00000003 00000008 00000004 00000000
 2670 J 00000004 00000008 00000004 00000000
 2671 J 00000006 00000008 00000004 00000000
 2672 J 00000007 00000008 00000004 00000000
 2673 t 00000001 00000008 00000004 00001f40
 2674 J 00000005 00000008 00000004 00000001
 2675 l 00000000 00000005 00000001 00001f40
 2676 l 00000001 00000005 00000001 00001f40
 2677 t 00000000 00000009 00000004 00001f40
 2678 J 00000000 00000009 00000004 00000000
 2679 J 00000001 00000009 00000004 00000000
 2680 J 00000002 00000009 00000004 00000000
 2681 J 00000003 00000009 00000004 00000000
 2682 J 00000004 00000009 00000004 00000000
 2683 J 00000006 00000009 00000004 00000000
 2684 J 00000007 00000009 00000004 00000000
 2685 t 00000001 00000009 00000004 00001f40
 2686 J 00000005 00000009 00000004 00000001
 2687 l 00000000 00000005 00000001 00001f40
 2688 l 00000001 00000005 00000001 00001f40
 2689 t 00000000 0000000a 00000004 00001f40
 2690 J 00000000 0000000a 00000004 00000000
 2691 J 00000001 0000000a 00000004 00000000
 2692 J 00000002 0000000a 00000004 00000000
 2693 J 00000003 0000000a 00000004 00000000
 2694 J 00000004 0000000a 00000004 00000000
 2695 J 00000006 0000000a 00000004 00000000
 2696 J 00000007 0000000a 00000004 00000000
 2697 t 00000001 0000000a 00000004 00001f40
 2698 J 00000005 0000000a 00000004 00000001
 2699 l 00000000 00000005 00000001 00001f40
 2700 l 00000001 00000005 00000001 00001f40
 2701 t 00000000 0000000b 00000004 00001f40
 2702 J 00000000 0000000b 00000004 00000000
 2703 J 00000001 0000000b 00000004 00000000
 2704 J 00000002 0000000b 00000004 00000000
 2705 J 00000003 0000000b 00000004 00000000
 2706 J 00000004 0000000b 00000004 00000000
 2707 J 00000006 0000000b 00000004 00000000
 2708 J 00000007 0000000b 00000004 00000000
 2709 t 00000001 0000000b 00000004 00001f40
 2710 J 00000005 0000000b 00000004 00000001
 2711 l 00000000 00000005 00000001 00001f40
 2712 l 00000001 00000005 00000001 00001f40
 2713 t 00000000 0000000c 00000004 00001f40
 2714 J 00000000 0000000c 00000004 00000000
 2715 J 00000001 0000000c 00000004 00000000
 2716 J 00000002 0000000c 00000004 00000000
 2717 J 00000003 0000000c 00000004 00000000
 2718 J 00000004 0000000c 00000004 00000000
 2719 J 00000006 0000000c 00000004 00000000
 2720 J 00000007 0000000c 00000004 00000000
 2721 t 00000001 0000000c 00000004 00001f40
 2722 J 00000005 0000000c 00000004 00000001
 2723 l 00000000 00000005 00000001 00001f40
 2724 l 00000001 00000005 00000001 00001f40
 2725 t 00000000 00000010 00000004 00001f40
 2726 J 00000000 00000010 00000004 00000000
 2727 J 00000001 00000010 00000004 00000000
 2728 J 00000002 00000010 00000004 00000000
 2729 J 00000003 00000010 00000004 00000000
 2730 J 00000004 00000010 00000004 00000000
 2731 J 00000006 00000010 00000004 00000000
 2732 J 00000007 00000010 00000004 00000000
 2733 t 00000001 00000010 00000004 00001f40
 2734 J 00000005 00000010 00000004 00000001
 2735 l 00000000 00000005 00000001 00001f40
 2736 l 00000001 00000005 00000001 00001f40
 2737 t 00000000 00000011 00000005 00001f40
 2738 J 00000000 00000011 00000005 00000000
 2739 J 00000001 00000011 00000005 00000000
 2740 J 00000002 00000011 00000005 00000000
 2741 J 00000003 00000011 00000005 00000000
 2742 J 00000004 00000011 00000005 00000000
 2743 J 00000006 00000011 00000005 00000000
 2744 J 00000007 00000011 00000005 00000000
 2745 t 00000001 00000011 00000005 00001f40
 2746 J 00000005 00000011 00000005 00000001
 2747 l 00000000 00000005 00000001 00001f40
 2748 l 00000001 00000005 00000001 00001f40
 2749 t 00000000 00000012 00000004 00001f40
 2750 J 00000000 00000012 00000004 00000000
 2751 J 00000001 00000012 00000004 00000000
 2752 J 00000002 00000012 00000004 00000000
 2753 J 00000003 00000012 00000004 00000000
 2754 J 00000004 00000012 00000004 00000000
 2755 J 00000006 00000012 00000004 00000000
 2756 J 00000007 00000012 00000004 00000000
 2757 t 00000001 00000012 00000004 00001f40
 2758 J 00000005 00000012 00000004 00000001
 2759 l 00000000 00000005 00000001 00001f40
 2760 l 00000001 00000005 00000001 00001f40
 2761 t 00000000 00000013 00000004 00001f40
 2762 J 00000000 00000013 00000004 00000000
 2763 J 00000001 00000013 00000004 00000000
 2764 J 00000002 00000013 00000004 00000000
 2765 J 00000003 00000013 00000004 00000000
 2766 J 00000004 00000013 00000004 00000000
 2767 J 00000006 00000013 00000004 00000000
 2768 J 00000007 00000013 00000004 00000000
 2769 t 00000001 00000013 00000004 00001f40
 2770 J 00000005 00000013 00000004 00000001
 2771 l 00000000 00000005 00000001 00001f40
 2772 l 00000001 00000005 00000001 00001f40
 2773 t 00000000 00000014 00000004 00001f40
 2774 J 00000000 00000014 00000004 00000000
 2775 J 00000001 00000014 00000004 00000000
 2776 J 00000002 00000014 00000004 00000000
 2777 J 00000003 00000014 00000004 00000000
 2778 J 00000004 00000014 00000004 00000000
 2779 J 00000006 00000014 00000004 00000000
 2780 J 00000007 00000014 00000004 00000000
 2781 t 00000001 00000014 00000004 00001f40
 2782 J 00000005 00000014 00000004 00000001
 2783 l 00000000 00000005 00000001 00001f40
 2784 l 00000001 00000005 00000001 00001f40
 2785 t 00000000 00000015 00000004 00001f40
 2786 J 00000000 00000015 00000004 00000000
 2787 J 00000001 00000015 00000004 00000000
 2788 J 00000002 00000015 00000004 00000000
 2789 J 00000003 00000015 00000004 00000000
 2790 J 00000004 00000015 00000004 00000000
 2791 J 00000006 00000015 00000004 00000000
 2792 J 00000007 00000015 00000004 00000000
 2793 t 00000001 00000015 00000004 00001f40
 2794 J 00000005 00000015 00000004 00000001
 2795 l 00000000 00000005 00000001 00001f40
 2796 l 00000001 00000005 00000001 00001f40
 2797 t 00000000 00000016 00000004 00001f40
 2798 J 00000000 00000016 00000004 00000000
 2799 J 00000001 00000016 00000004 00000000
 2800 J 00000002 00000016 00000004 00000000
 2801 J 00000003 00000016 00000004 00000000
 2802 J 00000004 00000016 00000004 00000000
 2803 J 00000006 00000016 00000004 00000000
 2804 J 00000007 00000016 00000004 00000000
 2805 t 00000001 00000016 00000004 00001f40
 2806 J 00000005 00000016 00000004 00000001
 2807 l 00000000 00000005 00000001 00001f40
 2808 l 00000001 00000005 00000001 00001f40
 2809 t 00000000 0000001b 00000004 00001f40
 2810 J 00000000 0000001b 00000004 00000000
 2811 J 00000001 0000001b 00000004 00000000
 2812 J 00000002 0000001b 00000004 00000000
 2813 J 00000003 0000001b 00000004 00000000
 2814 J 00000004 0000001b 00000004 00000000
 2815 J 00000006 0000001b 00000004 00000000
 2816 J 00000007 0000001b 00000004 00000000
 2817 t 00000001 0000001b 00000004 00001f40
 2818 J 00000005 0000001b 00000004 00000001
 2819 l 00000000 00000005 00000001 00001f40
 2820 l 00000001 00000005 00000001 00001f40
 2821 t 00000000 0000001c 00000004 00001f40
 2822 J 00000000 0000001c 00000004 00000000
 2823 J 00000001 0000001c 00000004 00000000
 2824 J 00000002 0000001c 00000004 00000000
 2825 J 00000003 0000001c 00000004 00000000
 2826 J 00000004 0000001c 00000004 00000000
 2827 J 00000006 0000001c 00000004 00000000
 2828 J 00000007 0000001c 00000004 00000000
 2829 t 00000001 0000001c 00000004 00001f40
 2830 J 00000005 0000001c 00000004 00000001
 2831 l 00000000 00000005 00000001 00001f40
 2832 l 00000001 00000005 00000001 00001f40
 2833 t 00000000 0000001d 00000005 00001f40
 2834 J 00000000 0000001d 00000005 00000000
 2835 J 00000001 0000001d 00000005 00000000
 2836 J 00000002 0000001d 00000005 00000000
 2837 J 00000003 0000001d 00000005 00000000
 2838 J 00000004 0000001d 00000005 00000000
 2839 J 00000006 0000001d 00000005 00000000
 2840 J 00000007 0000001d 00000005 00000000
 2841 t 00000001 0000001d 00000005 00001f40
 2842 J 00000005 0000001d 00000005 00000001
 2843 l 00000000 00000005 00000001 00001f40
 2844 l 00000001 00000005 00000001 00001f40
 2845 t 00000000 0000001e 00000004 00001f40
 2846 J 00000000 0000001e 00000004 00000000
 2847 J 00000001 0000001e 00000004 00000000
 2848 J 00000002 0000001e 00000004 00000000
 2849 J 00000003 0000001e 00000004 00000000
 2850 J 00000004 0000001e 00000004 00000000
 2851 J 00000006 0000001e 00000004 00000000
 2852 J 00000007 0000001e 00000004 00000000
 2853 t 00000001 0000001e 00000004 00001f40
 2854 J 00000005 0000001e 00000004 00000001
 2855 l 00000000 00000005 00000001 00001f40
 2856 l 00000001 00000005 00000001 00001f40
 2857 t 00000000 0000001f 00000005 00001f40
 2858 J 00000000 0000001f 00000005 00000000
 2859 J 00000001 0000001f 00000005 00000000
 2860 J 00000002 0000001f 00000005 00000000
 2861 J 00000003 0000001f 00000005 00000000
 2862 J 00000004 0000001f 00000005 00000000
 2863 J 00000006 0000001f 00000005 00000000
 2864 J 00000007 0000001f 00000005 00000000
 2865 t 00000001 0000001f 00000005 00001f40
 2866 J 00000005 0000001f 00000005 00000001
 2867 l 00000000 00000005 00000001 00001f40
 2868 l 00000001 00000005 00000001 00001f40
 2869 t 00000000 00000020 00000005 00001f40
 2870 J 00000000 00000020 00000005 00000000
 2871 J 00000001 00000020 00000005 00000000
 2872 J 00000002 00000020 00000005 00000000
 2873 J 00000003 00000020 00000005 00000000
 2874 J 00000004 00000020 00000005 00000000
 2875 J 00000006 00000020 00000005 00000000
 2876 J 00000007 00000020 00000005 00000000
 2877 t 00000001 00000020 00000005 00001f40
 2878 J 00000005 00000020 00000005 00000001
 2879 l 00000000 00000005 00000001 00001f40
 2880 l 00000001 00000005 00000001 00001f40
 2881 t 00000000 00000021 00000004 00001f40
 2882 J 00000000 00000021 00000004 00000000
 2883 J 00000001 00000021 00000004 00000000
 2884 J 00000002 00000021 00000004 00000000
 2885 J 00000003 00000021 00000004 00000000
 2886 J 00000004 00000021 00000004 00000000
 2887 J 00000006 00000021 00000004 00000000
 2888 J 00000007 00000021 00000004 00000000
 2889 t 00000001 00000021 00000004 00001f40
 2890 J 00000005 00000021 00000004 00000001
 2891 l 00000000 00000005 00000001 00001f40
 2892 l 00000001 00000005 00000001 00001f40
 2893 t 00000000 00000022 00000004 00001f40
 2894 J 00000000 00000022 00000004 00000000
 2895 J 00000001 00000022 00000004 00000000
 2896 J 00000002 00000022 00000004 00000000
 2897 J 00000003 00000022 00000004 00000000
 2898 J 00000004 00000022 00000004 00000000
 2899 J 00000006 00000022 00000004 00000000
 2900 J 00000007 00000022 00000004 00000000
 2901 t 00000001 00000022 00000004 00001f40
 2902 J 00000005 00000022 00000004 00000001
 2903 l 00000000 00000005 00000001 00001f40
 2904 l 00000001 00000005 00000001 00001f40
 2905 t 00000000 00000023 00000004 00001f40
 2906 J 00000000 00000023 00000004 00000000
 2907 J 00000001 00000023 00000004 00000000
 2908 J 00000002 00000023 00000004 00000000
 2909 J 00000003 00000023 00000004 00000000
 2910 J 00000004 00000023 00000004 00000000
 2911 J 00000006 00000023 00000004 00000000
 2912 J 00000007 00000023 00000004 00000000
 2913 t 00000001 00000023 00000004 00001f40
 2914 J 00000005 00000023 00000004 00000001
 2915 l 00000000 00000005 00000001 00001f40
 2916 l 00000001 00000005 00000001 00001f40
 2917 t 00000000 00000024 00000004 00001f40
 2918 J 00000000 00000024 00000004 00000000
 2919 J 00000001 00000024 00000004 00000000
 2920 J 00000002 00000024 00000004 00000000
 2921 J 00000003 00000024 00000004 00000000
 2922 J 00000004 00000024 00000004 00000000
 2923 J 00000006 00000024 00000004 00000000
 2924 J 00000007 00000024 00000004 00000000
 2925 t 00000001 00000024 00000004 00001f40
 2926 J 00000005 00000024 00000004 00000001
 2927 l 00000000 00000005 00000001 00001f40
 2928 l 00000001 00000005 00000001 00001f40
 2929 t 00000000 00000025 00000004 00001f40
 2930 J 00000000 00000025 00000004 00000000
 2931 J 00000001 00000025 00000004 00000000
 2932 J 00000002 00000025 00000004 00000000
 2933 J 00000003 00000025 00000004 00000000
 2934 J 00000004 00000025 00000004 00000000
 2935 J 00000006 00000025 00000004 00000000
 2936 J 00000007 00000025 00000004 00000000
 2937 t 00000001 00000025 00000004 00001f40
 2938 J 00000005 00000025 00000004 00000001
 2939 l 00000000 00000005 00000001 00001f40
 2940 l 00000001 00000005 00000001 00001f40
 2941 t 00000000 00000026 00000004 00001f40
 2942 J 00000000 00000026 00000004 00000000
 2943 J 00000001 00000026 00000004 00000000
 2944 J 00000002 00000026 00000004 00000000
 2945 J 00000003 00000026 00000004 00000000
 2946 J 00000004 00000026 00000004 00000000
 2947 J 00000006 00000026 00000004 00000000
 2948 J 00000007 00000026 00000004 00000000
 2949 t 00000001 00000026 00000004 00001f40
 2950 J 00000005 00000026 00000004 00000001
 2951 l 00000000 00000005 00000001 00001f40
 2952 l 00000001 00000005 00000001 00001f40
 2953 t 00000000 00000027 00000004 00001f40
 2954 J 00000000 00000027 00000004 00000000
 2955 J 00000001 00000027 00000004 00000000
 2956 J 00000002 00000027 00000004 00000000
 2957 J 00000003 00000027 00000004 00000000
 2958 J 00000004 00000027 00000004 00000000
 2959 J 00000006 00000027 00000004 00000000
 2960 J 00000007 00000027 00000004 00000000
 2961 t 00000001 00000027 00000004 00001f40
 2962 J 00000005 00000027 00000004 00000001
 2963 l 00000000 00000005 00000001 00001f40
 2964 l 00000001 00000005 00000001 00001f40
 2965 t 00000000 00000028 00000004 00001f40
 2966 J 00000000 00000028 00000004 00000000
 2967 J 00000001 00000028 00000004 00000000
 2968 J 00000002 00000028 00000004 00000000
 2969 J 00000003 00000028 00000004 00000000
 2970 J 00000004 00000028 00000004 00000000
 2971 J 00000006 00000028 00000004 00000000
 2972 J 00000007 00000028 00000004 00000000
 2973 t 00000001 00000028 00000004 00001f40
 2974 J 00000005 00000028 00000004 00000001
 2975 l 00000000 00000005 00000001 00001f40
 2976 l 00000001 00000005 00000001 00001f40
 2977 t 00000000 00000029 00000004 00001f40
 2978 J 00000000 00000029 00000004 00000000
 2979 J 00000001 00000029 00000004 00000000
 2980 J 00000002 00000029 00000004 00000000
 2981 J 00000003 00000029 00000004 00000000
 2982 J 00000004 00000029 00000004 00000000
 2983 J 00000006 00000029 00000004 00000000
 2984 J 00000007 00000029 00000004 00000000
 2985 t 00000001 00000029 00000004 00001f40
 2986 J 00000005 00000029 00000004 00000001
 2987 l 00000000 00000005 00000001 00001f40
 2988 l 00000001 00000005 00000001 00001f40
 2989 t 00000000 0000002a 00000004 00001f40
 2990 J 00000000 0000002a 00000004 00000000
 2991 J 00000001 0000002a 00000004 00000000
 2992 J 00000002 0000002a 00000004 00000000
 2993 J 00000003 0000002a 00000004 00000000
 2994 J 00000004 0000002a 00000004 00000000
 2995 J 00000006 0000002a 00000004 00000000
 2996 J 00000007 0000002a 00000004 00000000
 2997 t 00000001 0000002a 00000004 00001f40
 2998 J 00000005 0000002a 00000004 00000001
 2999 l 00000000 00000005 00000001 00001f40
 3000 l 00000001 00000005 00000001 00001f40
 3001 t 00000000 0000002b 00000004 00001f40
 3002 J 00000000 0000002b 00000004 00000000
 3003 J 00000001 0000002b 00000004 00000000
 3004 J 00000002 0000002b 00000004 00000000
 3005 J 00000003 0000002b 00000004 00000000
 3006 J 00000004 0000002b 00000004 00000000
 3007 J 00000006 0000002b 00000004 00000000
 3008 J 00000007 0000002b 00000004 00000000
 3009 t 00000001 0000002b 00000004 00001f40
 3010 J 00000005 0000002b 00000004 00000001
 3011 l 00000000 00000005 00000001 00001f40
 3012 l 00000001 00000005 00000001 00001f40
 3013 t 00000000 0000002c 00000004 00001f40
 3014 J 00000000 0000002c 00000004 00000000
 3015 J 00000001 0000002c 00000004 00000000
 3016 J 00000002 0000002c 00000004 00000000
 3017 J 00000003 0000002c 00000004 00000000
 3018 J 00000004 0000002c 00000004 00000000
 3019 J 00000006 0000002c 00000004 00000000
 3020 J 00000007 0000002c 00000004 00000000
 3021 t 00000001 0000002c 00000004 00001f40
 3022 J 00000005 0000002c 00000004 00000001
 3023 l 00000000 00000005 00000001 00001f40
 3024 l 00000001 00000005 00000001 00001f40
 3025 t 00000000 0000002d 00000004 00001f40
 3026 J 00000000 0000002d 00000004 00000000
 3027 J 00000001 0000002d 00000004 00000000
 3028 J 00000002 0000002d 00000004 00000000
 3029 J 00000003 0000002d 00000004 00000000
 3030 J 00000004 0000002d 00000004 00000000
 3031 J 00000006 0000002d 00000004 00000000
 3032 J 00000007 0000002d 00000004 00000000
 3033 t 00000001 0000002d 00000004 00001f40
 3034 J 00000005 0000002d 00000004 00000001
 3035 l 00000000 00000005 00000001 00001f40
 3036 l 00000001 00000005 00000001 00001f40
 3037 t 00000000 0000002e 00000004 00001f40
 3038 J 00000000 0000002e 00000004 00000000
 3039 J 00000001 0000002e 00000004 00000000
 3040 J 00000002 0000002e 00000004 00000000
 3041 J 00000003 0000002e 00000004 00000000
 3042 J 00000004 0000002e 00000004 00000000
 3043 J 00000006 0000002e 00000004 00000000
 3044 J 00000007 0000002e 00000004 00000000
 3045 t 00000001 0000002e 00000004 00001f40
 3046 J 00000005 0000002e 00000004 00000001
 3047 l 00000000 00000005 00000001 00001f40
 3048 l 00000001 00000005 00000001 00001f40
 3049 t 00000000 0000002f 00000004 00001f40
 3050 J 00000000 0000002f 00000004 00000000
 3051 J 00000001 0000002f 00000004 00000000
 3052 J 00000002 0000002f 00000004 00000000
 3053 J 00000003 0000002f 00000004 00000000
 3054 J 00000004 0000002f 00000004 00000000
 3055 J 00000006 0000002f 00000004 00000000
 3056 J 00000007 0000002f 00000004 00000000
 3057 t 00000001 0000002f 00000004 00001f40
 3058 J 00000005 0000002f 00000004 00000001
 3059 l 00000000 00000005 00000001 00001f40
 3060 l 00000001 00000005 00000001 00001f40
 3061 t 00000000 00000030 00000004 00001f40
 3062 J 00000000 00000030 00000004 00000000
 3063 J 00000001 00000030 00000004 00000000
 3064 J 00000002 00000030 00000004 00000000
 3065 J 00000003 00000030 00000004 00000000
 3066 J 00000004 00000030 00000004 00000000
 3067 J 00000006 00000030 00000004 00000000
 3068 J 00000007 00000030 00000004 00000000
 3069 t 00000001 00000030 00000004 00001f40
 3070 J 00000005 00000030 00000004 00000001
 3071 l 00000000 00000005 00000001 00001f40
 3072 l 00000001 00000005 00000001 00001f40
 3073 t 00000000 00000035 00000004 00001f40
 3074 J 00000000 00000035 00000004 00000000
 3075 J 00000001 00000035 00000004 00000000
 3076 J 00000002 00000035 00000004 00000000
 3077 J 00000003 00000035 00000004 00000000
 3078 J 00000004 00000035 00000004 00000000
 3079 J 00000006 00000035 00000004 00000000
 3080 J 00000007 00000035 00000004 00000000
 3081 t 00000001 00000035 00000004 00001f40
 3082 J 00000005 00000035 00000004 00000001
 3083 l 00000000 00000005 00000001 00001f40
 3084 l 00000001 00000005 00000001 00001f40
 3085 t 00000000 00000036 00000004 00001f40
 3086 J 00000000 00000036 00000004 00000000
 3087 J 00000001 00000036 00000004 00000000
 3088 J 00000002 00000036 00000004 00000000
 3089 J 00000003 00000036 00000004 00000000
 3090 J 00000004 00000036 00000004 00000000
 3091 J 00000006 00000036 00000004 00000000
 3092 J 00000007 00000036 00000004 00000000
 3093 t 00000001 00000036 00000004 00001f40
 3094 J 00000005 00000036 00000004 00000001
 3095 l 00000000 00000005 00000001 00001f40
 3096 l 00000001 00000005 00000001 00001f40
 3097 t 00000000 00000037 00000004 00001f40
 3098 J 00000000 00000037 00000004 00000000
 3099 J 00000001 00000037 00000004 00000000
 3100 J 00000002 00000037 00000004 00000000
 3101 J 00000003 00000037 00000004 00000000
 3102 J 00000004 00000037 00000004 00000000
 3103 J 00000006 00000037 00000004 00000000
 3104 J 00000007 00000037 00000004 00000000
 3105 t 00000001 00000037 00000004 00001f40
 3106 J 00000005 00000037 00000004 00000001
 3107 l 00000000 00000005 00000001 00001f40
 3108 l 00000001 00000005 00000001 00001f40
 3109 t 00000000 00000038 00000004 00001f40
 3110 J 00000000 00000038 00000004 00000000
 3111 J 00000001 00000038 00000004 00000000
 3112 J 00000002 00000038 00000004 00000000
 3113 J 00000003 00000038 00000004 00000000
 3114 J 00000004 00000038 00000004 00000000
 3115 J 00000006 00000038 00000004 00000000
 3116 J 00000007 00000038 00000004 00000000
 3117 t 00000001 00000038 00000004 00001f40
 3118 J 00000005 00000038 00000004 00000001
 3119 l 00000000 00000005 00000001 00001f40
 3120 l 00000001 00000005 00000001 00001f40
 3121 t 00000000 0000003b 00000004 00001f40
 3122 J 00000000 0000003b 00000004 00000000
 3123 J 00000001 0000003b 00000004 00000000
 3124 J 00000002 0000003b 00000004 00000000
 3125 J 00000003 0000003b 00000004 00000000
 3126 J 00000004 0000003b 00000004 00000000
 3127 J 00000006 0000003b 00000004 00000000
 3128 J 00000007 0000003b 00000004 00000000
 3129 t 00000001 0000003b 00000004 00001f40
 3130 J 00000005 0000003b 00000004 00000001
 3131 l 00000000 00000005 00000001 00001f40
 3132 l 00000001 00000005 00000001 00001f40
 3133 t 00000000 0000003c 00000004 00001f40
 3134 J 00000000 0000003c 00000004 00000000
 3135 J 00000001 0000003c 00000004 00000000
 3136 J 00000002 0000003c 00000004 00000000
 3137 J 00000003 0000003c 00000004 00000000
 3138 J 00000004 0000003c 00000004 00000000
 3139 J 00000006 0000003c 00000004 00000000
 3140 J 00000007 0000003c 00000004 00000000
 3141 t 00000001 0000003c 00000004 00001f40
 3142 J 00000005 0000003c 00000004 00000001
 3143 l 00000000 00000005 00000001 00001f40
 3144 l 00000001 00000005 00000001 00001f40
 3145 t 00000000 0000003d 00000004 00001f40
 3146 J 00000000 0000003d 00000004 00000000
 3147 J 00000001 0000003d 00000004 00000000
 3148 J 00000002 0000003d 00000004 00000000
 3149 J 00000003 0000003d 00000004 00000000
 3150 J 00000004 0000003d 00000004 00000000
 3151 J 00000006 0000003d 00000004 00000000
 3152 J 00000007 0000003d 00000004 00000000
 3153 t 00000001 0000003d 00000004 00001f40
 3154 J 00000005 0000003d 00000004 00000001
 3155 l 00000000 00000005 00000001 00001f40
 3156 l 00000001 00000005 00000001 00001f40
 3157 t 00000000 0000003e 00000004 00001f40
 3158 J 00000000 0000003e 00000004 00000000
 3159 J 00000001 0000003e 00000004 00000000
 3160 J 00000002 0000003e 00000004 00000000
 3161 J 00000003 0000003e 00000004 00000000
 3162 J 00000004 0000003e 00000004 00000000
 3163 J 00000006 0000003e 00000004 00000000
 3164 J 00000007 0000003e 00000004 00000000
 3165 t 00000001 0000003e 00000004 00001f40
 3166 J 00000005 0000003e 00000004 00000001
 3167 l 00000000 00000005 00000001 00001f40
 3168 l 00000001 00000005 00000001 00001f40
 3169 t 00000000 0000003f 00000004 00001f40
 3170 J 00000000 0000003f 00000004 00000000
 3171 J 00000001 0000003f 00000004 00000000
 3172 J 00000002 0000003f 00000004 00000000
 3173 J 00000003 0000003f 00000004 00000000
 3174 J 00000004 0000003f 00000004 00000000
 3175 J 00000006 0000003f 00000004 00000000
 3176 J 00000007 0000003f 00000004 00000000
 3177 t 00000001 0000003f 00000004 00001f40
 3178 J 00000005 0000003f 00000004 00000001
 3179 l 00000000 00000005 00000001 00001f40
 3180 l 00000001 00000005 00000001 00001f40
 3181 t 00000000 00000040 00000004 00001f40
 3182 J 00000000 00000040 00000004 00000000
 3183 J 00000001 00000040 00000004 00000000
 3184 J 00000002 00000040 00000004 00000000
 3185 J 00000003 00000040 00000004 00000000
 3186 J 00000004 00000040 00000004 00000000
 3187 J 00000006 00000040 00000004 00000000
 3188 J 00000007 00000040 00000004 00000000
 3189 t 00000001 00000040 00000004 00001f40
 3190 J 00000005 00000040 00000004 00000001
 3191 l 00000000 00000005 00000001 00001f40
 3192 l 00000001 00000005 00000001 00001f40
 3193 t 00000000 00000041 00000004 00001f40
 3194 J 00000000 00000041 00000004 00000000
 3195 J 00000001 00000041 00000004 00000000
 3196 J 00000002 00000041 00000004 00000000
 3197 J 00000003 00000041 00000004 00000000
 3198 J 00000004 00000041 00000004 00000000
 3199 J 00000006 00000041 00000004 00000000
 3200 J 00000007 00000041 00000004 00000000
 3201 t 00000001 00000041 00000004 00001f40
 3202 J 00000005 00000041 00000004 00000001
 3203 l 00000000 00000005 00000001 00001f40
 3204 l 00000001 00000005 00000001 00001f40
 3205 t 00000000 00000042 00000004 00001f40
 3206 J 00000000 00000042 00000004 00000000
 3207 J 00000001 00000042 00000004 00000000
 3208 J 00000002 00000042 00000004 00000000
 3209 J 00000003 00000042 00000004 00000000
 3210 J 00000004 00000042 00000004 00000000
 3211 J 00000006 00000042 00000004 00000000
 3212 J 00000007 00000042 00000004 00000000
 3213 t 00000001 00000042 00000004 00001f40
 3214 J 00000005 00000042 00000004 00000001
 3215 l 00000000 00000005 00000001 00001f40
 3216 l 00000001 00000005 00000001 00001f40
 3217 t 00000000 00000043 00000004 00001f40
 3218 J 00000000 00000043 00000004 00000000
 3219 J 00000001 00000043 00000004 00000000
 3220 J 00000002 00000043 00000004 00000000
 3221 J 00000003 00000043 00000004 00000000
 3222 J 00000004 00000043 00000004 00000000
 3223 J 00000006 00000043 00000004 00000000
 3224 J 00000007 00000043 00000004 00000000
 3225 t 00000001 00000043 00000004 00001f40
 3226 J 00000005 00000043 00000004 00000001
 3227 l 00000000 00000005 00000001 00001f40
 3228 l 00000001 00000005 00000001 00001f40
 3229 t 00000000 00000044 00000004 00001f40
 3230 J 00000000 00000044 00000004 00000000
 3231 J 00000001 00000044 00000004 00000000
 3232 J 00000002 00000044 00000004 00000000
 3233 J 00000003 00000044 00000004 00000000
 3234 J 00000004 00000044 00000004 00000000
 3235 J 00000006 00000044 00000004 00000000
 3236 J 00000007 00000044 00000004 00000000
 3237 t 00000001 00000044 00000004 00001f40
 3238 J 00000005 00000044 00000004 00000001
 3239 l 00000000 00000005 00000001 00001f40
 3240 l 00000001 00000005 00000001 00001f40
 3241 t 00000000 00000045 00000004 00001f40
 3242 J 00000000 00000045 00000004 00000000
 3243 J 00000001 00000045 00000004 00000000
 3244 J 00000002 00000045 00000004 00000000
 3245 J 00000003 00000045 00000004 00000000
 3246 J 00000004 00000045 00000004 00000000
 3247 J 00000006 00000045 00000004 00000000
 3248 J 00000007 00000045 00000004 00000000
 3249 t 00000001 00000045 00000004 00001f40
 3250 J 00000005 00000045 00000004 00000001
 3251 l 00000000 00000005 00000001 00001f40
 3252 l 00000001 00000005 00000001 00001f40
 3253 t 00000000 00000046 00000004 00001f40
 3254 J 00000000 00000046 00000004 00000000
 3255 J 00000001 00000046 00000004 00000000
 3256 J 00000002 00000046 00000004 00000000
 3257 J 00000003 00000046 00000004 00000000
 3258 J 00000004 00000046 00000004 00000000
 3259 J 00000006 00000046 00000004 00000000
 3260 J 00000007 00000046 00000004 00000000
 3261 t 00000001 00000046 00000004 00001f40
 3262 J 00000005 00000046 00000004 00000001
 3263 l 00000000 00000005 00000001 00001f40
 3264 l 00000001 00000005 00000001 00001f40
 3265 t 00000000 00000048 00000004 00001f40
 3266 J 00000000 00000048 00000004 00000000
 3267 J 00000001 00000048 00000004 00000000
 3268 J 00000002 00000048 00000004 00000000
 3269 J 00000003 00000048 00000004 00000000
 3270 J 00000004 00000048 00000004 00000000
 3271 J 00000006 00000048 00000004 00000000
 3272 J 00000007 00000048 00000004 00000000
 3273 t 00000001 00000048 00000004 00001f40
 3274 J 00000005 00000048 00000004 00000001
 3275 l 00000000 00000005 00000001 00001f40
 3276 l 00000001 00000005 00000001 00001f40
 3277 t 00000000 00000055 00000004 00001f40
 3278 J 00000000 00000055 00000004 00000000
 3279 J 00000001 00000055 00000004 00000000
 3280 J 00000002 00000055 00000004 00000000
 3281 J 00000003 00000055 00000004 00000000
 3282 J 00000004 00000055 00000004 00000000
 3283 J 00000006 00000055 00000004 00000000
 3284 J 00000007 00000055 00000004 00000000
 3285 t 00000001 00000055 00000004 00001f40
 3286 J 00000005 00000055 00000004 00000001
 3287 l 00000000 00000005 00000001 00001f40
 3288 l 00000001 00000005 00000001 00001f40
 3289 t 00000000 00000078 00000004 00001f40
 3290 J 00000000 00000078 00000004 00000000
 3291 J 00000001 00000078 00000004 00000000
 3292 J 00000002 00000078 00000004 00000000
 3293 J 00000003 00000078 00000004 00000000
 3294 J 00000004 00000078 00000004 00000000
 3295 J 00000006 00000078 00000004 00000000
 3296 J 00000007 00000078 00000004 00000000
 3297 t 00000001 00000078 00000004 00001f40
 3298 J 00000005 00000078 00000004 00000001
 3299 l 00000000 00000005 00000001 00001f40
 3300 l 00000001 00000005 00000001 00001f40
 3301 t 00000000 00000079 00000004 00001f40
 3302 J 00000000 00000079 00000004 00000000
 3303 J 00000001 00000079 00000004 00000000
 3304 J 00000002 00000079 00000004 00000000
 3305 J 00000003 00000079 00000004 00000000
 3306 J 00000004 00000079 00000004 00000000
 3307 J 00000006 00000079 00000004 00000000
 3308 J 00000007 00000079 00000004 00000000
 3309 t 00000001 00000079 00000004 00001f40
 3310 J 00000005 00000079 00000004 00000001
 3311 l 00000000 00000005 00000001 00001f40
 3312 l 00000001 00000005 00000001 00001f40
 3313 t 00000000 0000007a 00000004 00001f40
 3314 J 00000000 0000007a 00000004 00000000
 3315 J 00000001 0000007a 00000004 00000000
 3316 J 00000002 0000007a 00000004 00000000
 3317 J 00000003 0000007a 00000004 00000000
 3318 J 00000004 0000007a 00000004 00000000
 3319 J 00000006 0000007a 00000004 00000000
 3320 J 00000007 0000007a 00000004 00000000
 3321 t 00000001 0000007a 00000004 00001f40
 3322 J 00000005 0000007a 00000004 00000001
 3323 l 00000000 00000005 00000001 00001f40
 3324 l 00000001 00000005 00000001 00001f40
 3325 t 00000000 0000007b 00000004 00001f40
 3326 J 00000000 0000007b 00000004 00000000
 3327 J 00000001 0000007b 00000004 00000000
 3328 J 00000002 0000007b 00000004 00000000
 3329 J 00000003 0000007b 00000004 00000000
 3330 J 00000004 0000007b 00000004 00000000
 3331 J 00000006 0000007b 00000004 00000000
 3332 J 00000007 0000007b 00000004 00000000
 3333 t 00000001 0000007b 00000004 00001f40
 3334 J 00000005 0000007b 00000004 00000001
 3335 l 00000000 00000005 00000001 00001f40
 3336 l 00000001 00000005 00000001 00001f40
 3337 t 00000000 0000007c 00000004 00001f40
 3338 J 00000000 0000007c 00000004 00000000
 3339 J 00000001 0000007c 00000004 00000000
 3340 J 00000002 0000007c 00000004 00000000
 3341 J 00000003 0000007c 00000004 00000000
 3342 J 00000004 0000007c 00000004 00000000
 3343 J 00000006 0000007c 00000004 00000000
 3344 J 00000007 0000007c 00000004 00000000
 3345 t 00000001 0000007c 00000004 00001f40
 3346 J 00000005 0000007c 00000004 00000001
 3347 l 00000000 00000005 00000001 00001f40
 3348 l 00000001 00000005 00000001 00001f40
 3349 t 00000000 0000007d 00000004 00001f40
 3350 J 00000000 0000007d 00000004 00000000
 3351 J 00000001 0000007d 00000004 00000000
 3352 J 00000002 0000007d 00000004 00000000
 3353 J 00000003 0000007d 00000004 00000000
 3354 J 00000004 0000007d 00000004 00000000
 3355 J 00000006 0000007d 00000004 00000000
 3356 J 00000007 0000007d 00000004 00000000
 3357 t 00000001 0000007d 00000004 00001f40
 3358 J 00000005 0000007d 00000004 00000001
 3359 l 00000000 00000005 00000001 00001f40
 3360 l 00000001 00000005 00000001 00001f40
 3361 t 00000000 0000007e 00000004 00001f40
 3362 J 00000000 0000007e 00000004 00000000
 3363 J 00000001 0000007e 00000004 00000000
 3364 J 00000002 0000007e 00000004 00000000
 3365 J 00000003 0000007e 00000004 00000000
 3366 J 00000004 0000007e 00000004 00000000
 3367 J 00000006 0000007e 00000004 00000000
 3368 J 00000007 0000007e 00000004 00000000
 3369 t 00000001 0000007e 00000004 00001f40
 3370 J 00000005 0000007e 00000004 00000001
 3371 l 00000000 00000005 00000001 00001f40
 3372 l 00000001 00000005 00000001 00001f40
 3373 t 00000000 0000007f 00000004 00001f40
 3374 J 00000000 0000007f 00000004 00000000
 3375 J 00000001 0000007f 00000004 00000000
 3376 J 00000002 0000007f 00000004 00000000
 3377 J 00000003 0000007f 00000004 00000000
 3378 J 00000004 0000007f 00000004 00000000
 3379 J 00000006 0000007f 00000004 00000000
 3380 J 00000007 0000007f 00000004 00000000
 3381 t 00000001 0000007f 00000004 00001f40
 3382 J 00000005 0000007f 00000004 00000001
 3383 l 00000000 00000005 00000001 00001f40
 3384 l 00000001 00000005 00000001 00001f40
 3385 r 00000000 0000003f 00000001 00000000
 3386 K 00000000 00000001 0000000f 00000000
 3387 K 00000001 00000001 0000000f 00000000
 3388 K 00000002 00000001 0000000f 00000000
 3389 K 00000003 00000001 0000000f 00000000
 3390 K 00000004 00000001 0000000f 00000000
 3391 K 00000006 00000001 0000000f 00000000
 3392 K 00000007 00000001 0000000f 00000000
 3393 r 00000001 0000003f 00000001 00000000
 3394 r 00000000 00000021 00000001 00000000
 3395 K 00000000 00000001 0000000e 00000000
 3396 K 00000001 00000001 0000000e 00000000
 3397 K 00000002 00000001 0000000e 00000000
 3398 K 00000003 00000001 0000000e 00000000
 3399 K 00000004 00000001 0000000e 00000000
 3400 K 00000006 00000001 0000000e 00000000
 3401 K 00000007 00000001 0000000e 00000000
 3402 r 00000001 00000021 00000001 00000000
 3403 r 00000000 00000012 00000000 00000000
 3404 K 00000000 00000000 0000000d 00000000
 3405 K 00000001 00000000 0000000d 00000000
 3406 K 00000002 00000000 0000000d 00000000
 3407 K 00000003 00000000 0000000d 00000000
 3408 K 00000004 00000000 0000000d 00000000
 3409 K 00000006 00000000 0000000d 00000000
 3410 K 00000007 00000000 0000000d 00000000
 3411 r 00000001 00000012 00000000 00000000
 3412 K 00000005 00000000 0000000d 00000000
 3413 r 00000000 0000001e 00000000 00000000
 3414 K 00000000 00000000 0000000c 00000000
 3415 K 00000001 00000000 0000000c 00000000
 3416 K 00000002 00000000 0000000c 00000000
 3417 K 00000003 00000000 0000000c 00000000
 3418 K 00000004 00000000 0000000c 00000000
 3419 K 00000006 00000000 0000000c 00000000
 3420 K 00000007 00000000 0000000c 00000000
 3421 r 00000001 0000001e 00000000 00000000
 3422 K 00000005 00000000 0000000c 00000000
 3423 r 00000000 0000000a 00000001 00000000
 3424 K 00000000 00000001 0000000a 00000000
 3425 K 00000001 00000001 0000000a 00000000
 3426 K 00000002 00000001 0000000a 00000000
 3427 K 00000003 00000001 0000000a 00000000
 3428 K 00000004 00000001 0000000a 00000000
 3429 K 00000006 00000001 0000000a 00000000
 3430 K 00000007 00000001 0000000a 00000000
 3431 r 00000001 0000000a 00000001 00000000
 3432 K 00000005 00000001 0000000a 00000000
 3433 r 00000000 0000001c 00000001 00000000
 3434 K 00000000 00000001 0000000b 00000000
 3435 K 00000001 00000001 0000000b 00000000
 3436 K 00000002 00000001 0000000b 00000000
 3437 K 00000003 00000001 0000000b 00000000
 3438 K 00000004 00000001 0000000b 00000000
 3439 K 00000006 00000001 0000000b 00000000
 3440 K 00000007 00000001 0000000b 00000000
 3441 r 00000001 0000001c 00000001 00000000
 3442 K 00000005 00000001 0000000b 00000000
 3443 r 00000000 00000005 00000001 00000000
 3444 K 00000000 00000001 00000005 00000000
 3445 K 00000001 00000001 00000005 00000000
 3446 K 00000002 00000001 00000005 00000000
 3447 K 00000003 00000001 00000005 00000000
 3448 K 00000004 00000001 00000005 00000000
 3449 K 00000006 00000001 00000005 00000000
 3450 K 00000007 00000001 00000005 00000000
 3451 r 00000001 00000005 00000001 00000000
 3452 K 00000005 00000001 00000005 00000000
 3453 r 00000000 00000006 00000001 00000000
 3454 K 00000000 00000001 00000006 00000000
 3455 K 00000001 00000001 00000006 00000000
 3456 K 00000002 00000001 00000006 00000000
 3457 K 00000003 00000001 00000006 00000000
 3458 K 00000004 00000001 00000006 00000000
 3459 K 00000006 00000001 00000006 00000000
 3460 K 00000007 00000001 00000006 00000000
 3461 r 00000001 00000006 00000001 00000000
 3462 K 00000005 00000001 00000006 00000000
 3463 r 00000000 00000007 00000001 00000000
 3464 K 00000000 00000001 00000007 00000000
 3465 K 00000001 00000001 00000007 00000000
 3466 K 00000002 00000001 00000007 00000000
 3467 K 00000003 00000001 00000007 00000000
 3468 K 00000004 00000001 00000007 00000000
 3469 K 00000006 00000001 00000007 00000000
 3470 K 00000007 00000001 00000007 00000000
 3471 r 00000001 00000007 00000001 00000000
 3472 K 00000005 00000001 00000007 00000000
 3473 r 00000000 00000008 00000001 00000000
 3474 K 00000000 00000001 00000008 00000000
 3475 K 00000001 00000001 00000008 00000000
 3476 K 00000002 00000001 00000008 00000000
 3477 K 00000003 00000001 00000008 00000000
 3478 K 00000004 00000001 00000008 00000000
 3479 K 00000006 00000001 00000008 00000000
 3480 K 00000007 00000001 00000008 00000000
 3481 r 00000001 00000008 00000001 00000000
 3482 K 00000005 00000001 00000008 00000000
 3483 r 00000000 00000009 00000001 00000000
 3484 K 00000000 00000001 00000009 00000000
 3485 K 00000001 00000001 00000009 00000000
 3486 K 00000002 00000001 00000009 00000000
 3487 K 00000003 00000001 00000009 00000000
 3488 K 00000004 00000001 00000009 00000000
 3489 K 00000006 00000001 00000009 00000000
 3490 K 00000007 00000001 00000009 00000000
 3491 r 00000001 00000009 00000001 00000000
 3492 K 00000005 00000001 00000009 00000000
 3493 r 00000000 00000004 00000001 00000000
 3494 K 00000000 00000001 00000004 00000000
 3495 K 00000001 00000001 00000004 00000000
 3496 K 00000002 00000001 00000004 00000000
 3497 K 00000003 00000001 00000004 00000000
 3498 K 00000004 00000001 00000004 00000000
 3499 K 00000006 00000001 00000004 00000000
 3500 K 00000007 00000001 00000004 00000000
 3501 r 00000001 00000004 00000001 00000000
 3502 K 00000005 00000001 00000004 00000000
 3503 r 00000000 00000003 00000001 00000000
 3504 K 00000000 00000001 00000003 00000000
 3505 K 00000001 00000001 00000003 00000000
 3506 K 00000002 00000001 00000003 00000000
 3507 K 00000003 00000001 00000003 00000000
 3508 K 00000004 00000001 00000003 00000000
 3509 K 00000006 00000001 00000003 00000000
 3510 K 00000007 00000001 00000003 00000000
 3511 r 00000001 00000003 00000001 00000000
 3512 K 00000005 00000001 00000003 00000000
 3513 r 00000000 00000000 00000001 00000000
 3514 K 00000000 00000001 00000000 00000000
 3515 K 00000001 00000001 00000000 00000000
 3516 K 00000002 00000001 00000000 00000000
 3517 K 00000003 00000001 00000000 00000000
 3518 K 00000004 00000001 00000000 00000000
 3519 K 00000006 00000001 00000000 00000000
 3520 K 00000007 00000001 00000000 00000000
 3521 r 00000001 00000000 00000001 00000000
 3522 K 00000005 00000001 00000000 00000000
 3523 r 00000000 00000001 00000001 00000000
 3524 K 00000000 00000001 00000001 00000000
 3525 K 00000001 00000001 00000001 00000000
 3526 K 00000002 00000001 00000001 00000000
 3527 K 00000003 00000001 00000001 00000000
 3528 K 00000004 00000001 00000001 00000000
 3529 K 00000006 00000001 00000001 00000000
 3530 K 00000007 00000001 00000001 00000000
 3531 r 00000001 00000001 00000001 00000000
 3532 K 00000005 00000001 00000001 00000000
 3533 r 00000000 00000002 00000001 00000000
 3534 K 00000000 00000001 00000002 00000000
 3535 K 00000001 00000001 00000002 00000000
 3536 K 00000002 00000001 00000002 00000000
 3537 K 00000003 00000001 00000002 00000000
 3538 K 00000004 00000001 00000002 00000000
 3539 K 00000006 00000001 00000002 00000000
 3540 K 00000007 00000001 00000002 00000000
 3541 r 00000001 00000002 00000001 00000000
 3542 K 00000005 00000001 00000002 00000000
 3543 r 00000000 0000001f 00000000 00000000
 3544 K 00000000 00000000 0000001f 00000000
 3545 K 00000001 00000000 0000001f 00000000
 3546 K 00000002 00000000 0000001f 00000000
 3547 K 00000003 00000000 0000001f 00000000
 3548 K 00000004 00000000 0000001f 00000000
 3549 K 00000006 00000000 0000001f 00000000
 3550 K 00000007 00000000 0000001f 00000000
 3551 r 00000001 0000001f 00000000 00000000
 3552 r 00000000 00000016 00000001 00000000
 3553 K 00000000 00000001 0000001b 00000000
 3554 K 00000001 00000001 0000001b 00000000
 3555 K 00000002 00000001 0000001b 00000000
 3556 K 00000003 00000001 0000001b 00000000
 3557 K 00000004 00000001 0000001b 00000000
 3558 K 00000006 00000001 0000001b 00000000
 3559 K 00000007 00000001 0000001b 00000000
 3560 r 00000001 00000016 00000001 00000000
 3561 K 00000005 00000001 0000001b 00000000
 3562 r 00000000 00000017 00000001 00000000
 3563 K 00000000 00000001 0000001d 00000000
 3564 K 00000001 00000001 0000001d 00000000
 3565 K 00000002 00000001 0000001d 00000000
 3566 K 00000003 00000001 0000001d 00000000
 3567 K 00000004 00000001 0000001d 00000000
 3568 K 00000006 00000001 0000001d 00000000
 3569 K 00000007 00000001 0000001d 00000000
 3570 r 00000001 00000017 00000001 00000000
 3571 K 00000005 00000001 0000001d 00000000
 3572 r 00000000 00000018 00000001 00000000
 3573 K 00000000 00000001 0000001c 00000000
 3574 K 00000001 00000001 0000001c 00000000
 3575 K 00000002 00000001 0000001c 00000000
 3576 K 00000003 00000001 0000001c 00000000
 3577 K 00000004 00000001 0000001c 00000000
 3578 K 00000006 00000001 0000001c 00000000
 3579 K 00000007 00000001 0000001c 00000000
 3580 r 00000001 00000018 00000001 00000000
 3581 K 00000005 00000001 0000001c 00000000
 3582 r 00000000 00000019 00000001 00000000
 3583 K 00000000 00000001 0000001e 00000000
 3584 K 00000001 00000001 0000001e 00000000
 3585 K 00000002 00000001 0000001e 00000000
 3586 K 00000003 00000001 0000001e 00000000
 3587 K 00000004 00000001 0000001e 00000000
 3588 K 00000006 00000001 0000001e 00000000
 3589 K 00000007 00000001 0000001e 00000000
 3590 r 00000001 00000019 00000001 00000000
 3591 K 00000005 00000001 0000001e 00000000
 3592 r 00000000 00000015 00000001 00000000
 3593 K 00000000 00000001 0000001a 00000000
 3594 K 00000001 00000001 0000001a 00000000
 3595 K 00000002 00000001 0000001a 00000000
 3596 K 00000003 00000001 0000001a 00000000
 3597 K 00000004 00000001 0000001a 00000000
 3598 K 00000006 00000001 0000001a 00000000
 3599 K 00000007 00000001 0000001a 00000000
 3600 r 00000001 00000015 00000001 00000000
 3601 K 00000005 00000001 0000001a 00000000
 3602 r 00000000 00000013 00000001 00000000
 3603 K 00000000 00000001 00000019 00000000
 3604 K 00000001 00000001 00000019 00000000
 3605 K 00000002 00000001 00000019 00000000
 3606 K 00000003 00000001 00000019 00000000
 3607 K 00000004 00000001 00000019 00000000
 3608 K 00000006 00000001 00000019 00000000
 3609 K 00000007 00000001 00000019 00000000
 3610 r 00000001 00000013 00000001 00000000
 3611 K 00000005 00000001 00000019 00000000
 3612 r 00000000 00000014 00000001 00000000
 3613 K 00000000 00000001 00000018 00000000
 3614 K 00000001 00000001 00000018 00000000
 3615 K 00000002 00000001 00000018 00000000
 3616 K 00000003 00000001 00000018 00000000
 3617 K 00000004 00000001 00000018 00000000
 3618 K 00000006 00000001 00000018 00000000
 3619 K 00000007 00000001 00000018 00000000
 3620 r 00000001 00000014 00000000 00000000
 3621 K 00000005 00000000 00000018 00000000
 3622 r 00000000 00000020 00000000 00000000
 3623 K 00000000 00000000 00000017 00000000
 3624 K 00000001 00000000 00000017 00000000
 3625 K 00000002 00000000 00000017 00000000
 3626 K 00000003 00000000 00000017 00000000
 3627 K 00000004 00000000 00000017 00000000
 3628 K 00000006 00000000 00000017 00000000
 3629 K 00000007 00000000 00000017 00000000
 3630 r 00000001 00000020 00000000 00000000
 3631 K 00000005 00000000 00000017 00000000
 3632 r 00000000 0000001a 00000001 00000000
 3633 K 00000000 00000001 00000016 00000000
 3634 K 00000001 00000001 00000016 00000000
 3635 K 00000002 00000001 00000016 00000000
 3636 K 00000003 00000001 00000016 00000000
 3637 K 00000004 00000001 00000016 00000000
 3638 K 00000006 00000001 00000016 00000000
 3639 K 00000007 00000001 00000016 00000000
 3640 r 00000001 0000001a 00000001 00000000
 3641 K 00000005 00000001 00000016 00000000
 3642 r 00000000 0000000e 00000001 00000000
 3643 K 00000000 00000001 00000013 00000000
 3644 K 00000001 00000001 00000013 00000000
 3645 K 00000002 00000001 00000013 00000000
 3646 K 00000003 00000001 00000013 00000000
 3647 K 00000004 00000001 00000013 00000000
 3648 K 00000006 00000001 00000013 00000000
 3649 K 00000007 00000001 00000013 00000000
 3650 r 00000001 0000000e 00000001 00000000
 3651 K 00000005 00000001 00000013 00000000
 3652 r 00000000 0000000f 00000001 00000000
 3653 K 00000000 00000001 00000014 00000000
 3654 K 00000001 00000001 00000014 00000000
 3655 K 00000002 00000001 00000014 00000000
 3656 K 00000003 00000001 00000014 00000000
 3657 K 00000004 00000001 00000014 00000000
 3658 K 00000006 00000001 00000014 00000000
 3659 K 00000007 00000001 00000014 00000000
 3660 r 00000001 0000000f 00000001 00000000
 3661 K 00000005 00000001 00000014 00000000
 3662 r 00000000 00000010 00000001 00000000
 3663 K 00000000 00000001 00000015 00000000
 3664 K 00000001 00000001 00000015 00000000
 3665 K 00000002 00000001 00000015 00000000
 3666 K 00000003 00000001 00000015 00000000
 3667 K 00000004 00000001 00000015 00000000
 3668 K 00000006 00000001 00000015 00000000
 3669 K 00000007 00000001 00000015 00000000
 3670 r 00000001 00000010 00000001 00000000
 3671 K 00000005 00000001 00000015 00000000
 3672 r 00000000 0000000c 00000001 00000000
 3673 K 00000000 00000001 00000010 00000000
 3674 K 00000001 00000001 00000010 00000000
 3675 K 00000002 00000001 00000010 00000000
 3676 K 00000003 00000001 00000010 00000000
 3677 K 00000004 00000001 00000010 00000000
 3678 K 00000006 00000001 00000010 00000000
 3679 K 00000007 00000001 00000010 00000000
 3680 r 00000001 0000000c 00000001 00000000
 3681 K 00000005 00000001 00000010 00000000
 3682 r 00000000 00000040 00000001 00000000
 3683 K 00000000 00000001 00000012 00000000
 3684 K 00000001 00000001 00000012 00000000
 3685 K 00000002 00000001 00000012 00000000
 3686 K 00000003 00000001 00000012 00000000
 3687 K 00000004 00000001 00000012 00000000
 3688 K 00000006 00000001 00000012 00000000
 3689 K 00000007 00000001 00000012 00000000
 3690 r 00000001 00000040 00000001 00000000
 3691 K 00000005 00000001 00000012 00000000
 3692 r 00000000 00000041 00000001 00000000
 3693 K 00000000 00000001 00000011 00000000
 3694 K 00000001 00000001 00000011 00000000
 3695 K 00000002 00000001 00000011 00000000
 3696 K 00000003 00000001 00000011 00000000
 3697 K 00000004 00000001 00000011 00000000
 3698 K 00000006 00000001 00000011 00000000
 3699 K 00000007 00000001 00000011 00000000
 3700 r 00000001 00000041 00000001 00000000
 3701 K 00000005 00000001 00000011 00000000
 3702 r 00000000 00000042 00000001 00000000
 3703 K 00000000 00000001 0000002a 00000000
 3704 K 00000001 00000001 0000002a 00000000
 3705 K 00000002 00000001 0000002a 00000000
 3706 K 00000003 00000001 0000002a 00000000
 3707 K 00000004 00000001 0000002a 00000000
 3708 K 00000006 00000001 0000002a 00000000
 3709 K 00000007 00000001 0000002a 00000000
 3710 r 00000001 00000042 00000001 00000000
 3711 K 00000005 00000001 0000002a 00000000
 3712 r 00000000 00000029 00000001 00000000
 3713 K 00000000 00000001 00000029 00000000
 3714 K 00000001 00000001 00000029 00000000
 3715 K 00000002 00000001 00000029 00000000
 3716 K 00000003 00000001 00000029 00000000
 3717 K 00000004 00000001 00000029 00000000
 3718 K 00000006 00000001 00000029 00000000
 3719 K 00000007 00000001 00000029 00000000
 3720 r 00000001 00000029 00000001 00000000
 3721 r 00000000 0000002b 00000001 00000000
 3722 r 00000001 0000002b 00000001 00000000
 3723 r 00000000 0000000b 00000001 00000000
 3724 K 00000000 00000001 00000027 00000000
 3725 K 00000001 00000001 00000027 00000000
 3726 K 00000002 00000001 00000027 00000000
 3727 K 00000003 00000001 00000027 00000000
 3728 K 00000004 00000001 00000027 00000000
 3729 K 00000006 00000001 00000027 00000000
 3730 K 00000007 00000001 00000027 00000000
 3731 r 00000001 0000000b 00000001 00000000
 3732 K 00000005 00000001 00000027 00000000
 3733 r 00000000 00000043 00000000 00000000
 3734 K 00000000 00000000 00000025 00000000
 3735 K 00000001 00000000 00000025 00000000
 3736 K 00000002 00000000 00000025 00000000
 3737 K 00000003 00000000 00000025 00000000
 3738 K 00000004 00000000 00000025 00000000
 3739 K 00000006 00000000 00000025 00000000
 3740 K 00000007 00000000 00000025 00000000
 3741 r 00000001 00000043 00000000 00000000
 3742 K 00000005 00000000 00000025 00000000
 3743 r 00000000 00000044 00000000 00000000
 3744 K 00000000 00000000 00000026 00000000
 3745 K 00000001 00000000 00000026 00000000
 3746 K 00000002 00000000 00000026 00000000
 3747 K 00000003 00000000 00000026 00000000
 3748 K 00000004 00000000 00000026 00000000
 3749 K 00000006 00000000 00000026 00000000
 3750 K 00000007 00000000 00000026 00000000
 3751 r 00000001 00000044 00000000 00000000
 3752 K 00000005 00000000 00000026 00000000
 3753 r 00000000 00000023 00000000 00000000
 3754 K 00000000 00000000 00000024 00000000
 3755 K 00000001 00000000 00000024 00000000
 3756 K 00000002 00000000 00000024 00000000
 3757 K 00000003 00000000 00000024 00000000
 3758 K 00000004 00000000 00000024 00000000
 3759 K 00000006 00000000 00000024 00000000
 3760 K 00000007 00000000 00000024 00000000
 3761 r 00000001 00000023 00000000 00000000
 3762 r 00000000 00000024 00000000 00000000
 3763 K 00000000 00000000 00000022 00000000
 3764 K 00000001 00000000 00000022 00000000
 3765 K 00000002 00000000 00000022 00000000
 3766 K 00000003 00000000 00000022 00000000
 3767 K 00000004 00000000 00000022 00000000
 3768 K 00000006 00000000 00000022 00000000
 3769 K 00000007 00000000 00000022 00000000
 3770 r 00000001 00000024 00000000 00000000
 3771 r 00000000 0000002c 00000001 00000000
 3772 K 00000000 00000001 00000021 00000000
 3773 K 00000001 00000001 00000021 00000000
 3774 K 00000002 00000001 00000021 00000000
 3775 K 00000003 00000001 00000021 00000000
 3776 K 00000004 00000001 00000021 00000000
 3777 K 00000006 00000001 00000021 00000000
 3778 K 00000007 00000001 00000021 00000000
 3779 r 00000001 0000002c 00000001 00000000
 3780 K 00000005 00000001 00000021 00000000
 3781 r 00000000 00000025 00000001 00000000
 3782 K 00000000 00000001 00000023 00000000
 3783 K 00000001 00000001 00000023 00000000
 3784 K 00000002 00000001 00000023 00000000
 3785 K 00000003 00000001 00000023 00000000
 3786 K 00000004 00000001 00000023 00000000
 3787 K 00000006 00000001 00000023 00000000
 3788 K 00000007 00000001 00000023 00000000
 3789 r 00000001 00000025 00000001 00000000
 3790 r 00000000 0000001d 00000001 00000000
 3791 K 00000000 00000001 00000020 00000000
 3792 K 00000001 00000001 00000020 00000000
 3793 K 00000002 00000001 00000020 00000000
 3794 K 00000003 00000001 00000020 00000000
 3795 K 00000004 00000001 00000020 00000000
 3796 K 00000006 00000001 00000020 00000000
 3797 K 00000007 00000001 00000020 00000000
 3798 r 00000001 0000001d 00000001 00000000
 3799 K 00000005 00000001 00000020 00000000
 3800 r 00000000 00000045 00000001 00000000
 3801 r 00000001 00000045 00000001 00000000
 3802 r 00000000 00000046 00000001 00000000
 3803 K 00000000 00000001 0000002b 00000000
 3804 K 00000001 00000001 0000002b 00000000
 3805 K 00000002 00000001 0000002b 00000000
 3806 K 00000003 00000001 0000002b 00000000
 3807 K 00000004 00000001 0000002b 00000000
 3808 K 00000006 00000001 0000002b 00000000
 3809 K 00000007 00000001 0000002b 00000000
 3810 r 00000001 00000046 00000001 00000000
 3811 K 00000005 00000001 0000002b 00000000
 3812 r 00000000 00000022 00000001 00000000
 3813 r 00000001 00000022 00000001 00000000
 3814 r 00000000 0000000d 00000001 00000000
 3815 r 00000001 0000000d 00000001 00000000
 3816 r 00000000 00000011 00000001 00000000
 3817 r 00000001 00000011 00000001 00000000
 3818 r 00000000 0000001b 00000001 00000000
 3819 r 00000001 0000001b 00000001 00000000
 3820 r 00000000 00000026 00000000 00000000
 3821 r 00000001 00000026 00000000 00000000
 3822 r 00000000 00000027 00000001 00000000
 3823 r 00000001 00000027 00000001 00000000
 3824 r 00000000 00000028 00000000 00000000
 3825 r 00000001 00000028 00000000 00000000
 3826 K 00000005 00000000 00000042 00000000
 3827 r 00000000 0000002a 00000001 00000000
 3828 r 00000001 0000002a 00000001 00000000
 3829 K 00000005 00000001 00000041 00000000
 3830 r 00000000 0000002d 00000001 00000000
 3831 r 00000001 0000002d 00000001 00000000
 3832 r 00000000 0000002e 00000001 00000000
 3833 r 00000001 0000002e 00000001 00000000
 3834 r 00000000 0000002f 00000001 00000000
 3835 K 00000000 00000001 00000038 00000000
 3836 K 00000001 00000001 00000038 00000000
 3837 K 00000002 00000001 00000038 00000000
 3838 K 00000003 00000001 00000038 00000000
 3839 K 00000004 00000001 00000038 00000000
 3840 K 00000006 00000001 00000038 00000000
 3841 K 00000007 00000001 00000038 00000000
 3842 r 00000001 0000002f 00000001 00000000
 3843 K 00000005 00000001 00000038 00000000
 3844 r 00000000 00000030 00000001 00000000
 3845 K 00000000 00000001 00000037 00000000
 3846 K 00000001 00000001 00000037 00000000
 3847 K 00000002 00000001 00000037 00000000
 3848 K 00000003 00000001 00000037 00000000
 3849 K 00000004 00000001 00000037 00000000
 3850 K 00000006 00000001 00000037 00000000
 3851 K 00000007 00000001 00000037 00000000
 3852 r 00000001 00000030 00000001 00000000
 3853 K 00000005 00000001 00000037 00000000
 3854 r 00000000 00000031 00000001 00000000
 3855 K 00000000 00000001 00000036 00000000
 3856 K 00000001 00000001 00000036 00000000
 3857 K 00000002 00000001 00000036 00000000
 3858 K 00000003 00000001 00000036 00000000
 3859 K 00000004 00000001 00000036 00000000
 3860 K 00000006 00000001 00000036 00000000
 3861 K 00000007 00000001 00000036 00000000
 3862 r 00000001 00000031 00000001 00000000
 3863 K 00000005 00000001 00000036 00000000
 3864 r 00000000 00000032 00000001 00000000
 3865 K 00000000 00000001 00000035 00000000
 3866 K 00000001 00000001 00000035 00000000
 3867 K 00000002 00000001 00000035 00000000
 3868 K 00000003 00000001 00000035 00000000
 3869 K 00000004 00000001 00000035 00000000
 3870 K 00000006 00000001 00000035 00000000
 3871 K 00000007 00000001 00000035 00000000
 3872 r 00000001 00000032 00000001 00000000
 3873 K 00000005 00000001 00000035 00000000
 3874 r 00000000 00000033 00000001 00000000
 3875 K 00000000 00000001 00000034 00000000
 3876 K 00000001 00000001 00000034 00000000
 3877 K 00000002 00000001 00000034 00000000
 3878 K 00000003 00000001 00000034 00000000
 3879 K 00000004 00000001 00000034 00000000
 3880 K 00000006 00000001 00000034 00000000
 3881 K 00000007 00000001 00000034 00000000
 3882 r 00000001 00000033 00000001 00000000
 3883 K 00000005 00000001 00000034 00000000
 3884 r 00000000 00000034 00000001 00000000
 3885 K 00000000 00000001 00000033 00000000
 3886 K 00000001 00000001 00000033 00000000
 3887 K 00000002 00000001 00000033 00000000
 3888 K 00000003 00000001 00000033 00000000
 3889 K 00000004 00000001 00000033 00000000
 3890 K 00000006 00000001 00000033 00000000
 3891 K 00000007 00000001 00000033 00000000
 3892 r 00000001 00000034 00000001 00000000
 3893 K 00000005 00000001 00000033 00000000
 3894 r 00000000 00000035 00000001 00000000
 3895 K 00000000 00000001 00000032 00000000
 3896 K 00000001 00000001 00000032 00000000
 3897 K 00000002 00000001 00000032 00000000
 3898 K 00000003 00000001 00000032 00000000
 3899 K 00000004 00000001 00000032 00000000
 3900 K 00000006 00000001 00000032 00000000
 3901 K 00000007 00000001 00000032 00000000
 3902 r 00000001 00000035 00000001 00000000
 3903 K 00000005 00000001 00000032 00000000
 3904 r 00000000 00000036 00000001 00000000
 3905 K 00000000 00000001 00000031 00000000
 3906 K 00000001 00000001 00000031 00000000
 3907 K 00000002 00000001 00000031 00000000
 3908 K 00000003 00000001 00000031 00000000
 3909 K 00000004 00000001 00000031 00000000
 3910 K 00000006 00000001 00000031 00000000
 3911 K 00000007 00000001 00000031 00000000
 3912 r 00000001 00000036 00000001 00000000
 3913 K 00000005 00000001 00000031 00000000
 3914 r 00000000 00000037 00000001 00000000
 3915 K 00000000 00000001 00000030 00000000
 3916 K 00000001 00000001 00000030 00000000
 3917 K 00000002 00000001 00000030 00000000
 3918 K 00000003 00000001 00000030 00000000
 3919 K 00000004 00000001 00000030 00000000
 3920 K 00000006 00000001 00000030 00000000
 3921 K 00000007 00000001 00000030 00000000
 3922 r 00000001 00000037 00000001 00000000
 3923 K 00000005 00000001 0000002d 00000000
 3924 r 00000000 00000038 00000001 00000000
 3925 K 00000000 00000001 0000002f 00000000
 3926 K 00000001 00000001 0000002f 00000000
 3927 K 00000002 00000001 0000002f 00000000
 3928 K 00000003 00000001 0000002f 00000000
 3929 K 00000004 00000001 0000002f 00000000
 3930 K 00000006 00000001 0000002f 00000000
 3931 K 00000007 00000001 0000002f 00000000
 3932 r 00000001 00000038 00000001 00000000
 3933 K 00000005 00000001 0000002f 00000000
 3934 r 00000000 00000039 00000001 00000000
 3935 K 00000000 00000001 0000002e 00000000
 3936 K 00000001 00000001 0000002e 00000000
 3937 K 00000002 00000001 0000002e 00000000
 3938 K 00000003 00000001 0000002e 00000000
 3939 K 00000004 00000001 0000002e 00000000
 3940 K 00000006 00000001 0000002e 00000000
 3941 K 00000007 00000001 0000002e 00000000
 3942 r 00000001 00000039 00000001 00000000
 3943 K 00000005 00000001 0000002e 00000000
 3944 r 00000000 0000003a 00000001 00000000
 3945 K 00000000 00000001 0000002d 00000000
 3946 K 00000001 00000001 0000002d 00000000
 3947 K 00000002 00000001 0000002d 00000000
 3948 K 00000003 00000001 0000002d 00000000
 3949 K 00000004 00000001 0000002d 00000000
 3950 K 00000006 00000001 0000002d 00000000
 3951 K 00000007 00000001 0000002d 00000000
 3952 r 00000001 0000003a 00000001 00000000
 3953 K 00000005 00000001 0000002d 00000000
 3954 r 00000000 0000003b 00000001 00000000
 3955 K 00000000 00000001 0000003c 00000000
 3956 K 00000001 00000001 0000003c 00000000
 3957 K 00000002 00000001 0000003c 00000000
 3958 K 00000003 00000001 0000003c 00000000
 3959 K 00000004 00000001 0000003c 00000000
 3960 K 00000006 00000001 0000003c 00000000
 3961 K 00000007 00000001 0000003c 00000000
 3962 r 00000001 0000003b 00000001 00000000
 3963 K 00000005 00000001 0000003c 00000000
 3964 r 00000000 0000003c 00000001 00000000
 3965 K 00000000 00000001 0000003b 00000000
 3966 K 00000001 00000001 0000003b 00000000
 3967 K 00000002 00000001 0000003b 00000000
 3968 K 00000003 00000001 0000003b 00000000
 3969 K 00000004 00000001 0000003b 00000000
 3970 K 00000006 00000001 0000003b 00000000
 3971 K 00000007 00000001 0000003b 00000000
 3972 r 00000001 0000003c 00000001 00000000
 3973 K 00000005 00000001 0000003b 00000000
 3974 r 00000000 0000003d 00000001 00000000
 3975 K 00000000 00000001 0000003a 00000000
 3976 K 00000001 00000001 0000003a 00000000
 3977 K 00000002 00000001 0000003a 00000000
 3978 K 00000003 00000001 0000003a 00000000
 3979 K 00000004 00000001 0000003a 00000000
 3980 K 00000006 00000001 0000003a 00000000
 3981 K 00000007 00000001 0000003a 00000000
 3982 r 00000001 0000003d 00000001 00000000
 3983 K 00000005 00000001 0000003a 00000000
 3984 r 00000000 0000003e 00000001 00000000
 3985 K 00000000 00000001 00000039 00000000
 3986 K 00000001 00000001 00000039 00000000
 3987 K 00000002 00000001 00000039 00000000
 3988 K 00000003 00000001 00000039 00000000
 3989 K 00000004 00000001 00000039 00000000
 3990 K 00000006 00000001 00000039 00000000
 3991 K 00000007 00000001 00000039 00000000
 3992 r 00000001 0000003e 00000001 00000000
 3993 K 00000005 00000001 00000039 00000000
 3994 g cd339d2c cd339d30 bf101468 00000000
 3995 s 00000001 00000000 00000000 00000000
 3996 A 00000000 00000000 00000000 00000001
 3997 l 00000000 00000001 00000001 00001f40
 3998 l 00000001 00000001 00000001 00001f40
 3999 l 00000000 00000002 00000001 00001f40
 4000 l 00000001 00000002 00000001 00001f40
 4001 l 00000000 00000003 00000001 00001f40
 4002 l 00000001 00000003 00000001 00001f40
 4003 l 00000000 00000004 00000001 00001f40
 4004 l 00000001 00000004 00000001 00001f40
 4005 l 00000000 00000005 00000001 00001f40
 4006 l 00000001 00000005 00000001 00001f40
 4007 l 00000000 00000006 00000001 00001f40
 4008 l 00000001 00000006 00000001 00001f40
 4009 l 00000000 00000007 00000001 00001f40
 4010 O 00000004 000007d0 00000036 00000001
 4011 O 00000000 000007d0 bf100400 00000001
 4012 O 00000001 000007d0 bf100390 00000001
 4013 O 00000002 000007d0 bf1003ac 00000001
 4014 O 00000003 000007d0 bf1003c8 00000001
 4015 l 00000000 00000001 00000000 00000000
 4016 l 00000001 00000001 00000000 00000000
 4017 l 00000000 00000002 00000000 00000000
 4018 l 00000001 00000002 00000000 00000000
 4019 l 00000000 00000003 00000000 00000000
 4020 l 00000001 00000003 00000000 00000000
 4021 l 00000000 00000004 00000000 00000000
 4022 l 00000001 00000004 00000000 00000000
 4023 l 00000000 00000005 00000000 00000000
 4024 l 00000001 00000005 00000000 00000000
 4025 l 00000000 00000006 00000000 00000000
 4026 l 00000001 00000006 00000000 00000000
 4027 l 00000000 00000007 00000000 00000000
 4028 l 00000001 00000007 00000000 00000000
