    0 8 00000001 cdb45dcc 0000001e 00000019
    1 8 00000002 cdb45dcc 0000002e 00000019
    2 8 00000003 cdb45dcc 0000003e 00000019
    3 8 00000004 cdb45dcc 0000004e 00000019
    4 8 00000005 cdb45dcc 0000005e 00000019
    5 8 00000006 cdb45dcc 0000006e 00000019
    6 8 00000007 cdb45dcc 0000007e 00000019
    7 8 00000008 cdb45dcc 0000008e 00000019
    8 8 00000009 cdb45dcc 0000009e 00000015
    9 8 0000000a cdb45dcc 0000000e 00000015
   10 9 00000001 cdb45d0c bf0fac24 f4000000
   11 8 00000001 cdb45d0c 1b1a1918 00000010
   12 9 00000001 cdb45d0c bf0fac24 f4000000
   13 8 00000001 cdb45d0c 1b1a1918 00000050
   14 9 00000002 cdb45d0c bf0fac24 f4000000
   15 8 00000002 cdb45d0c 2b2a2928 00000010
   16 9 00000002 cdb45d0c bf0fac24 f4000000
   17 8 00000002 cdb45d0c 2b2a2928 00000050
   18 9 00000003 cdb45d0c bf0fac24 f4000000
   19 8 00000003 cdb45d0c 3b3a3938 00000010
   20 9 00000003 cdb45d0c bf0fac24 f4000000
   21 8 00000003 cdb45d0c 3b3a3938 00000050
   22 9 00000004 cdb45d0c bf0fac24 f4000000
   23 8 00000004 cdb45d0c 4b4a4948 00000010
   24 9 00000004 cdb45d0c bf0fac24 f4000000
   25 8 00000004 cdb45d0c 4b4a4948 00000050
   26 9 00000005 cdb45d0c bf0fac24 f4000000
   27 8 00000005 cdb45d0c 5b5a5958 00000010
   28 9 00000005 cdb45d0c bf0fac24 f4000000
   29 8 00000005 cdb45d0c 5b5a5958 00000050
   30 9 00000006 cdb45d0c bf0fac24 f4000000
   31 8 00000006 cdb45d0c 6b6a6968 00000010
   32 9 00000006 cdb45d0c bf0fac24 f4000000
   33 8 00000006 cdb45d0c 6b6a6968 00000050
   34 9 00000007 cdb45d0c bf0fac24 f4000000
   35 8 00000007 cdb45d0c 7b7a7978 00000010
   36 9 00000007 cdb45d0c bf0fac24 f4000000
   37 8 00000007 cdb45d0c 7b7a7978 00000050
   38 9 00000008 cdb45d0c bf0fac24 f4000000
   39 8 00000008 cdb45d0c 8b8a8988 00000010
   40 9 00000008 cdb45d0c bf0fac24 f4000000
   41 8 00000008 cdb45d0c 8b8a8988 00000050
   42 9 00000009 cdb45d0c bf0fac24 f4000000
   43 8 00000009 cdb45d0c 9b9a9998 00000010
   44 9 00000009 cdb45d0c bf0fac24 f4000000
   45 8 00000009 cdb45d0c 9b9a9998 00000050
   46 9 00000009 cdb45d04 bf0fac24 f4000000
   47 8 00000009 cdb45d04 9b9a9998 00000051
   48 9 0000000a cdb45d04 bf0fac24 f4000000
   49 8 0000000a cdb45d04 0b0a0908 00000004
   50 c bf115308 bf11530c bf0fac24 f4000000
   51 Q 00000000 00000000 00000000 f4000000
   52 Q 00000000 00000001 00000000 f4000000
   53 Q 00000001 00000000 00000000 f4000000
   54 Q 00000001 00000001 00000000 f4000000
   55 Q 00000002 00000000 00000000 f4000000
   56 Q 00000002 00000001 00000000 f4000000
   57 Q 00000003 00000000 00000000 f4000000
   58 Q 00000003 00000001 00000000 f4000000
   59 Q 00000004 00000000 00000000 f4000000
   60 Q 00000004 00000001 00000000 f4000000
   61 Q 00000005 00000000 00000000 f4000000
   62 Q 00000005 00000001 00000000 f4000000
   63 Q 00000006 00000000 00000000 f4000000
   64 Q 00000006 00000001 00000000 f4000000
   65 Q 00000007 00000000 00000000 f4000000
   66 Q 00000007 00000001 00000000 f4000000
   67 a 00000001 00000001 bf0fc994 00000001
   68 k 00000001 0013dd00 bf0fc9b0 00000001
   69 M 00000001 040200ff bf0fc710 00000001
   70 x 00000001 00000002 bf0fc908 00000001
   71 o 00000002 00000000 bf0fac40 f4000000
   72 l 00000000 00000000 00000001 00000320
   73 e 00000000 00000000 00000001 00000320
   74 f 00000000 00000000 00000320 00000320
   75 l 00000000 00000003 00000001 00000190
   76 e 00000000 00000003 00000001 00000190
   77 f 00000000 00000003 00000190 00000190
   78 l 00000000 00000004 00000001 00000190
   79 e 00000000 00000004 00000001 00000190
   80 f 00000000 00000004 00000190 00000190
   81 l 00000000 00000005 00000001 00000190
   82 e 00000000 00000005 00000001 00000190
   83 f 00000000 00000005 00000190 00000190
   84 l 00000000 00000006 00000001 000003e8
   85 e 00000000 00000006 00000001 000003e8
   86 f 00000000 00000006 000003e8 000003e8
   87 l 00000001 00000000 00000001 00000320
   88 e 00000001 00000000 00000001 00000320
   89 f 00000001 00000000 00000320 00000320
   90 l 00000001 00000003 00000001 00000190
   91 e 00000001 00000003 00000001 00000190
   92 f 00000001 00000003 00000190 00000190
   93 l 00000001 00000004 00000001 00000190
   94 e 00000001 00000004 00000001 00000190
   95 f 00000001 00000004 00000190 00000190
   96 l 00000001 00000005 00000001 00000190
   97 e 00000001 00000005 00000001 00000190
   98 f 00000001 00000005 00000190 00000190
   99 l 00000001 00000006 00000001 000003e8
  100 e 00000001 00000006 00000001 000003e8
  101 f 00000001 00000006 000003e8 000003e8
  102 J 00000000 00000000 00000007 00000000
  103 J 00000000 00000001 00000007 00000000
  104 J 00000000 00000002 00000006 00000000
  105 J 00000000 0000002d 00000006 00000000
  106 J 00000000 0000002e 00000006 00000000
  107 J 00000000 0000002f 00000006 00000000
  108 J 00000000 00000030 00000006 00000000
  109 J 00000000 00000008 00000006 00000000
  110 J 00000000 00000009 00000006 00000000
  111 J 00000000 0000000a 00000006 00000000
  112 J 00000000 0000000b 00000006 00000000
  113 J 00000000 0000000c 00000006 00000000
  114 J 00000000 00000010 00000006 00000000
  115 J 00000000 00000011 00000006 00000000
  116 J 00000000 00000012 00000006 00000000
  117 J 00000000 00000013 00000006 00000000
  118 J 00000000 00000014 00000006 00000000
  119 J 00000000 00000015 00000006 00000000
  120 J 00000000 00000016 00000006 00000000
  121 J 00000000 0000001b 00000006 00000000
  122 J 00000000 0000001c 00000006 00000000
  123 J 00000000 0000001d 00000006 00000000
  124 J 00000000 0000001e 00000006 00000000
  125 J 00000000 0000001f 00000006 00000000
  126 J 00000000 00000020 00000006 00000000
  127 J 00000000 00000021 00000006 00000000
  128 J 00000000 00000022 00000006 00000000
  129 J 00000000 00000023 00000006 00000000
  130 J 00000000 00000024 00000006 00000000
  131 J 00000000 00000025 00000006 00000000
  132 J 00000000 00000026 00000006 00000000
  133 J 00000000 00000027 00000006 00000000
  134 J 00000000 00000028 00000006 00000000
  135 J 00000000 00000029 00000006 00000000
  136 J 00000000 0000002a 00000006 00000000
  137 J 00000000 0000002b 00000006 00000000
  138 J 00000000 00000048 00000006 00000000
  139 J 00000000 00000049 00000006 00000000
  140 J 00000000 0000002c 00000005 00000000
  141 J 00000000 00000053 00000005 00000000
  142 J 00000000 00000003 00000004 00000000
  143 J 00000000 00000004 00000004 00000000
  144 J 00000000 00000005 00000004 00000000
  145 J 00000000 00000006 00000004 00000000
  146 J 00000000 00000007 00000004 00000000
  147 J 00000000 0000000d 00000004 00000000
  148 J 00000000 0000000e 00000004 00000000
  149 J 00000000 0000000f 00000004 00000000
  150 J 00000000 00000017 00000004 00000000
  151 J 00000000 00000018 00000004 00000000
  152 J 00000000 00000019 00000004 00000000
  153 J 00000000 0000001a 00000004 00000000
  154 J 00000000 00000033 00000004 00000000
  155 J 00000000 00000034 00000004 00000000
  156 J 00000000 00000035 00000004 00000000
  157 J 00000000 00000036 00000004 00000000
  158 J 00000000 00000037 00000004 00000000
  159 J 00000000 00000038 00000004 00000000
  160 J 00000000 00000039 00000004 00000000
  161 J 00000000 0000003a 00000004 00000000
  162 J 00000000 0000003b 00000004 00000000
  163 J 00000000 0000003c 00000004 00000000
  164 J 00000000 0000003d 00000004 00000000
  165 J 00000000 0000003e 00000004 00000000
  166 J 00000000 0000003f 00000004 00000000
  167 J 00000000 00000040 00000004 00000000
  168 J 00000000 00000041 00000004 00000000
  169 J 00000000 00000042 00000004 00000000
  170 J 00000000 00000043 00000004 00000000
  171 J 00000000 00000044 00000004 00000000
  172 J 00000000 00000045 00000004 00000000
  173 J 00000000 00000046 00000004 00000000
  174 J 00000000 0000004d 00000004 00000000
  175 J 00000000 0000004e 00000004 00000000
  176 J 00000000 0000004f 00000004 00000000
  177 J 00000000 00000055 00000004 00000000
  178 J 00000000 00000058 00000004 00000000
  179 J 00000000 00000059 00000004 00000000
  180 J 00000000 0000005a 00000004 00000000
  181 J 00000000 0000005b 00000004 00000000
  182 J 00000000 0000005c 00000004 00000000
  183 J 00000000 0000005d 00000004 00000000
  184 J 00000000 0000005e 00000004 00000000
  185 J 00000000 0000005f 00000004 00000000
  186 J 00000000 00000062 00000004 00000000
  187 J 00000000 00000063 00000004 00000000
  188 J 00000000 00000064 00000004 00000000
  189 J 00000000 00000065 00000004 00000000
  190 J 00000000 00000066 00000004 00000000
  191 J 00000000 00000067 00000004 00000000
  192 J 00000000 00000068 00000004 00000000
  193 J 00000000 00000069 00000004 00000000
  194 J 00000000 0000006a 00000004 00000000
  195 J 00000000 0000006b 00000004 00000000
  196 J 00000000 0000006c 00000004 00000000
  197 J 00000000 0000006d 00000004 00000000
  198 J 00000000 0000006e 00000004 00000000
  199 J 00000000 0000006f 00000004 00000000
  200 J 00000000 00000070 00000004 00000000
  201 J 00000000 00000071 00000004 00000000
  202 J 00000000 00000072 00000004 00000000
  203 J 00000000 00000073 00000004 00000000
  204 J 00000000 00000074 00000004 00000000
  205 J 00000000 00000075 00000004 00000000
  206 J 00000000 00000076 00000004 00000000
  207 J 00000000 00000077 00000004 00000000
  208 J 00000000 00000078 00000004 00000000
  209 J 00000000 00000079 00000004 00000000
  210 J 00000000 0000007a 00000004 00000000
  211 J 00000000 0000007b 00000004 00000000
  212 J 00000000 0000007c 00000004 00000000
  213 J 00000000 0000007d 00000004 00000000
  214 J 00000000 0000007e 00000004 00000000
  215 J 00000000 0000007f 00000004 00000000
  216 J 00000000 00000032 00000004 00000000
  217 J 00000000 00000047 00000003 00000000
  218 J 00000000 00000031 00000003 00000000
  219 J 00000000 00000050 00000003 00000000
  220 J 00000000 00000051 00000003 00000000
  221 J 00000000 00000052 00000003 00000000
  222 J 00000000 00000054 00000003 00000000
  223 J 00000000 00000056 00000003 00000000
  224 J 00000000 00000057 00000003 00000000
  225 J 00000000 0000004b 00000002 00000000
  226 J 00000000 0000004c 00000001 00000000
  227 J 00000000 00000060 00000001 00000000
  228 J 00000000 00000061 00000001 00000000
  229 J 00000000 0000004a 00000000 00000000
  230 J 00000000 00000000 00000007 00000001
  231 J 00000000 00000001 00000007 00000001
  232 J 00000000 00000002 00000006 00000001
  233 J 00000000 0000002d 00000006 00000001
  234 J 00000000 0000002e 00000006 00000001
  235 J 00000000 0000002f 00000006 00000001
  236 J 00000000 00000030 00000006 00000001
  237 J 00000000 00000008 00000006 00000001
  238 J 00000000 00000009 00000006 00000001
  239 J 00000000 0000000a 00000006 00000001
  240 J 00000000 0000000b 00000006 00000001
  241 J 00000000 0000000c 00000006 00000001
  242 J 00000000 00000010 00000006 00000001
  243 J 00000000 00000011 00000006 00000001
  244 J 00000000 00000012 00000006 00000001
  245 J 00000000 00000013 00000006 00000001
  246 J 00000000 00000014 00000006 00000001
  247 J 00000000 00000015 00000006 00000001
  248 J 00000000 00000016 00000006 00000001
  249 J 00000000 0000001b 00000006 00000001
  250 J 00000000 0000001c 00000006 00000001
  251 J 00000000 0000001d 00000006 00000001
  252 J 00000000 0000001e 00000006 00000001
  253 J 00000000 0000001f 00000006 00000001
  254 J 00000000 00000020 00000006 00000001
  255 J 00000000 00000021 00000006 00000001
  256 J 00000000 00000022 00000006 00000001
  257 J 00000000 00000023 00000006 00000001
  258 J 00000000 00000024 00000006 00000001
  259 J 00000000 00000025 00000006 00000001
  260 J 00000000 00000026 00000006 00000001
  261 J 00000000 00000027 00000006 00000001
  262 J 00000000 00000028 00000006 00000001
  263 J 00000000 00000029 00000006 00000001
  264 J 00000000 0000002a 00000006 00000001
  265 J 00000000 0000002b 00000006 00000001
  266 J 00000000 00000048 00000006 00000001
  267 J 00000000 00000049 00000006 00000001
  268 J 00000000 0000002c 00000005 00000001
  269 J 00000000 00000053 00000005 00000001
  270 J 00000000 00000003 00000004 00000001
  271 J 00000000 00000004 00000004 00000001
  272 J 00000000 00000005 00000004 00000001
  273 J 00000000 00000006 00000004 00000001
  274 J 00000000 00000007 00000004 00000001
  275 J 00000000 0000000d 00000004 00000001
  276 J 00000000 0000000e 00000004 00000001
  277 J 00000000 0000000f 00000004 00000001
  278 J 00000000 00000017 00000004 00000001
  279 J 00000000 00000018 00000004 00000001
  280 J 00000000 00000019 00000004 00000001
  281 J 00000000 0000001a 00000004 00000001
  282 J 00000000 00000033 00000004 00000001
  283 J 00000000 00000034 00000004 00000001
  284 J 00000000 00000035 00000004 00000001
  285 J 00000000 00000036 00000004 00000001
  286 J 00000000 00000037 00000004 00000001
  287 J 00000000 00000038 00000004 00000001
  288 J 00000000 00000039 00000004 00000001
  289 J 00000000 0000003a 00000004 00000001
  290 J 00000000 0000003b 00000004 00000001
  291 J 00000000 0000003c 00000004 00000001
  292 J 00000000 0000003d 00000004 00000001
  293 J 00000000 0000003e 00000004 00000001
  294 J 00000000 0000003f 00000004 00000001
  295 J 00000000 00000040 00000004 00000001
  296 J 00000000 00000041 00000004 00000001
  297 J 00000000 00000042 00000004 00000001
  298 J 00000000 00000043 00000004 00000001
  299 J 00000000 00000044 00000004 00000001
  300 J 00000000 00000045 00000004 00000001
  301 J 00000000 00000046 00000004 00000001
  302 J 00000000 0000004d 00000004 00000001
  303 J 00000000 0000004e 00000004 00000001
  304 J 00000000 0000004f 00000004 00000001
  305 J 00000000 00000055 00000004 00000001
  306 J 00000000 00000058 00000004 00000001
  307 J 00000000 00000059 00000004 00000001
  308 J 00000000 0000005a 00000004 00000001
  309 J 00000000 0000005b 00000004 00000001
  310 J 00000000 0000005c 00000004 00000001
  311 J 00000000 0000005d 00000004 00000001
  312 J 00000000 0000005e 00000004 00000001
  313 J 00000000 0000005f 00000004 00000001
  314 J 00000000 00000062 00000004 00000001
  315 J 00000000 00000063 00000004 00000001
  316 J 00000000 00000064 00000004 00000001
  317 J 00000000 00000065 00000004 00000001
  318 J 00000000 00000066 00000004 00000001
  319 J 00000000 00000067 00000004 00000001
  320 J 00000000 00000068 00000004 00000001
  321 J 00000000 00000069 00000004 00000001
  322 J 00000000 0000006a 00000004 00000001
  323 J 00000000 0000006b 00000004 00000001
  324 J 00000000 0000006c 00000004 00000001
  325 J 00000000 0000006d 00000004 00000001
  326 J 00000000 0000006e 00000004 00000001
  327 J 00000000 0000006f 00000004 00000001
  328 J 00000000 00000070 00000004 00000001
  329 J 00000000 00000071 00000004 00000001
  330 J 00000000 00000072 00000004 00000001
  331 J 00000000 00000073 00000004 00000001
  332 J 00000000 00000074 00000004 00000001
  333 J 00000000 00000075 00000004 00000001
  334 J 00000000 00000076 00000004 00000001
  335 J 00000000 00000077 00000004 00000001
  336 J 00000000 00000078 00000004 00000001
  337 J 00000000 00000079 00000004 00000001
  338 J 00000000 0000007a 00000004 00000001
  339 J 00000000 0000007b 00000004 00000001
  340 J 00000000 0000007c 00000004 00000001
  341 J 00000000 0000007d 00000004 00000001
  342 J 00000000 0000007e 00000004 00000001
  343 J 00000000 0000007f 00000004 00000001
  344 J 00000000 00000032 00000004 00000001
  345 J 00000000 00000047 00000003 00000001
  346 J 00000000 00000031 00000003 00000001
  347 J 00000000 00000050 00000003 00000001
  348 J 00000000 00000051 00000003 00000001
  349 J 00000000 00000052 00000003 00000001
  350 J 00000000 00000054 00000003 00000001
  351 J 00000000 00000056 00000003 00000001
  352 J 00000000 00000057 00000003 00000001
  353 J 00000000 0000004b 00000002 00000001
  354 J 00000000 0000004c 00000001 00000001
  355 J 00000000 00000060 00000001 00000001
  356 J 00000000 00000061 00000001 00000001
  357 J 00000000 0000004a 00000000 00000001
  358 J 00000001 00000000 00000007 00000000
  359 J 00000001 00000001 00000007 00000000
  360 J 00000001 00000002 00000006 00000000
  361 J 00000001 0000002d 00000006 00000000
  362 J 00000001 0000002e 00000006 00000000
  363 J 00000001 0000002f 00000006 00000000
  364 J 00000001 00000030 00000006 00000000
  365 J 00000001 00000008 00000006 00000000
  366 J 00000001 00000009 00000006 00000000
  367 J 00000001 0000000a 00000006 00000000
  368 J 00000001 0000000b 00000006 00000000
  369 J 00000001 0000000c 00000006 00000000
  370 J 00000001 00000010 00000006 00000000
  371 J 00000001 00000011 00000006 00000000
  372 J 00000001 00000012 00000006 00000000
  373 J 00000001 00000013 00000006 00000000
  374 J 00000001 00000014 00000006 00000000
  375 J 00000001 00000015 00000006 00000000
  376 J 00000001 00000016 00000006 00000000
  377 J 00000001 0000001b 00000006 00000000
  378 J 00000001 0000001c 00000006 00000000
  379 J 00000001 0000001d 00000006 00000000
  380 J 00000001 0000001e 00000006 00000000
  381 J 00000001 0000001f 00000006 00000000
  382 J 00000001 00000020 00000006 00000000
  383 J 00000001 00000021 00000006 00000000
  384 J 00000001 00000022 00000006 00000000
  385 J 00000001 00000023 00000006 00000000
  386 J 00000001 00000024 00000006 00000000
  387 J 00000001 00000025 00000006 00000000
  388 J 00000001 00000026 00000006 00000000
  389 J 00000001 00000027 00000006 00000000
  390 J 00000001 00000028 00000006 00000000
  391 J 00000001 00000029 00000006 00000000
  392 J 00000001 0000002a 00000006 00000000
  393 J 00000001 0000002b 00000006 00000000
  394 J 00000001 00000048 00000006 00000000
  395 J 00000001 00000049 00000006 00000000
  396 J 00000001 0000002c 00000005 00000000
  397 J 00000001 00000053 00000005 00000000
  398 J 00000001 00000003 00000004 00000000
  399 J 00000001 00000004 00000004 00000000
  400 J 00000001 00000005 00000004 00000000
  401 J 00000001 00000006 00000004 00000000
  402 J 00000001 00000007 00000004 00000000
  403 J 00000001 0000000d 00000004 00000000
  404 J 00000001 0000000e 00000004 00000000
  405 J 00000001 0000000f 00000004 00000000
  406 J 00000001 00000017 00000004 00000000
  407 J 00000001 00000018 00000004 00000000
  408 J 00000001 00000019 00000004 00000000
  409 J 00000001 0000001a 00000004 00000000
  410 J 00000001 00000033 00000004 00000000
  411 J 00000001 00000034 00000004 00000000
  412 J 00000001 00000035 00000004 00000000
  413 J 00000001 00000036 00000004 00000000
  414 J 00000001 00000037 00000004 00000000
  415 J 00000001 00000038 00000004 00000000
  416 J 00000001 00000039 00000004 00000000
  417 J 00000001 0000003a 00000004 00000000
  418 J 00000001 0000003b 00000004 00000000
  419 J 00000001 0000003c 00000004 00000000
  420 J 00000001 0000003d 00000004 00000000
  421 J 00000001 0000003e 00000004 00000000
  422 J 00000001 0000003f 00000004 00000000
  423 J 00000001 00000040 00000004 00000000
  424 J 00000001 00000041 00000004 00000000
  425 J 00000001 00000042 00000004 00000000
  426 J 00000001 00000043 00000004 00000000
  427 J 00000001 00000044 00000004 00000000
  428 J 00000001 00000045 00000004 00000000
  429 J 00000001 00000046 00000004 00000000
  430 J 00000001 0000004d 00000004 00000000
  431 J 00000001 0000004e 00000004 00000000
  432 J 00000001 0000004f 00000004 00000000
  433 J 00000001 00000055 00000004 00000000
  434 J 00000001 00000058 00000004 00000000
  435 J 00000001 00000059 00000004 00000000
  436 J 00000001 0000005a 00000004 00000000
  437 J 00000001 0000005b 00000004 00000000
  438 J 00000001 0000005c 00000004 00000000
  439 J 00000001 0000005d 00000004 00000000
  440 J 00000001 0000005e 00000004 00000000
  441 J 00000001 0000005f 00000004 00000000
  442 J 00000001 00000062 00000004 00000000
  443 J 00000001 00000063 00000004 00000000
  444 J 00000001 00000064 00000004 00000000
  445 J 00000001 00000065 00000004 00000000
  446 J 00000001 00000066 00000004 00000000
  447 J 00000001 00000067 00000004 00000000
  448 J 00000001 00000068 00000004 00000000
  449 J 00000001 00000069 00000004 00000000
  450 J 00000001 0000006a 00000004 00000000
  451 J 00000001 0000006b 00000004 00000000
  452 J 00000001 0000006c 00000004 00000000
  453 J 00000001 0000006d 00000004 00000000
  454 J 00000001 0000006e 00000004 00000000
  455 J 00000001 0000006f 00000004 00000000
  456 J 00000001 00000070 00000004 00000000
  457 J 00000001 00000071 00000004 00000000
  458 J 00000001 00000072 00000004 00000000
  459 J 00000001 00000073 00000004 00000000
  460 J 00000001 00000074 00000004 00000000
  461 J 00000001 00000075 00000004 00000000
  462 J 00000001 00000076 00000004 00000000
  463 J 00000001 00000077 00000004 00000000
  464 J 00000001 00000078 00000004 00000000
  465 J 00000001 00000079 00000004 00000000
  466 J 00000001 0000007a 00000004 00000000
  467 J 00000001 0000007b 00000004 00000000
  468 J 00000001 0000007c 00000004 00000000
  469 J 00000001 0000007d 00000004 00000000
  470 J 00000001 0000007e 00000004 00000000
  471 J 00000001 0000007f 00000004 00000000
  472 J 00000001 00000032 00000004 00000000
  473 J 00000001 00000047 00000003 00000000
  474 J 00000001 00000031 00000003 00000000
  475 J 00000001 00000050 00000003 00000000
  476 J 00000001 00000051 00000003 00000000
  477 J 00000001 00000052 00000003 00000000
  478 J 00000001 00000054 00000003 00000000
  479 J 00000001 00000056 00000003 00000000
  480 J 00000001 00000057 00000003 00000000
  481 J 00000001 0000004b 00000002 00000000
  482 J 00000001 0000004c 00000001 00000000
  483 J 00000001 00000060 00000001 00000000
  484 J 00000001 00000061 00000001 00000000
  485 J 00000001 0000004a 00000000 00000000
  486 J 00000001 00000000 00000007 00000001
  487 J 00000001 00000001 00000007 00000001
  488 J 00000001 00000002 00000006 00000001
  489 J 00000001 0000002d 00000006 00000001
  490 J 00000001 0000002e 00000006 00000001
  491 J 00000001 0000002f 00000006 00000001
  492 J 00000001 00000030 00000006 00000001
  493 J 00000001 00000008 00000006 00000001
  494 J 00000001 00000009 00000006 00000001
  495 J 00000001 0000000a 00000006 00000001
  496 J 00000001 0000000b 00000006 00000001
  497 J 00000001 0000000c 00000006 00000001
  498 J 00000001 00000010 00000006 00000001
  499 J 00000001 00000011 00000006 00000001
  500 J 00000001 00000012 00000006 00000001
  501 J 00000001 00000013 00000006 00000001
  502 J 00000001 00000014 00000006 00000001
  503 J 00000001 00000015 00000006 00000001
  504 J 00000001 00000016 00000006 00000001
  505 J 00000001 0000001b 00000006 00000001
  506 J 00000001 0000001c 00000006 00000001
  507 J 00000001 0000001d 00000006 00000001
  508 J 00000001 0000001e 00000006 00000001
  509 J 00000001 0000001f 00000006 00000001
  510 J 00000001 00000020 00000006 00000001
  511 J 00000001 00000021 00000006 00000001
  512 J 00000001 00000022 00000006 00000001
  513 J 00000001 00000023 00000006 00000001
  514 J 00000001 00000024 00000006 00000001
  515 J 00000001 00000025 00000006 00000001
  516 J 00000001 00000026 00000006 00000001
  517 J 00000001 00000027 00000006 00000001
  518 J 00000001 00000028 00000006 00000001
  519 J 00000001 00000029 00000006 00000001
  520 J 00000001 0000002a 00000006 00000001
  521 J 00000001 0000002b 00000006 00000001
  522 J 00000001 00000048 00000006 00000001
  523 J 00000001 00000049 00000006 00000001
  524 J 00000001 0000002c 00000005 00000001
  525 J 00000001 00000053 00000005 00000001
  526 J 00000001 00000003 00000004 00000001
  527 J 00000001 00000004 00000004 00000001
  528 J 00000001 00000005 00000004 00000001
  529 J 00000001 00000006 00000004 00000001
  530 J 00000001 00000007 00000004 00000001
  531 J 00000001 0000000d 00000004 00000001
  532 J 00000001 0000000e 00000004 00000001
  533 J 00000001 0000000f 00000004 00000001
  534 J 00000001 00000017 00000004 00000001
  535 J 00000001 00000018 00000004 00000001
  536 J 00000001 00000019 00000004 00000001
  537 J 00000001 0000001a 00000004 00000001
  538 J 00000001 00000033 00000004 00000001
  539 J 00000001 00000034 00000004 00000001
  540 J 00000001 00000035 00000004 00000001
  541 J 00000001 00000036 00000004 00000001
  542 J 00000001 00000037 00000004 00000001
  543 J 00000001 00000038 00000004 00000001
  544 J 00000001 00000039 00000004 00000001
  545 J 00000001 0000003a 00000004 00000001
  546 J 00000001 0000003b 00000004 00000001
  547 J 00000001 0000003c 00000004 00000001
  548 J 00000001 0000003d 00000004 00000001
  549 J 00000001 0000003e 00000004 00000001
  550 J 00000001 0000003f 00000004 00000001
  551 J 00000001 00000040 00000004 00000001
  552 J 00000001 00000041 00000004 00000001
  553 J 00000001 00000042 00000004 00000001
  554 J 00000001 00000043 00000004 00000001
  555 J 00000001 00000044 00000004 00000001
  556 J 00000001 00000045 00000004 00000001
  557 J 00000001 00000046 00000004 00000001
  558 J 00000001 0000004d 00000004 00000001
  559 J 00000001 0000004e 00000004 00000001
  560 J 00000001 0000004f 00000004 00000001
  561 J 00000001 00000055 00000004 00000001
  562 J 00000001 00000058 00000004 00000001
  563 J 00000001 00000059 00000004 00000001
  564 J 00000001 0000005a 00000004 00000001
  565 J 00000001 0000005b 00000004 00000001
  566 J 00000001 0000005c 00000004 00000001
  567 J 00000001 0000005d 00000004 00000001
  568 J 00000001 0000005e 00000004 00000001
  569 J 00000001 0000005f 00000004 00000001
  570 J 00000001 00000062 00000004 00000001
  571 J 00000001 00000063 00000004 00000001
  572 J 00000001 00000064 00000004 00000001
  573 J 00000001 00000065 00000004 00000001
  574 J 00000001 00000066 00000004 00000001
  575 J 00000001 00000067 00000004 00000001
  576 J 00000001 00000068 00000004 00000001
  577 J 00000001 00000069 00000004 00000001
  578 J 00000001 0000006a 00000004 00000001
  579 J 00000001 0000006b 00000004 00000001
  580 J 00000001 0000006c 00000004 00000001
  581 J 00000001 0000006d 00000004 00000001
  582 J 00000001 0000006e 00000004 00000001
  583 J 00000001 0000006f 00000004 00000001
  584 J 00000001 00000070 00000004 00000001
  585 J 00000001 00000071 00000004 00000001
  586 J 00000001 00000072 00000004 00000001
  587 J 00000001 00000073 00000004 00000001
  588 J 00000001 00000074 00000004 00000001
  589 J 00000001 00000075 00000004 00000001
  590 J 00000001 00000076 00000004 00000001
  591 J 00000001 00000077 00000004 00000001
  592 J 00000001 00000078 00000004 00000001
  593 J 00000001 00000079 00000004 00000001
  594 J 00000001 0000007a 00000004 00000001
  595 J 00000001 0000007b 00000004 00000001
  596 J 00000001 0000007c 00000004 00000001
  597 J 00000001 0000007d 00000004 00000001
  598 J 00000001 0000007e 00000004 00000001
  599 J 00000001 0000007f 00000004 00000001
  600 J 00000001 00000032 00000004 00000001
  601 J 00000001 00000047 00000003 00000001
  602 J 00000001 00000031 00000003 00000001
  603 J 00000001 00000050 00000003 00000001
  604 J 00000001 00000051 00000003 00000001
  605 J 00000001 00000052 00000003 00000001
  606 J 00000001 00000054 00000003 00000001
  607 J 00000001 00000056 00000003 00000001
  608 J 00000001 00000057 00000003 00000001
  609 J 00000001 0000004b 00000002 00000001
  610 J 00000001 0000004c 00000001 00000001
  611 J 00000001 00000060 00000001 00000001
  612 J 00000001 00000061 00000001 00000001
  613 J 00000001 0000004a 00000000 00000001
  614 J 00000002 00000000 00000007 00000000
  615 J 00000002 00000001 00000007 00000000
  616 J 00000002 00000002 00000006 00000000
  617 J 00000002 0000002d 00000006 00000000
  618 J 00000002 0000002e 00000006 00000000
  619 J 00000002 0000002f 00000006 00000000
  620 J 00000002 00000030 00000006 00000000
  621 J 00000002 00000008 00000006 00000000
  622 J 00000002 00000009 00000006 00000000
  623 J 00000002 0000000a 00000006 00000000
  624 J 00000002 0000000b 00000006 00000000
  625 J 00000002 0000000c 00000006 00000000
  626 J 00000002 00000010 00000006 00000000
  627 J 00000002 00000011 00000006 00000000
  628 J 00000002 00000012 00000006 00000000
  629 J 00000002 00000013 00000006 00000000
  630 J 00000002 00000014 00000006 00000000
  631 J 00000002 00000015 00000006 00000000
  632 J 00000002 00000016 00000006 00000000
  633 J 00000002 0000001b 00000006 00000000
  634 J 00000002 0000001c 00000006 00000000
  635 J 00000002 0000001d 00000006 00000000
  636 J 00000002 0000001e 00000006 00000000
  637 J 00000002 0000001f 00000006 00000000
  638 J 00000002 00000020 00000006 00000000
  639 J 00000002 00000021 00000006 00000000
  640 J 00000002 00000022 00000006 00000000
  641 J 00000002 00000023 00000006 00000000
  642 J 00000002 00000024 00000006 00000000
  643 J 00000002 00000025 00000006 00000000
  644 J 00000002 00000026 00000006 00000000
  645 J 00000002 00000027 00000006 00000000
  646 J 00000002 00000028 00000006 00000000
  647 J 00000002 00000029 00000006 00000000
  648 J 00000002 0000002a 00000006 00000000
  649 J 00000002 0000002b 00000006 00000000
  650 J 00000002 00000048 00000006 00000000
  651 J 00000002 00000049 00000006 00000000
  652 J 00000002 0000002c 00000005 00000000
  653 J 00000002 00000053 00000005 00000000
  654 J 00000002 00000003 00000004 00000000
  655 J 00000002 00000004 00000004 00000000
  656 J 00000002 00000005 00000004 00000000
  657 J 00000002 00000006 00000004 00000000
  658 J 00000002 00000007 00000004 00000000
  659 J 00000002 0000000d 00000004 00000000
  660 J 00000002 0000000e 00000004 00000000
  661 J 00000002 0000000f 00000004 00000000
  662 J 00000002 00000017 00000004 00000000
  663 J 00000002 00000018 00000004 00000000
  664 J 00000002 00000019 00000004 00000000
  665 J 00000002 0000001a 00000004 00000000
  666 J 00000002 00000033 00000004 00000000
  667 J 00000002 00000034 00000004 00000000
  668 J 00000002 00000035 00000004 00000000
  669 J 00000002 00000036 00000004 00000000
  670 J 00000002 00000037 00000004 00000000
  671 J 00000002 00000038 00000004 00000000
  672 J 00000002 00000039 00000004 00000000
  673 J 00000002 0000003a 00000004 00000000
  674 J 00000002 0000003b 00000004 00000000
  675 J 00000002 0000003c 00000004 00000000
  676 J 00000002 0000003d 00000004 00000000
  677 J 00000002 0000003e 00000004 00000000
  678 J 00000002 0000003f 00000004 00000000
  679 J 00000002 00000040 00000004 00000000
  680 J 00000002 00000041 00000004 00000000
  681 J 00000002 00000042 00000004 00000000
  682 J 00000002 00000043 00000004 00000000
  683 J 00000002 00000044 00000004 00000000
  684 J 00000002 00000045 00000004 00000000
  685 J 00000002 00000046 00000004 00000000
  686 J 00000002 0000004d 00000004 00000000
  687 J 00000002 0000004e 00000004 00000000
  688 J 00000002 0000004f 00000004 00000000
  689 J 00000002 00000055 00000004 00000000
  690 J 00000002 00000058 00000004 00000000
  691 J 00000002 00000059 00000004 00000000
  692 J 00000002 0000005a 00000004 00000000
  693 J 00000002 0000005b 00000004 00000000
  694 J 00000002 0000005c 00000004 00000000
  695 J 00000002 0000005d 00000004 00000000
  696 J 00000002 0000005e 00000004 00000000
  697 J 00000002 0000005f 00000004 00000000
  698 J 00000002 00000062 00000004 00000000
  699 J 00000002 00000063 00000004 00000000
  700 J 00000002 00000064 00000004 00000000
  701 J 00000002 00000065 00000004 00000000
  702 J 00000002 00000066 00000004 00000000
  703 J 00000002 00000067 00000004 00000000
  704 J 00000002 00000068 00000004 00000000
  705 J 00000002 00000069 00000004 00000000
  706 J 00000002 0000006a 00000004 00000000
  707 J 00000002 0000006b 00000004 00000000
  708 J 00000002 0000006c 00000004 00000000
  709 J 00000002 0000006d 00000004 00000000
  710 J 00000002 0000006e 00000004 00000000
  711 J 00000002 0000006f 00000004 00000000
  712 J 00000002 00000070 00000004 00000000
  713 J 00000002 00000071 00000004 00000000
  714 J 00000002 00000072 00000004 00000000
  715 J 00000002 00000073 00000004 00000000
  716 J 00000002 00000074 00000004 00000000
  717 J 00000002 00000075 00000004 00000000
  718 J 00000002 00000076 00000004 00000000
  719 J 00000002 00000077 00000004 00000000
  720 J 00000002 00000078 00000004 00000000
  721 J 00000002 00000079 00000004 00000000
  722 J 00000002 0000007a 00000004 00000000
  723 J 00000002 0000007b 00000004 00000000
  724 J 00000002 0000007c 00000004 00000000
  725 J 00000002 0000007d 00000004 00000000
  726 J 00000002 0000007e 00000004 00000000
  727 J 00000002 0000007f 00000004 00000000
  728 J 00000002 00000032 00000004 00000000
  729 J 00000002 00000047 00000003 00000000
  730 J 00000002 00000031 00000003 00000000
  731 J 00000002 00000050 00000003 00000000
  732 J 00000002 00000051 00000003 00000000
  733 J 00000002 00000052 00000003 00000000
  734 J 00000002 00000054 00000003 00000000
  735 J 00000002 00000056 00000003 00000000
  736 J 00000002 00000057 00000003 00000000
  737 J 00000002 0000004b 00000002 00000000
  738 J 00000002 0000004c 00000001 00000000
  739 J 00000002 00000060 00000001 00000000
  740 J 00000002 00000061 00000001 00000000
  741 J 00000002 0000004a 00000000 00000000
  742 J 00000002 00000000 00000007 00000001
  743 J 00000002 00000001 00000007 00000001
  744 J 00000002 00000002 00000006 00000001
  745 J 00000002 0000002d 00000006 00000001
  746 J 00000002 0000002e 00000006 00000001
  747 J 00000002 0000002f 00000006 00000001
  748 J 00000002 00000030 00000006 00000001
  749 J 00000002 00000008 00000006 00000001
  750 J 00000002 00000009 00000006 00000001
  751 J 00000002 0000000a 00000006 00000001
  752 J 00000002 0000000b 00000006 00000001
  753 J 00000002 0000000c 00000006 00000001
  754 J 00000002 00000010 00000006 00000001
  755 J 00000002 00000011 00000006 00000001
  756 J 00000002 00000012 00000006 00000001
  757 J 00000002 00000013 00000006 00000001
  758 J 00000002 00000014 00000006 00000001
  759 J 00000002 00000015 00000006 00000001
  760 J 00000002 00000016 00000006 00000001
  761 J 00000002 0000001b 00000006 00000001
  762 J 00000002 0000001c 00000006 00000001
  763 J 00000002 0000001d 00000006 00000001
  764 J 00000002 0000001e 00000006 00000001
  765 J 00000002 0000001f 00000006 00000001
  766 J 00000002 00000020 00000006 00000001
  767 J 00000002 00000021 00000006 00000001
  768 J 00000002 00000022 00000006 00000001
  769 J 00000002 00000023 00000006 00000001
  770 J 00000002 00000024 00000006 00000001
  771 J 00000002 00000025 00000006 00000001
  772 J 00000002 00000026 00000006 00000001
  773 J 00000002 00000027 00000006 00000001
  774 J 00000002 00000028 00000006 00000001
  775 J 00000002 00000029 00000006 00000001
  776 J 00000002 0000002a 00000006 00000001
  777 J 00000002 0000002b 00000006 00000001
  778 J 00000002 00000048 00000006 00000001
  779 J 00000002 00000049 00000006 00000001
  780 J 00000002 0000002c 00000005 00000001
  781 J 00000002 00000053 00000005 00000001
  782 J 00000002 00000003 00000004 00000001
  783 J 00000002 00000004 00000004 00000001
  784 J 00000002 00000005 00000004 00000001
  785 J 00000002 00000006 00000004 00000001
  786 J 00000002 00000007 00000004 00000001
  787 J 00000002 0000000d 00000004 00000001
  788 J 00000002 0000000e 00000004 00000001
  789 J 00000002 0000000f 00000004 00000001
  790 J 00000002 00000017 00000004 00000001
  791 J 00000002 00000018 00000004 00000001
  792 J 00000002 00000019 00000004 00000001
  793 J 00000002 0000001a 00000004 00000001
  794 J 00000002 00000033 00000004 00000001
  795 J 00000002 00000034 00000004 00000001
  796 J 00000002 00000035 00000004 00000001
  797 J 00000002 00000036 00000004 00000001
  798 J 00000002 00000037 00000004 00000001
  799 J 00000002 00000038 00000004 00000001
  800 J 00000002 00000039 00000004 00000001
  801 J 00000002 0000003a 00000004 00000001
  802 J 00000002 0000003b 00000004 00000001
  803 J 00000002 0000003c 00000004 00000001
  804 J 00000002 0000003d 00000004 00000001
  805 J 00000002 0000003e 00000004 00000001
  806 J 00000002 0000003f 00000004 00000001
  807 J 00000002 00000040 00000004 00000001
  808 J 00000002 00000041 00000004 00000001
  809 J 00000002 00000042 00000004 00000001
  810 J 00000002 00000043 00000004 00000001
  811 J 00000002 00000044 00000004 00000001
  812 J 00000002 00000045 00000004 00000001
  813 J 00000002 00000046 00000004 00000001
  814 J 00000002 0000004d 00000004 00000001
  815 J 00000002 0000004e 00000004 00000001
  816 J 00000002 0000004f 00000004 00000001
  817 J 00000002 00000055 00000004 00000001
  818 J 00000002 00000058 00000004 00000001
  819 J 00000002 00000059 00000004 00000001
  820 J 00000002 0000005a 00000004 00000001
  821 J 00000002 0000005b 00000004 00000001
  822 J 00000002 0000005c 00000004 00000001
  823 J 00000002 0000005d 00000004 00000001
  824 J 00000002 0000005e 00000004 00000001
  825 J 00000002 0000005f 00000004 00000001
  826 J 00000002 00000062 00000004 00000001
  827 J 00000002 00000063 00000004 00000001
  828 J 00000002 00000064 00000004 00000001
  829 J 00000002 00000065 00000004 00000001
  830 J 00000002 00000066 00000004 00000001
  831 J 00000002 00000067 00000004 00000001
  832 J 00000002 00000068 00000004 00000001
  833 J 00000002 00000069 00000004 00000001
  834 J 00000002 0000006a 00000004 00000001
  835 J 00000002 0000006b 00000004 00000001
  836 J 00000002 0000006c 00000004 00000001
  837 J 00000002 0000006d 00000004 00000001
  838 J 00000002 0000006e 00000004 00000001
  839 J 00000002 0000006f 00000004 00000001
  840 J 00000002 00000070 00000004 00000001
  841 J 00000002 00000071 00000004 00000001
  842 J 00000002 00000072 00000004 00000001
  843 J 00000002 00000073 00000004 00000001
  844 J 00000002 00000074 00000004 00000001
  845 J 00000002 00000075 00000004 00000001
  846 J 00000002 00000076 00000004 00000001
  847 J 00000002 00000077 00000004 00000001
  848 J 00000002 00000078 00000004 00000001
  849 J 00000002 00000079 00000004 00000001
  850 J 00000002 0000007a 00000004 00000001
  851 J 00000002 0000007b 00000004 00000001
  852 J 00000002 0000007c 00000004 00000001
  853 J 00000002 0000007d 00000004 00000001
  854 J 00000002 0000007e 00000004 00000001
  855 J 00000002 0000007f 00000004 00000001
  856 J 00000002 00000032 00000004 00000001
  857 J 00000002 00000047 00000003 00000001
  858 J 00000002 00000031 00000003 00000001
  859 J 00000002 00000050 00000003 00000001
  860 J 00000002 00000051 00000003 00000001
  861 J 00000002 00000052 00000003 00000001
  862 J 00000002 00000054 00000003 00000001
  863 J 00000002 00000056 00000003 00000001
  864 J 00000002 00000057 00000003 00000001
  865 J 00000002 0000004b 00000002 00000001
  866 J 00000002 0000004c 00000001 00000001
  867 J 00000002 00000060 00000001 00000001
  868 J 00000002 00000061 00000001 00000001
  869 J 00000002 0000004a 00000000 00000001
  870 J 00000003 00000000 00000007 00000000
  871 J 00000003 00000001 00000007 00000000
  872 J 00000003 00000002 00000006 00000000
  873 J 00000003 0000002d 00000006 00000000
  874 J 00000003 0000002e 00000006 00000000
  875 J 00000003 0000002f 00000006 00000000
  876 J 00000003 00000030 00000006 00000000
  877 J 00000003 00000008 00000006 00000000
  878 J 00000003 00000009 00000006 00000000
  879 J 00000003 0000000a 00000006 00000000
  880 J 00000003 0000000b 00000006 00000000
  881 J 00000003 0000000c 00000006 00000000
  882 J 00000003 00000010 00000006 00000000
  883 J 00000003 00000011 00000006 00000000
  884 J 00000003 00000012 00000006 00000000
  885 J 00000003 00000013 00000006 00000000
  886 J 00000003 00000014 00000006 00000000
  887 J 00000003 00000015 00000006 00000000
  888 J 00000003 00000016 00000006 00000000
  889 J 00000003 0000001b 00000006 00000000
  890 J 00000003 0000001c 00000006 00000000
  891 J 00000003 0000001d 00000006 00000000
  892 J 00000003 0000001e 00000006 00000000
  893 J 00000003 0000001f 00000006 00000000
  894 J 00000003 00000020 00000006 00000000
  895 J 00000003 00000021 00000006 00000000
  896 J 00000003 00000022 00000006 00000000
  897 J 00000003 00000023 00000006 00000000
  898 J 00000003 00000024 00000006 00000000
  899 J 00000003 00000025 00000006 00000000
  900 J 00000003 00000026 00000006 00000000
  901 J 00000003 00000027 00000006 00000000
  902 J 00000003 00000028 00000006 00000000
  903 J 00000003 00000029 00000006 00000000
  904 J 00000003 0000002a 00000006 00000000
  905 J 00000003 0000002b 00000006 00000000
  906 J 00000003 00000048 00000006 00000000
  907 J 00000003 00000049 00000006 00000000
  908 J 00000003 0000002c 00000005 00000000
  909 J 00000003 00000053 00000005 00000000
  910 J 00000003 00000003 00000004 00000000
  911 J 00000003 00000004 00000004 00000000
  912 J 00000003 00000005 00000004 00000000
  913 J 00000003 00000006 00000004 00000000
  914 J 00000003 00000007 00000004 00000000
  915 J 00000003 0000000d 00000004 00000000
  916 J 00000003 0000000e 00000004 00000000
  917 J 00000003 0000000f 00000004 00000000
  918 J 00000003 00000017 00000004 00000000
  919 J 00000003 00000018 00000004 00000000
  920 J 00000003 00000019 00000004 00000000
  921 J 00000003 0000001a 00000004 00000000
  922 J 00000003 00000033 00000004 00000000
  923 J 00000003 00000034 00000004 00000000
  924 J 00000003 00000035 00000004 00000000
  925 J 00000003 00000036 00000004 00000000
  926 J 00000003 00000037 00000004 00000000
  927 J 00000003 00000038 00000004 00000000
  928 J 00000003 00000039 00000004 00000000
  929 J 00000003 0000003a 00000004 00000000
  930 J 00000003 0000003b 00000004 00000000
  931 J 00000003 0000003c 00000004 00000000
  932 J 00000003 0000003d 00000004 00000000
  933 J 00000003 0000003e 00000004 00000000
  934 J 00000003 0000003f 00000004 00000000
  935 J 00000003 00000040 00000004 00000000
  936 J 00000003 00000041 00000004 00000000
  937 J 00000003 00000042 00000004 00000000
  938 J 00000003 00000043 00000004 00000000
  939 J 00000003 00000044 00000004 00000000
  940 J 00000003 00000045 00000004 00000000
  941 J 00000003 00000046 00000004 00000000
  942 J 00000003 0000004d 00000004 00000000
  943 J 00000003 0000004e 00000004 00000000
  944 J 00000003 0000004f 00000004 00000000
  945 J 00000003 00000055 00000004 00000000
  946 J 00000003 00000058 00000004 00000000
  947 J 00000003 00000059 00000004 00000000
  948 J 00000003 0000005a 00000004 00000000
  949 J 00000003 0000005b 00000004 00000000
  950 J 00000003 0000005c 00000004 00000000
  951 J 00000003 0000005d 00000004 00000000
  952 J 00000003 0000005e 00000004 00000000
  953 J 00000003 0000005f 00000004 00000000
  954 J 00000003 00000062 00000004 00000000
  955 J 00000003 00000063 00000004 00000000
  956 J 00000003 00000064 00000004 00000000
  957 J 00000003 00000065 00000004 00000000
  958 J 00000003 00000066 00000004 00000000
  959 J 00000003 00000067 00000004 00000000
  960 J 00000003 00000068 00000004 00000000
  961 J 00000003 00000069 00000004 00000000
  962 J 00000003 0000006a 00000004 00000000
  963 J 00000003 0000006b 00000004 00000000
  964 J 00000003 0000006c 00000004 00000000
  965 J 00000003 0000006d 00000004 00000000
  966 J 00000003 0000006e 00000004 00000000
  967 J 00000003 0000006f 00000004 00000000
  968 J 00000003 00000070 00000004 00000000
  969 J 00000003 00000071 00000004 00000000
  970 J 00000003 00000072 00000004 00000000
  971 J 00000003 00000073 00000004 00000000
  972 J 00000003 00000074 00000004 00000000
  973 J 00000003 00000075 00000004 00000000
  974 J 00000003 00000076 00000004 00000000
  975 J 00000003 00000077 00000004 00000000
  976 J 00000003 00000078 00000004 00000000
  977 J 00000003 00000079 00000004 00000000
  978 J 00000003 0000007a 00000004 00000000
  979 J 00000003 0000007b 00000004 00000000
  980 J 00000003 0000007c 00000004 00000000
  981 J 00000003 0000007d 00000004 00000000
  982 J 00000003 0000007e 00000004 00000000
  983 J 00000003 0000007f 00000004 00000000
  984 J 00000003 00000032 00000004 00000000
  985 J 00000003 00000047 00000003 00000000
  986 J 00000003 00000031 00000003 00000000
  987 J 00000003 00000050 00000003 00000000
  988 J 00000003 00000051 00000003 00000000
  989 J 00000003 00000052 00000003 00000000
  990 J 00000003 00000054 00000003 00000000
  991 J 00000003 00000056 00000003 00000000
  992 J 00000003 00000057 00000003 00000000
  993 J 00000003 0000004b 00000002 00000000
  994 J 00000003 0000004c 00000001 00000000
  995 J 00000003 00000060 00000001 00000000
  996 J 00000003 00000061 00000001 00000000
  997 J 00000003 0000004a 00000000 00000000
  998 J 00000003 00000000 00000007 00000001
  999 J 00000003 00000001 00000007 00000001
 1000 J 00000003 00000002 00000006 00000001
 1001 J 00000003 0000002d 00000006 00000001
 1002 J 00000003 0000002e 00000006 00000001
 1003 J 00000003 0000002f 00000006 00000001
 1004 J 00000003 00000030 00000006 00000001
 1005 J 00000003 00000008 00000006 00000001
 1006 J 00000003 00000009 00000006 00000001
 1007 J 00000003 0000000a 00000006 00000001
 1008 J 00000003 0000000b 00000006 00000001
 1009 J 00000003 0000000c 00000006 00000001
 1010 J 00000003 00000010 00000006 00000001
 1011 J 00000003 00000011 00000006 00000001
 1012 J 00000003 00000012 00000006 00000001
 1013 J 00000003 00000013 00000006 00000001
 1014 J 00000003 00000014 00000006 00000001
 1015 J 00000003 00000015 00000006 00000001
 1016 J 00000003 00000016 00000006 00000001
 1017 J 00000003 0000001b 00000006 00000001
 1018 J 00000003 0000001c 00000006 00000001
 1019 J 00000003 0000001d 00000006 00000001
 1020 J 00000003 0000001e 00000006 00000001
 1021 J 00000003 0000001f 00000006 00000001
 1022 J 00000003 00000020 00000006 00000001
 1023 J 00000003 00000021 00000006 00000001
 1024 J 00000003 00000022 00000006 00000001
 1025 J 00000003 00000023 00000006 00000001
 1026 J 00000003 00000024 00000006 00000001
 1027 J 00000003 00000025 00000006 00000001
 1028 J 00000003 00000026 00000006 00000001
 1029 J 00000003 00000027 00000006 00000001
 1030 J 00000003 00000028 00000006 00000001
 1031 J 00000003 00000029 00000006 00000001
 1032 J 00000003 0000002a 00000006 00000001
 1033 J 00000003 0000002b 00000006 00000001
 1034 J 00000003 00000048 00000006 00000001
 1035 J 00000003 00000049 00000006 00000001
 1036 J 00000003 0000002c 00000005 00000001
 1037 J 00000003 00000053 00000005 00000001
 1038 J 00000003 00000003 00000004 00000001
 1039 J 00000003 00000004 00000004 00000001
 1040 J 00000003 00000005 00000004 00000001
 1041 J 00000003 00000006 00000004 00000001
 1042 J 00000003 00000007 00000004 00000001
 1043 J 00000003 0000000d 00000004 00000001
 1044 J 00000003 0000000e 00000004 00000001
 1045 J 00000003 0000000f 00000004 00000001
 1046 J 00000003 00000017 00000004 00000001
 1047 J 00000003 00000018 00000004 00000001
 1048 J 00000003 00000019 00000004 00000001
 1049 J 00000003 0000001a 00000004 00000001
 1050 J 00000003 00000033 00000004 00000001
 1051 J 00000003 00000034 00000004 00000001
 1052 J 00000003 00000035 00000004 00000001
 1053 J 00000003 00000036 00000004 00000001
 1054 J 00000003 00000037 00000004 00000001
 1055 J 00000003 00000038 00000004 00000001
 1056 J 00000003 00000039 00000004 00000001
 1057 J 00000003 0000003a 00000004 00000001
 1058 J 00000003 0000003b 00000004 00000001
 1059 J 00000003 0000003c 00000004 00000001
 1060 J 00000003 0000003d 00000004 00000001
 1061 J 00000003 0000003e 00000004 00000001
 1062 J 00000003 0000003f 00000004 00000001
 1063 J 00000003 00000040 00000004 00000001
 1064 J 00000003 00000041 00000004 00000001
 1065 J 00000003 00000042 00000004 00000001
 1066 J 00000003 00000043 00000004 00000001
 1067 J 00000003 00000044 00000004 00000001
 1068 J 00000003 00000045 00000004 00000001
 1069 J 00000003 00000046 00000004 00000001
 1070 J 00000003 0000004d 00000004 00000001
 1071 J 00000003 0000004e 00000004 00000001
 1072 J 00000003 0000004f 00000004 00000001
 1073 J 00000003 00000055 00000004 00000001
 1074 J 00000003 00000058 00000004 00000001
 1075 J 00000003 00000059 00000004 00000001
 1076 J 00000003 0000005a 00000004 00000001
 1077 J 00000003 0000005b 00000004 00000001
 1078 J 00000003 0000005c 00000004 00000001
 1079 J 00000003 0000005d 00000004 00000001
 1080 J 00000003 0000005e 00000004 00000001
 1081 J 00000003 0000005f 00000004 00000001
 1082 J 00000003 00000062 00000004 00000001
 1083 J 00000003 00000063 00000004 00000001
 1084 J 00000003 00000064 00000004 00000001
 1085 J 00000003 00000065 00000004 00000001
 1086 J 00000003 00000066 00000004 00000001
 1087 J 00000003 00000067 00000004 00000001
 1088 J 00000003 00000068 00000004 00000001
 1089 J 00000003 00000069 00000004 00000001
 1090 J 00000003 0000006a 00000004 00000001
 1091 J 00000003 0000006b 00000004 00000001
 1092 J 00000003 0000006c 00000004 00000001
 1093 J 00000003 0000006d 00000004 00000001
 1094 J 00000003 0000006e 00000004 00000001
 1095 J 00000003 0000006f 00000004 00000001
 1096 J 00000003 00000070 00000004 00000001
 1097 J 00000003 00000071 00000004 00000001
 1098 J 00000003 00000072 00000004 00000001
 1099 J 00000003 00000073 00000004 00000001
 1100 J 00000003 00000074 00000004 00000001
 1101 J 00000003 00000075 00000004 00000001
 1102 J 00000003 00000076 00000004 00000001
 1103 J 00000003 00000077 00000004 00000001
 1104 J 00000003 00000078 00000004 00000001
 1105 J 00000003 00000079 00000004 00000001
 1106 J 00000003 0000007a 00000004 00000001
 1107 J 00000003 0000007b 00000004 00000001
 1108 J 00000003 0000007c 00000004 00000001
 1109 J 00000003 0000007d 00000004 00000001
 1110 J 00000003 0000007e 00000004 00000001
 1111 J 00000003 0000007f 00000004 00000001
 1112 J 00000003 00000032 00000004 00000001
 1113 J 00000003 00000047 00000003 00000001
 1114 J 00000003 00000031 00000003 00000001
 1115 J 00000003 00000050 00000003 00000001
 1116 J 00000003 00000051 00000003 00000001
 1117 J 00000003 00000052 00000003 00000001
 1118 J 00000003 00000054 00000003 00000001
 1119 J 00000003 00000056 00000003 00000001
 1120 J 00000003 00000057 00000003 00000001
 1121 J 00000003 0000004b 00000002 00000001
 1122 J 00000003 0000004c 00000001 00000001
 1123 J 00000003 00000060 00000001 00000001
 1124 J 00000003 00000061 00000001 00000001
 1125 J 00000003 0000004a 00000000 00000001
 1126 J 00000004 00000000 00000007 00000000
 1127 J 00000004 00000001 00000007 00000000
 1128 J 00000004 00000002 00000006 00000000
 1129 J 00000004 0000002d 00000006 00000000
 1130 J 00000004 0000002e 00000006 00000000
 1131 J 00000004 0000002f 00000006 00000000
 1132 J 00000004 00000030 00000006 00000000
 1133 J 00000004 00000008 00000006 00000000
 1134 J 00000004 00000009 00000006 00000000
 1135 J 00000004 0000000a 00000006 00000000
 1136 J 00000004 0000000b 00000006 00000000
 1137 J 00000004 0000000c 00000006 00000000
 1138 J 00000004 00000010 00000006 00000000
 1139 J 00000004 00000011 00000006 00000000
 1140 J 00000004 00000012 00000006 00000000
 1141 J 00000004 00000013 00000006 00000000
 1142 J 00000004 00000014 00000006 00000000
 1143 J 00000004 00000015 00000006 00000000
 1144 J 00000004 00000016 00000006 00000000
 1145 J 00000004 0000001b 00000006 00000000
 1146 J 00000004 0000001c 00000006 00000000
 1147 J 00000004 0000001d 00000006 00000000
 1148 J 00000004 0000001e 00000006 00000000
 1149 J 00000004 0000001f 00000006 00000000
 1150 J 00000004 00000020 00000006 00000000
 1151 J 00000004 00000021 00000006 00000000
 1152 J 00000004 00000022 00000006 00000000
 1153 J 00000004 00000023 00000006 00000000
 1154 J 00000004 00000024 00000006 00000000
 1155 J 00000004 00000025 00000006 00000000
 1156 J 00000004 00000026 00000006 00000000
 1157 J 00000004 00000027 00000006 00000000
 1158 J 00000004 00000028 00000006 00000000
 1159 J 00000004 00000029 00000006 00000000
 1160 J 00000004 0000002a 00000006 00000000
 1161 J 00000004 0000002b 00000006 00000000
 1162 J 00000004 00000048 00000006 00000000
 1163 J 00000004 00000049 00000006 00000000
 1164 J 00000004 0000002c 00000005 00000000
 1165 J 00000004 00000053 00000005 00000000
 1166 J 00000004 00000003 00000004 00000000
 1167 J 00000004 00000004 00000004 00000000
 1168 J 00000004 00000005 00000004 00000000
 1169 J 00000004 00000006 00000004 00000000
 1170 J 00000004 00000007 00000004 00000000
 1171 J 00000004 0000000d 00000004 00000000
 1172 J 00000004 0000000e 00000004 00000000
 1173 J 00000004 0000000f 00000004 00000000
 1174 J 00000004 00000017 00000004 00000000
 1175 J 00000004 00000018 00000004 00000000
 1176 J 00000004 00000019 00000004 00000000
 1177 J 00000004 0000001a 00000004 00000000
 1178 J 00000004 00000033 00000004 00000000
 1179 J 00000004 00000034 00000004 00000000
 1180 J 00000004 00000035 00000004 00000000
 1181 J 00000004 00000036 00000004 00000000
 1182 J 00000004 00000037 00000004 00000000
 1183 J 00000004 00000038 00000004 00000000
 1184 J 00000004 00000039 00000004 00000000
 1185 J 00000004 0000003a 00000004 00000000
 1186 J 00000004 0000003b 00000004 00000000
 1187 J 00000004 0000003c 00000004 00000000
 1188 J 00000004 0000003d 00000004 00000000
 1189 J 00000004 0000003e 00000004 00000000
 1190 J 00000004 0000003f 00000004 00000000
 1191 J 00000004 00000040 00000004 00000000
 1192 J 00000004 00000041 00000004 00000000
 1193 J 00000004 00000042 00000004 00000000
 1194 J 00000004 00000043 00000004 00000000
 1195 J 00000004 00000044 00000004 00000000
 1196 J 00000004 00000045 00000004 00000000
 1197 J 00000004 00000046 00000004 00000000
 1198 J 00000004 0000004d 00000004 00000000
 1199 J 00000004 0000004e 00000004 00000000
 1200 J 00000004 0000004f 00000004 00000000
 1201 J 00000004 00000055 00000004 00000000
 1202 J 00000004 00000058 00000004 00000000
 1203 J 00000004 00000059 00000004 00000000
 1204 J 00000004 0000005a 00000004 00000000
 1205 J 00000004 0000005b 00000004 00000000
 1206 J 00000004 0000005c 00000004 00000000
 1207 J 00000004 0000005d 00000004 00000000
 1208 J 00000004 0000005e 00000004 00000000
 1209 J 00000004 0000005f 00000004 00000000
 1210 J 00000004 00000062 00000004 00000000
 1211 J 00000004 00000063 00000004 00000000
 1212 J 00000004 00000064 00000004 00000000
 1213 J 00000004 00000065 00000004 00000000
 1214 J 00000004 00000066 00000004 00000000
 1215 J 00000004 00000067 00000004 00000000
 1216 J 00000004 00000068 00000004 00000000
 1217 J 00000004 00000069 00000004 00000000
 1218 J 00000004 0000006a 00000004 00000000
 1219 J 00000004 0000006b 00000004 00000000
 1220 J 00000004 0000006c 00000004 00000000
 1221 J 00000004 0000006d 00000004 00000000
 1222 J 00000004 0000006e 00000004 00000000
 1223 J 00000004 0000006f 00000004 00000000
 1224 J 00000004 00000070 00000004 00000000
 1225 J 00000004 00000071 00000004 00000000
 1226 J 00000004 00000072 00000004 00000000
 1227 J 00000004 00000073 00000004 00000000
 1228 J 00000004 00000074 00000004 00000000
 1229 J 00000004 00000075 00000004 00000000
 1230 J 00000004 00000076 00000004 00000000
 1231 J 00000004 00000077 00000004 00000000
 1232 J 00000004 00000078 00000004 00000000
 1233 J 00000004 00000079 00000004 00000000
 1234 J 00000004 0000007a 00000004 00000000
 1235 J 00000004 0000007b 00000004 00000000
 1236 J 00000004 0000007c 00000004 00000000
 1237 J 00000004 0000007d 00000004 00000000
 1238 J 00000004 0000007e 00000004 00000000
 1239 J 00000004 0000007f 00000004 00000000
 1240 J 00000004 00000032 00000004 00000000
 1241 J 00000004 00000047 00000003 00000000
 1242 J 00000004 00000031 00000003 00000000
 1243 J 00000004 00000050 00000003 00000000
 1244 J 00000004 00000051 00000003 00000000
 1245 J 00000004 00000052 00000003 00000000
 1246 J 00000004 00000054 00000003 00000000
 1247 J 00000004 00000056 00000003 00000000
 1248 J 00000004 00000057 00000003 00000000
 1249 J 00000004 0000004b 00000002 00000000
 1250 J 00000004 0000004c 00000001 00000000
 1251 J 00000004 00000060 00000001 00000000
 1252 J 00000004 00000061 00000001 00000000
 1253 J 00000004 0000004a 00000000 00000000
 1254 J 00000004 00000000 00000007 00000001
 1255 J 00000004 00000001 00000007 00000001
 1256 J 00000004 00000002 00000006 00000001
 1257 J 00000004 0000002d 00000006 00000001
 1258 J 00000004 0000002e 00000006 00000001
 1259 J 00000004 0000002f 00000006 00000001
 1260 J 00000004 00000030 00000006 00000001
 1261 J 00000004 00000008 00000006 00000001
 1262 J 00000004 00000009 00000006 00000001
 1263 J 00000004 0000000a 00000006 00000001
 1264 J 00000004 0000000b 00000006 00000001
 1265 J 00000004 0000000c 00000006 00000001
 1266 J 00000004 00000010 00000006 00000001
 1267 J 00000004 00000011 00000006 00000001
 1268 J 00000004 00000012 00000006 00000001
 1269 J 00000004 00000013 00000006 00000001
 1270 J 00000004 00000014 00000006 00000001
 1271 J 00000004 00000015 00000006 00000001
 1272 J 00000004 00000016 00000006 00000001
 1273 J 00000004 0000001b 00000006 00000001
 1274 J 00000004 0000001c 00000006 00000001
 1275 J 00000004 0000001d 00000006 00000001
 1276 J 00000004 0000001e 00000006 00000001
 1277 J 00000004 0000001f 00000006 00000001
 1278 J 00000004 00000020 00000006 00000001
 1279 J 00000004 00000021 00000006 00000001
 1280 J 00000004 00000022 00000006 00000001
 1281 J 00000004 00000023 00000006 00000001
 1282 J 00000004 00000024 00000006 00000001
 1283 J 00000004 00000025 00000006 00000001
 1284 J 00000004 00000026 00000006 00000001
 1285 J 00000004 00000027 00000006 00000001
 1286 J 00000004 00000028 00000006 00000001
 1287 J 00000004 00000029 00000006 00000001
 1288 J 00000004 0000002a 00000006 00000001
 1289 J 00000004 0000002b 00000006 00000001
 1290 J 00000004 00000048 00000006 00000001
 1291 J 00000004 00000049 00000006 00000001
 1292 J 00000004 0000002c 00000005 00000001
 1293 J 00000004 00000053 00000005 00000001
 1294 J 00000004 00000003 00000004 00000001
 1295 J 00000004 00000004 00000004 00000001
 1296 J 00000004 00000005 00000004 00000001
 1297 J 00000004 00000006 00000004 00000001
 1298 J 00000004 00000007 00000004 00000001
 1299 J 00000004 0000000d 00000004 00000001
 1300 J 00000004 0000000e 00000004 00000001
 1301 J 00000004 0000000f 00000004 00000001
 1302 J 00000004 00000017 00000004 00000001
 1303 J 00000004 00000018 00000004 00000001
 1304 J 00000004 00000019 00000004 00000001
 1305 J 00000004 0000001a 00000004 00000001
 1306 J 00000004 00000033 00000004 00000001
 1307 J 00000004 00000034 00000004 00000001
 1308 J 00000004 00000035 00000004 00000001
 1309 J 00000004 00000036 00000004 00000001
 1310 J 00000004 00000037 00000004 00000001
 1311 J 00000004 00000038 00000004 00000001
 1312 J 00000004 00000039 00000004 00000001
 1313 J 00000004 0000003a 00000004 00000001
 1314 J 00000004 0000003b 00000004 00000001
 1315 J 00000004 0000003c 00000004 00000001
 1316 J 00000004 0000003d 00000004 00000001
 1317 J 00000004 0000003e 00000004 00000001
 1318 J 00000004 0000003f 00000004 00000001
 1319 J 00000004 00000040 00000004 00000001
 1320 J 00000004 00000041 00000004 00000001
 1321 J 00000004 00000042 00000004 00000001
 1322 J 00000004 00000043 00000004 00000001
 1323 J 00000004 00000044 00000004 00000001
 1324 J 00000004 00000045 00000004 00000001
 1325 J 00000004 00000046 00000004 00000001
 1326 J 00000004 0000004d 00000004 00000001
 1327 J 00000004 0000004e 00000004 00000001
 1328 J 00000004 0000004f 00000004 00000001
 1329 J 00000004 00000055 00000004 00000001
 1330 J 00000004 00000058 00000004 00000001
 1331 J 00000004 00000059 00000004 00000001
 1332 J 00000004 0000005a 00000004 00000001
 1333 J 00000004 0000005b 00000004 00000001
 1334 J 00000004 0000005c 00000004 00000001
 1335 J 00000004 0000005d 00000004 00000001
 1336 J 00000004 0000005e 00000004 00000001
 1337 J 00000004 0000005f 00000004 00000001
 1338 J 00000004 00000062 00000004 00000001
 1339 J 00000004 00000063 00000004 00000001
 1340 J 00000004 00000064 00000004 00000001
 1341 J 00000004 00000065 00000004 00000001
 1342 J 00000004 00000066 00000004 00000001
 1343 J 00000004 00000067 00000004 00000001
 1344 J 00000004 00000068 00000004 00000001
 1345 J 00000004 00000069 00000004 00000001
 1346 J 00000004 0000006a 00000004 00000001
 1347 J 00000004 0000006b 00000004 00000001
 1348 J 00000004 0000006c 00000004 00000001
 1349 J 00000004 0000006d 00000004 00000001
 1350 J 00000004 0000006e 00000004 00000001
 1351 J 00000004 0000006f 00000004 00000001
 1352 J 00000004 00000070 00000004 00000001
 1353 J 00000004 00000071 00000004 00000001
 1354 J 00000004 00000072 00000004 00000001
 1355 J 00000004 00000073 00000004 00000001
 1356 J 00000004 00000074 00000004 00000001
 1357 J 00000004 00000075 00000004 00000001
 1358 J 00000004 00000076 00000004 00000001
 1359 J 00000004 00000077 00000004 00000001
 1360 J 00000004 00000078 00000004 00000001
 1361 J 00000004 00000079 00000004 00000001
 1362 J 00000004 0000007a 00000004 00000001
 1363 J 00000004 0000007b 00000004 00000001
 1364 J 00000004 0000007c 00000004 00000001
 1365 J 00000004 0000007d 00000004 00000001
 1366 J 00000004 0000007e 00000004 00000001
 1367 J 00000004 0000007f 00000004 00000001
 1368 J 00000004 00000032 00000004 00000001
 1369 J 00000004 00000047 00000003 00000001
 1370 J 00000004 00000031 00000003 00000001
 1371 J 00000004 00000050 00000003 00000001
 1372 J 00000004 00000051 00000003 00000001
 1373 J 00000004 00000052 00000003 00000001
 1374 J 00000004 00000054 00000003 00000001
 1375 J 00000004 00000056 00000003 00000001
 1376 J 00000004 00000057 00000003 00000001
 1377 J 00000004 0000004b 00000002 00000001
 1378 J 00000004 0000004c 00000001 00000001
 1379 J 00000004 00000060 00000001 00000001
 1380 J 00000004 00000061 00000001 00000001
 1381 J 00000004 0000004a 00000000 00000001
 1382 J 00000005 00000000 00000007 00000000
 1383 J 00000005 00000001 00000007 00000000
 1384 J 00000005 00000002 00000006 00000000
 1385 J 00000005 0000002d 00000006 00000000
 1386 J 00000005 0000002e 00000006 00000000
 1387 J 00000005 0000002f 00000006 00000000
 1388 J 00000005 00000030 00000006 00000000
 1389 J 00000005 00000008 00000006 00000000
 1390 J 00000005 00000009 00000006 00000000
 1391 J 00000005 0000000a 00000006 00000000
 1392 J 00000005 0000000b 00000006 00000000
 1393 J 00000005 0000000c 00000006 00000000
 1394 J 00000005 00000010 00000006 00000000
 1395 J 00000005 00000011 00000006 00000000
 1396 J 00000005 00000012 00000006 00000000
 1397 J 00000005 00000013 00000006 00000000
 1398 J 00000005 00000014 00000006 00000000
 1399 J 00000005 00000015 00000006 00000000
 1400 J 00000005 00000016 00000006 00000000
 1401 J 00000005 0000001b 00000006 00000000
 1402 J 00000005 0000001c 00000006 00000000
 1403 J 00000005 0000001d 00000006 00000000
 1404 J 00000005 0000001e 00000006 00000000
 1405 J 00000005 0000001f 00000006 00000000
 1406 J 00000005 00000020 00000006 00000000
 1407 J 00000005 00000021 00000006 00000000
 1408 J 00000005 00000022 00000006 00000000
 1409 J 00000005 00000023 00000006 00000000
 1410 J 00000005 00000024 00000006 00000000
 1411 J 00000005 00000025 00000006 00000000
 1412 J 00000005 00000026 00000006 00000000
 1413 J 00000005 00000027 00000006 00000000
 1414 J 00000005 00000028 00000006 00000000
 1415 J 00000005 00000029 00000006 00000000
 1416 J 00000005 0000002a 00000006 00000000
 1417 J 00000005 0000002b 00000006 00000000
 1418 J 00000005 00000048 00000006 00000000
 1419 J 00000005 00000049 00000006 00000000
 1420 J 00000005 0000002c 00000005 00000000
 1421 J 00000005 00000053 00000005 00000000
 1422 J 00000005 00000003 00000004 00000000
 1423 J 00000005 00000004 00000004 00000000
 1424 J 00000005 00000005 00000004 00000000
 1425 J 00000005 00000006 00000004 00000000
 1426 J 00000005 00000007 00000004 00000000
 1427 J 00000005 0000000d 00000004 00000000
 1428 J 00000005 0000000e 00000004 00000000
 1429 J 00000005 0000000f 00000004 00000000
 1430 J 00000005 00000017 00000004 00000000
 1431 J 00000005 00000018 00000004 00000000
 1432 J 00000005 00000019 00000004 00000000
 1433 J 00000005 0000001a 00000004 00000000
 1434 J 00000005 00000033 00000004 00000000
 1435 J 00000005 00000034 00000004 00000000
 1436 J 00000005 00000035 00000004 00000000
 1437 J 00000005 00000036 00000004 00000000
 1438 J 00000005 00000037 00000004 00000000
 1439 J 00000005 00000038 00000004 00000000
 1440 J 00000005 00000039 00000004 00000000
 1441 J 00000005 0000003a 00000004 00000000
 1442 J 00000005 0000003b 00000004 00000000
 1443 J 00000005 0000003c 00000004 00000000
 1444 J 00000005 0000003d 00000004 00000000
 1445 J 00000005 0000003e 00000004 00000000
 1446 J 00000005 0000003f 00000004 00000000
 1447 J 00000005 00000040 00000004 00000000
 1448 J 00000005 00000041 00000004 00000000
 1449 J 00000005 00000042 00000004 00000000
 1450 J 00000005 00000043 00000004 00000000
 1451 J 00000005 00000044 00000004 00000000
 1452 J 00000005 00000045 00000004 00000000
 1453 J 00000005 00000046 00000004 00000000
 1454 J 00000005 0000004d 00000004 00000000
 1455 J 00000005 0000004e 00000004 00000000
 1456 J 00000005 0000004f 00000004 00000000
 1457 J 00000005 00000055 00000004 00000000
 1458 J 00000005 00000058 00000004 00000000
 1459 J 00000005 00000059 00000004 00000000
 1460 J 00000005 0000005a 00000004 00000000
 1461 J 00000005 0000005b 00000004 00000000
 1462 J 00000005 0000005c 00000004 00000000
 1463 J 00000005 0000005d 00000004 00000000
 1464 J 00000005 0000005e 00000004 00000000
 1465 J 00000005 0000005f 00000004 00000000
 1466 J 00000005 00000062 00000004 00000000
 1467 J 00000005 00000063 00000004 00000000
 1468 J 00000005 00000064 00000004 00000000
 1469 J 00000005 00000065 00000004 00000000
 1470 J 00000005 00000066 00000004 00000000
 1471 J 00000005 00000067 00000004 00000000
 1472 J 00000005 00000068 00000004 00000000
 1473 J 00000005 00000069 00000004 00000000
 1474 J 00000005 0000006a 00000004 00000000
 1475 J 00000005 0000006b 00000004 00000000
 1476 J 00000005 0000006c 00000004 00000000
 1477 J 00000005 0000006d 00000004 00000000
 1478 J 00000005 0000006e 00000004 00000000
 1479 J 00000005 0000006f 00000004 00000000
 1480 J 00000005 00000070 00000004 00000000
 1481 J 00000005 00000071 00000004 00000000
 1482 J 00000005 00000072 00000004 00000000
 1483 J 00000005 00000073 00000004 00000000
 1484 J 00000005 00000074 00000004 00000000
 1485 J 00000005 00000075 00000004 00000000
 1486 J 00000005 00000076 00000004 00000000
 1487 J 00000005 00000077 00000004 00000000
 1488 J 00000005 00000078 00000004 00000000
 1489 J 00000005 00000079 00000004 00000000
 1490 J 00000005 0000007a 00000004 00000000
 1491 J 00000005 0000007b 00000004 00000000
 1492 J 00000005 0000007c 00000004 00000000
 1493 J 00000005 0000007d 00000004 00000000
 1494 J 00000005 0000007e 00000004 00000000
 1495 J 00000005 0000007f 00000004 00000000
 1496 J 00000005 00000032 00000004 00000000
 1497 J 00000005 00000047 00000003 00000000
 1498 J 00000005 00000031 00000003 00000000
 1499 J 00000005 00000050 00000003 00000000
 1500 J 00000005 00000051 00000003 00000000
 1501 J 00000005 00000052 00000003 00000000
 1502 J 00000005 00000054 00000003 00000000
 1503 J 00000005 00000056 00000003 00000000
 1504 J 00000005 00000057 00000003 00000000
 1505 J 00000005 0000004b 00000002 00000000
 1506 J 00000005 0000004c 00000001 00000000
 1507 J 00000005 00000060 00000001 00000000
 1508 J 00000005 00000061 00000001 00000000
 1509 J 00000005 0000004a 00000000 00000000
 1510 J 00000005 00000000 00000007 00000001
 1511 J 00000005 00000001 00000007 00000001
 1512 J 00000005 00000002 00000006 00000001
 1513 J 00000005 0000002d 00000006 00000001
 1514 J 00000005 0000002e 00000006 00000001
 1515 J 00000005 0000002f 00000006 00000001
 1516 J 00000005 00000030 00000006 00000001
 1517 J 00000005 00000008 00000006 00000001
 1518 J 00000005 00000009 00000006 00000001
 1519 J 00000005 0000000a 00000006 00000001
 1520 J 00000005 0000000b 00000006 00000001
 1521 J 00000005 0000000c 00000006 00000001
 1522 J 00000005 00000010 00000006 00000001
 1523 J 00000005 00000011 00000006 00000001
 1524 J 00000005 00000012 00000006 00000001
 1525 J 00000005 00000013 00000006 00000001
 1526 J 00000005 00000014 00000006 00000001
 1527 J 00000005 00000015 00000006 00000001
 1528 J 00000005 00000016 00000006 00000001
 1529 J 00000005 0000001b 00000006 00000001
 1530 J 00000005 0000001c 00000006 00000001
 1531 J 00000005 0000001d 00000006 00000001
 1532 J 00000005 0000001e 00000006 00000001
 1533 J 00000005 0000001f 00000006 00000001
 1534 J 00000005 00000020 00000006 00000001
 1535 J 00000005 00000021 00000006 00000001
 1536 J 00000005 00000022 00000006 00000001
 1537 J 00000005 00000023 00000006 00000001
 1538 J 00000005 00000024 00000006 00000001
 1539 J 00000005 00000025 00000006 00000001
 1540 J 00000005 00000026 00000006 00000001
 1541 J 00000005 00000027 00000006 00000001
 1542 J 00000005 00000028 00000006 00000001
 1543 J 00000005 00000029 00000006 00000001
 1544 J 00000005 0000002a 00000006 00000001
 1545 J 00000005 0000002b 00000006 00000001
 1546 J 00000005 00000048 00000006 00000001
 1547 J 00000005 00000049 00000006 00000001
 1548 J 00000005 0000002c 00000005 00000001
 1549 J 00000005 00000053 00000005 00000001
 1550 J 00000005 00000003 00000004 00000001
 1551 J 00000005 00000004 00000004 00000001
 1552 J 00000005 00000005 00000004 00000001
 1553 J 00000005 00000006 00000004 00000001
 1554 J 00000005 00000007 00000004 00000001
 1555 J 00000005 0000000d 00000004 00000001
 1556 J 00000005 0000000e 00000004 00000001
 1557 J 00000005 0000000f 00000004 00000001
 1558 J 00000005 00000017 00000004 00000001
 1559 J 00000005 00000018 00000004 00000001
 1560 J 00000005 00000019 00000004 00000001
 1561 J 00000005 0000001a 00000004 00000001
 1562 J 00000005 00000033 00000004 00000001
 1563 J 00000005 00000034 00000004 00000001
 1564 J 00000005 00000035 00000004 00000001
 1565 J 00000005 00000036 00000004 00000001
 1566 J 00000005 00000037 00000004 00000001
 1567 J 00000005 00000038 00000004 00000001
 1568 J 00000005 00000039 00000004 00000001
 1569 J 00000005 0000003a 00000004 00000001
 1570 J 00000005 0000003b 00000004 00000001
 1571 J 00000005 0000003c 00000004 00000001
 1572 J 00000005 0000003d 00000004 00000001
 1573 J 00000005 0000003e 00000004 00000001
 1574 J 00000005 0000003f 00000004 00000001
 1575 J 00000005 00000040 00000004 00000001
 1576 J 00000005 00000041 00000004 00000001
 1577 J 00000005 00000042 00000004 00000001
 1578 J 00000005 00000043 00000004 00000001
 1579 J 00000005 00000044 00000004 00000001
 1580 J 00000005 00000045 00000004 00000001
 1581 J 00000005 00000046 00000004 00000001
 1582 J 00000005 0000004d 00000004 00000001
 1583 J 00000005 0000004e 00000004 00000001
 1584 J 00000005 0000004f 00000004 00000001
 1585 J 00000005 00000055 00000004 00000001
 1586 J 00000005 00000058 00000004 00000001
 1587 J 00000005 00000059 00000004 00000001
 1588 J 00000005 0000005a 00000004 00000001
 1589 J 00000005 0000005b 00000004 00000001
 1590 J 00000005 0000005c 00000004 00000001
 1591 J 00000005 0000005d 00000004 00000001
 1592 J 00000005 0000005e 00000004 00000001
 1593 J 00000005 0000005f 00000004 00000001
 1594 J 00000005 00000062 00000004 00000001
 1595 J 00000005 00000063 00000004 00000001
 1596 J 00000005 00000064 00000004 00000001
 1597 J 00000005 00000065 00000004 00000001
 1598 J 00000005 00000066 00000004 00000001
 1599 J 00000005 00000067 00000004 00000001
 1600 J 00000005 00000068 00000004 00000001
 1601 J 00000005 00000069 00000004 00000001
 1602 J 00000005 0000006a 00000004 00000001
 1603 J 00000005 0000006b 00000004 00000001
 1604 J 00000005 0000006c 00000004 00000001
 1605 J 00000005 0000006d 00000004 00000001
 1606 J 00000005 0000006e 00000004 00000001
 1607 J 00000005 0000006f 00000004 00000001
 1608 J 00000005 00000070 00000004 00000001
 1609 J 00000005 00000071 00000004 00000001
 1610 J 00000005 00000072 00000004 00000001
 1611 J 00000005 00000073 00000004 00000001
 1612 J 00000005 00000074 00000004 00000001
 1613 J 00000005 00000075 00000004 00000001
 1614 J 00000005 00000076 00000004 00000001
 1615 J 00000005 00000077 00000004 00000001
 1616 J 00000005 00000078 00000004 00000001
 1617 J 00000005 00000079 00000004 00000001
 1618 J 00000005 0000007a 00000004 00000001
 1619 J 00000005 0000007b 00000004 00000001
 1620 J 00000005 0000007c 00000004 00000001
 1621 J 00000005 0000007d 00000004 00000001
 1622 J 00000005 0000007e 00000004 00000001
 1623 J 00000005 0000007f 00000004 00000001
 1624 J 00000005 00000032 00000004 00000001
 1625 J 00000005 00000047 00000003 00000001
 1626 J 00000005 00000031 00000003 00000001
 1627 J 00000005 00000050 00000003 00000001
 1628 J 00000005 00000051 00000003 00000001
 1629 J 00000005 00000052 00000003 00000001
 1630 J 00000005 00000054 00000003 00000001
 1631 J 00000005 00000056 00000003 00000001
 1632 J 00000005 00000057 00000003 00000001
 1633 J 00000005 0000004b 00000002 00000001
 1634 J 00000005 0000004c 00000001 00000001
 1635 J 00000005 00000060 00000001 00000001
 1636 J 00000005 00000061 00000001 00000001
 1637 J 00000005 0000004a 00000000 00000001
 1638 J 00000006 00000000 00000007 00000000
 1639 J 00000006 00000001 00000007 00000000
 1640 J 00000006 00000002 00000006 00000000
 1641 J 00000006 0000002d 00000006 00000000
 1642 J 00000006 0000002e 00000006 00000000
 1643 J 00000006 0000002f 00000006 00000000
 1644 J 00000006 00000030 00000006 00000000
 1645 J 00000006 00000008 00000006 00000000
 1646 J 00000006 00000009 00000006 00000000
 1647 J 00000006 0000000a 00000006 00000000
 1648 J 00000006 0000000b 00000006 00000000
 1649 J 00000006 0000000c 00000006 00000000
 1650 J 00000006 00000010 00000006 00000000
 1651 J 00000006 00000011 00000006 00000000
 1652 J 00000006 00000012 00000006 00000000
 1653 J 00000006 00000013 00000006 00000000
 1654 J 00000006 00000014 00000006 00000000
 1655 J 00000006 00000015 00000006 00000000
 1656 J 00000006 00000016 00000006 00000000
 1657 J 00000006 0000001b 00000006 00000000
 1658 J 00000006 0000001c 00000006 00000000
 1659 J 00000006 0000001d 00000006 00000000
 1660 J 00000006 0000001e 00000006 00000000
 1661 J 00000006 0000001f 00000006 00000000
 1662 J 00000006 00000020 00000006 00000000
 1663 J 00000006 00000021 00000006 00000000
 1664 J 00000006 00000022 00000006 00000000
 1665 J 00000006 00000023 00000006 00000000
 1666 J 00000006 00000024 00000006 00000000
 1667 J 00000006 00000025 00000006 00000000
 1668 J 00000006 00000026 00000006 00000000
 1669 J 00000006 00000027 00000006 00000000
 1670 J 00000006 00000028 00000006 00000000
 1671 J 00000006 00000029 00000006 00000000
 1672 J 00000006 0000002a 00000006 00000000
 1673 J 00000006 0000002b 00000006 00000000
 1674 J 00000006 00000048 00000006 00000000
 1675 J 00000006 00000049 00000006 00000000
 1676 J 00000006 0000002c 00000005 00000000
 1677 J 00000006 00000053 00000005 00000000
 1678 J 00000006 00000003 00000004 00000000
 1679 J 00000006 00000004 00000004 00000000
 1680 J 00000006 00000005 00000004 00000000
 1681 J 00000006 00000006 00000004 00000000
 1682 J 00000006 00000007 00000004 00000000
 1683 J 00000006 0000000d 00000004 00000000
 1684 J 00000006 0000000e 00000004 00000000
 1685 J 00000006 0000000f 00000004 00000000
 1686 J 00000006 00000017 00000004 00000000
 1687 J 00000006 00000018 00000004 00000000
 1688 J 00000006 00000019 00000004 00000000
 1689 J 00000006 0000001a 00000004 00000000
 1690 J 00000006 00000033 00000004 00000000
 1691 J 00000006 00000034 00000004 00000000
 1692 J 00000006 00000035 00000004 00000000
 1693 J 00000006 00000036 00000004 00000000
 1694 J 00000006 00000037 00000004 00000000
 1695 J 00000006 00000038 00000004 00000000
 1696 J 00000006 00000039 00000004 00000000
 1697 J 00000006 0000003a 00000004 00000000
 1698 J 00000006 0000003b 00000004 00000000
 1699 J 00000006 0000003c 00000004 00000000
 1700 J 00000006 0000003d 00000004 00000000
 1701 J 00000006 0000003e 00000004 00000000
 1702 J 00000006 0000003f 00000004 00000000
 1703 J 00000006 00000040 00000004 00000000
 1704 J 00000006 00000041 00000004 00000000
 1705 J 00000006 00000042 00000004 00000000
 1706 J 00000006 00000043 00000004 00000000
 1707 J 00000006 00000044 00000004 00000000
 1708 J 00000006 00000045 00000004 00000000
 1709 J 00000006 00000046 00000004 00000000
 1710 J 00000006 0000004d 00000004 00000000
 1711 J 00000006 0000004e 00000004 00000000
 1712 J 00000006 0000004f 00000004 00000000
 1713 J 00000006 00000055 00000004 00000000
 1714 J 00000006 00000058 00000004 00000000
 1715 J 00000006 00000059 00000004 00000000
 1716 J 00000006 0000005a 00000004 00000000
 1717 J 00000006 0000005b 00000004 00000000
 1718 J 00000006 0000005c 00000004 00000000
 1719 J 00000006 0000005d 00000004 00000000
 1720 J 00000006 0000005e 00000004 00000000
 1721 J 00000006 0000005f 00000004 00000000
 1722 J 00000006 00000062 00000004 00000000
 1723 J 00000006 00000063 00000004 00000000
 1724 J 00000006 00000064 00000004 00000000
 1725 J 00000006 00000065 00000004 00000000
 1726 J 00000006 00000066 00000004 00000000
 1727 J 00000006 00000067 00000004 00000000
 1728 J 00000006 00000068 00000004 00000000
 1729 J 00000006 00000069 00000004 00000000
 1730 J 00000006 0000006a 00000004 00000000
 1731 J 00000006 0000006b 00000004 00000000
 1732 J 00000006 0000006c 00000004 00000000
 1733 J 00000006 0000006d 00000004 00000000
 1734 J 00000006 0000006e 00000004 00000000
 1735 J 00000006 0000006f 00000004 00000000
 1736 J 00000006 00000070 00000004 00000000
 1737 J 00000006 00000071 00000004 00000000
 1738 J 00000006 00000072 00000004 00000000
 1739 J 00000006 00000073 00000004 00000000
 1740 J 00000006 00000074 00000004 00000000
 1741 J 00000006 00000075 00000004 00000000
 1742 J 00000006 00000076 00000004 00000000
 1743 J 00000006 00000077 00000004 00000000
 1744 J 00000006 00000078 00000004 00000000
 1745 J 00000006 00000079 00000004 00000000
 1746 J 00000006 0000007a 00000004 00000000
 1747 J 00000006 0000007b 00000004 00000000
 1748 J 00000006 0000007c 00000004 00000000
 1749 J 00000006 0000007d 00000004 00000000
 1750 J 00000006 0000007e 00000004 00000000
 1751 J 00000006 0000007f 00000004 00000000
 1752 J 00000006 00000032 00000004 00000000
 1753 J 00000006 00000047 00000003 00000000
 1754 J 00000006 00000031 00000003 00000000
 1755 J 00000006 00000050 00000003 00000000
 1756 J 00000006 00000051 00000003 00000000
 1757 J 00000006 00000052 00000003 00000000
 1758 J 00000006 00000054 00000003 00000000
 1759 J 00000006 00000056 00000003 00000000
 1760 J 00000006 00000057 00000003 00000000
 1761 J 00000006 0000004b 00000002 00000000
 1762 J 00000006 0000004c 00000001 00000000
 1763 J 00000006 00000060 00000001 00000000
 1764 J 00000006 00000061 00000001 00000000
 1765 J 00000006 0000004a 00000000 00000000
 1766 J 00000006 00000000 00000007 00000001
 1767 J 00000006 00000001 00000007 00000001
 1768 J 00000006 00000002 00000006 00000001
 1769 J 00000006 0000002d 00000006 00000001
 1770 J 00000006 0000002e 00000006 00000001
 1771 J 00000006 0000002f 00000006 00000001
 1772 J 00000006 00000030 00000006 00000001
 1773 J 00000006 00000008 00000006 00000001
 1774 J 00000006 00000009 00000006 00000001
 1775 J 00000006 0000000a 00000006 00000001
 1776 J 00000006 0000000b 00000006 00000001
 1777 J 00000006 0000000c 00000006 00000001
 1778 J 00000006 00000010 00000006 00000001
 1779 J 00000006 00000011 00000006 00000001
 1780 J 00000006 00000012 00000006 00000001
 1781 J 00000006 00000013 00000006 00000001
 1782 J 00000006 00000014 00000006 00000001
 1783 J 00000006 00000015 00000006 00000001
 1784 J 00000006 00000016 00000006 00000001
 1785 J 00000006 0000001b 00000006 00000001
 1786 J 00000006 0000001c 00000006 00000001
 1787 J 00000006 0000001d 00000006 00000001
 1788 J 00000006 0000001e 00000006 00000001
 1789 J 00000006 0000001f 00000006 00000001
 1790 J 00000006 00000020 00000006 00000001
 1791 J 00000006 00000021 00000006 00000001
 1792 J 00000006 00000022 00000006 00000001
 1793 J 00000006 00000023 00000006 00000001
 1794 J 00000006 00000024 00000006 00000001
 1795 J 00000006 00000025 00000006 00000001
 1796 J 00000006 00000026 00000006 00000001
 1797 J 00000006 00000027 00000006 00000001
 1798 J 00000006 00000028 00000006 00000001
 1799 J 00000006 00000029 00000006 00000001
 1800 J 00000006 0000002a 00000006 00000001
 1801 J 00000006 0000002b 00000006 00000001
 1802 J 00000006 00000048 00000006 00000001
 1803 J 00000006 00000049 00000006 00000001
 1804 J 00000006 0000002c 00000005 00000001
 1805 J 00000006 00000053 00000005 00000001
 1806 J 00000006 00000003 00000004 00000001
 1807 J 00000006 00000004 00000004 00000001
 1808 J 00000006 00000005 00000004 00000001
 1809 J 00000006 00000006 00000004 00000001
 1810 J 00000006 00000007 00000004 00000001
 1811 J 00000006 0000000d 00000004 00000001
 1812 J 00000006 0000000e 00000004 00000001
 1813 J 00000006 0000000f 00000004 00000001
 1814 J 00000006 00000017 00000004 00000001
 1815 J 00000006 00000018 00000004 00000001
 1816 J 00000006 00000019 00000004 00000001
 1817 J 00000006 0000001a 00000004 00000001
 1818 J 00000006 00000033 00000004 00000001
 1819 J 00000006 00000034 00000004 00000001
 1820 J 00000006 00000035 00000004 00000001
 1821 J 00000006 00000036 00000004 00000001
 1822 J 00000006 00000037 00000004 00000001
 1823 J 00000006 00000038 00000004 00000001
 1824 J 00000006 00000039 00000004 00000001
 1825 J 00000006 0000003a 00000004 00000001
 1826 J 00000006 0000003b 00000004 00000001
 1827 J 00000006 0000003c 00000004 00000001
 1828 J 00000006 0000003d 00000004 00000001
 1829 J 00000006 0000003e 00000004 00000001
 1830 J 00000006 0000003f 00000004 00000001
 1831 J 00000006 00000040 00000004 00000001
 1832 J 00000006 00000041 00000004 00000001
 1833 J 00000006 00000042 00000004 00000001
 1834 J 00000006 00000043 00000004 00000001
 1835 J 00000006 00000044 00000004 00000001
 1836 J 00000006 00000045 00000004 00000001
 1837 J 00000006 00000046 00000004 00000001
 1838 J 00000006 0000004d 00000004 00000001
 1839 J 00000006 0000004e 00000004 00000001
 1840 J 00000006 0000004f 00000004 00000001
 1841 J 00000006 00000055 00000004 00000001
 1842 J 00000006 00000058 00000004 00000001
 1843 J 00000006 00000059 00000004 00000001
 1844 J 00000006 0000005a 00000004 00000001
 1845 J 00000006 0000005b 00000004 00000001
 1846 J 00000006 0000005c 00000004 00000001
 1847 J 00000006 0000005d 00000004 00000001
 1848 J 00000006 0000005e 00000004 00000001
 1849 J 00000006 0000005f 00000004 00000001
 1850 J 00000006 00000062 00000004 00000001
 1851 J 00000006 00000063 00000004 00000001
 1852 J 00000006 00000064 00000004 00000001
 1853 J 00000006 00000065 00000004 00000001
 1854 J 00000006 00000066 00000004 00000001
 1855 J 00000006 00000067 00000004 00000001
 1856 J 00000006 00000068 00000004 00000001
 1857 J 00000006 00000069 00000004 00000001
 1858 J 00000006 0000006a 00000004 00000001
 1859 J 00000006 0000006b 00000004 00000001
 1860 J 00000006 0000006c 00000004 00000001
 1861 J 00000006 0000006d 00000004 00000001
 1862 J 00000006 0000006e 00000004 00000001
 1863 J 00000006 0000006f 00000004 00000001
 1864 J 00000006 00000070 00000004 00000001
 1865 J 00000006 00000071 00000004 00000001
 1866 J 00000006 00000072 00000004 00000001
 1867 J 00000006 00000073 00000004 00000001
 1868 J 00000006 00000074 00000004 00000001
 1869 J 00000006 00000075 00000004 00000001
 1870 J 00000006 00000076 00000004 00000001
 1871 J 00000006 00000077 00000004 00000001
 1872 J 00000006 00000078 00000004 00000001
 1873 J 00000006 00000079 00000004 00000001
 1874 J 00000006 0000007a 00000004 00000001
 1875 J 00000006 0000007b 00000004 00000001
 1876 J 00000006 0000007c 00000004 00000001
 1877 J 00000006 0000007d 00000004 00000001
 1878 J 00000006 0000007e 00000004 00000001
 1879 J 00000006 0000007f 00000004 00000001
 1880 J 00000006 00000032 00000004 00000001
 1881 J 00000006 00000047 00000003 00000001
 1882 J 00000006 00000031 00000003 00000001
 1883 J 00000006 00000050 00000003 00000001
 1884 J 00000006 00000051 00000003 00000001
 1885 J 00000006 00000052 00000003 00000001
 1886 J 00000006 00000054 00000003 00000001
 1887 J 00000006 00000056 00000003 00000001
 1888 J 00000006 00000057 00000003 00000001
 1889 J 00000006 0000004b 00000002 00000001
 1890 J 00000006 0000004c 00000001 00000001
 1891 J 00000006 00000060 00000001 00000001
 1892 J 00000006 00000061 00000001 00000001
 1893 J 00000006 0000004a 00000000 00000001
 1894 J 00000007 00000000 00000007 00000000
 1895 J 00000007 00000001 00000007 00000000
 1896 J 00000007 00000002 00000006 00000000
 1897 J 00000007 0000002d 00000006 00000000
 1898 J 00000007 0000002e 00000006 00000000
 1899 J 00000007 0000002f 00000006 00000000
 1900 J 00000007 00000030 00000006 00000000
 1901 J 00000007 00000008 00000006 00000000
 1902 J 00000007 00000009 00000006 00000000
 1903 J 00000007 0000000a 00000006 00000000
 1904 J 00000007 0000000b 00000006 00000000
 1905 J 00000007 0000000c 00000006 00000000
 1906 J 00000007 00000010 00000006 00000000
 1907 J 00000007 00000011 00000006 00000000
 1908 J 00000007 00000012 00000006 00000000
 1909 J 00000007 00000013 00000006 00000000
 1910 J 00000007 00000014 00000006 00000000
 1911 J 00000007 00000015 00000006 00000000
 1912 J 00000007 00000016 00000006 00000000
 1913 J 00000007 0000001b 00000006 00000000
 1914 J 00000007 0000001c 00000006 00000000
 1915 J 00000007 0000001d 00000006 00000000
 1916 J 00000007 0000001e 00000006 00000000
 1917 J 00000007 0000001f 00000006 00000000
 1918 J 00000007 00000020 00000006 00000000
 1919 J 00000007 00000021 00000006 00000000
 1920 J 00000007 00000022 00000006 00000000
 1921 J 00000007 00000023 00000006 00000000
 1922 J 00000007 00000024 00000006 00000000
 1923 J 00000007 00000025 00000006 00000000
 1924 J 00000007 00000026 00000006 00000000
 1925 J 00000007 00000027 00000006 00000000
 1926 J 00000007 00000028 00000006 00000000
 1927 J 00000007 00000029 00000006 00000000
 1928 J 00000007 0000002a 00000006 00000000
 1929 J 00000007 0000002b 00000006 00000000
 1930 J 00000007 00000048 00000006 00000000
 1931 J 00000007 00000049 00000006 00000000
 1932 J 00000007 0000002c 00000005 00000000
 1933 J 00000007 00000053 00000005 00000000
 1934 J 00000007 00000003 00000004 00000000
 1935 J 00000007 00000004 00000004 00000000
 1936 J 00000007 00000005 00000004 00000000
 1937 J 00000007 00000006 00000004 00000000
 1938 J 00000007 00000007 00000004 00000000
 1939 J 00000007 0000000d 00000004 00000000
 1940 J 00000007 0000000e 00000004 00000000
 1941 J 00000007 0000000f 00000004 00000000
 1942 J 00000007 00000017 00000004 00000000
 1943 J 00000007 00000018 00000004 00000000
 1944 J 00000007 00000019 00000004 00000000
 1945 J 00000007 0000001a 00000004 00000000
 1946 J 00000007 00000033 00000004 00000000
 1947 J 00000007 00000034 00000004 00000000
 1948 J 00000007 00000035 00000004 00000000
 1949 J 00000007 00000036 00000004 00000000
 1950 J 00000007 00000037 00000004 00000000
 1951 J 00000007 00000038 00000004 00000000
 1952 J 00000007 00000039 00000004 00000000
 1953 J 00000007 0000003a 00000004 00000000
 1954 J 00000007 0000003b 00000004 00000000
 1955 J 00000007 0000003c 00000004 00000000
 1956 J 00000007 0000003d 00000004 00000000
 1957 J 00000007 0000003e 00000004 00000000
 1958 J 00000007 0000003f 00000004 00000000
 1959 J 00000007 00000040 00000004 00000000
 1960 J 00000007 00000041 00000004 00000000
 1961 J 00000007 00000042 00000004 00000000
 1962 J 00000007 00000043 00000004 00000000
 1963 J 00000007 00000044 00000004 00000000
 1964 J 00000007 00000045 00000004 00000000
 1965 J 00000007 00000046 00000004 00000000
 1966 J 00000007 0000004d 00000004 00000000
 1967 J 00000007 0000004e 00000004 00000000
 1968 J 00000007 0000004f 00000004 00000000
 1969 J 00000007 00000055 00000004 00000000
 1970 J 00000007 00000058 00000004 00000000
 1971 J 00000007 00000059 00000004 00000000
 1972 J 00000007 0000005a 00000004 00000000
 1973 J 00000007 0000005b 00000004 00000000
 1974 J 00000007 0000005c 00000004 00000000
 1975 J 00000007 0000005d 00000004 00000000
 1976 J 00000007 0000005e 00000004 00000000
 1977 J 00000007 0000005f 00000004 00000000
 1978 J 00000007 00000062 00000004 00000000
 1979 J 00000007 00000063 00000004 00000000
 1980 J 00000007 00000064 00000004 00000000
 1981 J 00000007 00000065 00000004 00000000
 1982 J 00000007 00000066 00000004 00000000
 1983 J 00000007 00000067 00000004 00000000
 1984 J 00000007 00000068 00000004 00000000
 1985 J 00000007 00000069 00000004 00000000
 1986 J 00000007 0000006a 00000004 00000000
 1987 J 00000007 0000006b 00000004 00000000
 1988 J 00000007 0000006c 00000004 00000000
 1989 J 00000007 0000006d 00000004 00000000
 1990 J 00000007 0000006e 00000004 00000000
 1991 J 00000007 0000006f 00000004 00000000
 1992 J 00000007 00000070 00000004 00000000
 1993 J 00000007 00000071 00000004 00000000
 1994 J 00000007 00000072 00000004 00000000
 1995 J 00000007 00000073 00000004 00000000
 1996 J 00000007 00000074 00000004 00000000
 1997 J 00000007 00000075 00000004 00000000
 1998 J 00000007 00000076 00000004 00000000
 1999 J 00000007 00000077 00000004 00000000
 2000 J 00000007 00000078 00000004 00000000
 2001 J 00000007 00000079 00000004 00000000
 2002 J 00000007 0000007a 00000004 00000000
 2003 J 00000007 0000007b 00000004 00000000
 2004 J 00000007 0000007c 00000004 00000000
 2005 J 00000007 0000007d 00000004 00000000
 2006 J 00000007 0000007e 00000004 00000000
 2007 J 00000007 0000007f 00000004 00000000
 2008 J 00000007 00000032 00000004 00000000
 2009 J 00000007 00000047 00000003 00000000
 2010 J 00000007 00000031 00000003 00000000
 2011 J 00000007 00000050 00000003 00000000
 2012 J 00000007 00000051 00000003 00000000
 2013 J 00000007 00000052 00000003 00000000
 2014 J 00000007 00000054 00000003 00000000
 2015 J 00000007 00000056 00000003 00000000
 2016 J 00000007 00000057 00000003 00000000
 2017 J 00000007 0000004b 00000002 00000000
 2018 J 00000007 0000004c 00000001 00000000
 2019 J 00000007 00000060 00000001 00000000
 2020 J 00000007 00000061 00000001 00000000
 2021 J 00000007 0000004a 00000000 00000000
 2022 J 00000007 00000000 00000007 00000001
 2023 J 00000007 00000001 00000007 00000001
 2024 J 00000007 00000002 00000006 00000001
 2025 J 00000007 0000002d 00000006 00000001
 2026 J 00000007 0000002e 00000006 00000001
 2027 J 00000007 0000002f 00000006 00000001
 2028 J 00000007 00000030 00000006 00000001
 2029 J 00000007 00000008 00000006 00000001
 2030 J 00000007 00000009 00000006 00000001
 2031 J 00000007 0000000a 00000006 00000001
 2032 J 00000007 0000000b 00000006 00000001
 2033 J 00000007 0000000c 00000006 00000001
 2034 J 00000007 00000010 00000006 00000001
 2035 J 00000007 00000011 00000006 00000001
 2036 J 00000007 00000012 00000006 00000001
 2037 J 00000007 00000013 00000006 00000001
 2038 J 00000007 00000014 00000006 00000001
 2039 J 00000007 00000015 00000006 00000001
 2040 J 00000007 00000016 00000006 00000001
 2041 J 00000007 0000001b 00000006 00000001
 2042 J 00000007 0000001c 00000006 00000001
 2043 J 00000007 0000001d 00000006 00000001
 2044 J 00000007 0000001e 00000006 00000001
 2045 J 00000007 0000001f 00000006 00000001
 2046 J 00000007 00000020 00000006 00000001
 2047 J 00000007 00000021 00000006 00000001
 2048 J 00000007 00000022 00000006 00000001
 2049 J 00000007 00000023 00000006 00000001
 2050 J 00000007 00000024 00000006 00000001
 2051 J 00000007 00000025 00000006 00000001
 2052 J 00000007 00000026 00000006 00000001
 2053 J 00000007 00000027 00000006 00000001
 2054 J 00000007 00000028 00000006 00000001
 2055 J 00000007 00000029 00000006 00000001
 2056 J 00000007 0000002a 00000006 00000001
 2057 J 00000007 0000002b 00000006 00000001
 2058 J 00000007 00000048 00000006 00000001
 2059 J 00000007 00000049 00000006 00000001
 2060 J 00000007 0000002c 00000005 00000001
 2061 J 00000007 00000053 00000005 00000001
 2062 J 00000007 00000003 00000004 00000001
 2063 J 00000007 00000004 00000004 00000001
 2064 J 00000007 00000005 00000004 00000001
 2065 J 00000007 00000006 00000004 00000001
 2066 J 00000007 00000007 00000004 00000001
 2067 J 00000007 0000000d 00000004 00000001
 2068 J 00000007 0000000e 00000004 00000001
 2069 J 00000007 0000000f 00000004 00000001
 2070 J 00000007 00000017 00000004 00000001
 2071 J 00000007 00000018 00000004 00000001
 2072 J 00000007 00000019 00000004 00000001
 2073 J 00000007 0000001a 00000004 00000001
 2074 J 00000007 00000033 00000004 00000001
 2075 J 00000007 00000034 00000004 00000001
 2076 J 00000007 00000035 00000004 00000001
 2077 J 00000007 00000036 00000004 00000001
 2078 J 00000007 00000037 00000004 00000001
 2079 J 00000007 00000038 00000004 00000001
 2080 J 00000007 00000039 00000004 00000001
 2081 J 00000007 0000003a 00000004 00000001
 2082 J 00000007 0000003b 00000004 00000001
 2083 J 00000007 0000003c 00000004 00000001
 2084 J 00000007 0000003d 00000004 00000001
 2085 J 00000007 0000003e 00000004 00000001
 2086 J 00000007 0000003f 00000004 00000001
 2087 J 00000007 00000040 00000004 00000001
 2088 J 00000007 00000041 00000004 00000001
 2089 J 00000007 00000042 00000004 00000001
 2090 J 00000007 00000043 00000004 00000001
 2091 J 00000007 00000044 00000004 00000001
 2092 J 00000007 00000045 00000004 00000001
 2093 J 00000007 00000046 00000004 00000001
 2094 J 00000007 0000004d 00000004 00000001
 2095 J 00000007 0000004e 00000004 00000001
 2096 J 00000007 0000004f 00000004 00000001
 2097 J 00000007 00000055 00000004 00000001
 2098 J 00000007 00000058 00000004 00000001
 2099 J 00000007 00000059 00000004 00000001
 2100 J 00000007 0000005a 00000004 00000001
 2101 J 00000007 0000005b 00000004 00000001
 2102 J 00000007 0000005c 00000004 00000001
 2103 J 00000007 0000005d 00000004 00000001
 2104 J 00000007 0000005e 00000004 00000001
 2105 J 00000007 0000005f 00000004 00000001
 2106 J 00000007 00000062 00000004 00000001
 2107 J 00000007 00000063 00000004 00000001
 2108 J 00000007 00000064 00000004 00000001
 2109 J 00000007 00000065 00000004 00000001
 2110 J 00000007 00000066 00000004 00000001
 2111 J 00000007 00000067 00000004 00000001
 2112 J 00000007 00000068 00000004 00000001
 2113 J 00000007 00000069 00000004 00000001
 2114 J 00000007 0000006a 00000004 00000001
 2115 J 00000007 0000006b 00000004 00000001
 2116 J 00000007 0000006c 00000004 00000001
 2117 J 00000007 0000006d 00000004 00000001
 2118 J 00000007 0000006e 00000004 00000001
 2119 J 00000007 0000006f 00000004 00000001
 2120 J 00000007 00000070 00000004 00000001
 2121 J 00000007 00000071 00000004 00000001
 2122 J 00000007 00000072 00000004 00000001
 2123 J 00000007 00000073 00000004 00000001
 2124 J 00000007 00000074 00000004 00000001
 2125 J 00000007 00000075 00000004 00000001
 2126 J 00000007 00000076 00000004 00000001
 2127 J 00000007 00000077 00000004 00000001
 2128 J 00000007 00000078 00000004 00000001
 2129 J 00000007 00000079 00000004 00000001
 2130 J 00000007 0000007a 00000004 00000001
 2131 J 00000007 0000007b 00000004 00000001
 2132 J 00000007 0000007c 00000004 00000001
 2133 J 00000007 0000007d 00000004 00000001
 2134 J 00000007 0000007e 00000004 00000001
 2135 J 00000007 0000007f 00000004 00000001
 2136 J 00000007 00000032 00000004 00000001
 2137 J 00000007 00000047 00000003 00000001
 2138 J 00000007 00000031 00000003 00000001
 2139 J 00000007 00000050 00000003 00000001
 2140 J 00000007 00000051 00000003 00000001
 2141 J 00000007 00000052 00000003 00000001
 2142 J 00000007 00000054 00000003 00000001
 2143 J 00000007 00000056 00000003 00000001
 2144 J 00000007 00000057 00000003 00000001
 2145 J 00000007 0000004b 00000002 00000001
 2146 J 00000007 0000004c 00000001 00000001
 2147 J 00000007 00000060 00000001 00000001
 2148 J 00000007 00000061 00000001 00000001
 2149 J 00000007 0000004a 00000000 00000001
 2150 S 00000012 ce4e3274 ce4e4560 00000001
 2151 W 00000019 00000000 00000007 00000001
 2152 E cd0dc000 cda2fd8c 00000000 bf19c008
 2153 E cd0de800 cda2fd8c 00000000 bf19c008
 2154 E cd0e8800 cda2fd8c 00000000 bf19c008
 2155 E cd0ea800 cda2fd8c 00000000 bf19c008
 2156 E cd0ec800 cda2fd8c 00000000 bf19c008
 2157 C 00000000 00000000 00000007 00000001
 2158 G cda2fdb0 00008100 00009100 00009200
 2159 a 00000001 00008100 00009100 00009200
 2160 h 00000000 00000001 bf0fc994 00009200
 2161 k 00000001 00000003 bf0fc940 00009200
 2162 x 00000000 040200ff bf0fc710 00009200
 2163 M 00000000 00000002 bf0fc8ec 00009200
 2164 n 00000001 00000000 bf0fc908 00000000
 2165 O 00000000 000007d0 bf0fc924 00000000
 2166 O 00000001 000007d0 00000000 00000000
 2167 O 00000002 000007d0 00000000 00000000
 2168 O 00000003 000007d0 00000000 00000000
 2169 O 00000004 000007d0 00000000 00000000
 2170 T 00008100 cda2fcf4 00000000 00000000
 2171 I 00000000 00000000 00000000 00000000
 2172 I 00000000 00000000 00000004 00000000
 2173 I 00000000 00000000 00000008 00000000
 2174 I 00000000 00000000 0000000c 00000000
 2175 T 00009100 cda2fcf4 bf100be0 00000000
 2176 I 00000000 00000002 00000001 00000000
 2177 I 00000000 00000002 00000005 00000000
 2178 I 00000000 00000002 00000009 00000000
 2179 I 00000000 00000002 0000000d 00000000
 2180 T 000088a8 cda2fcf4 bf100bfc 00000000
 2181 I 00000000 00000001 00000002 00000000
 2182 I 00000000 00000001 00000006 00000000
 2183 I 00000000 00000001 0000000a 00000000
 2184 I 00000000 00000001 0000000e 00000000
 2185 T 00009200 cda2fcf4 bf100c18 00000000
 2186 I 00000000 00000003 00000003 00000000
 2187 I 00000000 00000003 00000007 00000000
 2188 I 00000000 00000003 0000000b 00000000
 2189 I 00000000 00000003 0000000f 00000000
 2190 T 00008100 cda2fcf4 bf100c34 00000000
 2191 I 00000001 00000000 00000000 00000000
 2192 I 00000001 00000000 00000004 00000000
 2193 I 00000001 00000000 00000008 00000000
 2194 I 00000001 00000000 0000000c 00000000
 2195 T 00009100 cda2fcf4 bf100be0 00000000
 2196 I 00000001 00000002 00000001 00000000
 2197 I 00000001 00000002 00000005 00000000
 2198 I 00000001 00000002 00000009 00000000
 2199 I 00000001 00000002 0000000d 00000000
 2200 T 000088a8 cda2fcf4 bf100bfc 00000000
 2201 I 00000001 00000001 00000002 00000000
 2202 I 00000001 00000001 00000006 00000000
 2203 I 00000001 00000001 0000000a 00000000
 2204 I 00000001 00000001 0000000e 00000000
 2205 T 00009200 cda2fcf4 bf100c18 00000000
 2206 I 00000001 00000003 00000003 00000000
 2207 I 00000001 00000003 00000007 00000000
 2208 I 00000001 00000003 0000000b 00000000
 2209 I 00000001 00000003 0000000f 00000000
 2210 T 00008100 cda2fcf4 bf100c34 00000000
 2211 I 00000002 00000000 00000000 00000000
 2212 I 00000002 00000000 00000004 00000000
 2213 I 00000002 00000000 00000008 00000000
 2214 I 00000002 00000000 0000000c 00000000
 2215 T 00009100 cda2fcf4 bf100be0 00000000
 2216 I 00000002 00000002 00000001 00000000
 2217 I 00000002 00000002 00000005 00000000
 2218 I 00000002 00000002 00000009 00000000
 2219 I 00000002 00000002 0000000d 00000000
 2220 T 000088a8 cda2fcf4 bf100bfc 00000000
 2221 I 00000002 00000001 00000002 00000000
 2222 I 00000002 00000001 00000006 00000000
 2223 I 00000002 00000001 0000000a 00000000
 2224 I 00000002 00000001 0000000e 00000000
 2225 T 00009200 cda2fcf4 bf100c18 00000000
 2226 I 00000002 00000003 00000003 00000000
 2227 I 00000002 00000003 00000007 00000000
 2228 I 00000002 00000003 0000000b 00000000
 2229 I 00000002 00000003 0000000f 00000000
 2230 T 00008100 cda2fcf4 bf100c34 00000000
 2231 I 00000003 00000000 00000000 00000000
 2232 I 00000003 00000000 00000004 00000000
 2233 I 00000003 00000000 00000008 00000000
 2234 I 00000003 00000000 0000000c 00000000
 2235 T 00009100 cda2fcf4 bf100be0 00000000
 2236 I 00000003 00000002 00000001 00000000
 2237 I 00000003 00000002 00000005 00000000
 2238 I 00000003 00000002 00000009 00000000
 2239 I 00000003 00000002 0000000d 00000000
 2240 T 000088a8 cda2fcf4 bf100bfc 00000000
 2241 I 00000003 00000001 00000002 00000000
 2242 I 00000003 00000001 00000006 00000000
 2243 I 00000003 00000001 0000000a 00000000
 2244 I 00000003 00000001 0000000e 00000000
 2245 T 00009200 cda2fcf4 bf100c18 00000000
 2246 I 00000003 00000003 00000003 00000000
 2247 I 00000003 00000003 00000007 00000000
 2248 I 00000003 00000003 0000000b 00000000
 2249 I 00000003 00000003 0000000f 00000000
 2250 T 00008100 cda2fcf4 bf100c34 00000000
 2251 I 00000004 00000000 00000000 00000000
 2252 I 00000004 00000000 00000004 00000000
 2253 I 00000004 00000000 00000008 00000000
 2254 I 00000004 00000000 0000000c 00000000
 2255 T 00009100 cda2fcf4 bf100be0 00000000
 2256 I 00000004 00000002 00000001 00000000
 2257 I 00000004 00000002 00000005 00000000
 2258 I 00000004 00000002 00000009 00000000
 2259 I 00000004 00000002 0000000d 00000000
 2260 T 000088a8 cda2fcf4 bf100bfc 00000000
 2261 I 00000004 00000001 00000002 00000000
 2262 I 00000004 00000001 00000006 00000000
 2263 I 00000004 00000001 0000000a 00000000
 2264 I 00000004 00000001 0000000e 00000000
 2265 T 00009200 cda2fcf4 bf100c18 00000000
 2266 I 00000004 00000003 00000003 00000000
 2267 I 00000004 00000003 00000007 00000000
 2268 I 00000004 00000003 0000000b 00000000
 2269 I 00000004 00000003 0000000f 00000000
 2270 T 00008100 cda2fcf4 bf100c34 00000000
 2271 I 00000005 00000000 00000000 00000000
 2272 I 00000005 00000000 00000004 00000000
 2273 I 00000005 00000000 00000008 00000000
 2274 I 00000005 00000000 0000000c 00000000
 2275 T 00009100 cda2fcf4 bf100be0 00000000
 2276 I 00000005 00000002 00000001 00000000
 2277 I 00000005 00000002 00000005 00000000
 2278 I 00000005 00000002 00000009 00000000
 2279 I 00000005 00000002 0000000d 00000000
 2280 T 000088a8 cda2fcf4 bf100bfc 00000000
 2281 I 00000005 00000001 00000002 00000000
 2282 I 00000005 00000001 00000006 00000000
 2283 I 00000005 00000001 0000000a 00000000
 2284 I 00000005 00000001 0000000e 00000000
 2285 T 00009200 cda2fcf4 bf100c18 00000000
 2286 I 00000005 00000003 00000003 00000000
 2287 I 00000005 00000003 00000007 00000000
 2288 I 00000005 00000003 0000000b 00000000
 2289 I 00000005 00000003 0000000f 00000000
 2290 T 00008100 cda2fcf4 bf100c34 00000000
 2291 I 00000006 00000000 00000000 00000000
 2292 I 00000006 00000000 00000004 00000000
 2293 I 00000006 00000000 00000008 00000000
 2294 I 00000006 00000000 0000000c 00000000
 2295 T 00009100 cda2fcf4 bf100be0 00000000
 2296 I 00000006 00000002 00000001 00000000
 2297 I 00000006 00000002 00000005 00000000
 2298 I 00000006 00000002 00000009 00000000
 2299 I 00000006 00000002 0000000d 00000000
 2300 T 000088a8 cda2fcf4 bf100bfc 00000000
 2301 I 00000006 00000001 00000002 00000000
 2302 I 00000006 00000001 00000006 00000000
 2303 I 00000006 00000001 0000000a 00000000
 2304 I 00000006 00000001 0000000e 00000000
 2305 T 00009200 cda2fcf4 bf100c18 00000000
 2306 I 00000006 00000003 00000003 00000000
 2307 I 00000006 00000003 00000007 00000000
 2308 I 00000006 00000003 0000000b 00000000
 2309 I 00000006 00000003 0000000f 00000000
 2310 T 00008100 cda2fcf4 bf100c34 00000000
 2311 I 00000007 00000000 00000000 00000000
 2312 I 00000007 00000000 00000004 00000000
 2313 I 00000007 00000000 00000008 00000000
 2314 I 00000007 00000000 0000000c 00000000
 2315 T 00009100 cda2fcf4 bf100be0 00000000
 2316 I 00000007 00000002 00000001 00000000
 2317 I 00000007 00000002 00000005 00000000
 2318 I 00000007 00000002 00000009 00000000
 2319 I 00000007 00000002 0000000d 00000000
 2320 T 000088a8 cda2fcf4 bf100bfc 00000000
 2321 I 00000007 00000001 00000002 00000000
 2322 I 00000007 00000001 00000006 00000000
 2323 I 00000007 00000001 0000000a 00000000
 2324 I 00000007 00000001 0000000e 00000000
 2325 T 00009200 cda2fcf4 bf100c18 00000000
 2326 I 00000007 00000003 00000003 00000000
 2327 I 00000007 00000003 00000007 00000000
 2328 I 00000007 00000003 0000000b 00000000
 2329 I 00000007 00000003 0000000f 00000000
 2330 T 00008100 cda2fcf4 bf100c34 00000000
 2331 I 00000008 00000000 00000000 00000000
 2332 I 00000008 00000000 00000004 00000000
 2333 I 00000008 00000000 00000008 00000000
 2334 I 00000008 00000000 0000000c 00000000
 2335 T 00009100 cda2fcf4 bf100be0 00000000
 2336 I 00000008 00000002 00000001 00000000
 2337 I 00000008 00000002 00000005 00000000
 2338 I 00000008 00000002 00000009 00000000
 2339 I 00000008 00000002 0000000d 00000000
 2340 T 000088a8 cda2fcf4 bf100bfc 00000000
 2341 I 00000008 00000001 00000002 00000000
 2342 I 00000008 00000001 00000006 00000000
 2343 I 00000008 00000001 0000000a 00000000
 2344 I 00000008 00000001 0000000e 00000000
 2345 T 00009200 cda2fcf4 bf100c18 00000000
 2346 I 00000008 00000003 00000003 00000000
 2347 I 00000008 00000003 00000007 00000000
 2348 I 00000008 00000003 0000000b 00000000
 2349 I 00000008 00000003 0000000f 00000000
 2350 p cda2fd34 00650650 bf1b68c0 00000001
 2351 Q 00000004 00000000 00000000 00000001
 2352 Q 00000004 00000001 00000000 f4000000
 2353 D 00000004 00000001 bf0fc79c f4000000
 2354 L 00000004 00000001 bf0fcb38 f4000000
 2355 v 00000004 00000000 00000000 00000001
 2356 d 00000004 00000000 00000000 00000001
 2357 V 00000004 00000000 00000000 00000003
 2358 V 00000004 00000000 00000fff 00000003
 2359 V 00000004 00000000 00000fff 00000003
 2360 V 00000005 00000000 00000fff 00000003
 2361 i 00000004 ffffff10 bf0fceb8 000000ff
 2362 Y 00000004 ffffff10 bf0fceb8 000000ff
 2363 b cda2fd40 000000df bf0fcca4 000000ff
 2364 F 00000004 00000000 bf0fcca4 000000ff
 2365 B 00000004 00000000 bf0fcbc4 f4000000
 2366 0 00000004 00000000 bf0fcbe0 f4000000
 2367 w 00000004 00000000 bf0fcbfc f4000000
 2368 u cda2fd78 00000001 bf0fcdd8 00000005
 2369 U 00000004 00000001 bf0fcdd8 00000005
 2370 2 00000004 00000001 bf0fcc18 f4000000
 2371 3 00000004 00000000 bf0fcc34 f4000000
 2372 1 00000004 00000000 bf0fcc50 f4000000
 2373 z 00000004 00000000 bf0fcc6c f4000000
 2374 m cda2fd50 00000001 bf0fcdf4 00000000
 2375 R 00000004 00000001 bf0fcdf4 00000000
 2376 4 00000004 00000000 bf0fcb54 f4000000
 2377 5 00000004 00000000 bf0fcb70 f4000000
 2378 y 00000004 00000000 bf0fcb8c f4000000
 2379 6 00000004 00000000 00000005 f4000000
 2380 p cda2fd34 00000000 bf0fcba8 00000001
 2381 Q 00000000 00000000 00000001 00000001
 2382 Q 00000000 00000001 00000001 f4000000
 2383 D 00000000 00000001 bf0fc79c f4000000
 2384 L 00000000 00000001 bf0fcb38 f4000000
 2385 v 00000000 00000000 00000000 00000001
 2386 d 00000000 00000000 00000000 00000001
 2387 V 00000000 00000000 00000000 00000003
 2388 V 00000000 00000000 00000fff 00000003
 2389 i 00000000 ffffff01 bf0fceb8 000000ff
 2390 Y 00000000 ffffff01 bf0fceb8 000000ff
 2391 b cda2fd40 000000fd bf0fcca4 000000ff
 2392 F 00000000 00000000 bf0fcca4 000000ff
 2393 B 00000000 00000000 bf0fcbc4 f4000000
 2394 0 00000000 00000000 bf0fcbe0 f4000000
 2395 w 00000000 00000000 bf0fcbfc f4000000
 2396 u cda2fd78 00000001 bf0fcdd8 00000005
 2397 U 00000000 00000001 bf0fcdd8 00000005
 2398 2 00000000 00000001 bf0fcc18 f4000000
 2399 3 00000000 00000000 bf0fcc34 f4000000
 2400 1 00000000 00000000 bf0fcc50 f4000000
 2401 z 00000000 00000000 bf0fcc6c f4000000
 2402 m cda2fd50 00000001 bf0fcdf4 00000000
 2403 R 00000000 00000001 bf0fcdf4 00000000
 2404 4 00000000 00000000 bf0fcb54 f4000000
 2405 5 00000000 00000000 bf0fcb70 f4000000
 2406 y 00000000 00000000 bf0fcb8c f4000000
 2407 6 00000000 00000000 00000005 f4000000
 2408 p cda2fd34 00000000 bf0fcba8 00000001
 2409 Q 00000001 00000000 00000001 00000001
 2410 Q 00000001 00000001 00000001 f4000000
 2411 D 00000001 00000001 bf0fc79c f4000000
 2412 L 00000001 00000001 bf0fcb38 f4000000
 2413 v 00000001 00000000 00000000 00000001
 2414 d 00000001 00000000 00000000 00000001
 2415 V 00000001 00000000 00000000 00000003
 2416 V 00000001 00000000 00000fff 00000003
 2417 i 00000001 ffffff02 bf0fceb8 000000ff
 2418 Y 00000001 ffffff02 bf0fceb8 000000ff
 2419 b cda2fd40 000000fb bf0fcca4 000000ff
 2420 F 00000001 00000000 bf0fcca4 000000ff
 2421 B 00000001 00000000 bf0fcbc4 f4000000
 2422 0 00000001 00000000 bf0fcbe0 f4000000
 2423 w 00000001 00000000 bf0fcbfc f4000000
 2424 u cda2fd78 00000001 bf0fcdd8 00000005
 2425 U 00000001 00000001 bf0fcdd8 00000005
 2426 2 00000001 00000001 bf0fcc18 f4000000
 2427 3 00000001 00000000 bf0fcc34 f4000000
 2428 1 00000001 00000000 bf0fcc50 f4000000
 2429 z 00000001 00000000 bf0fcc6c f4000000
 2430 m cda2fd50 00000001 bf0fcdf4 00000000
 2431 R 00000001 00000001 bf0fcdf4 00000000
 2432 4 00000001 00000000 bf0fcb54 f4000000
 2433 5 00000001 00000000 bf0fcb70 f4000000
 2434 y 00000001 00000000 bf0fcb8c f4000000
 2435 6 00000001 00000000 00000005 f4000000
 2436 p cda2fd34 00000000 bf0fcba8 00000001
 2437 Q 00000002 00000000 00000001 00000001
 2438 Q 00000002 00000001 00000001 f4000000
 2439 D 00000002 00000001 bf0fc79c f4000000
 2440 L 00000002 00000001 bf0fcb38 f4000000
 2441 v 00000002 00000000 00000000 00000001
 2442 d 00000002 00000000 00000000 00000001
 2443 V 00000002 00000000 00000000 00000003
 2444 V 00000002 00000000 00000fff 00000003
 2445 i 00000002 ffffff04 bf0fceb8 000000ff
 2446 Y 00000002 ffffff04 bf0fceb8 000000ff
 2447 b cda2fd40 000000f7 bf0fcca4 000000ff
 2448 F 00000002 00000000 bf0fcca4 000000ff
 2449 B 00000002 00000000 bf0fcbc4 f4000000
 2450 0 00000002 00000000 bf0fcbe0 f4000000
 2451 w 00000002 00000000 bf0fcbfc f4000000
 2452 u cda2fd78 00000001 bf0fcdd8 00000005
 2453 U 00000002 00000001 bf0fcdd8 00000005
 2454 2 00000002 00000001 bf0fcc18 f4000000
 2455 3 00000002 00000000 bf0fcc34 f4000000
 2456 1 00000002 00000000 bf0fcc50 f4000000
 2457 z 00000002 00000000 bf0fcc6c f4000000
 2458 m cda2fd50 00000001 bf0fcdf4 00000000
 2459 R 00000002 00000001 bf0fcdf4 00000000
 2460 4 00000002 00000000 bf0fcb54 f4000000
 2461 5 00000002 00000000 bf0fcb70 f4000000
 2462 y 00000002 00000000 bf0fcb8c f4000000
 2463 6 00000002 00000000 00000005 f4000000
 2464 p cda2fd34 00000000 bf0fcba8 00000001
 2465 Q 00000003 00000000 00000001 00000001
 2466 Q 00000003 00000001 00000001 f4000000
 2467 D 00000003 00000001 bf0fc79c f4000000
 2468 L 00000003 00000001 bf0fcb38 f4000000
 2469 v 00000003 00000000 00000000 00000001
 2470 d 00000003 00000000 00000000 00000001
 2471 V 00000003 00000000 00000000 00000003
 2472 V 00000003 00000000 00000fff 00000003
 2473 i 00000003 ffffff08 bf0fceb8 000000ff
 2474 Y 00000003 ffffff08 bf0fceb8 000000ff
 2475 b cda2fd40 000000ef bf0fcca4 000000ff
 2476 F 00000003 00000000 bf0fcca4 000000ff
 2477 B 00000003 00000000 bf0fcbc4 f4000000
 2478 0 00000003 00000000 bf0fcbe0 f4000000
 2479 w 00000003 00000000 bf0fcbfc f4000000
 2480 u cda2fd78 00000001 bf0fcdd8 00000005
 2481 U 00000003 00000001 bf0fcdd8 00000005
 2482 2 00000003 00000001 bf0fcc18 f4000000
 2483 3 00000003 00000000 bf0fcc34 f4000000
 2484 1 00000003 00000000 bf0fcc50 f4000000
 2485 z 00000003 00000000 bf0fcc6c f4000000
 2486 m cda2fd50 00000001 bf0fcdf4 00000000
 2487 R 00000003 00000001 bf0fcdf4 00000000
 2488 4 00000003 00000000 bf0fcb54 f4000000
 2489 5 00000003 00000000 bf0fcb70 f4000000
 2490 y 00000003 00000000 bf0fcb8c f4000000
 2491 6 00000003 00000000 00000005 f4000000
 2492 p cda2fd34 00000000 00000010 00000001
 2493 Q 00000005 00000000 00000001 00000001
 2494 Q 00000005 00000001 00000001 f4000000
 2495 D 00000005 00000001 bf0fc79c f4000000
 2496 L 00000005 00000001 bf0fcb38 f4000000
 2497 v 00000005 00000000 00000000 00000001
 2498 d 00000005 00000000 00000000 00000001
 2499 V 00000005 00000000 00000000 00000003
 2500 V 00000005 00000000 00000fff 00000003
 2501 i 00000005 ffffff20 bf0fceb8 000000ff
 2502 Y 00000005 ffffff20 bf0fceb8 000000ff
 2503 b cda2fd40 000000fe bf0fcca4 000000ff
 2504 F 00000005 00000000 bf0fcca4 000000ff
 2505 B 00000005 00000000 bf0fcbc4 f4000000
 2506 0 00000005 00000000 bf0fcbe0 f4000000
 2507 w 00000005 00000000 bf0fcbfc f4000000
 2508 u cda2fd78 00000001 bf0fcdd8 00000001
 2509 U 00000005 00000001 bf0fcdd8 00000001
 2510 2 00000005 00000001 bf0fcc18 f4000000
 2511 3 00000005 00000001 bf0fcc34 f4000000
 2512 1 00000005 00000000 bf0fcc50 f4000000
 2513 z 00000005 00000000 bf0fcc6c f4000000
 2514 m cda2fd50 00000001 bf0fcdf4 00000000
 2515 R 00000005 00000001 bf0fcdf4 00000000
 2516 4 00000005 00000000 bf0fcb54 f4000000
 2517 5 00000005 00000000 bf0fcb70 f4000000
 2518 y 00000005 00000000 bf0fcb8c f4000000
 2519 6 00000005 00000000 00000005 f4000000
 2520 p cda2fd34 00000000 00000040 00000001
 2521 Q 00000006 00000000 00000001 00000001
 2522 Q 00000006 00000001 00000001 f4000000
 2523 D 00000006 00000001 bf0fc79c f4000000
 2524 L 00000006 00000001 bf0fcb38 f4000000
 2525 v 00000006 00000000 00000000 00000001
 2526 d 00000006 00000000 00000000 00000001
 2527 V 00000006 00000000 00000000 00000003
 2528 V 00000006 00000000 00000fff 00000003
 2529 i 00000006 ffffff00 bf0fceb8 00000006
 2530 Y 00000006 ffffff00 bf0fceb8 00000006
 2531 b cda2fd40 000000ff bf0fcca4 00000006
 2532 F 00000006 00000000 bf0fcca4 00000006
 2533 B 00000006 00000000 bf0fcbc4 f4000000
 2534 0 00000006 00000000 bf0fcbe0 f4000000
 2535 w 00000006 00000000 bf0fcbfc f4000000
 2536 u cda2fd78 00000001 bf0fcdd8 00000005
 2537 U 00000006 00000001 bf0fcdd8 00000005
 2538 2 00000006 00000001 bf0fcc18 f4000000
 2539 3 00000006 00000000 bf0fcc34 f4000000
 2540 1 00000006 00000000 bf0fcc50 f4000000
 2541 z 00000006 00000000 bf0fcc6c f4000000
 2542 m cda2fd50 00000001 bf0fcdf4 00000002
 2543 R 00000006 00000001 bf0fcdf4 00000002
 2544 4 00000006 00000000 bf0fcb54 f4000000
 2545 5 00000006 00000000 bf0fcb70 f4000000
 2546 y 00000006 00000001 bf0fcb8c f4000000
 2547 6 00000006 00000000 00000005 f4000000
 2548 p cda2fd34 00000000 00000006 00000001
 2549 Q 00000007 00000000 00000001 00000001
 2550 Q 00000007 00000001 00000001 f4000000
 2551 D 00000007 00000001 bf0fc79c f4000000
 2552 L 00000007 00000001 bf0fcb38 f4000000
 2553 v 00000007 00000000 00000000 00000001
 2554 d 00000007 00000000 00000000 00000001
 2555 V 00000007 00000000 00000000 00000003
 2556 V 00000007 00000000 00000fff 00000003
 2557 i 00000007 ffffff00 bf0fceb8 00000007
 2558 Y 00000007 ffffff00 bf0fceb8 00000007
 2559 b cda2fd40 000000ff bf0fcca4 00000007
 2560 F 00000007 00000000 bf0fcca4 00000007
 2561 B 00000007 00000000 bf0fcbc4 f4000000
 2562 0 00000007 00000000 bf0fcbe0 f4000000
 2563 w 00000007 00000000 bf0fcbfc f4000000
 2564 u cda2fd78 00000001 bf0fcdd8 00000005
 2565 U 00000007 00000001 bf0fcdd8 00000005
 2566 2 00000007 00000001 bf0fcc18 f4000000
 2567 3 00000007 00000000 bf0fcc34 f4000000
 2568 1 00000007 00000000 bf0fcc50 f4000000
 2569 z 00000007 00000000 bf0fcc6c f4000000
 2570 m cda2fd50 00000001 bf0fcdf4 00000002
 2571 R 00000007 00000001 bf0fcdf4 00000002
 2572 4 00000007 00000000 bf0fcb54 f4000000
 2573 5 00000007 00000000 bf0fcb70 f4000000
 2574 y 00000007 00000001 bf0fcb8c f4000000
 2575 6 00000007 00000000 00000005 f4000000
 2576 P cda2fd60 00001f40 00000000 00000001
 2577 ! 00000000 00001f40 00000001 bf102a30
 2578 7 00000001 00000600 bf0fac78 bf102a30
 2579 9 00000000 cda2fcf4 bf0fae54 bf102a30
 2580 8 00000000 cda2fcf4 00000001 00000004
 2581 9 00000001 cda2fcf4 bf0fac24 f4000000
 2582 8 00000001 cda2fcf4 00000001 00000015
 2583 9 00000002 cda2fcf4 bf0fac24 f4000000
 2584 8 00000002 cda2fcf4 00000001 00000015
 2585 9 00000003 cda2fcf4 bf0fac24 f4000000
 2586 8 00000003 cda2fcf4 00000001 00000015
 2587 9 00000004 cda2fcf4 bf0fac24 f4000000
 2588 8 00000004 cda2fcf4 00000001 00000015
 2589 9 00000005 cda2fcf4 bf0fac24 f4000000
 2590 8 00000005 cda2fcf4 00000001 00000015
 2591 9 00000006 cda2fcf4 bf0fac24 f4000000
 2592 8 00000006 cda2fcf4 00000001 00000015
 2593 9 00000007 cda2fcf4 bf0fac24 f4000000
 2594 8 00000007 cda2fcf4 00000001 00000015
 2595 9 00000008 cda2fcf4 bf0fac24 f4000000
 2596 8 00000008 cda2fcf4 00000001 00000015
 2597 9 00000009 cda2fcf4 bf0fac24 f4000000
 2598 8 00000009 cda2fcf4 00000001 00000015
 2599 9 0000000a cda2fcf4 bf0fac24 f4000000
 2600 8 0000000a cda2fcf4 00000001 00000015
 2601 9 0000000b cda2fcf4 bf0fac24 f4000000
 2602 8 0000000b cda2fcf4 00000001 00000004
 2603 9 0000000c cda2fcf4 bf0fac24 f4000000
 2604 8 0000000c cda2fcf4 00000001 00000004
 2605 9 0000000d cda2fcf4 bf0fac24 f4000000
 2606 8 0000000d cda2fcf4 00000001 00000004
 2607 9 0000000e cda2fcf4 bf0fac24 f4000000
 2608 8 0000000e cda2fcf4 00000001 00000004
 2609 9 0000000f cda2fcf4 bf0fac24 f4000000
 2610 8 0000000f cda2fcf4 00000001 00000004
 2611 q 00000000 00001f40 bf0fac24 f4000000
 2612 l 00000000 00000000 00000001 00001f40
 2613 e 00000000 00000000 00000001 00001f40
 2614 f 00000000 00000000 00001f40 00001f40
 2615 l 00000001 00000000 00000001 00001f40
 2616 e 00000001 00000000 00000001 00001f40
 2617 f 00000001 00000000 00001f40 00001f40
 2618 q 00000001 00000000 bf0fe94c f4000000
 2619 l 00000000 00000001 00000001 00000000
 2620 e 00000000 00000001 00000001 00000000
 2621 f 00000000 00000001 00000000 00000000
 2622 l 00000001 00000001 00000001 00000000
 2623 e 00000001 00000001 00000001 00000000
 2624 f 00000001 00000001 00000000 00000000
 2625 q 00000002 00000000 bf0fe94c f4000000
 2626 l 00000000 00000002 00000001 00000000
 2627 e 00000000 00000002 00000001 00000000
 2628 f 00000000 00000002 00000000 00000000
 2629 l 00000001 00000002 00000001 00000000
 2630 e 00000001 00000002 00000001 00000000
 2631 f 00000001 00000002 00000000 00000000
 2632 q 00000003 00000000 bf0fe94c f4000000
 2633 l 00000000 00000003 00000001 00000000
 2634 e 00000000 00000003 00000001 00000000
 2635 f 00000000 00000003 00000000 00000000
 2636 l 00000001 00000003 00000001 00000000
 2637 e 00000001 00000003 00000001 00000000
 2638 f 00000001 00000003 00000000 00000000
 2639 q 00000004 00000000 bf0fe94c f4000000
 2640 l 00000000 00000004 00000001 00000000
 2641 e 00000000 00000004 00000001 00000000
 2642 f 00000000 00000004 00000000 00000000
 2643 l 00000001 00000004 00000001 00000000
 2644 e 00000001 00000004 00000001 00000000
 2645 f 00000001 00000004 00000000 00000000
 2646 q 00000005 00000000 bf0fe94c f4000000
 2647 l 00000000 00000005 00000001 00000000
 2648 e 00000000 00000005 00000001 00000000
 2649 f 00000000 00000005 00000000 00000000
 2650 l 00000001 00000005 00000001 00000000
 2651 e 00000001 00000005 00000001 00000000
 2652 f 00000001 00000005 00000000 00000000
 2653 q 00000006 00000000 bf0fe94c f4000000
 2654 l 00000000 00000006 00000001 00000000
 2655 e 00000000 00000006 00000001 00000000
 2656 f 00000000 00000006 00000000 00000000
 2657 l 00000001 00000006 00000001 00000000
 2658 e 00000001 00000006 00000001 00000000
 2659 f 00000001 00000006 00000000 00000000
 2660 q 00000007 00000000 bf0fe94c f4000000
 2661 l 00000000 00000007 00000001 00000000
 2662 e 00000000 00000007 00000001 00000000
 2663 f 00000000 00000007 00000000 00000000
 2664 l 00000001 00000007 00000001 00000000
 2665 e 00000001 00000007 00000001 00000000
 2666 f 00000001 00000007 00000000 00000000
 2667 t 00000000 0000004a 00000000 f4000000
 2668 J 00000000 0000004a 00000000 00000000
 2669 J 00000001 0000004a 00000000 00000000
 2670 J 00000002 0000004a 00000000 00000000
 2671 J 00000003 0000004a 00000000 00000000
 2672 J 00000004 0000004a 00000000 00000000
 2673 J 00000006 0000004a 00000000 00000000
 2674 J 00000007 0000004a 00000000 00000000
 2675 t 00000001 0000004a 00000000 f4000000
 2676 J 00000005 0000004a 00000000 00000001
 2677 l 00000000 00000005 00000001 00001f40
 2678 e 00000000 00000005 00000001 00001f40
 2679 f 00000000 00000005 00001f40 00001f40
 2680 l 00000001 00000005 00000001 00001f40
 2681 e 00000001 00000005 00000001 00001f40
 2682 f 00000001 00000005 00001f40 00001f40
 2683 t 00000000 00000060 00000001 00001f40
 2684 J 00000000 00000060 00000001 00000000
 2685 J 00000001 00000060 00000001 00000000
 2686 J 00000002 00000060 00000001 00000000
 2687 J 00000003 00000060 00000001 00000000
 2688 J 00000004 00000060 00000001 00000000
 2689 J 00000006 00000060 00000001 00000000
 2690 J 00000007 00000060 00000001 00000000
 2691 t 00000001 00000060 00000001 00001f40
 2692 J 00000005 00000060 00000001 00000001
 2693 l 00000000 00000005 00000001 00001f40
 2694 e 00000000 00000005 00000001 00001f40
 2695 f 00000000 00000005 00001f40 00001f40
 2696 l 00000001 00000005 00000001 00001f40
 2697 e 00000001 00000005 00000001 00001f40
 2698 f 00000001 00000005 00001f40 00001f40
 2699 t 00000000 00000061 00000001 00001f40
 2700 J 00000000 00000061 00000001 00000000
 2701 J 00000001 00000061 00000001 00000000
 2702 J 00000002 00000061 00000001 00000000
 2703 J 00000003 00000061 00000001 00000000
 2704 J 00000004 00000061 00000001 00000000
 2705 J 00000006 00000061 00000001 00000000
 2706 J 00000007 00000061 00000001 00000000
 2707 t 00000001 00000061 00000001 00001f40
 2708 J 00000005 00000061 00000001 00000001
 2709 l 00000000 00000005 00000001 00001f40
 2710 e 00000000 00000005 00000001 00001f40
 2711 f 00000000 00000005 00001f40 00001f40
 2712 l 00000001 00000005 00000001 00001f40
 2713 e 00000001 00000005 00000001 00001f40
 2714 f 00000001 00000005 00001f40 00001f40
 2715 t 00000000 0000004c 00000001 00001f40
 2716 J 00000000 0000004c 00000001 00000000
 2717 J 00000001 0000004c 00000001 00000000
 2718 J 00000002 0000004c 00000001 00000000
 2719 J 00000003 0000004c 00000001 00000000
 2720 J 00000004 0000004c 00000001 00000000
 2721 J 00000006 0000004c 00000001 00000000
 2722 J 00000007 0000004c 00000001 00000000
 2723 t 00000001 0000004c 00000001 00001f40
 2724 J 00000005 0000004c 00000001 00000001
 2725 l 00000000 00000005 00000001 00001f40
 2726 e 00000000 00000005 00000001 00001f40
 2727 f 00000000 00000005 00001f40 00001f40
 2728 l 00000001 00000005 00000001 00001f40
 2729 e 00000001 00000005 00000001 00001f40
 2730 f 00000001 00000005 00001f40 00001f40
 2731 t 00000000 00000049 00000001 00001f40
 2732 J 00000000 00000049 00000001 00000000
 2733 J 00000001 00000049 00000001 00000000
 2734 J 00000002 00000049 00000001 00000000
 2735 J 00000003 00000049 00000001 00000000
 2736 J 00000004 00000049 00000001 00000000
 2737 J 00000006 00000049 00000001 00000000
 2738 J 00000007 00000049 00000001 00000000
 2739 t 00000001 00000049 00000001 00001f40
 2740 J 00000005 00000049 00000001 00000001
 2741 l 00000000 00000005 00000001 00001f40
 2742 e 00000000 00000005 00000001 00001f40
 2743 f 00000000 00000005 00001f40 00001f40
 2744 l 00000001 00000005 00000001 00001f40
 2745 e 00000001 00000005 00000001 00001f40
 2746 f 00000001 00000005 00001f40 00001f40
 2747 t 00000000 0000004b 00000002 00001f40
 2748 J 00000000 0000004b 00000002 00000000
 2749 J 00000001 0000004b 00000002 00000000
 2750 J 00000002 0000004b 00000002 00000000
 2751 J 00000003 0000004b 00000002 00000000
 2752 J 00000004 0000004b 00000002 00000000
 2753 J 00000006 0000004b 00000002 00000000
 2754 J 00000007 0000004b 00000002 00000000
 2755 t 00000001 0000004b 00000002 00001f40
 2756 J 00000005 0000004b 00000002 00000001
 2757 l 00000000 00000005 00000001 00001f40
 2758 e 00000000 00000005 00000001 00001f40
 2759 f 00000000 00000005 00001f40 00001f40
 2760 l 00000001 00000005 00000001 00001f40
 2761 e 00000001 00000005 00000001 00001f40
 2762 f 00000001 00000005 00001f40 00001f40
 2763 t 00000000 00000051 00000003 00001f40
 2764 J 00000000 00000051 00000003 00000000
 2765 J 00000001 00000051 00000003 00000000
 2766 J 00000002 00000051 00000003 00000000
 2767 J 00000003 00000051 00000003 00000000
 2768 J 00000004 00000051 00000003 00000000
 2769 J 00000006 00000051 00000003 00000000
 2770 J 00000007 00000051 00000003 00000000
 2771 t 00000001 00000051 00000003 00001f40
 2772 J 00000005 00000051 00000003 00000001
 2773 l 00000000 00000005 00000001 00001f40
 2774 e 00000000 00000005 00000001 00001f40
 2775 f 00000000 00000005 00001f40 00001f40
 2776 l 00000001 00000005 00000001 00001f40
 2777 e 00000001 00000005 00000001 00001f40
 2778 f 00000001 00000005 00001f40 00001f40
 2779 t 00000000 00000050 00000003 00001f40
 2780 J 00000000 00000050 00000003 00000000
 2781 J 00000001 00000050 00000003 00000000
 2782 J 00000002 00000050 00000003 00000000
 2783 J 00000003 00000050 00000003 00000000
 2784 J 00000004 00000050 00000003 00000000
 2785 J 00000006 00000050 00000003 00000000
 2786 J 00000007 00000050 00000003 00000000
 2787 t 00000001 00000050 00000003 00001f40
 2788 J 00000005 00000050 00000003 00000001
 2789 l 00000000 00000005 00000001 00001f40
 2790 e 00000000 00000005 00000001 00001f40
 2791 f 00000000 00000005 00001f40 00001f40
 2792 l 00000001 00000005 00000001 00001f40
 2793 e 00000001 00000005 00000001 00001f40
 2794 f 00000001 00000005 00001f40 00001f40
 2795 t 00000000 00000052 00000003 00001f40
 2796 J 00000000 00000052 00000003 00000000
 2797 J 00000001 00000052 00000003 00000000
 2798 J 00000002 00000052 00000003 00000000
 2799 J 00000003 00000052 00000003 00000000
 2800 J 00000004 00000052 00000003 00000000
 2801 J 00000006 00000052 00000003 00000000
 2802 J 00000007 00000052 00000003 00000000
 2803 t 00000001 00000052 00000003 00001f40
 2804 J 00000005 00000052 00000003 00000001
 2805 l 00000000 00000005 00000001 00001f40
 2806 e 00000000 00000005 00000001 00001f40
 2807 f 00000000 00000005 00001f40 00001f40
 2808 l 00000001 00000005 00000001 00001f40
 2809 e 00000001 00000005 00000001 00001f40
 2810 f 00000001 00000005 00001f40 00001f40
 2811 t 00000000 00000054 00000003 00001f40
 2812 J 00000000 00000054 00000003 00000000
 2813 J 00000001 00000054 00000003 00000000
 2814 J 00000002 00000054 00000003 00000000
 2815 J 00000003 00000054 00000003 00000000
 2816 J 00000004 00000054 00000003 00000000
 2817 J 00000006 00000054 00000003 00000000
 2818 J 00000007 00000054 00000003 00000000
 2819 t 00000001 00000054 00000003 00001f40
 2820 J 00000005 00000054 00000003 00000001
 2821 l 00000000 00000005 00000001 00001f40
 2822 e 00000000 00000005 00000001 00001f40
 2823 f 00000000 00000005 00001f40 00001f40
 2824 l 00000001 00000005 00000001 00001f40
 2825 e 00000001 00000005 00000001 00001f40
 2826 f 00000001 00000005 00001f40 00001f40
 2827 t 00000000 00000047 00000003 00001f40
 2828 J 00000000 00000047 00000003 00000000
 2829 J 00000001 00000047 00000003 00000000
 2830 J 00000002 00000047 00000003 00000000
 2831 J 00000003 00000047 00000003 00000000
 2832 J 00000004 00000047 00000003 00000000
 2833 J 00000006 00000047 00000003 00000000
 2834 J 00000007 00000047 00000003 00000000
 2835 t 00000001 00000047 00000003 00001f40
 2836 J 00000005 00000047 00000003 00000001
 2837 l 00000000 00000005 00000001 00001f40
 2838 e 00000000 00000005 00000001 00001f40
 2839 f 00000000 00000005 00001f40 00001f40
 2840 l 00000001 00000005 00000001 00001f40
 2841 e 00000001 00000005 00000001 00001f40
 2842 f 00000001 00000005 00001f40 00001f40
 2843 t 00000000 00000056 00000003 00001f40
 2844 J 00000000 00000056 00000003 00000000
 2845 J 00000001 00000056 00000003 00000000
 2846 J 00000002 00000056 00000003 00000000
 2847 J 00000003 00000056 00000003 00000000
 2848 J 00000004 00000056 00000003 00000000
 2849 J 00000006 00000056 00000003 00000000
 2850 J 00000007 00000056 00000003 00000000
 2851 t 00000001 00000056 00000003 00001f40
 2852 J 00000005 00000056 00000003 00000001
 2853 l 00000000 00000005 00000001 00001f40
 2854 e 00000000 00000005 00000001 00001f40
 2855 f 00000000 00000005 00001f40 00001f40
 2856 l 00000001 00000005 00000001 00001f40
 2857 e 00000001 00000005 00000001 00001f40
 2858 f 00000001 00000005 00001f40 00001f40
 2859 t 00000000 00000057 00000003 00001f40
 2860 J 00000000 00000057 00000003 00000000
 2861 J 00000001 00000057 00000003 00000000
 2862 J 00000002 00000057 00000003 00000000
 2863 J 00000003 00000057 00000003 00000000
 2864 J 00000004 00000057 00000003 00000000
 2865 J 00000006 00000057 00000003 00000000
 2866 J 00000007 00000057 00000003 00000000
 2867 t 00000001 00000057 00000003 00001f40
 2868 J 00000005 00000057 00000003 00000001
 2869 l 00000000 00000005 00000001 00001f40
 2870 e 00000000 00000005 00000001 00001f40
 2871 f 00000000 00000005 00001f40 00001f40
 2872 l 00000001 00000005 00000001 00001f40
 2873 e 00000001 00000005 00000001 00001f40
 2874 f 00000001 00000005 00001f40 00001f40
 2875 t 00000000 00000058 00000003 00001f40
 2876 J 00000000 00000058 00000003 00000000
 2877 J 00000001 00000058 00000003 00000000
 2878 J 00000002 00000058 00000003 00000000
 2879 J 00000003 00000058 00000003 00000000
 2880 J 00000004 00000058 00000003 00000000
 2881 J 00000006 00000058 00000003 00000000
 2882 J 00000007 00000058 00000003 00000000
 2883 t 00000001 00000058 00000003 00001f40
 2884 J 00000005 00000058 00000003 00000001
 2885 l 00000000 00000005 00000001 00001f40
 2886 e 00000000 00000005 00000001 00001f40
 2887 f 00000000 00000005 00001f40 00001f40
 2888 l 00000001 00000005 00000001 00001f40
 2889 e 00000001 00000005 00000001 00001f40
 2890 f 00000001 00000005 00001f40 00001f40
 2891 t 00000000 00000003 00000003 00001f40
 2892 J 00000000 00000003 00000003 00000000
 2893 J 00000001 00000003 00000003 00000000
 2894 J 00000002 00000003 00000003 00000000
 2895 J 00000003 00000003 00000003 00000000
 2896 J 00000004 00000003 00000003 00000000
 2897 J 00000006 00000003 00000003 00000000
 2898 J 00000007 00000003 00000003 00000000
 2899 t 00000001 00000003 00000003 00001f40
 2900 J 00000005 00000003 00000003 00000001
 2901 l 00000000 00000005 00000001 00001f40
 2902 e 00000000 00000005 00000001 00001f40
 2903 f 00000000 00000005 00001f40 00001f40
 2904 l 00000001 00000005 00000001 00001f40
 2905 e 00000001 00000005 00000001 00001f40
 2906 f 00000001 00000005 00001f40 00001f40
 2907 t 00000000 00000056 00000003 00001f40
 2908 J 00000000 00000056 00000003 00000000
 2909 J 00000001 00000056 00000003 00000000
 2910 J 00000002 00000056 00000003 00000000
 2911 J 00000003 00000056 00000003 00000000
 2912 J 00000004 00000056 00000003 00000000
 2913 J 00000006 00000056 00000003 00000000
 2914 J 00000007 00000056 00000003 00000000
 2915 t 00000001 00000056 00000003 00001f40
 2916 J 00000005 00000056 00000003 00000001
 2917 l 00000000 00000005 00000001 00001f40
 2918 e 00000000 00000005 00000001 00001f40
 2919 f 00000000 00000005 00001f40 00001f40
 2920 l 00000001 00000005 00000001 00001f40
 2921 e 00000001 00000005 00000001 00001f40
 2922 f 00000001 00000005 00001f40 00001f40
 2923 t 00000000 00000057 00000003 00001f40
 2924 J 00000000 00000057 00000003 00000000
 2925 J 00000001 00000057 00000003 00000000
 2926 J 00000002 00000057 00000003 00000000
 2927 J 00000003 00000057 00000003 00000000
 2928 J 00000004 00000057 00000003 00000000
 2929 J 00000006 00000057 00000003 00000000
 2930 J 00000007 00000057 00000003 00000000
 2931 t 00000001 00000057 00000003 00001f40
 2932 J 00000005 00000057 00000003 00000001
 2933 l 00000000 00000005 00000001 00001f40
 2934 e 00000000 00000005 00000001 00001f40
 2935 f 00000000 00000005 00001f40 00001f40
 2936 l 00000001 00000005 00000001 00001f40
 2937 e 00000001 00000005 00000001 00001f40
 2938 f 00000001 00000005 00001f40 00001f40
 2939 t 00000000 00000058 00000003 00001f40
 2940 J 00000000 00000058 00000003 00000000
 2941 J 00000001 00000058 00000003 00000000
 2942 J 00000002 00000058 00000003 00000000
 2943 J 00000003 00000058 00000003 00000000
 2944 J 00000004 00000058 00000003 00000000
 2945 J 00000006 00000058 00000003 00000000
 2946 J 00000007 00000058 00000003 00000000
 2947 t 00000001 00000058 00000003 00001f40
 2948 J 00000005 00000058 00000003 00000001
 2949 l 00000000 00000005 00000001 00001f40
 2950 e 00000000 00000005 00000001 00001f40
 2951 f 00000000 00000005 00001f40 00001f40
 2952 l 00000001 00000005 00000001 00001f40
 2953 e 00000001 00000005 00000001 00001f40
 2954 f 00000001 00000005 00001f40 00001f40
 2955 t 00000000 00000000 00000004 00001f40
 2956 J 00000000 00000000 00000004 00000000
 2957 J 00000001 00000000 00000004 00000000
 2958 J 00000002 00000000 00000004 00000000
 2959 J 00000003 00000000 00000004 00000000
 2960 J 00000004 00000000 00000004 00000000
 2961 J 00000006 00000000 00000004 00000000
 2962 J 00000007 00000000 00000004 00000000
 2963 t 00000001 00000000 00000007 00001f40
 2964 J 00000005 00000000 00000007 00000001
 2965 l 00000000 00000005 00000001 00001f40
 2966 e 00000000 00000005 00000001 00001f40
 2967 f 00000000 00000005 00001f40 00001f40
 2968 l 00000001 00000005 00000001 00001f40
 2969 e 00000001 00000005 00000001 00001f40
 2970 f 00000001 00000005 00001f40 00001f40
 2971 t 00000000 00000001 00000004 00001f40
 2972 J 00000000 00000001 00000004 00000000
 2973 J 00000001 00000001 00000004 00000000
 2974 J 00000002 00000001 00000004 00000000
 2975 J 00000003 00000001 00000004 00000000
 2976 J 00000004 00000001 00000004 00000000
 2977 J 00000006 00000001 00000004 00000000
 2978 J 00000007 00000001 00000004 00000000
 2979 t 00000001 00000001 00000007 00001f40
 2980 J 00000005 00000001 00000007 00000001
 2981 l 00000000 00000005 00000001 00001f40
 2982 e 00000000 00000005 00000001 00001f40
 2983 f 00000000 00000005 00001f40 00001f40
 2984 l 00000001 00000005 00000001 00001f40
 2985 e 00000001 00000005 00000001 00001f40
 2986 f 00000001 00000005 00001f40 00001f40
 2987 t 00000000 00000002 00000004 00001f40
 2988 J 00000000 00000002 00000004 00000000
 2989 J 00000001 00000002 00000004 00000000
 2990 J 00000002 00000002 00000004 00000000
 2991 J 00000003 00000002 00000004 00000000
 2992 J 00000004 00000002 00000004 00000000
 2993 J 00000006 00000002 00000004 00000000
 2994 J 00000007 00000002 00000004 00000000
 2995 t 00000001 00000002 00000007 00001f40
 2996 J 00000005 00000002 00000007 00000001
 2997 l 00000000 00000005 00000001 00001f40
 2998 e 00000000 00000005 00000001 00001f40
 2999 f 00000000 00000005 00001f40 00001f40
 3000 l 00000001 00000005 00000001 00001f40
 3001 e 00000001 00000005 00000001 00001f40
 3002 f 00000001 00000005 00001f40 00001f40
 3003 t 00000000 00000004 00000004 00001f40
 3004 J 00000000 00000004 00000004 00000000
 3005 J 00000001 00000004 00000004 00000000
 3006 J 00000002 00000004 00000004 00000000
 3007 J 00000003 00000004 00000004 00000000
 3008 J 00000004 00000004 00000004 00000000
 3009 J 00000006 00000004 00000004 00000000
 3010 J 00000007 00000004 00000004 00000000
 3011 t 00000001 00000004 00000004 00001f40
 3012 J 00000005 00000004 00000004 00000001
 3013 l 00000000 00000005 00000001 00001f40
 3014 e 00000000 00000005 00000001 00001f40
 3015 f 00000000 00000005 00001f40 00001f40
 3016 l 00000001 00000005 00000001 00001f40
 3017 e 00000001 00000005 00000001 00001f40
 3018 f 00000001 00000005 00001f40 00001f40
 3019 t 00000000 00000008 00000004 00001f40
 3020 J 00000000 00000008 00000004 00000000
 3021 J 00000001 00000008 00000004 00000000
 3022 J 00000002 00000008 00000004 00000000
 3023 J 00000003 00000008 00000004 00000000
 3024 J 00000004 00000008 00000004 00000000
 3025 J 00000006 00000008 00000004 00000000
 3026 J 00000007 00000008 00000004 00000000
 3027 t 00000001 00000008 00000004 00001f40
 3028 J 00000005 00000008 00000004 00000001
 3029 l 00000000 00000005 00000001 00001f40
 3030 e 00000000 00000005 00000001 00001f40
 3031 f 00000000 00000005 00001f40 00001f40
 3032 l 00000001 00000005 00000001 00001f40
 3033 e 00000001 00000005 00000001 00001f40
 3034 f 00000001 00000005 00001f40 00001f40
 3035 t 00000000 00000009 00000004 00001f40
 3036 J 00000000 00000009 00000004 00000000
 3037 J 00000001 00000009 00000004 00000000
 3038 J 00000002 00000009 00000004 00000000
 3039 J 00000003 00000009 00000004 00000000
 3040 J 00000004 00000009 00000004 00000000
 3041 J 00000006 00000009 00000004 00000000
 3042 J 00000007 00000009 00000004 00000000
 3043 t 00000001 00000009 00000004 00001f40
 3044 J 00000005 00000009 00000004 00000001
 3045 l 00000000 00000005 00000001 00001f40
 3046 e 00000000 00000005 00000001 00001f40
 3047 f 00000000 00000005 00001f40 00001f40
 3048 l 00000001 00000005 00000001 00001f40
 3049 e 00000001 00000005 00000001 00001f40
 3050 f 00000001 00000005 00001f40 00001f40
 3051 t 00000000 0000000a 00000004 00001f40
 3052 J 00000000 0000000a 00000004 00000000
 3053 J 00000001 0000000a 00000004 00000000
 3054 J 00000002 0000000a 00000004 00000000
 3055 J 00000003 0000000a 00000004 00000000
 3056 J 00000004 0000000a 00000004 00000000
 3057 J 00000006 0000000a 00000004 00000000
 3058 J 00000007 0000000a 00000004 00000000
 3059 t 00000001 0000000a 00000004 00001f40
 3060 J 00000005 0000000a 00000004 00000001
 3061 l 00000000 00000005 00000001 00001f40
 3062 e 00000000 00000005 00000001 00001f40
 3063 f 00000000 00000005 00001f40 00001f40
 3064 l 00000001 00000005 00000001 00001f40
 3065 e 00000001 00000005 00000001 00001f40
 3066 f 00000001 00000005 00001f40 00001f40
 3067 t 00000000 0000000b 00000004 00001f40
 3068 J 00000000 0000000b 00000004 00000000
 3069 J 00000001 0000000b 00000004 00000000
 3070 J 00000002 0000000b 00000004 00000000
 3071 J 00000003 0000000b 00000004 00000000
 3072 J 00000004 0000000b 00000004 00000000
 3073 J 00000006 0000000b 00000004 00000000
 3074 J 00000007 0000000b 00000004 00000000
 3075 t 00000001 0000000b 00000004 00001f40
 3076 J 00000005 0000000b 00000004 00000001
 3077 l 00000000 00000005 00000001 00001f40
 3078 e 00000000 00000005 00000001 00001f40
 3079 f 00000000 00000005 00001f40 00001f40
 3080 l 00000001 00000005 00000001 00001f40
 3081 e 00000001 00000005 00000001 00001f40
 3082 f 00000001 00000005 00001f40 00001f40
 3083 t 00000000 0000000c 00000004 00001f40
 3084 J 00000000 0000000c 00000004 00000000
 3085 J 00000001 0000000c 00000004 00000000
 3086 J 00000002 0000000c 00000004 00000000
 3087 J 00000003 0000000c 00000004 00000000
 3088 J 00000004 0000000c 00000004 00000000
 3089 J 00000006 0000000c 00000004 00000000
 3090 J 00000007 0000000c 00000004 00000000
 3091 t 00000001 0000000c 00000004 00001f40
 3092 J 00000005 0000000c 00000004 00000001
 3093 l 00000000 00000005 00000001 00001f40
 3094 e 00000000 00000005 00000001 00001f40
 3095 f 00000000 00000005 00001f40 00001f40
 3096 l 00000001 00000005 00000001 00001f40
 3097 e 00000001 00000005 00000001 00001f40
 3098 f 00000001 00000005 00001f40 00001f40
 3099 t 00000000 00000010 00000004 00001f40
 3100 J 00000000 00000010 00000004 00000000
 3101 J 00000001 00000010 00000004 00000000
 3102 J 00000002 00000010 00000004 00000000
 3103 J 00000003 00000010 00000004 00000000
 3104 J 00000004 00000010 00000004 00000000
 3105 J 00000006 00000010 00000004 00000000
 3106 J 00000007 00000010 00000004 00000000
 3107 t 00000001 00000010 00000004 00001f40
 3108 J 00000005 00000010 00000004 00000001
 3109 l 00000000 00000005 00000001 00001f40
 3110 e 00000000 00000005 00000001 00001f40
 3111 f 00000000 00000005 00001f40 00001f40
 3112 l 00000001 00000005 00000001 00001f40
 3113 e 00000001 00000005 00000001 00001f40
 3114 f 00000001 00000005 00001f40 00001f40
 3115 t 00000000 00000011 00000005 00001f40
 3116 J 00000000 00000011 00000005 00000000
 3117 J 00000001 00000011 00000005 00000000
 3118 J 00000002 00000011 00000005 00000000
 3119 J 00000003 00000011 00000005 00000000
 3120 J 00000004 00000011 00000005 00000000
 3121 J 00000006 00000011 00000005 00000000
 3122 J 00000007 00000011 00000005 00000000
 3123 t 00000001 00000011 00000005 00001f40
 3124 J 00000005 00000011 00000005 00000001
 3125 l 00000000 00000005 00000001 00001f40
 3126 e 00000000 00000005 00000001 00001f40
 3127 f 00000000 00000005 00001f40 00001f40
 3128 l 00000001 00000005 00000001 00001f40
 3129 e 00000001 00000005 00000001 00001f40
 3130 f 00000001 00000005 00001f40 00001f40
 3131 t 00000000 00000012 00000004 00001f40
 3132 J 00000000 00000012 00000004 00000000
 3133 J 00000001 00000012 00000004 00000000
 3134 J 00000002 00000012 00000004 00000000
 3135 J 00000003 00000012 00000004 00000000
 3136 J 00000004 00000012 00000004 00000000
 3137 J 00000006 00000012 00000004 00000000
 3138 J 00000007 00000012 00000004 00000000
 3139 t 00000001 00000012 00000004 00001f40
 3140 J 00000005 00000012 00000004 00000001
 3141 l 00000000 00000005 00000001 00001f40
 3142 e 00000000 00000005 00000001 00001f40
 3143 f 00000000 00000005 00001f40 00001f40
 3144 l 00000001 00000005 00000001 00001f40
 3145 e 00000001 00000005 00000001 00001f40
 3146 f 00000001 00000005 00001f40 00001f40
 3147 t 00000000 00000013 00000004 00001f40
 3148 J 00000000 00000013 00000004 00000000
 3149 J 00000001 00000013 00000004 00000000
 3150 J 00000002 00000013 00000004 00000000
 3151 J 00000003 00000013 00000004 00000000
 3152 J 00000004 00000013 00000004 00000000
 3153 J 00000006 00000013 00000004 00000000
 3154 J 00000007 00000013 00000004 00000000
 3155 t 00000001 00000013 00000004 00001f40
 3156 J 00000005 00000013 00000004 00000001
 3157 l 00000000 00000005 00000001 00001f40
 3158 e 00000000 00000005 00000001 00001f40
 3159 f 00000000 00000005 00001f40 00001f40
 3160 l 00000001 00000005 00000001 00001f40
 3161 e 00000001 00000005 00000001 00001f40
 3162 f 00000001 00000005 00001f40 00001f40
 3163 t 00000000 00000014 00000004 00001f40
 3164 J 00000000 00000014 00000004 00000000
 3165 J 00000001 00000014 00000004 00000000
 3166 J 00000002 00000014 00000004 00000000
 3167 J 00000003 00000014 00000004 00000000
 3168 J 00000004 00000014 00000004 00000000
 3169 J 00000006 00000014 00000004 00000000
 3170 J 00000007 00000014 00000004 00000000
 3171 t 00000001 00000014 00000004 00001f40
 3172 J 00000005 00000014 00000004 00000001
 3173 l 00000000 00000005 00000001 00001f40
 3174 e 00000000 00000005 00000001 00001f40
 3175 f 00000000 00000005 00001f40 00001f40
 3176 l 00000001 00000005 00000001 00001f40
 3177 e 00000001 00000005 00000001 00001f40
 3178 f 00000001 00000005 00001f40 00001f40
 3179 t 00000000 00000015 00000004 00001f40
 3180 J 00000000 00000015 00000004 00000000
 3181 J 00000001 00000015 00000004 00000000
 3182 J 00000002 00000015 00000004 00000000
 3183 J 00000003 00000015 00000004 00000000
 3184 J 00000004 00000015 00000004 00000000
 3185 J 00000006 00000015 00000004 00000000
 3186 J 00000007 00000015 00000004 00000000
 3187 t 00000001 00000015 00000004 00001f40
 3188 J 00000005 00000015 00000004 00000001
 3189 l 00000000 00000005 00000001 00001f40
 3190 e 00000000 00000005 00000001 00001f40
 3191 f 00000000 00000005 00001f40 00001f40
 3192 l 00000001 00000005 00000001 00001f40
 3193 e 00000001 00000005 00000001 00001f40
 3194 f 00000001 00000005 00001f40 00001f40
 3195 t 00000000 00000016 00000004 00001f40
 3196 J 00000000 00000016 00000004 00000000
 3197 J 00000001 00000016 00000004 00000000
 3198 J 00000002 00000016 00000004 00000000
 3199 J 00000003 00000016 00000004 00000000
 3200 J 00000004 00000016 00000004 00000000
 3201 J 00000006 00000016 00000004 00000000
 3202 J 00000007 00000016 00000004 00000000
 3203 t 00000001 00000016 00000004 00001f40
 3204 J 00000005 00000016 00000004 00000001
 3205 l 00000000 00000005 00000001 00001f40
 3206 e 00000000 00000005 00000001 00001f40
 3207 f 00000000 00000005 00001f40 00001f40
 3208 l 00000001 00000005 00000001 00001f40
 3209 e 00000001 00000005 00000001 00001f40
 3210 f 00000001 00000005 00001f40 00001f40
 3211 t 00000000 0000001b 00000004 00001f40
 3212 J 00000000 0000001b 00000004 00000000
 3213 J 00000001 0000001b 00000004 00000000
 3214 J 00000002 0000001b 00000004 00000000
 3215 J 00000003 0000001b 00000004 00000000
 3216 J 00000004 0000001b 00000004 00000000
 3217 J 00000006 0000001b 00000004 00000000
 3218 J 00000007 0000001b 00000004 00000000
 3219 t 00000001 0000001b 00000004 00001f40
 3220 J 00000005 0000001b 00000004 00000001
 3221 l 00000000 00000005 00000001 00001f40
 3222 e 00000000 00000005 00000001 00001f40
 3223 f 00000000 00000005 00001f40 00001f40
 3224 l 00000001 00000005 00000001 00001f40
 3225 e 00000001 00000005 00000001 00001f40
 3226 f 00000001 00000005 00001f40 00001f40
 3227 t 00000000 0000001c 00000004 00001f40
 3228 J 00000000 0000001c 00000004 00000000
 3229 J 00000001 0000001c 00000004 00000000
 3230 J 00000002 0000001c 00000004 00000000
 3231 J 00000003 0000001c 00000004 00000000
 3232 J 00000004 0000001c 00000004 00000000
 3233 J 00000006 0000001c 00000004 00000000
 3234 J 00000007 0000001c 00000004 00000000
 3235 t 00000001 0000001c 00000004 00001f40
 3236 J 00000005 0000001c 00000004 00000001
 3237 l 00000000 00000005 00000001 00001f40
 3238 e 00000000 00000005 00000001 00001f40
 3239 f 00000000 00000005 00001f40 00001f40
 3240 l 00000001 00000005 00000001 00001f40
 3241 e 00000001 00000005 00000001 00001f40
 3242 f 00000001 00000005 00001f40 00001f40
 3243 t 00000000 0000001d 00000005 00001f40
 3244 J 00000000 0000001d 00000005 00000000
 3245 J 00000001 0000001d 00000005 00000000
 3246 J 00000002 0000001d 00000005 00000000
 3247 J 00000003 0000001d 00000005 00000000
 3248 J 00000004 0000001d 00000005 00000000
 3249 J 00000006 0000001d 00000005 00000000
 3250 J 00000007 0000001d 00000005 00000000
 3251 t 00000001 0000001d 00000005 00001f40
 3252 J 00000005 0000001d 00000005 00000001
 3253 l 00000000 00000005 00000001 00001f40
 3254 e 00000000 00000005 00000001 00001f40
 3255 f 00000000 00000005 00001f40 00001f40
 3256 l 00000001 00000005 00000001 00001f40
 3257 e 00000001 00000005 00000001 00001f40
 3258 f 00000001 00000005 00001f40 00001f40
 3259 t 00000000 0000001e 00000004 00001f40
 3260 J 00000000 0000001e 00000004 00000000
 3261 J 00000001 0000001e 00000004 00000000
 3262 J 00000002 0000001e 00000004 00000000
 3263 J 00000003 0000001e 00000004 00000000
 3264 J 00000004 0000001e 00000004 00000000
 3265 J 00000006 0000001e 00000004 00000000
 3266 J 00000007 0000001e 00000004 00000000
 3267 t 00000001 0000001e 00000004 00001f40
 3268 J 00000005 0000001e 00000004 00000001
 3269 l 00000000 00000005 00000001 00001f40
 3270 e 00000000 00000005 00000001 00001f40
 3271 f 00000000 00000005 00001f40 00001f40
 3272 l 00000001 00000005 00000001 00001f40
 3273 e 00000001 00000005 00000001 00001f40
 3274 f 00000001 00000005 00001f40 00001f40
 3275 t 00000000 0000001f 00000005 00001f40
 3276 J 00000000 0000001f 00000005 00000000
 3277 J 00000001 0000001f 00000005 00000000
 3278 J 00000002 0000001f 00000005 00000000
 3279 J 00000003 0000001f 00000005 00000000
 3280 J 00000004 0000001f 00000005 00000000
 3281 J 00000006 0000001f 00000005 00000000
 3282 J 00000007 0000001f 00000005 00000000
 3283 t 00000001 0000001f 00000005 00001f40
 3284 J 00000005 0000001f 00000005 00000001
 3285 l 00000000 00000005 00000001 00001f40
 3286 e 00000000 00000005 00000001 00001f40
 3287 f 00000000 00000005 00001f40 00001f40
 3288 l 00000001 00000005 00000001 00001f40
 3289 e 00000001 00000005 00000001 00001f40
 3290 f 00000001 00000005 00001f40 00001f40
 3291 t 00000000 00000020 00000005 00001f40
 3292 J 00000000 00000020 00000005 00000000
 3293 J 00000001 00000020 00000005 00000000
 3294 J 00000002 00000020 00000005 00000000
 3295 J 00000003 00000020 00000005 00000000
 3296 J 00000004 00000020 00000005 00000000
 3297 J 00000006 00000020 00000005 00000000
 3298 J 00000007 00000020 00000005 00000000
 3299 t 00000001 00000020 00000005 00001f40
 3300 J 00000005 00000020 00000005 00000001
 3301 l 00000000 00000005 00000001 00001f40
 3302 e 00000000 00000005 00000001 00001f40
 3303 f 00000000 00000005 00001f40 00001f40
 3304 l 00000001 00000005 00000001 00001f40
 3305 e 00000001 00000005 00000001 00001f40
 3306 f 00000001 00000005 00001f40 00001f40
 3307 t 00000000 00000021 00000004 00001f40
 3308 J 00000000 00000021 00000004 00000000
 3309 J 00000001 00000021 00000004 00000000
 3310 J 00000002 00000021 00000004 00000000
 3311 J 00000003 00000021 00000004 00000000
 3312 J 00000004 00000021 00000004 00000000
 3313 J 00000006 00000021 00000004 00000000
 3314 J 00000007 00000021 00000004 00000000
 3315 t 00000001 00000021 00000004 00001f40
 3316 J 00000005 00000021 00000004 00000001
 3317 l 00000000 00000005 00000001 00001f40
 3318 e 00000000 00000005 00000001 00001f40
 3319 f 00000000 00000005 00001f40 00001f40
 3320 l 00000001 00000005 00000001 00001f40
 3321 e 00000001 00000005 00000001 00001f40
 3322 f 00000001 00000005 00001f40 00001f40
 3323 t 00000000 00000022 00000004 00001f40
 3324 J 00000000 00000022 00000004 00000000
 3325 J 00000001 00000022 00000004 00000000
 3326 J 00000002 00000022 00000004 00000000
 3327 J 00000003 00000022 00000004 00000000
 3328 J 00000004 00000022 00000004 00000000
 3329 J 00000006 00000022 00000004 00000000
 3330 J 00000007 00000022 00000004 00000000
 3331 t 00000001 00000022 00000004 00001f40
 3332 J 00000005 00000022 00000004 00000001
 3333 l 00000000 00000005 00000001 00001f40
 3334 e 00000000 00000005 00000001 00001f40
 3335 f 00000000 00000005 00001f40 00001f40
 3336 l 00000001 00000005 00000001 00001f40
 3337 e 00000001 00000005 00000001 00001f40
 3338 f 00000001 00000005 00001f40 00001f40
 3339 t 00000000 00000023 00000004 00001f40
 3340 J 00000000 00000023 00000004 00000000
 3341 J 00000001 00000023 00000004 00000000
 3342 J 00000002 00000023 00000004 00000000
 3343 J 00000003 00000023 00000004 00000000
 3344 J 00000004 00000023 00000004 00000000
 3345 J 00000006 00000023 00000004 00000000
 3346 J 00000007 00000023 00000004 00000000
 3347 t 00000001 00000023 00000004 00001f40
 3348 J 00000005 00000023 00000004 00000001
 3349 l 00000000 00000005 00000001 00001f40
 3350 e 00000000 00000005 00000001 00001f40
 3351 f 00000000 00000005 00001f40 00001f40
 3352 l 00000001 00000005 00000001 00001f40
 3353 e 00000001 00000005 00000001 00001f40
 3354 f 00000001 00000005 00001f40 00001f40
 3355 t 00000000 00000024 00000004 00001f40
 3356 J 00000000 00000024 00000004 00000000
 3357 J 00000001 00000024 00000004 00000000
 3358 J 00000002 00000024 00000004 00000000
 3359 J 00000003 00000024 00000004 00000000
 3360 J 00000004 00000024 00000004 00000000
 3361 J 00000006 00000024 00000004 00000000
 3362 J 00000007 00000024 00000004 00000000
 3363 t 00000001 00000024 00000004 00001f40
 3364 J 00000005 00000024 00000004 00000001
 3365 l 00000000 00000005 00000001 00001f40
 3366 e 00000000 00000005 00000001 00001f40
 3367 f 00000000 00000005 00001f40 00001f40
 3368 l 00000001 00000005 00000001 00001f40
 3369 e 00000001 00000005 00000001 00001f40
 3370 f 00000001 00000005 00001f40 00001f40
 3371 t 00000000 00000025 00000004 00001f40
 3372 J 00000000 00000025 00000004 00000000
 3373 J 00000001 00000025 00000004 00000000
 3374 J 00000002 00000025 00000004 00000000
 3375 J 00000003 00000025 00000004 00000000
 3376 J 00000004 00000025 00000004 00000000
 3377 J 00000006 00000025 00000004 00000000
 3378 J 00000007 00000025 00000004 00000000
 3379 t 00000001 00000025 00000004 00001f40
 3380 J 00000005 00000025 00000004 00000001
 3381 l 00000000 00000005 00000001 00001f40
 3382 e 00000000 00000005 00000001 00001f40
 3383 f 00000000 00000005 00001f40 00001f40
 3384 l 00000001 00000005 00000001 00001f40
 3385 e 00000001 00000005 00000001 00001f40
 3386 f 00000001 00000005 00001f40 00001f40
 3387 t 00000000 00000026 00000004 00001f40
 3388 J 00000000 00000026 00000004 00000000
 3389 J 00000001 00000026 00000004 00000000
 3390 J 00000002 00000026 00000004 00000000
 3391 J 00000003 00000026 00000004 00000000
 3392 J 00000004 00000026 00000004 00000000
 3393 J 00000006 00000026 00000004 00000000
 3394 J 00000007 00000026 00000004 00000000
 3395 t 00000001 00000026 00000004 00001f40
 3396 J 00000005 00000026 00000004 00000001
 3397 l 00000000 00000005 00000001 00001f40
 3398 e 00000000 00000005 00000001 00001f40
 3399 f 00000000 00000005 00001f40 00001f40
 3400 l 00000001 00000005 00000001 00001f40
 3401 e 00000001 00000005 00000001 00001f40
 3402 f 00000001 00000005 00001f40 00001f40
 3403 t 00000000 00000027 00000004 00001f40
 3404 J 00000000 00000027 00000004 00000000
 3405 J 00000001 00000027 00000004 00000000
 3406 J 00000002 00000027 00000004 00000000
 3407 J 00000003 00000027 00000004 00000000
 3408 J 00000004 00000027 00000004 00000000
 3409 J 00000006 00000027 00000004 00000000
 3410 J 00000007 00000027 00000004 00000000
 3411 t 00000001 00000027 00000004 00001f40
 3412 J 00000005 00000027 00000004 00000001
 3413 l 00000000 00000005 00000001 00001f40
 3414 e 00000000 00000005 00000001 00001f40
 3415 f 00000000 00000005 00001f40 00001f40
 3416 l 00000001 00000005 00000001 00001f40
 3417 e 00000001 00000005 00000001 00001f40
 3418 f 00000001 00000005 00001f40 00001f40
 3419 t 00000000 00000028 00000004 00001f40
 3420 J 00000000 00000028 00000004 00000000
 3421 J 00000001 00000028 00000004 00000000
 3422 J 00000002 00000028 00000004 00000000
 3423 J 00000003 00000028 00000004 00000000
 3424 J 00000004 00000028 00000004 00000000
 3425 J 00000006 00000028 00000004 00000000
 3426 J 00000007 00000028 00000004 00000000
 3427 t 00000001 00000028 00000004 00001f40
 3428 J 00000005 00000028 00000004 00000001
 3429 l 00000000 00000005 00000001 00001f40
 3430 e 00000000 00000005 00000001 00001f40
 3431 f 00000000 00000005 00001f40 00001f40
 3432 l 00000001 00000005 00000001 00001f40
 3433 e 00000001 00000005 00000001 00001f40
 3434 f 00000001 00000005 00001f40 00001f40
 3435 t 00000000 00000029 00000004 00001f40
 3436 J 00000000 00000029 00000004 00000000
 3437 J 00000001 00000029 00000004 00000000
 3438 J 00000002 00000029 00000004 00000000
 3439 J 00000003 00000029 00000004 00000000
 3440 J 00000004 00000029 00000004 00000000
 3441 J 00000006 00000029 00000004 00000000
 3442 J 00000007 00000029 00000004 00000000
 3443 t 00000001 00000029 00000004 00001f40
 3444 J 00000005 00000029 00000004 00000001
 3445 l 00000000 00000005 00000001 00001f40
 3446 e 00000000 00000005 00000001 00001f40
 3447 f 00000000 00000005 00001f40 00001f40
 3448 l 00000001 00000005 00000001 00001f40
 3449 e 00000001 00000005 00000001 00001f40
 3450 f 00000001 00000005 00001f40 00001f40
 3451 t 00000000 0000002a 00000004 00001f40
 3452 J 00000000 0000002a 00000004 00000000
 3453 J 00000001 0000002a 00000004 00000000
 3454 J 00000002 0000002a 00000004 00000000
 3455 J 00000003 0000002a 00000004 00000000
 3456 J 00000004 0000002a 00000004 00000000
 3457 J 00000006 0000002a 00000004 00000000
 3458 J 00000007 0000002a 00000004 00000000
 3459 t 00000001 0000002a 00000004 00001f40
 3460 J 00000005 0000002a 00000004 00000001
 3461 l 00000000 00000005 00000001 00001f40
 3462 e 00000000 00000005 00000001 00001f40
 3463 f 00000000 00000005 00001f40 00001f40
 3464 l 00000001 00000005 00000001 00001f40
 3465 e 00000001 00000005 00000001 00001f40
 3466 f 00000001 00000005 00001f40 00001f40
 3467 t 00000000 0000002b 00000004 00001f40
 3468 J 00000000 0000002b 00000004 00000000
 3469 J 00000001 0000002b 00000004 00000000
 3470 J 00000002 0000002b 00000004 00000000
 3471 J 00000003 0000002b 00000004 00000000
 3472 J 00000004 0000002b 00000004 00000000
 3473 J 00000006 0000002b 00000004 00000000
 3474 J 00000007 0000002b 00000004 00000000
 3475 t 00000001 0000002b 00000004 00001f40
 3476 J 00000005 0000002b 00000004 00000001
 3477 l 00000000 00000005 00000001 00001f40
 3478 e 00000000 00000005 00000001 00001f40
 3479 f 00000000 00000005 00001f40 00001f40
 3480 l 00000001 00000005 00000001 00001f40
 3481 e 00000001 00000005 00000001 00001f40
 3482 f 00000001 00000005 00001f40 00001f40
 3483 t 00000000 0000002c 00000004 00001f40
 3484 J 00000000 0000002c 00000004 00000000
 3485 J 00000001 0000002c 00000004 00000000
 3486 J 00000002 0000002c 00000004 00000000
 3487 J 00000003 0000002c 00000004 00000000
 3488 J 00000004 0000002c 00000004 00000000
 3489 J 00000006 0000002c 00000004 00000000
 3490 J 00000007 0000002c 00000004 00000000
 3491 t 00000001 0000002c 00000004 00001f40
 3492 J 00000005 0000002c 00000004 00000001
 3493 l 00000000 00000005 00000001 00001f40
 3494 e 00000000 00000005 00000001 00001f40
 3495 f 00000000 00000005 00001f40 00001f40
 3496 l 00000001 00000005 00000001 00001f40
 3497 e 00000001 00000005 00000001 00001f40
 3498 f 00000001 00000005 00001f40 00001f40
 3499 t 00000000 0000002d 00000004 00001f40
 3500 J 00000000 0000002d 00000004 00000000
 3501 J 00000001 0000002d 00000004 00000000
 3502 J 00000002 0000002d 00000004 00000000
 3503 J 00000003 0000002d 00000004 00000000
 3504 J 00000004 0000002d 00000004 00000000
 3505 J 00000006 0000002d 00000004 00000000
 3506 J 00000007 0000002d 00000004 00000000
 3507 t 00000001 0000002d 00000004 00001f40
 3508 J 00000005 0000002d 00000004 00000001
 3509 l 00000000 00000005 00000001 00001f40
 3510 e 00000000 00000005 00000001 00001f40
 3511 f 00000000 00000005 00001f40 00001f40
 3512 l 00000001 00000005 00000001 00001f40
 3513 e 00000001 00000005 00000001 00001f40
 3514 f 00000001 00000005 00001f40 00001f40
 3515 t 00000000 0000002e 00000004 00001f40
 3516 J 00000000 0000002e 00000004 00000000
 3517 J 00000001 0000002e 00000004 00000000
 3518 J 00000002 0000002e 00000004 00000000
 3519 J 00000003 0000002e 00000004 00000000
 3520 J 00000004 0000002e 00000004 00000000
 3521 J 00000006 0000002e 00000004 00000000
 3522 J 00000007 0000002e 00000004 00000000
 3523 t 00000001 0000002e 00000004 00001f40
 3524 J 00000005 0000002e 00000004 00000001
 3525 l 00000000 00000005 00000001 00001f40
 3526 e 00000000 00000005 00000001 00001f40
 3527 f 00000000 00000005 00001f40 00001f40
 3528 l 00000001 00000005 00000001 00001f40
 3529 e 00000001 00000005 00000001 00001f40
 3530 f 00000001 00000005 00001f40 00001f40
 3531 t 00000000 0000002f 00000004 00001f40
 3532 J 00000000 0000002f 00000004 00000000
 3533 J 00000001 0000002f 00000004 00000000
 3534 J 00000002 0000002f 00000004 00000000
 3535 J 00000003 0000002f 00000004 00000000
 3536 J 00000004 0000002f 00000004 00000000
 3537 J 00000006 0000002f 00000004 00000000
 3538 J 00000007 0000002f 00000004 00000000
 3539 t 00000001 0000002f 00000004 00001f40
 3540 J 00000005 0000002f 00000004 00000001
 3541 l 00000000 00000005 00000001 00001f40
 3542 e 00000000 00000005 00000001 00001f40
 3543 f 00000000 00000005 00001f40 00001f40
 3544 l 00000001 00000005 00000001 00001f40
 3545 e 00000001 00000005 00000001 00001f40
 3546 f 00000001 00000005 00001f40 00001f40
 3547 t 00000000 00000030 00000004 00001f40
 3548 J 00000000 00000030 00000004 00000000
 3549 J 00000001 00000030 00000004 00000000
 3550 J 00000002 00000030 00000004 00000000
 3551 J 00000003 00000030 00000004 00000000
 3552 J 00000004 00000030 00000004 00000000
 3553 J 00000006 00000030 00000004 00000000
 3554 J 00000007 00000030 00000004 00000000
 3555 t 00000001 00000030 00000004 00001f40
 3556 J 00000005 00000030 00000004 00000001
 3557 l 00000000 00000005 00000001 00001f40
 3558 e 00000000 00000005 00000001 00001f40
 3559 f 00000000 00000005 00001f40 00001f40
 3560 l 00000001 00000005 00000001 00001f40
 3561 e 00000001 00000005 00000001 00001f40
 3562 f 00000001 00000005 00001f40 00001f40
 3563 t 00000000 00000035 00000004 00001f40
 3564 J 00000000 00000035 00000004 00000000
 3565 J 00000001 00000035 00000004 00000000
 3566 J 00000002 00000035 00000004 00000000
 3567 J 00000003 00000035 00000004 00000000
 3568 J 00000004 00000035 00000004 00000000
 3569 J 00000006 00000035 00000004 00000000
 3570 J 00000007 00000035 00000004 00000000
 3571 t 00000001 00000035 00000004 00001f40
 3572 J 00000005 00000035 00000004 00000001
 3573 l 00000000 00000005 00000001 00001f40
 3574 e 00000000 00000005 00000001 00001f40
 3575 f 00000000 00000005 00001f40 00001f40
 3576 l 00000001 00000005 00000001 00001f40
 3577 e 00000001 00000005 00000001 00001f40
 3578 f 00000001 00000005 00001f40 00001f40
 3579 t 00000000 00000036 00000004 00001f40
 3580 J 00000000 00000036 00000004 00000000
 3581 J 00000001 00000036 00000004 00000000
 3582 J 00000002 00000036 00000004 00000000
 3583 J 00000003 00000036 00000004 00000000
 3584 J 00000004 00000036 00000004 00000000
 3585 J 00000006 00000036 00000004 00000000
 3586 J 00000007 00000036 00000004 00000000
 3587 t 00000001 00000036 00000004 00001f40
 3588 J 00000005 00000036 00000004 00000001
 3589 l 00000000 00000005 00000001 00001f40
 3590 e 00000000 00000005 00000001 00001f40
 3591 f 00000000 00000005 00001f40 00001f40
 3592 l 00000001 00000005 00000001 00001f40
 3593 e 00000001 00000005 00000001 00001f40
 3594 f 00000001 00000005 00001f40 00001f40
 3595 t 00000000 00000037 00000004 00001f40
 3596 J 00000000 00000037 00000004 00000000
 3597 J 00000001 00000037 00000004 00000000
 3598 J 00000002 00000037 00000004 00000000
 3599 J 00000003 00000037 00000004 00000000
 3600 J 00000004 00000037 00000004 00000000
 3601 J 00000006 00000037 00000004 00000000
 3602 J 00000007 00000037 00000004 00000000
 3603 t 00000001 00000037 00000004 00001f40
 3604 J 00000005 00000037 00000004 00000001
 3605 l 00000000 00000005 00000001 00001f40
 3606 e 00000000 00000005 00000001 00001f40
 3607 f 00000000 00000005 00001f40 00001f40
 3608 l 00000001 00000005 00000001 00001f40
 3609 e 00000001 00000005 00000001 00001f40
 3610 f 00000001 00000005 00001f40 00001f40
 3611 t 00000000 00000038 00000004 00001f40
 3612 J 00000000 00000038 00000004 00000000
 3613 J 00000001 00000038 00000004 00000000
 3614 J 00000002 00000038 00000004 00000000
 3615 J 00000003 00000038 00000004 00000000
 3616 J 00000004 00000038 00000004 00000000
 3617 J 00000006 00000038 00000004 00000000
 3618 J 00000007 00000038 00000004 00000000
 3619 t 00000001 00000038 00000004 00001f40
 3620 J 00000005 00000038 00000004 00000001
 3621 l 00000000 00000005 00000001 00001f40
 3622 e 00000000 00000005 00000001 00001f40
 3623 f 00000000 00000005 00001f40 00001f40
 3624 l 00000001 00000005 00000001 00001f40
 3625 e 00000001 00000005 00000001 00001f40
 3626 f 00000001 00000005 00001f40 00001f40
 3627 t 00000000 0000003b 00000004 00001f40
 3628 J 00000000 0000003b 00000004 00000000
 3629 J 00000001 0000003b 00000004 00000000
 3630 J 00000002 0000003b 00000004 00000000
 3631 J 00000003 0000003b 00000004 00000000
 3632 J 00000004 0000003b 00000004 00000000
 3633 J 00000006 0000003b 00000004 00000000
 3634 J 00000007 0000003b 00000004 00000000
 3635 t 00000001 0000003b 00000004 00001f40
 3636 J 00000005 0000003b 00000004 00000001
 3637 l 00000000 00000005 00000001 00001f40
 3638 e 00000000 00000005 00000001 00001f40
 3639 f 00000000 00000005 00001f40 00001f40
 3640 l 00000001 00000005 00000001 00001f40
 3641 e 00000001 00000005 00000001 00001f40
 3642 f 00000001 00000005 00001f40 00001f40
 3643 t 00000000 0000003c 00000004 00001f40
 3644 J 00000000 0000003c 00000004 00000000
 3645 J 00000001 0000003c 00000004 00000000
 3646 J 00000002 0000003c 00000004 00000000
 3647 J 00000003 0000003c 00000004 00000000
 3648 J 00000004 0000003c 00000004 00000000
 3649 J 00000006 0000003c 00000004 00000000
 3650 J 00000007 0000003c 00000004 00000000
 3651 t 00000001 0000003c 00000004 00001f40
 3652 J 00000005 0000003c 00000004 00000001
 3653 l 00000000 00000005 00000001 00001f40
 3654 e 00000000 00000005 00000001 00001f40
 3655 f 00000000 00000005 00001f40 00001f40
 3656 l 00000001 00000005 00000001 00001f40
 3657 e 00000001 00000005 00000001 00001f40
 3658 f 00000001 00000005 00001f40 00001f40
 3659 t 00000000 0000003d 00000004 00001f40
 3660 J 00000000 0000003d 00000004 00000000
 3661 J 00000001 0000003d 00000004 00000000
 3662 J 00000002 0000003d 00000004 00000000
 3663 J 00000003 0000003d 00000004 00000000
 3664 J 00000004 0000003d 00000004 00000000
 3665 J 00000006 0000003d 00000004 00000000
 3666 J 00000007 0000003d 00000004 00000000
 3667 t 00000001 0000003d 00000004 00001f40
 3668 J 00000005 0000003d 00000004 00000001
 3669 l 00000000 00000005 00000001 00001f40
 3670 e 00000000 00000005 00000001 00001f40
 3671 f 00000000 00000005 00001f40 00001f40
 3672 l 00000001 00000005 00000001 00001f40
 3673 e 00000001 00000005 00000001 00001f40
 3674 f 00000001 00000005 00001f40 00001f40
 3675 t 00000000 0000003e 00000004 00001f40
 3676 J 00000000 0000003e 00000004 00000000
 3677 J 00000001 0000003e 00000004 00000000
 3678 J 00000002 0000003e 00000004 00000000
 3679 J 00000003 0000003e 00000004 00000000
 3680 J 00000004 0000003e 00000004 00000000
 3681 J 00000006 0000003e 00000004 00000000
 3682 J 00000007 0000003e 00000004 00000000
 3683 t 00000001 0000003e 00000004 00001f40
 3684 J 00000005 0000003e 00000004 00000001
 3685 l 00000000 00000005 00000001 00001f40
 3686 e 00000000 00000005 00000001 00001f40
 3687 f 00000000 00000005 00001f40 00001f40
 3688 l 00000001 00000005 00000001 00001f40
 3689 e 00000001 00000005 00000001 00001f40
 3690 f 00000001 00000005 00001f40 00001f40
 3691 t 00000000 0000003f 00000004 00001f40
 3692 J 00000000 0000003f 00000004 00000000
 3693 J 00000001 0000003f 00000004 00000000
 3694 J 00000002 0000003f 00000004 00000000
 3695 J 00000003 0000003f 00000004 00000000
 3696 J 00000004 0000003f 00000004 00000000
 3697 J 00000006 0000003f 00000004 00000000
 3698 J 00000007 0000003f 00000004 00000000
 3699 t 00000001 0000003f 00000004 00001f40
 3700 J 00000005 0000003f 00000004 00000001
 3701 l 00000000 00000005 00000001 00001f40
 3702 e 00000000 00000005 00000001 00001f40
 3703 f 00000000 00000005 00001f40 00001f40
 3704 l 00000001 00000005 00000001 00001f40
 3705 e 00000001 00000005 00000001 00001f40
 3706 f 00000001 00000005 00001f40 00001f40
 3707 t 00000000 00000040 00000004 00001f40
 3708 J 00000000 00000040 00000004 00000000
 3709 J 00000001 00000040 00000004 00000000
 3710 J 00000002 00000040 00000004 00000000
 3711 J 00000003 00000040 00000004 00000000
 3712 J 00000004 00000040 00000004 00000000
 3713 J 00000006 00000040 00000004 00000000
 3714 J 00000007 00000040 00000004 00000000
 3715 t 00000001 00000040 00000004 00001f40
 3716 J 00000005 00000040 00000004 00000001
 3717 l 00000000 00000005 00000001 00001f40
 3718 e 00000000 00000005 00000001 00001f40
 3719 f 00000000 00000005 00001f40 00001f40
 3720 l 00000001 00000005 00000001 00001f40
 3721 e 00000001 00000005 00000001 00001f40
 3722 f 00000001 00000005 00001f40 00001f40
 3723 t 00000000 00000041 00000004 00001f40
 3724 J 00000000 00000041 00000004 00000000
 3725 J 00000001 00000041 00000004 00000000
 3726 J 00000002 00000041 00000004 00000000
 3727 J 00000003 00000041 00000004 00000000
 3728 J 00000004 00000041 00000004 00000000
 3729 J 00000006 00000041 00000004 00000000
 3730 J 00000007 00000041 00000004 00000000
 3731 t 00000001 00000041 00000004 00001f40
 3732 J 00000005 00000041 00000004 00000001
 3733 l 00000000 00000005 00000001 00001f40
 3734 e 00000000 00000005 00000001 00001f40
 3735 f 00000000 00000005 00001f40 00001f40
 3736 l 00000001 00000005 00000001 00001f40
 3737 e 00000001 00000005 00000001 00001f40
 3738 f 00000001 00000005 00001f40 00001f40
 3739 t 00000000 00000042 00000004 00001f40
 3740 J 00000000 00000042 00000004 00000000
 3741 J 00000001 00000042 00000004 00000000
 3742 J 00000002 00000042 00000004 00000000
 3743 J 00000003 00000042 00000004 00000000
 3744 J 00000004 00000042 00000004 00000000
 3745 J 00000006 00000042 00000004 00000000
 3746 J 00000007 00000042 00000004 00000000
 3747 t 00000001 00000042 00000004 00001f40
 3748 J 00000005 00000042 00000004 00000001
 3749 l 00000000 00000005 00000001 00001f40
 3750 e 00000000 00000005 00000001 00001f40
 3751 f 00000000 00000005 00001f40 00001f40
 3752 l 00000001 00000005 00000001 00001f40
 3753 e 00000001 00000005 00000001 00001f40
 3754 f 00000001 00000005 00001f40 00001f40
 3755 t 00000000 00000043 00000004 00001f40
 3756 J 00000000 00000043 00000004 00000000
 3757 J 00000001 00000043 00000004 00000000
 3758 J 00000002 00000043 00000004 00000000
 3759 J 00000003 00000043 00000004 00000000
 3760 J 00000004 00000043 00000004 00000000
 3761 J 00000006 00000043 00000004 00000000
 3762 J 00000007 00000043 00000004 00000000
 3763 t 00000001 00000043 00000004 00001f40
 3764 J 00000005 00000043 00000004 00000001
 3765 l 00000000 00000005 00000001 00001f40
 3766 e 00000000 00000005 00000001 00001f40
 3767 f 00000000 00000005 00001f40 00001f40
 3768 l 00000001 00000005 00000001 00001f40
 3769 e 00000001 00000005 00000001 00001f40
 3770 f 00000001 00000005 00001f40 00001f40
 3771 t 00000000 00000044 00000004 00001f40
 3772 J 00000000 00000044 00000004 00000000
 3773 J 00000001 00000044 00000004 00000000
 3774 J 00000002 00000044 00000004 00000000
 3775 J 00000003 00000044 00000004 00000000
 3776 J 00000004 00000044 00000004 00000000
 3777 J 00000006 00000044 00000004 00000000
 3778 J 00000007 00000044 00000004 00000000
 3779 t 00000001 00000044 00000004 00001f40
 3780 J 00000005 00000044 00000004 00000001
 3781 l 00000000 00000005 00000001 00001f40
 3782 e 00000000 00000005 00000001 00001f40
 3783 f 00000000 00000005 00001f40 00001f40
 3784 l 00000001 00000005 00000001 00001f40
 3785 e 00000001 00000005 00000001 00001f40
 3786 f 00000001 00000005 00001f40 00001f40
 3787 t 00000000 00000045 00000004 00001f40
 3788 J 00000000 00000045 00000004 00000000
 3789 J 00000001 00000045 00000004 00000000
 3790 J 00000002 00000045 00000004 00000000
 3791 J 00000003 00000045 00000004 00000000
 3792 J 00000004 00000045 00000004 00000000
 3793 J 00000006 00000045 00000004 00000000
 3794 J 00000007 00000045 00000004 00000000
 3795 t 00000001 00000045 00000004 00001f40
 3796 J 00000005 00000045 00000004 00000001
 3797 l 00000000 00000005 00000001 00001f40
 3798 e 00000000 00000005 00000001 00001f40
 3799 f 00000000 00000005 00001f40 00001f40
 3800 l 00000001 00000005 00000001 00001f40
 3801 e 00000001 00000005 00000001 00001f40
 3802 f 00000001 00000005 00001f40 00001f40
 3803 t 00000000 00000046 00000004 00001f40
 3804 J 00000000 00000046 00000004 00000000
 3805 J 00000001 00000046 00000004 00000000
 3806 J 00000002 00000046 00000004 00000000
 3807 J 00000003 00000046 00000004 00000000
 3808 J 00000004 00000046 00000004 00000000
 3809 J 00000006 00000046 00000004 00000000
 3810 J 00000007 00000046 00000004 00000000
 3811 t 00000001 00000046 00000004 00001f40
 3812 J 00000005 00000046 00000004 00000001
 3813 l 00000000 00000005 00000001 00001f40
 3814 e 00000000 00000005 00000001 00001f40
 3815 f 00000000 00000005 00001f40 00001f40
 3816 l 00000001 00000005 00000001 00001f40
 3817 e 00000001 00000005 00000001 00001f40
 3818 f 00000001 00000005 00001f40 00001f40
 3819 t 00000000 00000048 00000004 00001f40
 3820 J 00000000 00000048 00000004 00000000
 3821 J 00000001 00000048 00000004 00000000
 3822 J 00000002 00000048 00000004 00000000
 3823 J 00000003 00000048 00000004 00000000
 3824 J 00000004 00000048 00000004 00000000
 3825 J 00000006 00000048 00000004 00000000
 3826 J 00000007 00000048 00000004 00000000
 3827 t 00000001 00000048 00000004 00001f40
 3828 J 00000005 00000048 00000004 00000001
 3829 l 00000000 00000005 00000001 00001f40
 3830 e 00000000 00000005 00000001 00001f40
 3831 f 00000000 00000005 00001f40 00001f40
 3832 l 00000001 00000005 00000001 00001f40
 3833 e 00000001 00000005 00000001 00001f40
 3834 f 00000001 00000005 00001f40 00001f40
 3835 t 00000000 00000055 00000004 00001f40
 3836 J 00000000 00000055 00000004 00000000
 3837 J 00000001 00000055 00000004 00000000
 3838 J 00000002 00000055 00000004 00000000
 3839 J 00000003 00000055 00000004 00000000
 3840 J 00000004 00000055 00000004 00000000
 3841 J 00000006 00000055 00000004 00000000
 3842 J 00000007 00000055 00000004 00000000
 3843 t 00000001 00000055 00000004 00001f40
 3844 J 00000005 00000055 00000004 00000001
 3845 l 00000000 00000005 00000001 00001f40
 3846 e 00000000 00000005 00000001 00001f40
 3847 f 00000000 00000005 00001f40 00001f40
 3848 l 00000001 00000005 00000001 00001f40
 3849 e 00000001 00000005 00000001 00001f40
 3850 f 00000001 00000005 00001f40 00001f40
 3851 t 00000000 00000078 00000004 00001f40
 3852 J 00000000 00000078 00000004 00000000
 3853 J 00000001 00000078 00000004 00000000
 3854 J 00000002 00000078 00000004 00000000
 3855 J 00000003 00000078 00000004 00000000
 3856 J 00000004 00000078 00000004 00000000
 3857 J 00000006 00000078 00000004 00000000
 3858 J 00000007 00000078 00000004 00000000
 3859 t 00000001 00000078 00000004 00001f40
 3860 J 00000005 00000078 00000004 00000001
 3861 l 00000000 00000005 00000001 00001f40
 3862 e 00000000 00000005 00000001 00001f40
 3863 f 00000000 00000005 00001f40 00001f40
 3864 l 00000001 00000005 00000001 00001f40
 3865 e 00000001 00000005 00000001 00001f40
 3866 f 00000001 00000005 00001f40 00001f40
 3867 t 00000000 00000079 00000004 00001f40
 3868 J 00000000 00000079 00000004 00000000
 3869 J 00000001 00000079 00000004 00000000
 3870 J 00000002 00000079 00000004 00000000
 3871 J 00000003 00000079 00000004 00000000
 3872 J 00000004 00000079 00000004 00000000
 3873 J 00000006 00000079 00000004 00000000
 3874 J 00000007 00000079 00000004 00000000
 3875 t 00000001 00000079 00000004 00001f40
 3876 J 00000005 00000079 00000004 00000001
 3877 l 00000000 00000005 00000001 00001f40
 3878 e 00000000 00000005 00000001 00001f40
 3879 f 00000000 00000005 00001f40 00001f40
 3880 l 00000001 00000005 00000001 00001f40
 3881 e 00000001 00000005 00000001 00001f40
 3882 f 00000001 00000005 00001f40 00001f40
 3883 t 00000000 0000007a 00000004 00001f40
 3884 J 00000000 0000007a 00000004 00000000
 3885 J 00000001 0000007a 00000004 00000000
 3886 J 00000002 0000007a 00000004 00000000
 3887 J 00000003 0000007a 00000004 00000000
 3888 J 00000004 0000007a 00000004 00000000
 3889 J 00000006 0000007a 00000004 00000000
 3890 J 00000007 0000007a 00000004 00000000
 3891 t 00000001 0000007a 00000004 00001f40
 3892 J 00000005 0000007a 00000004 00000001
 3893 l 00000000 00000005 00000001 00001f40
 3894 e 00000000 00000005 00000001 00001f40
 3895 f 00000000 00000005 00001f40 00001f40
 3896 l 00000001 00000005 00000001 00001f40
 3897 e 00000001 00000005 00000001 00001f40
 3898 f 00000001 00000005 00001f40 00001f40
 3899 t 00000000 0000007b 00000004 00001f40
 3900 J 00000000 0000007b 00000004 00000000
 3901 J 00000001 0000007b 00000004 00000000
 3902 J 00000002 0000007b 00000004 00000000
 3903 J 00000003 0000007b 00000004 00000000
 3904 J 00000004 0000007b 00000004 00000000
 3905 J 00000006 0000007b 00000004 00000000
 3906 J 00000007 0000007b 00000004 00000000
 3907 t 00000001 0000007b 00000004 00001f40
 3908 J 00000005 0000007b 00000004 00000001
 3909 l 00000000 00000005 00000001 00001f40
 3910 e 00000000 00000005 00000001 00001f40
 3911 f 00000000 00000005 00001f40 00001f40
 3912 l 00000001 00000005 00000001 00001f40
 3913 e 00000001 00000005 00000001 00001f40
 3914 f 00000001 00000005 00001f40 00001f40
 3915 t 00000000 0000007c 00000004 00001f40
 3916 J 00000000 0000007c 00000004 00000000
 3917 J 00000001 0000007c 00000004 00000000
 3918 J 00000002 0000007c 00000004 00000000
 3919 J 00000003 0000007c 00000004 00000000
 3920 J 00000004 0000007c 00000004 00000000
 3921 J 00000006 0000007c 00000004 00000000
 3922 J 00000007 0000007c 00000004 00000000
 3923 t 00000001 0000007c 00000004 00001f40
 3924 J 00000005 0000007c 00000004 00000001
 3925 l 00000000 00000005 00000001 00001f40
 3926 e 00000000 00000005 00000001 00001f40
 3927 f 00000000 00000005 00001f40 00001f40
 3928 l 00000001 00000005 00000001 00001f40
 3929 e 00000001 00000005 00000001 00001f40
 3930 f 00000001 00000005 00001f40 00001f40
 3931 t 00000000 0000007d 00000004 00001f40
 3932 J 00000000 0000007d 00000004 00000000
 3933 J 00000001 0000007d 00000004 00000000
 3934 J 00000002 0000007d 00000004 00000000
 3935 J 00000003 0000007d 00000004 00000000
 3936 J 00000004 0000007d 00000004 00000000
 3937 J 00000006 0000007d 00000004 00000000
 3938 J 00000007 0000007d 00000004 00000000
 3939 t 00000001 0000007d 00000004 00001f40
 3940 J 00000005 0000007d 00000004 00000001
 3941 l 00000000 00000005 00000001 00001f40
 3942 e 00000000 00000005 00000001 00001f40
 3943 f 00000000 00000005 00001f40 00001f40
 3944 l 00000001 00000005 00000001 00001f40
 3945 e 00000001 00000005 00000001 00001f40
 3946 f 00000001 00000005 00001f40 00001f40
 3947 t 00000000 0000007e 00000004 00001f40
 3948 J 00000000 0000007e 00000004 00000000
 3949 J 00000001 0000007e 00000004 00000000
 3950 J 00000002 0000007e 00000004 00000000
 3951 J 00000003 0000007e 00000004 00000000
 3952 J 00000004 0000007e 00000004 00000000
 3953 J 00000006 0000007e 00000004 00000000
 3954 J 00000007 0000007e 00000004 00000000
 3955 t 00000001 0000007e 00000004 00001f40
 3956 J 00000005 0000007e 00000004 00000001
 3957 l 00000000 00000005 00000001 00001f40
 3958 e 00000000 00000005 00000001 00001f40
 3959 f 00000000 00000005 00001f40 00001f40
 3960 l 00000001 00000005 00000001 00001f40
 3961 e 00000001 00000005 00000001 00001f40
 3962 f 00000001 00000005 00001f40 00001f40
 3963 t 00000000 0000007f 00000004 00001f40
 3964 J 00000000 0000007f 00000004 00000000
 3965 J 00000001 0000007f 00000004 00000000
 3966 J 00000002 0000007f 00000004 00000000
 3967 J 00000003 0000007f 00000004 00000000
 3968 J 00000004 0000007f 00000004 00000000
 3969 J 00000006 0000007f 00000004 00000000
 3970 J 00000007 0000007f 00000004 00000000
 3971 t 00000001 0000007f 00000004 00001f40
 3972 J 00000005 0000007f 00000004 00000001
 3973 l 00000000 00000005 00000001 00001f40
 3974 e 00000000 00000005 00000001 00001f40
 3975 f 00000000 00000005 00001f40 00001f40
 3976 l 00000001 00000005 00000001 00001f40
 3977 e 00000001 00000005 00000001 00001f40
 3978 f 00000001 00000005 00001f40 00001f40
 3979 r 00000000 0000003f 00000001 00000000
 3980 K 00000000 00000001 0000000f 00000000
 3981 K 00000001 00000001 0000000f 00000000
 3982 K 00000002 00000001 0000000f 00000000
 3983 K 00000003 00000001 0000000f 00000000
 3984 K 00000004 00000001 0000000f 00000000
 3985 K 00000006 00000001 0000000f 00000000
 3986 K 00000007 00000001 0000000f 00000000
 3987 r 00000001 0000003f 00000001 00000000
 3988 r 00000000 00000021 00000001 00000000
 3989 K 00000000 00000001 0000000e 00000000
 3990 K 00000001 00000001 0000000e 00000000
 3991 K 00000002 00000001 0000000e 00000000
 3992 K 00000003 00000001 0000000e 00000000
 3993 K 00000004 00000001 0000000e 00000000
 3994 K 00000006 00000001 0000000e 00000000
 3995 K 00000007 00000001 0000000e 00000000
 3996 r 00000001 00000021 00000001 00000000
 3997 r 00000000 00000012 00000000 00000000
 3998 K 00000000 00000000 0000000d 00000000
 3999 K 00000001 00000000 0000000d 00000000
 4000 K 00000002 00000000 0000000d 00000000
 4001 K 00000003 00000000 0000000d 00000000
 4002 K 00000004 00000000 0000000d 00000000
 4003 K 00000006 00000000 0000000d 00000000
 4004 K 00000007 00000000 0000000d 00000000
 4005 r 00000001 00000012 00000000 00000000
 4006 K 00000005 00000000 0000000d 00000000
 4007 r 00000000 0000001e 00000000 00000000
 4008 K 00000000 00000000 0000000c 00000000
 4009 K 00000001 00000000 0000000c 00000000
 4010 K 00000002 00000000 0000000c 00000000
 4011 K 00000003 00000000 0000000c 00000000
 4012 K 00000004 00000000 0000000c 00000000
 4013 K 00000006 00000000 0000000c 00000000
 4014 K 00000007 00000000 0000000c 00000000
 4015 r 00000001 0000001e 00000000 00000000
 4016 K 00000005 00000000 0000000c 00000000
 4017 r 00000000 0000000a 00000001 00000000
 4018 K 00000000 00000001 0000000a 00000000
 4019 K 00000001 00000001 0000000a 00000000
 4020 K 00000002 00000001 0000000a 00000000
 4021 K 00000003 00000001 0000000a 00000000
 4022 K 00000004 00000001 0000000a 00000000
 4023 K 00000006 00000001 0000000a 00000000
 4024 K 00000007 00000001 0000000a 00000000
 4025 r 00000001 0000000a 00000001 00000000
 4026 K 00000005 00000001 0000000a 00000000
 4027 r 00000000 0000001c 00000001 00000000
 4028 K 00000000 00000001 0000000b 00000000
 4029 K 00000001 00000001 0000000b 00000000
 4030 K 00000002 00000001 0000000b 00000000
 4031 K 00000003 00000001 0000000b 00000000
 4032 K 00000004 00000001 0000000b 00000000
 4033 K 00000006 00000001 0000000b 00000000
 4034 K 00000007 00000001 0000000b 00000000
 4035 r 00000001 0000001c 00000001 00000000
 4036 K 00000005 00000001 0000000b 00000000
 4037 r 00000000 00000005 00000001 00000000
 4038 K 00000000 00000001 00000005 00000000
 4039 K 00000001 00000001 00000005 00000000
 4040 K 00000002 00000001 00000005 00000000
 4041 K 00000003 00000001 00000005 00000000
 4042 K 00000004 00000001 00000005 00000000
 4043 K 00000006 00000001 00000005 00000000
 4044 K 00000007 00000001 00000005 00000000
 4045 r 00000001 00000005 00000001 00000000
 4046 K 00000005 00000001 00000005 00000000
 4047 r 00000000 00000006 00000001 00000000
 4048 K 00000000 00000001 00000006 00000000
 4049 K 00000001 00000001 00000006 00000000
 4050 K 00000002 00000001 00000006 00000000
 4051 K 00000003 00000001 00000006 00000000
 4052 K 00000004 00000001 00000006 00000000
 4053 K 00000006 00000001 00000006 00000000
 4054 K 00000007 00000001 00000006 00000000
 4055 r 00000001 00000006 00000001 00000000
 4056 K 00000005 00000001 00000006 00000000
 4057 r 00000000 00000007 00000001 00000000
 4058 K 00000000 00000001 00000007 00000000
 4059 K 00000001 00000001 00000007 00000000
 4060 K 00000002 00000001 00000007 00000000
 4061 K 00000003 00000001 00000007 00000000
 4062 K 00000004 00000001 00000007 00000000
 4063 K 00000006 00000001 00000007 00000000
 4064 K 00000007 00000001 00000007 00000000
 4065 r 00000001 00000007 00000001 00000000
 4066 K 00000005 00000001 00000007 00000000
 4067 r 00000000 00000008 00000001 00000000
 4068 K 00000000 00000001 00000008 00000000
 4069 K 00000001 00000001 00000008 00000000
 4070 K 00000002 00000001 00000008 00000000
 4071 K 00000003 00000001 00000008 00000000
 4072 K 00000004 00000001 00000008 00000000
 4073 K 00000006 00000001 00000008 00000000
 4074 K 00000007 00000001 00000008 00000000
 4075 r 00000001 00000008 00000001 00000000
 4076 K 00000005 00000001 00000008 00000000
 4077 r 00000000 00000009 00000001 00000000
 4078 K 00000000 00000001 00000009 00000000
 4079 K 00000001 00000001 00000009 00000000
 4080 K 00000002 00000001 00000009 00000000
 4081 K 00000003 00000001 00000009 00000000
 4082 K 00000004 00000001 00000009 00000000
 4083 K 00000006 00000001 00000009 00000000
 4084 K 00000007 00000001 00000009 00000000
 4085 r 00000001 00000009 00000001 00000000
 4086 K 00000005 00000001 00000009 00000000
 4087 r 00000000 00000004 00000001 00000000
 4088 K 00000000 00000001 00000004 00000000
 4089 K 00000001 00000001 00000004 00000000
 4090 K 00000002 00000001 00000004 00000000
 4091 K 00000003 00000001 00000004 00000000
 4092 K 00000004 00000001 00000004 00000000
 4093 K 00000006 00000001 00000004 00000000
 4094 K 00000007 00000001 00000004 00000000
 4095 r 00000001 00000004 00000001 00000000
 4096 K 00000005 00000001 00000004 00000000
 4097 r 00000000 00000003 00000001 00000000
 4098 K 00000000 00000001 00000003 00000000
 4099 K 00000001 00000001 00000003 00000000
 4100 K 00000002 00000001 00000003 00000000
 4101 K 00000003 00000001 00000003 00000000
 4102 K 00000004 00000001 00000003 00000000
 4103 K 00000006 00000001 00000003 00000000
 4104 K 00000007 00000001 00000003 00000000
 4105 r 00000001 00000003 00000001 00000000
 4106 K 00000005 00000001 00000003 00000000
 4107 r 00000000 00000000 00000001 00000000
 4108 K 00000000 00000001 00000000 00000000
 4109 K 00000001 00000001 00000000 00000000
 4110 K 00000002 00000001 00000000 00000000
 4111 K 00000003 00000001 00000000 00000000
 4112 K 00000004 00000001 00000000 00000000
 4113 K 00000006 00000001 00000000 00000000
 4114 K 00000007 00000001 00000000 00000000
 4115 r 00000001 00000000 00000001 00000000
 4116 K 00000005 00000001 00000000 00000000
 4117 r 00000000 00000001 00000001 00000000
 4118 K 00000000 00000001 00000001 00000000
 4119 K 00000001 00000001 00000001 00000000
 4120 K 00000002 00000001 00000001 00000000
 4121 K 00000003 00000001 00000001 00000000
 4122 K 00000004 00000001 00000001 00000000
 4123 K 00000006 00000001 00000001 00000000
 4124 K 00000007 00000001 00000001 00000000
 4125 r 00000001 00000001 00000001 00000000
 4126 K 00000005 00000001 00000001 00000000
 4127 r 00000000 00000002 00000001 00000000
 4128 K 00000000 00000001 00000002 00000000
 4129 K 00000001 00000001 00000002 00000000
 4130 K 00000002 00000001 00000002 00000000
 4131 K 00000003 00000001 00000002 00000000
 4132 K 00000004 00000001 00000002 00000000
 4133 K 00000006 00000001 00000002 00000000
 4134 K 00000007 00000001 00000002 00000000
 4135 r 00000001 00000002 00000001 00000000
 4136 K 00000005 00000001 00000002 00000000
 4137 r 00000000 0000001f 00000000 00000000
 4138 K 00000000 00000000 0000001f 00000000
 4139 K 00000001 00000000 0000001f 00000000
 4140 K 00000002 00000000 0000001f 00000000
 4141 K 00000003 00000000 0000001f 00000000
 4142 K 00000004 00000000 0000001f 00000000
 4143 K 00000006 00000000 0000001f 00000000
 4144 K 00000007 00000000 0000001f 00000000
 4145 r 00000001 0000001f 00000000 00000000
 4146 r 00000000 00000016 00000001 00000000
 4147 K 00000000 00000001 0000001b 00000000
 4148 K 00000001 00000001 0000001b 00000000
 4149 K 00000002 00000001 0000001b 00000000
 4150 K 00000003 00000001 0000001b 00000000
 4151 K 00000004 00000001 0000001b 00000000
 4152 K 00000006 00000001 0000001b 00000000
 4153 K 00000007 00000001 0000001b 00000000
 4154 r 00000001 00000016 00000001 00000000
 4155 K 00000005 00000001 0000001b 00000000
 4156 r 00000000 00000017 00000001 00000000
 4157 K 00000000 00000001 0000001d 00000000
 4158 K 00000001 00000001 0000001d 00000000
 4159 K 00000002 00000001 0000001d 00000000
 4160 K 00000003 00000001 0000001d 00000000
 4161 K 00000004 00000001 0000001d 00000000
 4162 K 00000006 00000001 0000001d 00000000
 4163 K 00000007 00000001 0000001d 00000000
 4164 r 00000001 00000017 00000001 00000000
 4165 K 00000005 00000001 0000001d 00000000
 4166 r 00000000 00000018 00000001 00000000
 4167 K 00000000 00000001 0000001c 00000000
 4168 K 00000001 00000001 0000001c 00000000
 4169 K 00000002 00000001 0000001c 00000000
 4170 K 00000003 00000001 0000001c 00000000
 4171 K 00000004 00000001 0000001c 00000000
 4172 K 00000006 00000001 0000001c 00000000
 4173 K 00000007 00000001 0000001c 00000000
 4174 r 00000001 00000018 00000001 00000000
 4175 K 00000005 00000001 0000001c 00000000
 4176 r 00000000 00000019 00000001 00000000
 4177 K 00000000 00000001 0000001e 00000000
 4178 K 00000001 00000001 0000001e 00000000
 4179 K 00000002 00000001 0000001e 00000000
 4180 K 00000003 00000001 0000001e 00000000
 4181 K 00000004 00000001 0000001e 00000000
 4182 K 00000006 00000001 0000001e 00000000
 4183 K 00000007 00000001 0000001e 00000000
 4184 r 00000001 00000019 00000001 00000000
 4185 K 00000005 00000001 0000001e 00000000
 4186 r 00000000 00000015 00000001 00000000
 4187 K 00000000 00000001 0000001a 00000000
 4188 K 00000001 00000001 0000001a 00000000
 4189 K 00000002 00000001 0000001a 00000000
 4190 K 00000003 00000001 0000001a 00000000
 4191 K 00000004 00000001 0000001a 00000000
 4192 K 00000006 00000001 0000001a 00000000
 4193 K 00000007 00000001 0000001a 00000000
 4194 r 00000001 00000015 00000001 00000000
 4195 K 00000005 00000001 0000001a 00000000
 4196 r 00000000 00000013 00000001 00000000
 4197 K 00000000 00000001 00000019 00000000
 4198 K 00000001 00000001 00000019 00000000
 4199 K 00000002 00000001 00000019 00000000
 4200 K 00000003 00000001 00000019 00000000
 4201 K 00000004 00000001 00000019 00000000
 4202 K 00000006 00000001 00000019 00000000
 4203 K 00000007 00000001 00000019 00000000
 4204 r 00000001 00000013 00000001 00000000
 4205 K 00000005 00000001 00000019 00000000
 4206 r 00000000 00000014 00000001 00000000
 4207 K 00000000 00000001 00000018 00000000
 4208 K 00000001 00000001 00000018 00000000
 4209 K 00000002 00000001 00000018 00000000
 4210 K 00000003 00000001 00000018 00000000
 4211 K 00000004 00000001 00000018 00000000
 4212 K 00000006 00000001 00000018 00000000
 4213 K 00000007 00000001 00000018 00000000
 4214 r 00000001 00000014 00000000 00000000
 4215 K 00000005 00000000 00000018 00000000
 4216 r 00000000 00000020 00000000 00000000
 4217 K 00000000 00000000 00000017 00000000
 4218 K 00000001 00000000 00000017 00000000
 4219 K 00000002 00000000 00000017 00000000
 4220 K 00000003 00000000 00000017 00000000
 4221 K 00000004 00000000 00000017 00000000
 4222 K 00000006 00000000 00000017 00000000
 4223 K 00000007 00000000 00000017 00000000
 4224 r 00000001 00000020 00000000 00000000
 4225 K 00000005 00000000 00000017 00000000
 4226 r 00000000 0000001a 00000001 00000000
 4227 K 00000000 00000001 00000016 00000000
 4228 K 00000001 00000001 00000016 00000000
 4229 K 00000002 00000001 00000016 00000000
 4230 K 00000003 00000001 00000016 00000000
 4231 K 00000004 00000001 00000016 00000000
 4232 K 00000006 00000001 00000016 00000000
 4233 K 00000007 00000001 00000016 00000000
 4234 r 00000001 0000001a 00000001 00000000
 4235 K 00000005 00000001 00000016 00000000
 4236 r 00000000 0000000e 00000001 00000000
 4237 K 00000000 00000001 00000013 00000000
 4238 K 00000001 00000001 00000013 00000000
 4239 K 00000002 00000001 00000013 00000000
 4240 K 00000003 00000001 00000013 00000000
 4241 K 00000004 00000001 00000013 00000000
 4242 K 00000006 00000001 00000013 00000000
 4243 K 00000007 00000001 00000013 00000000
 4244 r 00000001 0000000e 00000001 00000000
 4245 K 00000005 00000001 00000013 00000000
 4246 r 00000000 0000000f 00000001 00000000
 4247 K 00000000 00000001 00000014 00000000
 4248 K 00000001 00000001 00000014 00000000
 4249 K 00000002 00000001 00000014 00000000
 4250 K 00000003 00000001 00000014 00000000
 4251 K 00000004 00000001 00000014 00000000
 4252 K 00000006 00000001 00000014 00000000
 4253 K 00000007 00000001 00000014 00000000
 4254 r 00000001 0000000f 00000001 00000000
 4255 K 00000005 00000001 00000014 00000000
 4256 r 00000000 00000010 00000001 00000000
 4257 K 00000000 00000001 00000015 00000000
 4258 K 00000001 00000001 00000015 00000000
 4259 K 00000002 00000001 00000015 00000000
 4260 K 00000003 00000001 00000015 00000000
 4261 K 00000004 00000001 00000015 00000000
 4262 K 00000006 00000001 00000015 00000000
 4263 K 00000007 00000001 00000015 00000000
 4264 r 00000001 00000010 00000001 00000000
 4265 K 00000005 00000001 00000015 00000000
 4266 r 00000000 0000000c 00000001 00000000
 4267 K 00000000 00000001 00000010 00000000
 4268 K 00000001 00000001 00000010 00000000
 4269 K 00000002 00000001 00000010 00000000
 4270 K 00000003 00000001 00000010 00000000
 4271 K 00000004 00000001 00000010 00000000
 4272 K 00000006 00000001 00000010 00000000
 4273 K 00000007 00000001 00000010 00000000
 4274 r 00000001 0000000c 00000001 00000000
 4275 K 00000005 00000001 00000010 00000000
 4276 r 00000000 00000040 00000001 00000000
 4277 K 00000000 00000001 00000012 00000000
 4278 K 00000001 00000001 00000012 00000000
 4279 K 00000002 00000001 00000012 00000000
 4280 K 00000003 00000001 00000012 00000000
 4281 K 00000004 00000001 00000012 00000000
 4282 K 00000006 00000001 00000012 00000000
 4283 K 00000007 00000001 00000012 00000000
 4284 r 00000001 00000040 00000001 00000000
 4285 K 00000005 00000001 00000012 00000000
 4286 r 00000000 00000041 00000001 00000000
 4287 K 00000000 00000001 00000011 00000000
 4288 K 00000001 00000001 00000011 00000000
 4289 K 00000002 00000001 00000011 00000000
 4290 K 00000003 00000001 00000011 00000000
 4291 K 00000004 00000001 00000011 00000000
 4292 K 00000006 00000001 00000011 00000000
 4293 K 00000007 00000001 00000011 00000000
 4294 r 00000001 00000041 00000001 00000000
 4295 K 00000005 00000001 00000011 00000000
 4296 r 00000000 00000042 00000001 00000000
 4297 K 00000000 00000001 0000002a 00000000
 4298 K 00000001 00000001 0000002a 00000000
 4299 K 00000002 00000001 0000002a 00000000
 4300 K 00000003 00000001 0000002a 00000000
 4301 K 00000004 00000001 0000002a 00000000
 4302 K 00000006 00000001 0000002a 00000000
 4303 K 00000007 00000001 0000002a 00000000
 4304 r 00000001 00000042 00000001 00000000
 4305 K 00000005 00000001 0000002a 00000000
 4306 r 00000000 00000029 00000001 00000000
 4307 K 00000000 00000001 00000029 00000000
 4308 K 00000001 00000001 00000029 00000000
 4309 K 00000002 00000001 00000029 00000000
 4310 K 00000003 00000001 00000029 00000000
 4311 K 00000004 00000001 00000029 00000000
 4312 K 00000006 00000001 00000029 00000000
 4313 K 00000007 00000001 00000029 00000000
 4314 r 00000001 00000029 00000001 00000000
 4315 r 00000000 0000002b 00000001 00000000
 4316 r 00000001 0000002b 00000001 00000000
 4317 r 00000000 0000000b 00000001 00000000
 4318 K 00000000 00000001 00000027 00000000
 4319 K 00000001 00000001 00000027 00000000
 4320 K 00000002 00000001 00000027 00000000
 4321 K 00000003 00000001 00000027 00000000
 4322 K 00000004 00000001 00000027 00000000
 4323 K 00000006 00000001 00000027 00000000
 4324 K 00000007 00000001 00000027 00000000
 4325 r 00000001 0000000b 00000001 00000000
 4326 K 00000005 00000001 00000027 00000000
 4327 r 00000000 00000043 00000000 00000000
 4328 K 00000000 00000000 00000025 00000000
 4329 K 00000001 00000000 00000025 00000000
 4330 K 00000002 00000000 00000025 00000000
 4331 K 00000003 00000000 00000025 00000000
 4332 K 00000004 00000000 00000025 00000000
 4333 K 00000006 00000000 00000025 00000000
 4334 K 00000007 00000000 00000025 00000000
 4335 r 00000001 00000043 00000000 00000000
 4336 K 00000005 00000000 00000025 00000000
 4337 r 00000000 00000044 00000000 00000000
 4338 K 00000000 00000000 00000026 00000000
 4339 K 00000001 00000000 00000026 00000000
 4340 K 00000002 00000000 00000026 00000000
 4341 K 00000003 00000000 00000026 00000000
 4342 K 00000004 00000000 00000026 00000000
 4343 K 00000006 00000000 00000026 00000000
 4344 K 00000007 00000000 00000026 00000000
 4345 r 00000001 00000044 00000000 00000000
 4346 K 00000005 00000000 00000026 00000000
 4347 r 00000000 00000023 00000000 00000000
 4348 K 00000000 00000000 00000024 00000000
 4349 K 00000001 00000000 00000024 00000000
 4350 K 00000002 00000000 00000024 00000000
 4351 K 00000003 00000000 00000024 00000000
 4352 K 00000004 00000000 00000024 00000000
 4353 K 00000006 00000000 00000024 00000000
 4354 K 00000007 00000000 00000024 00000000
 4355 r 00000001 00000023 00000000 00000000
 4356 r 00000000 00000024 00000000 00000000
 4357 K 00000000 00000000 00000022 00000000
 4358 K 00000001 00000000 00000022 00000000
 4359 K 00000002 00000000 00000022 00000000
 4360 K 00000003 00000000 00000022 00000000
 4361 K 00000004 00000000 00000022 00000000
 4362 K 00000006 00000000 00000022 00000000
 4363 K 00000007 00000000 00000022 00000000
 4364 r 00000001 00000024 00000000 00000000
 4365 r 00000000 0000002c 00000001 00000000
 4366 K 00000000 00000001 00000021 00000000
 4367 K 00000001 00000001 00000021 00000000
 4368 K 00000002 00000001 00000021 00000000
 4369 K 00000003 00000001 00000021 00000000
 4370 K 00000004 00000001 00000021 00000000
 4371 K 00000006 00000001 00000021 00000000
 4372 K 00000007 00000001 00000021 00000000
 4373 r 00000001 0000002c 00000001 00000000
 4374 K 00000005 00000001 00000021 00000000
 4375 r 00000000 00000025 00000001 00000000
 4376 K 00000000 00000001 00000023 00000000
 4377 K 00000001 00000001 00000023 00000000
 4378 K 00000002 00000001 00000023 00000000
 4379 K 00000003 00000001 00000023 00000000
 4380 K 00000004 00000001 00000023 00000000
 4381 K 00000006 00000001 00000023 00000000
 4382 K 00000007 00000001 00000023 00000000
 4383 r 00000001 00000025 00000001 00000000
 4384 r 00000000 0000001d 00000001 00000000
 4385 K 00000000 00000001 00000020 00000000
 4386 K 00000001 00000001 00000020 00000000
 4387 K 00000002 00000001 00000020 00000000
 4388 K 00000003 00000001 00000020 00000000
 4389 K 00000004 00000001 00000020 00000000
 4390 K 00000006 00000001 00000020 00000000
 4391 K 00000007 00000001 00000020 00000000
 4392 r 00000001 0000001d 00000001 00000000
 4393 K 00000005 00000001 00000020 00000000
 4394 r 00000000 00000045 00000001 00000000
 4395 r 00000001 00000045 00000001 00000000
 4396 r 00000000 00000046 00000001 00000000
 4397 K 00000000 00000001 0000002b 00000000
 4398 K 00000001 00000001 0000002b 00000000
 4399 K 00000002 00000001 0000002b 00000000
 4400 K 00000003 00000001 0000002b 00000000
 4401 K 00000004 00000001 0000002b 00000000
 4402 K 00000006 00000001 0000002b 00000000
 4403 K 00000007 00000001 0000002b 00000000
 4404 r 00000001 00000046 00000001 00000000
 4405 K 00000005 00000001 0000002b 00000000
 4406 r 00000000 00000022 00000001 00000000
 4407 r 00000001 00000022 00000001 00000000
 4408 r 00000000 0000000d 00000001 00000000
 4409 r 00000001 0000000d 00000001 00000000
 4410 r 00000000 00000011 00000001 00000000
 4411 r 00000001 00000011 00000001 00000000
 4412 r 00000000 0000001b 00000001 00000000
 4413 r 00000001 0000001b 00000001 00000000
 4414 r 00000000 00000026 00000000 00000000
 4415 r 00000001 00000026 00000000 00000000
 4416 r 00000000 00000027 00000001 00000000
 4417 r 00000001 00000027 00000001 00000000
 4418 r 00000000 00000028 00000000 00000000
 4419 r 00000001 00000028 00000000 00000000
 4420 K 00000005 00000000 00000042 00000000
 4421 r 00000000 0000002a 00000001 00000000
 4422 r 00000001 0000002a 00000001 00000000
 4423 K 00000005 00000001 00000041 00000000
 4424 r 00000000 0000002d 00000001 00000000
 4425 r 00000001 0000002d 00000001 00000000
 4426 r 00000000 0000002e 00000001 00000000
 4427 r 00000001 0000002e 00000001 00000000
 4428 r 00000000 0000002f 00000001 00000000
 4429 K 00000000 00000001 00000038 00000000
 4430 K 00000001 00000001 00000038 00000000
 4431 K 00000002 00000001 00000038 00000000
 4432 K 00000003 00000001 00000038 00000000
 4433 K 00000004 00000001 00000038 00000000
 4434 K 00000006 00000001 00000038 00000000
 4435 K 00000007 00000001 00000038 00000000
 4436 r 00000001 0000002f 00000001 00000000
 4437 K 00000005 00000001 00000038 00000000
 4438 r 00000000 00000030 00000001 00000000
 4439 K 00000000 00000001 00000037 00000000
 4440 K 00000001 00000001 00000037 00000000
 4441 K 00000002 00000001 00000037 00000000
 4442 K 00000003 00000001 00000037 00000000
 4443 K 00000004 00000001 00000037 00000000
 4444 K 00000006 00000001 00000037 00000000
 4445 K 00000007 00000001 00000037 00000000
 4446 r 00000001 00000030 00000001 00000000
 4447 K 00000005 00000001 00000037 00000000
 4448 r 00000000 00000031 00000001 00000000
 4449 K 00000000 00000001 00000036 00000000
 4450 K 00000001 00000001 00000036 00000000
 4451 K 00000002 00000001 00000036 00000000
 4452 K 00000003 00000001 00000036 00000000
 4453 K 00000004 00000001 00000036 00000000
 4454 K 00000006 00000001 00000036 00000000
 4455 K 00000007 00000001 00000036 00000000
 4456 r 00000001 00000031 00000001 00000000
 4457 K 00000005 00000001 00000036 00000000
 4458 r 00000000 00000032 00000001 00000000
 4459 K 00000000 00000001 00000035 00000000
 4460 K 00000001 00000001 00000035 00000000
 4461 K 00000002 00000001 00000035 00000000
 4462 K 00000003 00000001 00000035 00000000
 4463 K 00000004 00000001 00000035 00000000
 4464 K 00000006 00000001 00000035 00000000
 4465 K 00000007 00000001 00000035 00000000
 4466 r 00000001 00000032 00000001 00000000
 4467 K 00000005 00000001 00000035 00000000
 4468 r 00000000 00000033 00000001 00000000
 4469 K 00000000 00000001 00000034 00000000
 4470 K 00000001 00000001 00000034 00000000
 4471 K 00000002 00000001 00000034 00000000
 4472 K 00000003 00000001 00000034 00000000
 4473 K 00000004 00000001 00000034 00000000
 4474 K 00000006 00000001 00000034 00000000
 4475 K 00000007 00000001 00000034 00000000
 4476 r 00000001 00000033 00000001 00000000
 4477 K 00000005 00000001 00000034 00000000
 4478 r 00000000 00000034 00000001 00000000
 4479 K 00000000 00000001 00000033 00000000
 4480 K 00000001 00000001 00000033 00000000
 4481 K 00000002 00000001 00000033 00000000
 4482 K 00000003 00000001 00000033 00000000
 4483 K 00000004 00000001 00000033 00000000
 4484 K 00000006 00000001 00000033 00000000
 4485 K 00000007 00000001 00000033 00000000
 4486 r 00000001 00000034 00000001 00000000
 4487 K 00000005 00000001 00000033 00000000
 4488 r 00000000 00000035 00000001 00000000
 4489 K 00000000 00000001 00000032 00000000
 4490 K 00000001 00000001 00000032 00000000
 4491 K 00000002 00000001 00000032 00000000
 4492 K 00000003 00000001 00000032 00000000
 4493 K 00000004 00000001 00000032 00000000
 4494 K 00000006 00000001 00000032 00000000
 4495 K 00000007 00000001 00000032 00000000
 4496 r 00000001 00000035 00000001 00000000
 4497 K 00000005 00000001 00000032 00000000
 4498 r 00000000 00000036 00000001 00000000
 4499 K 00000000 00000001 00000031 00000000
 4500 K 00000001 00000001 00000031 00000000
 4501 K 00000002 00000001 00000031 00000000
 4502 K 00000003 00000001 00000031 00000000
 4503 K 00000004 00000001 00000031 00000000
 4504 K 00000006 00000001 00000031 00000000
 4505 K 00000007 00000001 00000031 00000000
 4506 r 00000001 00000036 00000001 00000000
 4507 K 00000005 00000001 00000031 00000000
 4508 r 00000000 00000037 00000001 00000000
 4509 K 00000000 00000001 00000030 00000000
 4510 K 00000001 00000001 00000030 00000000
 4511 K 00000002 00000001 00000030 00000000
 4512 K 00000003 00000001 00000030 00000000
 4513 K 00000004 00000001 00000030 00000000
 4514 K 00000006 00000001 00000030 00000000
 4515 K 00000007 00000001 00000030 00000000
 4516 r 00000001 00000037 00000001 00000000
 4517 K 00000005 00000001 0000002d 00000000
 4518 r 00000000 00000038 00000001 00000000
 4519 K 00000000 00000001 0000002f 00000000
 4520 K 00000001 00000001 0000002f 00000000
 4521 K 00000002 00000001 0000002f 00000000
 4522 K 00000003 00000001 0000002f 00000000
 4523 K 00000004 00000001 0000002f 00000000
 4524 K 00000006 00000001 0000002f 00000000
 4525 K 00000007 00000001 0000002f 00000000
 4526 r 00000001 00000038 00000001 00000000
 4527 K 00000005 00000001 0000002f 00000000
 4528 r 00000000 00000039 00000001 00000000
 4529 K 00000000 00000001 0000002e 00000000
 4530 K 00000001 00000001 0000002e 00000000
 4531 K 00000002 00000001 0000002e 00000000
 4532 K 00000003 00000001 0000002e 00000000
 4533 K 00000004 00000001 0000002e 00000000
 4534 K 00000006 00000001 0000002e 00000000
 4535 K 00000007 00000001 0000002e 00000000
 4536 r 00000001 00000039 00000001 00000000
 4537 K 00000005 00000001 0000002e 00000000
 4538 r 00000000 0000003a 00000001 00000000
 4539 K 00000000 00000001 0000002d 00000000
 4540 K 00000001 00000001 0000002d 00000000
 4541 K 00000002 00000001 0000002d 00000000
 4542 K 00000003 00000001 0000002d 00000000
 4543 K 00000004 00000001 0000002d 00000000
 4544 K 00000006 00000001 0000002d 00000000
 4545 K 00000007 00000001 0000002d 00000000
 4546 r 00000001 0000003a 00000001 00000000
 4547 K 00000005 00000001 0000002d 00000000
 4548 r 00000000 0000003b 00000001 00000000
 4549 K 00000000 00000001 0000003c 00000000
 4550 K 00000001 00000001 0000003c 00000000
 4551 K 00000002 00000001 0000003c 00000000
 4552 K 00000003 00000001 0000003c 00000000
 4553 K 00000004 00000001 0000003c 00000000
 4554 K 00000006 00000001 0000003c 00000000
 4555 K 00000007 00000001 0000003c 00000000
 4556 r 00000001 0000003b 00000001 00000000
 4557 K 00000005 00000001 0000003c 00000000
 4558 r 00000000 0000003c 00000001 00000000
 4559 K 00000000 00000001 0000003b 00000000
 4560 K 00000001 00000001 0000003b 00000000
 4561 K 00000002 00000001 0000003b 00000000
 4562 K 00000003 00000001 0000003b 00000000
 4563 K 00000004 00000001 0000003b 00000000
 4564 K 00000006 00000001 0000003b 00000000
 4565 K 00000007 00000001 0000003b 00000000
 4566 r 00000001 0000003c 00000001 00000000
 4567 K 00000005 00000001 0000003b 00000000
 4568 r 00000000 0000003d 00000001 00000000
 4569 K 00000000 00000001 0000003a 00000000
 4570 K 00000001 00000001 0000003a 00000000
 4571 K 00000002 00000001 0000003a 00000000
 4572 K 00000003 00000001 0000003a 00000000
 4573 K 00000004 00000001 0000003a 00000000
 4574 K 00000006 00000001 0000003a 00000000
 4575 K 00000007 00000001 0000003a 00000000
 4576 r 00000001 0000003d 00000001 00000000
 4577 K 00000005 00000001 0000003a 00000000
 4578 r 00000000 0000003e 00000001 00000000
 4579 K 00000000 00000001 00000039 00000000
 4580 K 00000001 00000001 00000039 00000000
 4581 K 00000002 00000001 00000039 00000000
 4582 K 00000003 00000001 00000039 00000000
 4583 K 00000004 00000001 00000039 00000000
 4584 K 00000006 00000001 00000039 00000000
 4585 K 00000007 00000001 00000039 00000000
 4586 r 00000001 0000003e 00000001 00000000
 4587 K 00000005 00000001 00000039 00000000
 4588 g cda2fd2c cda2fd30 bf101468 00000000
 4589 c cda2fd2c cda2fd30 bf101468 00000000
 4590 s 00000001 00000000 00000000 00000000
 4591 o 00000001 00000000 00000000 00000000
 4592 9 00000001 cda2fd3c bf0fac24 f4000000
 4593 8 00000001 cda2fd3c 1b1a1918 00000051
 4594 9 00000001 cda2fd3c bf0fac24 f4000000
 4595 8 00000001 cda2fd3c 1b1a1918 00000055
 4596 9 00000002 cda2fd3c bf0fac24 f4000000
 4597 8 00000002 cda2fd3c 2b2a2928 00000051
 4598 9 00000002 cda2fd3c bf0fac24 f4000000
 4599 8 00000002 cda2fd3c 2b2a2928 00000055
 4600 9 00000003 cda2fd3c bf0fac24 f4000000
 4601 8 00000003 cda2fd3c 3b3a3938 00000051
 4602 9 00000003 cda2fd3c bf0fac24 f4000000
 4603 8 00000003 cda2fd3c 3b3a3938 00000055
 4604 9 00000004 cda2fd3c bf0fac24 f4000000
 4605 8 00000004 cda2fd3c 4b4a4948 00000051
 4606 9 00000004 cda2fd3c bf0fac24 f4000000
 4607 8 00000004 cda2fd3c 4b4a4948 00000055
 4608 9 00000005 cda2fd3c bf0fac24 f4000000
 4609 8 00000005 cda2fd3c 5b5a5958 00000051
 4610 9 00000005 cda2fd3c bf0fac24 f4000000
 4611 8 00000005 cda2fd3c 5b5a5958 00000055
 4612 9 00000006 cda2fd3c bf0fac24 f4000000
 4613 8 00000006 cda2fd3c 6b6a6968 00000051
 4614 9 00000006 cda2fd3c bf0fac24 f4000000
 4615 8 00000006 cda2fd3c 6b6a6968 00000055
 4616 9 00000007 cda2fd3c bf0fac24 f4000000
 4617 8 00000007 cda2fd3c 7b7a7978 00000051
 4618 9 00000007 cda2fd3c bf0fac24 f4000000
 4619 8 00000007 cda2fd3c 7b7a7978 00000055
 4620 9 00000008 cda2fd3c bf0fac24 f4000000
 4621 8 00000008 cda2fd3c 8b8a8988 00000051
 4622 9 00000008 cda2fd3c bf0fac24 f4000000
 4623 8 00000008 cda2fd3c 8b8a8988 00000055
 4624 9 00000008 cda2fa00 00000005 00000008
 4625 8 00000008 cda2fa00 00000055 00000155
 4626 9 00000008 cda2fa00 00000005 00000008
 4627 8 00000008 cda2fa00 00000155 00000355
 4628 9 00000008 cda2f9f0 00000005 00000008
 4629 9 00000008 cda2f9f0 00000005 00000008
 4630 8 00000008 cda2f9f0 00000355 00000755
 4631 9 00000005 cda2f9f0 00000004 00000005
 4632 8 00000005 cda2f9f0 00000055 00000155
 4633 9 00000005 cda2f9f0 00000004 00000005
 4634 8 00000005 cda2f9f0 00000155 00000355
 4635 9 00000001 cda2f9f0 00000000 00000001
 4636 8 00000001 cda2f9f0 00000055 00000155
 4637 9 00000001 cda2f9f0 00000000 00000001
 4638 8 00000001 cda2f9f0 00000155 00000355
 4639 9 00000002 cda2f9f0 00000001 00000002
 4640 8 00000002 cda2f9f0 00000055 00000155
 4641 9 00000002 cda2f9f0 00000001 00000002
 4642 8 00000002 cda2f9f0 00000155 00000355
 4643 9 00000003 cda2f9f0 00000002 00000003
 4644 8 00000003 cda2f9f0 00000055 00000155
 4645 9 00000003 cda2f9f0 00000002 00000003
 4646 8 00000003 cda2f9f0 00000155 00000355
 4647 9 00000004 cda2f9f0 00000003 00000004
 4648 8 00000004 cda2f9f0 00000055 00000155
 4649 9 00000004 cda2f9f0 00000003 00000004
 4650 8 00000004 cda2f9f0 00000155 00000355
 4651 A 00000000 00000000 00000000 00000001
 4652 l 00000000 00000001 00000001 00001f40
 4653 e 00000000 00000001 00000001 00001f40
 4654 f 00000000 00000001 00001f40 00001f40
 4655 l 00000001 00000001 00000001 00001f40
 4656 e 00000001 00000001 00000001 00001f40
 4657 f 00000001 00000001 00001f40 00001f40
 4658 l 00000000 00000002 00000001 00001f40
 4659 e 00000000 00000002 00000001 00001f40
 4660 f 00000000 00000002 00001f40 00001f40
 4661 l 00000001 00000002 00000001 00001f40
 4662 e 00000001 00000002 00000001 00001f40
 4663 f 00000001 00000002 00001f40 00001f40
 4664 l 00000000 00000003 00000001 00001f40
 4665 e 00000000 00000003 00000001 00001f40
 4666 f 00000000 00000003 00001f40 00001f40
 4667 l 00000001 00000003 00000001 00001f40
 4668 e 00000001 00000003 00000001 00001f40
 4669 f 00000001 00000003 00001f40 00001f40
 4670 l 00000000 00000004 00000001 00001f40
 4671 e 00000000 00000004 00000001 00001f40
 4672 f 00000000 00000004 00001f40 00001f40
 4673 l 00000001 00000004 00000001 00001f40
 4674 e 00000001 00000004 00000001 00001f40
 4675 f 00000001 00000004 00001f40 00001f40
 4676 l 00000000 00000005 00000001 00001f40
 4677 e 00000000 00000005 00000001 00001f40
 4678 f 00000000 00000005 00001f40 00001f40
 4679 l 00000001 00000005 00000001 00001f40
 4680 e 00000001 00000005 00000001 00001f40
 4681 f 00000001 00000005 00001f40 00001f40
 4682 l 00000000 00000006 00000001 00001f40
 4683 e 00000000 00000006 00000001 00001f40
 4684 f 00000000 00000006 00001f40 00001f40
 4685 l 00000001 00000006 00000001 00001f40
 4686 e 00000001 00000006 00000001 00001f40
 4687 f 00000001 00000006 00001f40 00001f40
 4688 l 00000000 00000007 00000001 00001f40
 4689 e 00000000 00000007 00000001 00001f40
 4690 f 00000000 00000007 00001f40 00001f40
 4691 O 00000004 000007d0 00000036 00000001
 4692 O 00000000 000007d0 bf100400 00000001
 4693 O 00000001 000007d0 bf100390 00000001
 4694 O 00000002 000007d0 bf1003ac 00000001
 4695 O 00000003 000007d0 bf1003c8 00000001
 4696 * cade4a80 00000082 bf19c9c8 00000000
 4697 * cade4a80 0000003c bf19c9c8 00000000
 4698 * cade4c40 000000b7 bf19c9c8 00000001
 4699 * cade4c40 000000fa bf19c9c8 5ac00200
 4700 * cade4c40 00000056 bf19c9c8 fd0018c3
 4701 * cade4c40 000000fa bf19c9c8 5ac00200
 4702 * cade4c40 000000fa bf19c9c8 5ac00200
 4703 * cade4c40 000000e8 bf19c9c8 c4109f8f
 4704 * cade4c40 000000b7 bf19c9c8 00000001
 4705 * cade4c40 00000096 bf19c9c8 02000000
 4706 * cade4c40 0000005a bf19c9c8 000000ff
 4707 * cade4c40 0000003e bf19c9c8 00000000
 4708 * cade4c40 0000003c bf19c9c8 00000000
 4709 * cade4a80 000000e8 bf19c9c8 c4109f8f
 4710 * cade4a80 000000c9 bf19c9c8 000000c4
 4711 * cade4a80 00000096 bf19c9c8 02000000
 4712 * cade4a80 0000005a bf19c9c8 000000ff
 4713 * cade4a80 000000cb bf19c9c8 00000001
 4714 * cade4a80 000000b7 bf19c9c8 00000001
 4715 * cade4a80 000000d2 bf19c9c8 0a0d0a0d
 4716 * cade4a80 000000d7 bf19c9c8 0000000a
 4717 * cade4d20 0000003c bf19c9c8 00000000
 4718 * cade4b60 000000e8 bf19c9c8 c4109f8f
 4719 * cade4b60 000000c9 bf19c9c8 000000c4
 4720 * cade4b60 000000d2 bf19c9c8 0a0d0a0d
 4721 * cade4b60 000000d7 bf19c9c8 0000000a
 4722 * cade4d20 0000003e bf19c9c8 00000000
 4723 * cade4d20 000000d2 bf19c9c8 0a0d0a0d
 4724 * cade4d20 000000d7 bf19c9c8 0000000a
 4725 * cade4c40 000000d2 bf19c9c8 0a0d0a0d
 4726 * cade4c40 000000d7 bf19c9c8 0000000a
 4727 * cade4c40 00000052 bf19c9c8 01000c00
 4728 * cade4c40 00000052 bf19c9c8 01000c00
 4729 * cade4c40 00000052 bf19c9c8 01000c00
 4730 * cade4c40 00000052 bf19c9c8 01000c00
 4731 * cade4a80 000000cb bf19c9c8 00000001
 4732 * cade4e00 000000b7 bf19c9c8 00000001
 4733 * cade4e00 00000052 bf19c9c8 01000c00
 4734 * cade4e00 00000052 bf19c9c8 01000c00
 4735 * cade4e00 00000052 bf19c9c8 01000c00
 4736 * cade4e00 00000052 bf19c9c8 01000c00
 4737 * c9a991c0 00000052 bf19c9c8 01000c00
 4738 * c9a991c0 00000052 bf19c9c8 01000c00
 4739 * c9a991c0 00000052 bf19c9c8 01000c00
 4740 * c9a991c0 00000052 bf19c9c8 01000c00
 4741 * c9a991c0 00000056 bf19c9c8 3e32481e
 4742 * c9a998c0 0000003e bf19c9c8 00000000
 4743 * c9a997e0 000000cb bf19c9c8 00000001
 4744 * c9a99c40 000000b7 bf19c9c8 00000001
 4745 * c99e1700 0000003c bf19c9c8 00000000
 4746 * c99e12a0 0000003c bf19c9c8 00000000
 4747 * c99e12a0 0000003c bf19c9c8 00000000
 4748 * c99e10e0 0000003c bf19c9c8 00000000
 4749 * c99e19a0 0000003c bf19c9c8 00000000
 4750 * c99e19a0 0000003c bf19c9c8 00000000
 4751 * c99e17e0 0000003e bf19c9c8 00000000
 4752 * c99e1b60 000000cb bf19c9c8 00000001
 4753 * c99e1b60 000000b7 bf19c9c8 00000001
 4754 l 00000000 00000001 00000000 00000000
 4755 e 00000000 00000001 00000000 00000000
 4756 f 00000000 00000001 00000000 00000000
 4757 l 00000001 00000001 00000000 00000000
 4758 e 00000001 00000001 00000000 00000000
 4759 f 00000001 00000001 00000000 00000000
 4760 l 00000000 00000002 00000000 00000000
 4761 e 00000000 00000002 00000000 00000000
 4762 f 00000000 00000002 00000000 00000000
 4763 l 00000001 00000002 00000000 00000000
 4764 e 00000001 00000002 00000000 00000000
 4765 f 00000001 00000002 00000000 00000000
 4766 l 00000000 00000003 00000000 00000000
 4767 e 00000000 00000003 00000000 00000000
 4768 f 00000000 00000003 00000000 00000000
 4769 l 00000001 00000003 00000000 00000000
 4770 e 00000001 00000003 00000000 00000000
 4771 f 00000001 00000003 00000000 00000000
 4772 l 00000000 00000004 00000000 00000000
 4773 e 00000000 00000004 00000000 00000000
 4774 f 00000000 00000004 00000000 00000000
 4775 l 00000001 00000004 00000000 00000000
 4776 e 00000001 00000004 00000000 00000000
 4777 f 00000001 00000004 00000000 00000000
 4778 l 00000000 00000005 00000000 00000000
 4779 e 00000000 00000005 00000000 00000000
 4780 f 00000000 00000005 00000000 00000000
 4781 l 00000001 00000005 00000000 00000000
 4782 e 00000001 00000005 00000000 00000000
 4783 f 00000001 00000005 00000000 00000000
 4784 l 00000000 00000006 00000000 00000000
 4785 e 00000000 00000006 00000000 00000000
 4786 f 00000000 00000006 00000000 00000000
 4787 l 00000001 00000006 00000000 00000000
 4788 e 00000001 00000006 00000000 00000000
 4789 f 00000001 00000006 00000000 00000000
 4790 l 00000000 00000007 00000000 00000000
 4791 e 00000000 00000007 00000000 00000000
 4792 f 00000000 00000007 00000000 00000000
 4793 l 00000001 00000007 00000000 00000000
 4794 e 00000001 00000007 00000000 00000000
 4795 f 00000001 00000007 00000000 00000000
 4796 * c99e1700 0000003c bf19c9c8 00000000
 4797 * c99e1d20 0000003c bf19c9c8 00000000
 4798 * c9a99540 0000003c bf19c9c8 00000000
 4799 * cade4c40 0000003c bf19c9c8 00000000
 4800 * c9a99380 0000003c bf19c9c8 00000000
 4801 * c99e17e0 0000003c bf19c9c8 00000000
 4802 * c99e1540 0000003c bf19c9c8 00000000
 4803 * c99e1460 0000003c bf19c9c8 00000000
 4804 * c99e1460 0000003c bf19c9c8 00000000
 4805 * c99e1460 00000056 bf19c9c8 3e32481e
 4806 * c99bf380 0000003c bf19c9c8 00000000
 4807 * cade4a80 0000003c bf19c9c8 00000000
 4808 * cade4a80 0000003e bf19c9c8 00000000
 4809 * c9a99380 0000003c bf19c9c8 00000000
 4810 * c99f57e0 0000003c bf19c9c8 00000000
 4811 * c99f59a0 0000003c bf19c9c8 00000000
 4812 * c99f5380 0000003c bf19c9c8 00000000
 4813 * c99f57e0 000000cb bf19c9c8 00000001
 4814 * c99f57e0 000000b7 bf19c9c8 00000001
 4815 * c99bf9a0 0000003c bf19c9c8 00000000
 4816 * c99bf9a0 0000003c bf19c9c8 00000000
 4817 * c99bf9a0 0000003c bf19c9c8 00000000
 4818 * c9a99460 00000057 bf19c9c8 00000001
 4819 * c9a99460 0000006b bf19c9c8 00000001
 4820 * c9a99460 000000a7 bf19c9c8 0000000a
 4821 * c99f51c0 0000003c bf19c9c8 00000000
 4822 * c99f5b60 0000004a bf19c9c8 0a030301
 4823 * c99f5b60 00000042 bf19c9c8 160048b5
 4824 * c99f51c0 00000062 bf19c9c8 1b1a1918
 4825 * c99f51c0 00000042 bf19c9c8 160048b5
 4826 * c99f5b60 0000003c bf19c9c8 00000000
 4827 * c99f5b60 0000003c bf19c9c8 00000000
 4828 * c99f5ee0 00000062 bf19c9c8 1b1a1918
 4829 * c99f5b60 00000062 bf19c9c8 1b1a1918
 4830 * c99f50e0 00000062 bf19c9c8 1b1a1918
 4831 * c99f5b60 00000062 bf19c9c8 1b1a1918
 4832 * c99f50e0 00000062 bf19c9c8 1b1a1918
 4833 * c99f5b60 00000062 bf19c9c8 1b1a1918
 4834 * c99f50e0 00000062 bf19c9c8 1b1a1918
 4835 * c99f50e0 0000004a bf19c9c8 0a030301
 4836 * c99f50e0 00000042 bf19c9c8 16002cc5
 4837 * c99f50e0 0000005a bf19c9c8 0a0d302e
 4838 * c99f50e0 00000042 bf19c9c8 16002cc5
 4839 * c99f50e0 0000052a bf19c9c8 00000000
 4840 * c99f50e0 00000072 bf19c9c8 00000000
 4841 * c99f58c0 00000052 bf19c9c8 00000000
 4842 * c99f58c0 00000076 bf19c9c8 6ab1c1a0
 4843 * c9a99620 00000096 bf19c9c8 bb709620
 4844 * c9a99620 00000086 bf19c9c8 c1a42806
 4845 * c99f5a80 00000096 bf19c9c8 ccd4723a
 4846 * c99f58c0 00000076 bf19c9c8 6414575f
 4847 * c99f58c0 00000042 bf19c9c8 16002cc5
 4848 * c99f58c0 00000042 bf19c9c8 16002cc5
 4849 * c99f50e0 00000086 bf19c9c8 e2fe4f3e
 4850 * c99f50e0 00000042 bf19c9c8 16002cc5
 4851 * c99f50e0 00000042 bf19c9c8 16002cc5
 4852 * c99f50e0 00000042 bf19c9c8 16002cc5
 4853 * c99f50e0 000000d6 bf19c9c8 6002f779
 4854 * c99f50e0 00000042 bf19c9c8 16002cc5
