92000000 ffffffff
92000004 ffffffff
92000008 ffffffff
9200000c 00044bef
92000010 00000000
92000014 00000000
92000018 00000000
9200001c 00000000
92000020 00000000
92000024 00000000
92000028 00000000
9200002c 00000000
92000030 00000000
92000034 00000000
92000038 00000000
9200003c 00000000
92000040 00000000
92000044 00000000
92000048 00000000
9200004c 00000000
92000050 00000000
92000054 00000000
92000058 00000000
9200005c 00000000
92000060 00000000
92000064 00000000
92000068 00000000
9200006c 00000000
92000070 00000000
92000074 00000000
92000078 00000000
9200007c 00000000
92000080 00000000
92000084 00000000
92000088 00000000
9200008c 00000000
92000090 00000000
92000094 00000000
92000098 00000000
9200009c 00000000
920000a0 00000000
920000a4 00000000
920000a8 00000000
920000ac 00000000
920000b0 00000000
920000b4 00000000
920000b8 00000000
920000bc 00000000
920000c0 00000000
920000c4 00000000
920000c8 00000000
920000cc 00000000
920000d0 00000000
920000d4 00000000
920000d8 00000000
920000dc 00000000
920000e0 00000000
920000e4 00000000
920000e8 00000000
920000ec 00000000
920000f0 00000000
920000f4 00000000
920000f8 00000000
920000fc 00000000
92000100 00000000
92000104 00000000
92000108 00000000
9200010c 00000000
92000110 00000000
92000114 00000000
92000118 00000000
9200011c 00000000
92000120 00000000
92000124 00000000
92000128 00000000
9200012c 00000000
92000130 00000000
92000134 00000000
92000138 00000000
9200013c 00000000
92000140 00000000
92000144 00000000
92000148 00000000
9200014c 00000000
92000150 00000000
92000154 00000000
92000158 00000000
9200015c 00000000
92000160 00000000
92000164 00000000
92000168 00000000
9200016c 00000000
92000170 00000000
92000174 00000000
92000178 00000000
9200017c 00000000
92000180 00000000
92000184 00000000
92000188 00000000
9200018c 00000000
92000190 00000000
92000194 00000000
92000198 00000000
9200019c 00000000
920001a0 00000000
920001a4 00000000
920001a8 00000000
920001ac 00000000
920001b0 00000000
920001b4 00000000
920001b8 00000000
920001bc 00000000
920001c0 00000000
920001c4 00000000
920001c8 00000000
920001cc 00000000
920001d0 00000000
920001d4 00000000
920001d8 00000000
920001dc 00000000
920001e0 00000000
920001e4 00000000
920001e8 00000000
920001ec 00000000
920001f0 00000000
920001f4 00000000
920001f8 00000000
920001fc 00000000
92000200 00000000
92000204 00000000
92000208 00000000
9200020c 00000000
92000210 00000000
92000214 00000000
92000218 00000000
9200021c 00000000
92000220 00000000
92000224 00000000
92000228 00000000
9200022c 00000000
92000230 00000000
92000234 00000000
92000238 00000000
9200023c 00000000
92000240 00000000
92000244 00000000
92000248 00000000
9200024c 00000000
92000250 00000000
92000254 00000000
92000258 00000000
9200025c 00000000
92000260 00000000
92000264 00000000
92000268 00000000
9200026c 00000000
92000270 00000000
92000274 00000000
92000278 00000000
9200027c 00000000
92000280 00000000
92000284 00000000
92000288 00000000
9200028c 00000000
92000290 00000000
92000294 00000000
92000298 00000000
9200029c 00000000
920002a0 00000000
920002a4 00000000
920002a8 00000000
920002ac 00000000
920002b0 00000000
920002b4 00000000
920002b8 00000000
920002bc 00000000
920002c0 00000000
920002c4 00000000
920002c8 00000000
920002cc 00000000
920002d0 00000000
920002d4 00000000
920002d8 00000000
920002dc 00000000
920002e0 00000000
920002e4 00000000
920002e8 00000000
920002ec 00000000
920002f0 00000000
920002f4 00000000
920002f8 00000000
920002fc 00000000
92000300 00000000
92000304 00000000
92000308 00000000
9200030c 00000000
92000310 00000000
92000314 00000000
92000318 00000000
9200031c 00000000
92000320 00000000
92000324 00000000
92000328 00000000
9200032c 00000000
92000330 00000000
92000334 00000000
92000338 00000000
9200033c 00000000
92000340 00000000
92000344 00000000
92000348 00000000
9200034c 00000000
92000350 00000000
92000354 00000000
92000358 00000000
9200035c 00000000
92000360 00000000
92000364 00000000
92000368 00000000
9200036c 00000000
92000370 00000000
92000374 00000000
92000378 00000000
9200037c 00000000
92000380 00000000
92000384 00000000
92000388 00000000
9200038c 00000000
92000390 00000000
92000394 00000000
92000398 00000000
9200039c 00000000
920003a0 00000000
920003a4 00000000
920003a8 00000000
920003ac 00000000
920003b0 00000000
920003b4 00000000
920003b8 00000000
920003bc 00000000
920003c0 00000000
920003c4 00000000
920003c8 00000000
920003cc 00000000
920003d0 00000000
920003d4 00000000
920003d8 00000000
920003dc 00000000
920003e0 00000000
920003e4 00000000
920003e8 00000000
920003ec 00000000
920003f0 00000000
920003f4 00000000
920003f8 00000000
920003fc 00000000
92000400 00000000
92000404 00000000
92000408 00000000
9200040c 00000000
92000410 00000000
92000414 00000000
92000418 00000000
9200041c 00000000
92000420 00000000
92000424 00000000
92000428 00000000
9200042c 00000000
92000430 00000000
92000434 00000000
92000438 00000000
9200043c 00000000
92000440 00000000
92000444 00000000
92000448 00000000
9200044c 00000000
92000450 00000000
92000454 00000000
92000458 00000000
9200045c 00000000
92000460 00000000
92000464 00000000
92000468 00000000
9200046c 00000000
92000470 00000000
92000474 00000000
92000478 00000000
9200047c 00000000
92000480 00000000
92000484 00000000
92000488 00000000
9200048c 00000000
92000490 00000000
92000494 00000000
92000498 00000000
9200049c 00000000
920004a0 00000000
920004a4 00000000
920004a8 00000000
920004ac 00000000
920004b0 00000000
920004b4 00000000
920004b8 00000000
920004bc 00000000
920004c0 00000000
920004c4 00000000
920004c8 00000000
920004cc 00000000
920004d0 00000000
920004d4 00000000
920004d8 00000000
920004dc 00000000
920004e0 00000000
920004e4 00000000
920004e8 00000000
920004ec 00000000
920004f0 00000000
920004f4 00000000
920004f8 00000000
920004fc 00000000
92000500 00000000
92000504 00000000
92000508 00000000
9200050c 00000000
92000510 00000000
92000514 00000000
92000518 00000000
9200051c 00000000
92000520 00000000
92000524 00000000
92000528 00000000
9200052c 00000000
92000530 00000000
92000534 00000000
92000538 00000000
9200053c 00000000
92000540 00000000
92000544 00000000
92000548 00000000
9200054c 00000000
92000550 00000000
92000554 00000000
92000558 00000000
9200055c 00000000
92000560 00000000
92000564 00000000
92000568 00000000
9200056c 00000000
92000570 00000000
92000574 00000000
92000578 00000000
9200057c 00000000
92000580 00000000
92000584 00000000
92000588 00000000
9200058c 00000000
92000590 00000000
92000594 00000000
92000598 00000000
9200059c 00000000
920005a0 00000000
920005a4 00000000
920005a8 00000000
920005ac 00000000
920005b0 00000000
920005b4 00000000
920005b8 00000000
920005bc 00000000
920005c0 00000000
920005c4 00000000
920005c8 00000000
920005cc 00000000
920005d0 00000000
920005d4 00000000
920005d8 00000000
920005dc 00000000
920005e0 00000000
920005e4 00000000
920005e8 00000000
920005ec 00000000
920005f0 00000000
920005f4 00000000
920005f8 00000000
920005fc 00000000
92000600 00000000
92000604 00000000
92000608 00000000
9200060c 00000000
92000610 00000000
92000614 00000000
92000618 00000000
9200061c 00000000
92000620 00000000
92000624 00000000
92000628 00000000
9200062c 00000000
92000630 00000000
92000634 00000000
92000638 00000000
9200063c 00000000
92000640 00000000
92000644 00000000
92000648 00000000
9200064c 00000000
92000650 00000000
92000654 00000000
92000658 00000000
9200065c 00000000
92000660 00000000
92000664 00000000
92000668 00000000
9200066c 00000000
92000670 00000000
92000674 00000000
92000678 00000000
9200067c 00000000
92000680 00000000
92000684 00000000
92000688 00000000
9200068c 00000000
92000690 00000000
92000694 00000000
92000698 00000000
9200069c 00000000
920006a0 00000000
920006a4 00000000
920006a8 00000000
920006ac 00000000
920006b0 00000000
920006b4 00000000
920006b8 00000000
920006bc 00000000
920006c0 00000000
920006c4 00000000
920006c8 00000000
920006cc 00000000
920006d0 00000000
920006d4 00000000
920006d8 00000000
920006dc 00000000
920006e0 00000000
920006e4 00000000
920006e8 00000000
920006ec 00000000
920006f0 00000000
920006f4 00000000
920006f8 00000000
920006fc 00000000
92000700 00000000
92000704 00000000
92000708 00000000
9200070c 00000000
92000710 00000000
92000714 00000000
92000718 00000000
9200071c 00000000
92000720 00000000
92000724 00000000
92000728 00000000
9200072c 00000000
92000730 00000000
92000734 00000000
92000738 00000000
9200073c 00000000
92000740 00000000
92000744 00000000
92000748 00000000
9200074c 00000000
92000750 00000000
92000754 00000000
92000758 00000000
9200075c 00000000
92000760 00000000
92000764 00000000
92000768 00000000
9200076c 00000000
92000770 00000000
92000774 00000000
92000778 00000000
9200077c 00000000
92000780 00000000
92000784 00000000
92000788 00000000
9200078c 00000000
92000790 00000000
92000794 00000000
92000798 00000000
9200079c 00000000
920007a0 00000000
920007a4 00000000
920007a8 00000000
920007ac 00000000
920007b0 00000000
920007b4 00000000
920007b8 00000000
920007bc 00000000
920007c0 00000000
920007c4 00000000
920007c8 00000000
920007cc 00000000
920007d0 00000000
920007d4 00000000
920007d8 00000000
920007dc 00000000
920007e0 00000000
920007e4 00000000
920007e8 00000000
920007ec 00000000
920007f0 00000000
920007f4 00000000
920007f8 00000000
920007fc 00000000
92000800 00000000
92000804 00000000
92000808 00000000
9200080c 00000000
92000810 00000000
92000814 00000000
92000818 00000000
9200081c 00000000
92000820 00000000
92000824 00000000
92000828 00000000
9200082c 00000000
92000830 00000000
92000834 00000000
92000838 00000000
9200083c 00000000
92000840 00000000
92000844 00000000
92000848 00000000
9200084c 00000000
92000850 00000000
92000854 00000000
92000858 00000000
9200085c 00000000
92000860 00000000
92000864 00000000
92000868 00000000
9200086c 00000000
92000870 00000000
92000874 00000000
92000878 00000000
9200087c 00000000
92000880 00000000
92000884 00000000
92000888 00000000
9200088c 00000000
92000890 00000000
92000894 00000000
92000898 00000000
9200089c 00000000
920008a0 00000000
920008a4 00000000
920008a8 00000000
920008ac 00000000
920008b0 00000000
920008b4 00000000
920008b8 00000000
920008bc 00000000
920008c0 00000000
920008c4 00000000
920008c8 00000000
920008cc 00000000
920008d0 00000000
920008d4 00000000
920008d8 00000000
920008dc 00000000
920008e0 00000000
920008e4 00000000
920008e8 00000000
920008ec 00000000
920008f0 00000000
920008f4 00000000
920008f8 00000000
920008fc 00000000
92000900 00000000
92000904 00000000
92000908 00000000
9200090c 00000000
92000910 00000000
92000914 00000000
92000918 00000000
9200091c 00000000
92000920 00000000
92000924 00000000
92000928 00000000
9200092c 00000000
92000930 00000000
92000934 00000000
92000938 00000000
9200093c 00000000
92000940 00000000
92000944 00000000
92000948 00000000
9200094c 00000000
92000950 00000000
92000954 00000000
92000958 00000000
9200095c 00000000
92000960 00000000
92000964 00000000
92000968 00000000
9200096c 00000000
92000970 00000000
92000974 00000000
92000978 00000000
9200097c 00000000
92000980 00000000
92000984 00000000
92000988 00000000
9200098c 00000000
92000990 00000000
92000994 00000000
92000998 00000000
9200099c 00000000
920009a0 00000000
920009a4 00000000
920009a8 00000000
920009ac 00000000
920009b0 00000000
920009b4 00000000
920009b8 00000000
920009bc 00000000
920009c0 00000000
920009c4 00000000
920009c8 00000000
920009cc 00000000
920009d0 00000000
920009d4 00000000
920009d8 00000000
920009dc 00000000
920009e0 00000000
920009e4 00000000
920009e8 00000000
920009ec 00000000
920009f0 00000000
920009f4 00000000
920009f8 00000000
920009fc 00000000
92000a00 00000000
92000a04 00000000
92000a08 00000000
92000a0c 00000000
92000a10 00000000
92000a14 00000000
92000a18 00000000
92000a1c 00000000
92000a20 00000000
92000a24 00000000
92000a28 00000000
92000a2c 00000000
92000a30 00000000
92000a34 00000000
92000a38 00000000
92000a3c 00000000
92000a40 00000000
92000a44 00000000
92000a48 00000000
92000a4c 00000000
92000a50 00000000
92000a54 00000000
92000a58 00000000
92000a5c 00000000
92000a60 00000000
92000a64 00000000
92000a68 00000000
92000a6c 00000000
92000a70 00000000
92000a74 00000000
92000a78 00000000
92000a7c 00000000
92000a80 00000000
92000a84 00000000
92000a88 00000000
92000a8c 00000000
92000a90 00000000
92000a94 00000000
92000a98 00000000
92000a9c 00000000
92000aa0 00000000
92000aa4 00000000
92000aa8 00000000
92000aac 00000000
92000ab0 00000000
92000ab4 00000000
92000ab8 00000000
92000abc 00000000
92000ac0 00000000
92000ac4 00000000
92000ac8 00000000
92000acc 00000000
92000ad0 00000000
92000ad4 00000000
92000ad8 00000000
92000adc 00000000
92000ae0 00000000
92000ae4 00000000
92000ae8 00000000
92000aec 00000000
92000af0 00000000
92000af4 00000000
92000af8 00000000
92000afc 00000000
92000b00 00000000
92000b04 00000000
92000b08 00000000
92000b0c 00000000
92000b10 00000000
92000b14 00000000
92000b18 00000000
92000b1c 00000000
92000b20 00000000
92000b24 00000000
92000b28 00000000
92000b2c 00000000
92000b30 00000000
92000b34 00000000
92000b38 00000000
92000b3c 00000000
92000b40 00000000
92000b44 00000000
92000b48 00000000
92000b4c 00000000
92000b50 00000000
92000b54 00000000
92000b58 00000000
92000b5c 00000000
92000b60 00000000
92000b64 00000000
92000b68 00000000
92000b6c 00000000
92000b70 00000000
92000b74 00000000
92000b78 00000000
92000b7c 00000000
92000b80 00000000
92000b84 00000000
92000b88 00000000
92000b8c 00000000
92000b90 00000000
92000b94 00000000
92000b98 00000000
92000b9c 00000000
92000ba0 00000000
92000ba4 00000000
92000ba8 00000000
92000bac 00000000
92000bb0 00000000
92000bb4 00000000
92000bb8 00000000
92000bbc 00000000
92000bc0 00000000
92000bc4 00000000
92000bc8 00000000
92000bcc 00000000
92000bd0 00000000
92000bd4 00000000
92000bd8 00000000
92000bdc 00000000
92000be0 00000000
92000be4 00000000
92000be8 00000000
92000bec 00000000
92000bf0 00000000
92000bf4 00000000
92000bf8 00000000
92000bfc 00000000
92000c00 00000000
92000c04 00000000
92000c08 00000000
92000c0c 00000000
92000c10 00000000
92000c14 00000000
92000c18 00000000
92000c1c 00000000
92000c20 00000000
92000c24 00000000
92000c28 00000000
92000c2c 00000000
92000c30 00000000
92000c34 00000000
92000c38 00000000
92000c3c 00000000
92000c40 00000000
92000c44 00000000
92000c48 00000000
92000c4c 00000000
92000c50 00000000
92000c54 00000000
92000c58 00000000
92000c5c 00000000
92000c60 00000000
92000c64 00000000
92000c68 00000000
92000c6c 00000000
92000c70 00000000
92000c74 00000000
92000c78 00000000
92000c7c 00000000
92000c80 00000000
92000c84 00000000
92000c88 00000000
92000c8c 00000000
92000c90 00000000
92000c94 00000000
92000c98 00000000
92000c9c 00000000
92000ca0 00000000
92000ca4 00000000
92000ca8 00000000
92000cac 00000000
92000cb0 00000000
92000cb4 00000000
92000cb8 00000000
92000cbc 00000000
92000cc0 00000000
92000cc4 00000000
92000cc8 00000000
92000ccc 00000000
92000cd0 00000000
92000cd4 00000000
92000cd8 00000000
92000cdc 00000000
92000ce0 00000000
92000ce4 00000000
92000ce8 00000000
92000cec 00000000
92000cf0 00000000
92000cf4 00000000
92000cf8 00000000
92000cfc 00000000
92000d00 00000000
92000d04 00000000
92000d08 00000000
92000d0c 00000000
92000d10 00000000
92000d14 00000000
92000d18 00000000
92000d1c 00000000
92000d20 00000000
92000d24 00000000
92000d28 00000000
92000d2c 00000000
92000d30 00000000
92000d34 00000000
92000d38 00000000
92000d3c 00000000
92000d40 00000000
92000d44 00000000
92000d48 00000000
92000d4c 00000000
92000d50 00000000
92000d54 00000000
92000d58 00000000
92000d5c 00000000
92000d60 00000000
92000d64 00000000
92000d68 00000000
92000d6c 00000000
92000d70 00000000
92000d74 00000000
92000d78 00000000
92000d7c 00000000
92000d80 00000000
92000d84 00000000
92000d88 00000000
92000d8c 00000000
92000d90 00000000
92000d94 00000000
92000d98 00000000
92000d9c 00000000
92000da0 00000000
92000da4 00000000
92000da8 00000000
92000dac 00000000
92000db0 00000000
92000db4 00000000
92000db8 00000000
92000dbc 00000000
92000dc0 00000000
92000dc4 00000000
92000dc8 00000000
92000dcc 00000000
92000dd0 00000000
92000dd4 00000000
92000dd8 00000000
92000ddc 00000000
92000de0 00000000
92000de4 00000000
92000de8 00000000
92000dec 00000000
92000df0 00000000
92000df4 00000000
92000df8 00000000
92000dfc 00000000
92000e00 00000000
92000e04 00000000
92000e08 00000000
92000e0c 00000000
92000e10 00000000
92000e14 00000000
92000e18 00000000
92000e1c 00000000
92000e20 00000000
92000e24 00000000
92000e28 00000000
92000e2c 00000000
92000e30 00000000
92000e34 00000000
92000e38 00000000
92000e3c 00000000
92000e40 00000000
92000e44 00000000
92000e48 00000000
92000e4c 00000000
92000e50 00000000
92000e54 00000000
92000e58 00000000
92000e5c 00000000
92000e60 00000000
92000e64 00000000
92000e68 00000000
92000e6c 00000000
92000e70 00000000
92000e74 00000000
92000e78 00000000
92000e7c 00000000
92000e80 00000000
92000e84 00000000
92000e88 00000000
92000e8c 00000000
92000e90 00000000
92000e94 00000000
92000e98 00000000
92000e9c 00000000
92000ea0 00000000
92000ea4 00000000
92000ea8 00000000
92000eac 00000000
92000eb0 00000000
92000eb4 00000000
92000eb8 00000000
92000ebc 00000000
92000ec0 00000000
92000ec4 00000000
92000ec8 00000000
92000ecc 00000000
92000ed0 00000000
92000ed4 00000000
92000ed8 00000000
92000edc 00000000
92000ee0 00000000
92000ee4 00000000
92000ee8 00000000
92000eec 00000000
92000ef0 00000000
92000ef4 00000000
92000ef8 00000000
92000efc 00000000
92000f00 00000000
92000f04 00000000
92000f08 00000000
92000f0c 00000000
92000f10 00000000
92000f14 00000000
92000f18 00000000
92000f1c 00000000
92000f20 00000000
92000f24 00000000
92000f28 00000000
92000f2c 00000000
92000f30 00000000
92000f34 00000000
92000f38 00000000
92000f3c 00000000
92000f40 00000000
92000f44 00000000
92000f48 00000000
92000f4c 00000000
92000f50 00000000
92000f54 00000000
92000f58 00000000
92000f5c 00000000
92000f60 00000000
92000f64 00000000
92000f68 00000000
92000f6c 00000000
92000f70 00000000
92000f74 00000000
92000f78 00000000
92000f7c 00000000
92000f80 00000000
92000f84 00000000
92000f88 00000000
92000f8c 00000000
92000f90 00000000
92000f94 00000000
92000f98 00000000
92000f9c 00000000
92000fa0 00000000
92000fa4 00000000
92000fa8 00000000
92000fac 00000000
92000fb0 00000000
92000fb4 00000000
92000fb8 00000000
92000fbc 00000000
92000fc0 00000000
92000fc4 00000000
92000fc8 00000000
92000fcc 00000000
92000fd0 00000000
92000fd4 00000000
92000fd8 00000000
92000fdc 00000000
92000fe0 00000000
92000fe4 00000000
92000fe8 00000000
92000fec 00000000
92000ff0 00000000
92000ff4 00000000
92000ff8 00000000
92000ffc 00000000
92001000 00000000
92001004 00000000
92001008 00000000
9200100c 00000000
92001010 00000000
92001014 00000000
92001018 00000000
9200101c 00000000
92001020 00000000
92001024 00000000
92001028 00000000
9200102c 00000000
92001030 00000000
92001034 00000000
92001038 00000000
9200103c 00000000
92001040 00000000
92001044 00000000
92001048 00000000
9200104c 00000000
92001050 00000000
92001054 00000000
92001058 00000000
9200105c 00000000
92001060 00000000
92001064 00000000
92001068 00000000
9200106c 00000000
92001070 00000000
92001074 00000000
92001078 00000000
9200107c 00000000
92001080 00000000
92001084 00000000
92001088 00000000
9200108c 00000000
92001090 00000000
92001094 00000000
92001098 00000000
9200109c 00000000
920010a0 00000000
920010a4 00000000
920010a8 00000000
920010ac 00000000
920010b0 00000000
920010b4 00000000
920010b8 00000000
920010bc 00000000
920010c0 00000000
920010c4 00000000
920010c8 00000000
920010cc 00000000
920010d0 00000000
920010d4 00000000
920010d8 00000000
920010dc 00000000
920010e0 00000000
920010e4 00000000
920010e8 00000000
920010ec 00000000
920010f0 00000000
920010f4 00000000
920010f8 00000000
920010fc 00000000
92001100 00000000
92001104 00000000
92001108 00000000
9200110c 00000000
92001110 00000000
92001114 00000000
92001118 00000000
9200111c 00000000
92001120 00000000
92001124 00000000
92001128 00000000
9200112c 00000000
92001130 00000000
92001134 00000000
92001138 00000000
9200113c 00000000
92001140 00000000
92001144 00000000
92001148 00000000
9200114c 00000000
92001150 00000000
92001154 00000000
92001158 00000000
9200115c 00000000
92001160 00000000
92001164 00000000
92001168 00000000
9200116c 00000000
92001170 00000000
92001174 00000000
92001178 00000000
9200117c 00000000
92001180 00000000
92001184 00000000
92001188 00000000
9200118c 00000000
92001190 00000000
92001194 00000000
92001198 00000000
9200119c 00000000
920011a0 00000000
920011a4 00000000
920011a8 00000000
920011ac 00000000
920011b0 00000000
920011b4 00000000
920011b8 00000000
920011bc 00000000
920011c0 00000000
920011c4 00000000
920011c8 00000000
920011cc 00000000
920011d0 00000000
920011d4 00000000
920011d8 00000000
920011dc 00000000
920011e0 00000000
920011e4 00000000
920011e8 00000000
920011ec 00000000
920011f0 00000000
920011f4 00000000
920011f8 00000000
920011fc 00000000
92001200 00000000
92001204 00000000
92001208 00000000
9200120c 00000000
92001210 00000000
92001214 00000000
92001218 00000000
9200121c 00000000
92001220 00000000
92001224 00000000
92001228 00000000
9200122c 00000000
92001230 00000000
92001234 00000000
92001238 00000000
9200123c 00000000
92001240 00000000
92001244 00000000
92001248 00000000
9200124c 00000000
92001250 00000000
92001254 00000000
92001258 00000000
9200125c 00000000
92001260 00000000
92001264 00000000
92001268 00000000
9200126c 00000000
92001270 00000000
92001274 00000000
92001278 00000000
9200127c 00000000
92001280 00000000
92001284 00000000
92001288 00000000
9200128c 00000000
92001290 00000000
92001294 00000000
92001298 00000000
9200129c 00000000
920012a0 00000000
920012a4 00000000
920012a8 00000000
920012ac 00000000
920012b0 00000000
920012b4 00000000
920012b8 00000000
920012bc 00000000
920012c0 00000000
920012c4 00000000
920012c8 00000000
920012cc 00000000
920012d0 00000000
920012d4 00000000
920012d8 00000000
920012dc 00000000
920012e0 00000000
920012e4 00000000
920012e8 00000000
920012ec 00000000
920012f0 00000000
920012f4 00000000
920012f8 00000000
920012fc 00000000
92001300 00000000
92001304 00000000
92001308 00000000
9200130c 00000000
92001310 00000000
92001314 00000000
92001318 00000000
9200131c 00000000
92001320 00000000
92001324 00000000
92001328 00000000
9200132c 00000000
92001330 00000000
92001334 00000000
92001338 00000000
9200133c 00000000
92001340 00000000
92001344 00000000
92001348 00000000
9200134c 00000000
92001350 00000000
92001354 00000000
92001358 00000000
9200135c 00000000
92001360 00000000
92001364 00000000
92001368 00000000
9200136c 00000000
92001370 00000000
92001374 00000000
92001378 00000000
9200137c 00000000
92001380 00000000
92001384 00000000
92001388 00000000
9200138c 00000000
92001390 00000000
92001394 00000000
92001398 00000000
9200139c 00000000
920013a0 00000000
920013a4 00000000
920013a8 00000000
920013ac 00000000
920013b0 00000000
920013b4 00000000
920013b8 00000000
920013bc 00000000
920013c0 00000000
920013c4 00000000
920013c8 00000000
920013cc 00000000
920013d0 00000000
920013d4 00000000
920013d8 00000000
920013dc 00000000
920013e0 00000000
920013e4 00000000
920013e8 00000000
920013ec 00000000
920013f0 00000000
920013f4 00000000
920013f8 00000000
920013fc 00000000
92001400 00000000
92001404 00000000
92001408 00000000
9200140c 00000000
92001410 00000000
92001414 00000000
92001418 00000000
9200141c 00000000
92001420 00000000
92001424 00000000
92001428 00000000
9200142c 00000000
92001430 00000000
92001434 00000000
92001438 00000000
9200143c 00000000
92001440 00000000
92001444 00000000
92001448 00000000
9200144c 00000000
92001450 00000000
92001454 00000000
92001458 00000000
9200145c 00000000
92001460 00000000
92001464 00000000
92001468 00000000
9200146c 00000000
92001470 00000000
92001474 00000000
92001478 00000000
9200147c 00000000
92001480 00000000
92001484 00000000
92001488 00000000
9200148c 00000000
92001490 00000000
92001494 00000000
92001498 00000000
9200149c 00000000
920014a0 00000000
920014a4 00000000
920014a8 00000000
920014ac 00000000
920014b0 00000000
920014b4 00000000
920014b8 00000000
920014bc 00000000
920014c0 00000000
920014c4 00000000
920014c8 00000000
920014cc 00000000
920014d0 00000000
920014d4 00000000
920014d8 00000000
920014dc 00000000
920014e0 00000000
920014e4 00000000
920014e8 00000000
920014ec 00000000
920014f0 00000000
920014f4 00000000
920014f8 00000000
920014fc 00000000
92001500 00000000
92001504 00000000
92001508 00000000
9200150c 00000000
92001510 00000000
92001514 00000000
92001518 00000000
9200151c 00000000
92001520 00000000
92001524 00000000
92001528 00000000
9200152c 00000000
92001530 00000000
92001534 00000000
92001538 00000000
9200153c 00000000
92001540 00000000
92001544 00000000
92001548 00000000
9200154c 00000000
92001550 00000000
92001554 00000000
92001558 00000000
9200155c 00000000
92001560 00000000
92001564 00000000
92001568 00000000
9200156c 00000000
92001570 00000000
92001574 00000000
92001578 00000000
9200157c 00000000
92001580 00000000
92001584 00000000
92001588 00000000
9200158c 00000000
92001590 00000000
92001594 00000000
92001598 00000000
9200159c 00000000
920015a0 00000000
920015a4 00000000
920015a8 00000000
920015ac 00000000
920015b0 00000000
920015b4 00000000
920015b8 00000000
920015bc 00000000
920015c0 00000000
920015c4 00000000
920015c8 00000000
920015cc 00000000
920015d0 00000000
920015d4 00000000
920015d8 00000000
920015dc 00000000
920015e0 00000000
920015e4 00000000
920015e8 00000000
920015ec 00000000
920015f0 00000000
920015f4 00000000
920015f8 00000000
920015fc 00000000
92001600 00000000
92001604 00000000
92001608 00000000
9200160c 00000000
92001610 00000000
92001614 00000000
92001618 00000000
9200161c 00000000
92001620 00000000
92001624 00000000
92001628 00000000
9200162c 00000000
92001630 00000000
92001634 00000000
92001638 00000000
9200163c 00000000
92001640 00000000
92001644 00000000
92001648 00000000
9200164c 00000000
92001650 00000000
92001654 00000000
92001658 00000000
9200165c 00000000
92001660 00000000
92001664 00000000
92001668 00000000
9200166c 00000000
92001670 00000000
92001674 00000000
92001678 00000000
9200167c 00000000
92001680 00000000
92001684 00000000
92001688 00000000
9200168c 00000000
92001690 00000000
92001694 00000000
92001698 00000000
9200169c 00000000
920016a0 00000000
920016a4 00000000
920016a8 00000000
920016ac 00000000
920016b0 00000000
920016b4 00000000
920016b8 00000000
920016bc 00000000
920016c0 00000000
920016c4 00000000
920016c8 00000000
920016cc 00000000
920016d0 00000000
920016d4 00000000
920016d8 00000000
920016dc 00000000
920016e0 00000000
920016e4 00000000
920016e8 00000000
920016ec 00000000
920016f0 00000000
920016f4 00000000
920016f8 00000000
920016fc 00000000
92001700 00000000
92001704 00000000
92001708 00000000
9200170c 00000000
92001710 00000000
92001714 00000000
92001718 00000000
9200171c 00000000
92001720 00000000
92001724 00000000
92001728 00000000
9200172c 00000000
92001730 00000000
92001734 00000000
92001738 00000000
9200173c 00000000
92001740 00000000
92001744 00000000
92001748 00000000
9200174c 00000000
92001750 00000000
92001754 00000000
92001758 00000000
9200175c 00000000
92001760 00000000
92001764 00000000
92001768 00000000
9200176c 00000000
92001770 00000000
92001774 00000000
92001778 00000000
9200177c 00000000
92001780 00000000
92001784 00000000
92001788 00000000
9200178c 00000000
92001790 00000000
92001794 00000000
92001798 00000000
9200179c 00000000
920017a0 00000000
920017a4 00000000
920017a8 00000000
920017ac 00000000
920017b0 00000000
920017b4 00000000
920017b8 00000000
920017bc 00000000
920017c0 00000000
920017c4 00000000
920017c8 00000000
920017cc 00000000
920017d0 00000000
920017d4 00000000
920017d8 00000000
920017dc 00000000
920017e0 00000000
920017e4 00000000
920017e8 00000000
920017ec 00000000
920017f0 00000000
920017f4 00000000
920017f8 00000000
920017fc 00000000
92001800 00000000
92001804 00000000
92001808 00000000
9200180c 00000000
92001810 00000000
92001814 00000000
92001818 00000000
9200181c 00000000
92001820 00000000
92001824 00000000
92001828 00000000
9200182c 00000000
92001830 00000000
92001834 00000000
92001838 00000000
9200183c 00000000
92001840 00000000
92001844 00000000
92001848 00000000
9200184c 00000000
92001850 00000000
92001854 00000000
92001858 00000000
9200185c 00000000
92001860 00000000
92001864 00000000
92001868 00000000
9200186c 00000000
92001870 00000000
92001874 00000000
92001878 00000000
9200187c 00000000
92001880 00000000
92001884 00000000
92001888 00000000
9200188c 00000000
92001890 00000000
92001894 00000000
92001898 00000000
9200189c 00000000
920018a0 00000000
920018a4 00000000
920018a8 00000000
920018ac 00000000
920018b0 00000000
920018b4 00000000
920018b8 00000000
920018bc 00000000
920018c0 00000000
920018c4 00000000
920018c8 00000000
920018cc 00000000
920018d0 00000000
920018d4 00000000
920018d8 00000000
920018dc 00000000
920018e0 00000000
920018e4 00000000
920018e8 00000000
920018ec 00000000
920018f0 00000000
920018f4 00000000
920018f8 00000000
920018fc 00000000
92001900 00000000
92001904 00000000
92001908 00000000
9200190c 00000000
92001910 00000000
92001914 00000000
92001918 00000000
9200191c 00000000
92001920 00000000
92001924 00000000
92001928 00000000
9200192c 00000000
92001930 00000000
92001934 00000000
92001938 00000000
9200193c 00000000
92001940 00000000
92001944 00000000
92001948 00000000
9200194c 00000000
92001950 00000000
92001954 00000000
92001958 00000000
9200195c 00000000
92001960 00000000
92001964 00000000
92001968 00000000
9200196c 00000000
92001970 00000000
92001974 00000000
92001978 00000000
9200197c 00000000
92001980 00000000
92001984 00000000
92001988 00000000
9200198c 00000000
92001990 00000000
92001994 00000000
92001998 00000000
9200199c 00000000
920019a0 00000000
920019a4 00000000
920019a8 00000000
920019ac 00000000
920019b0 00000000
920019b4 00000000
920019b8 00000000
920019bc 00000000
920019c0 00000000
920019c4 00000000
920019c8 00000000
920019cc 00000000
920019d0 00000000
920019d4 00000000
920019d8 00000000
920019dc 00000000
920019e0 00000000
920019e4 00000000
920019e8 00000000
920019ec 00000000
920019f0 00000000
920019f4 00000000
920019f8 00000000
920019fc 00000000
92001a00 00000000
92001a04 00000000
92001a08 00000000
92001a0c 00000000
92001a10 00000000
92001a14 00000000
92001a18 00000000
92001a1c 00000000
92001a20 00000000
92001a24 00000000
92001a28 00000000
92001a2c 00000000
92001a30 00000000
92001a34 00000000
92001a38 00000000
92001a3c 00000000
92001a40 00000000
92001a44 00000000
92001a48 00000000
92001a4c 00000000
92001a50 00000000
92001a54 00000000
92001a58 00000000
92001a5c 00000000
92001a60 00000000
92001a64 00000000
92001a68 00000000
92001a6c 00000000
92001a70 00000000
92001a74 00000000
92001a78 00000000
92001a7c 00000000
92001a80 00000000
92001a84 00000000
92001a88 00000000
92001a8c 00000000
92001a90 00000000
92001a94 00000000
92001a98 00000000
92001a9c 00000000
92001aa0 00000000
92001aa4 00000000
92001aa8 00000000
92001aac 00000000
92001ab0 00000000
92001ab4 00000000
92001ab8 00000000
92001abc 00000000
92001ac0 00000000
92001ac4 00000000
92001ac8 00000000
92001acc 00000000
92001ad0 00000000
92001ad4 00000000
92001ad8 00000000
92001adc 00000000
92001ae0 00000000
92001ae4 00000000
92001ae8 00000000
92001aec 00000000
92001af0 00000000
92001af4 00000000
92001af8 00000000
92001afc 00000000
92001b00 00000000
92001b04 00000000
92001b08 00000000
92001b0c 00000000
92001b10 00000000
92001b14 00000000
92001b18 00000000
92001b1c 00000000
92001b20 00000000
92001b24 00000000
92001b28 00000000
92001b2c 00000000
92001b30 00000000
92001b34 00000000
92001b38 00000000
92001b3c 00000000
92001b40 00000000
92001b44 00000000
92001b48 00000000
92001b4c 00000000
92001b50 00000000
92001b54 00000000
92001b58 00000000
92001b5c 00000000
92001b60 00000000
92001b64 00000000
92001b68 00000000
92001b6c 00000000
92001b70 00000000
92001b74 00000000
92001b78 00000000
92001b7c 00000000
92001b80 00000000
92001b84 00000000
92001b88 00000000
92001b8c 00000000
92001b90 00000000
92001b94 00000000
92001b98 00000000
92001b9c 00000000
92001ba0 00000000
92001ba4 00000000
92001ba8 00000000
92001bac 00000000
92001bb0 00000000
92001bb4 00000000
92001bb8 00000000
92001bbc 00000000
92001bc0 00000000
92001bc4 00000000
92001bc8 00000000
92001bcc 00000000
92001bd0 00000000
92001bd4 00000000
92001bd8 00000000
92001bdc 00000000
92001be0 00000000
92001be4 00000000
92001be8 00000000
92001bec 00000000
92001bf0 00000000
92001bf4 00000000
92001bf8 00000000
92001bfc 00000000
92001c00 00000000
92001c04 00000000
92001c08 00000000
92001c0c 00000000
92001c10 00000000
92001c14 00000000
92001c18 00000000
92001c1c 00000000
92001c20 00000000
92001c24 00000000
92001c28 00000000
92001c2c 00000000
92001c30 00000000
92001c34 00000000
92001c38 00000000
92001c3c 00000000
92001c40 00000000
92001c44 00000000
92001c48 00000000
92001c4c 00000000
92001c50 00000000
92001c54 00000000
92001c58 00000000
92001c5c 00000000
92001c60 00000000
92001c64 00000000
92001c68 00000000
92001c6c 00000000
92001c70 00000000
92001c74 00000000
92001c78 00000000
92001c7c 00000000
92001c80 00000000
92001c84 00000000
92001c88 00000000
92001c8c 00000000
92001c90 00000000
92001c94 00000000
92001c98 00000000
92001c9c 00000000
92001ca0 00000000
92001ca4 00000000
92001ca8 00000000
92001cac 00000000
92001cb0 00000000
92001cb4 00000000
92001cb8 00000000
92001cbc 00000000
92001cc0 00000000
92001cc4 00000000
92001cc8 00000000
92001ccc 00000000
92001cd0 00000000
92001cd4 00000000
92001cd8 00000000
92001cdc 00000000
92001ce0 00000000
92001ce4 00000000
92001ce8 00000000
92001cec 00000000
92001cf0 00000000
92001cf4 00000000
92001cf8 00000000
92001cfc 00000000
92001d00 00000000
92001d04 00000000
92001d08 00000000
92001d0c 00000000
92001d10 00000000
92001d14 00000000
92001d18 00000000
92001d1c 00000000
92001d20 00000000
92001d24 00000000
92001d28 00000000
92001d2c 00000000
92001d30 00000000
92001d34 00000000
92001d38 00000000
92001d3c 00000000
92001d40 00000000
92001d44 00000000
92001d48 00000000
92001d4c 00000000
92001d50 00000000
92001d54 00000000
92001d58 00000000
92001d5c 00000000
92001d60 00000000
92001d64 00000000
92001d68 00000000
92001d6c 00000000
92001d70 00000000
92001d74 00000000
92001d78 00000000
92001d7c 00000000
92001d80 00000000
92001d84 00000000
92001d88 00000000
92001d8c 00000000
92001d90 00000000
92001d94 00000000
92001d98 00000000
92001d9c 00000000
92001da0 00000000
92001da4 00000000
92001da8 00000000
92001dac 00000000
92001db0 00000000
92001db4 00000000
92001db8 00000000
92001dbc 00000000
92001dc0 00000000
92001dc4 00000000
92001dc8 00000000
92001dcc 00000000
92001dd0 00000000
92001dd4 00000000
92001dd8 00000000
92001ddc 00000000
92001de0 00000000
92001de4 00000000
92001de8 00000000
92001dec 00000000
92001df0 00000000
92001df4 00000000
92001df8 00000000
92001dfc 00000000
92001e00 00000000
92001e04 00000000
92001e08 00000000
92001e0c 00000000
92001e10 00000000
92001e14 00000000
92001e18 00000000
92001e1c 00000000
92001e20 00000000
92001e24 00000000
92001e28 00000000
92001e2c 00000000
92001e30 00000000
92001e34 00000000
92001e38 00000000
92001e3c 00000000
92001e40 00000000
92001e44 00000000
92001e48 00000000
92001e4c 00000000
92001e50 00000000
92001e54 00000000
92001e58 00000000
92001e5c 00000000
92001e60 00000000
92001e64 00000000
92001e68 00000000
92001e6c 00000000
92001e70 00000000
92001e74 00000000
92001e78 00000000
92001e7c 00000000
92001e80 00000000
92001e84 00000000
92001e88 00000000
92001e8c 00000000
92001e90 00000000
92001e94 00000000
92001e98 00000000
92001e9c 00000000
92001ea0 00000000
92001ea4 00000000
92001ea8 00000000
92001eac 00000000
92001eb0 00000000
92001eb4 00000000
92001eb8 00000000
92001ebc 00000000
92001ec0 00000000
92001ec4 00000000
92001ec8 00000000
92001ecc 00000000
92001ed0 00000000
92001ed4 00000000
92001ed8 00000000
92001edc 00000000
92001ee0 00000000
92001ee4 00000000
92001ee8 00000000
92001eec 00000000
92001ef0 00000000
92001ef4 00000000
92001ef8 00000000
92001efc 00000000
92001f00 00000000
92001f04 00000000
92001f08 00000000
92001f0c 00000000
92001f10 00000000
92001f14 00000000
92001f18 00000000
92001f1c 00000000
92001f20 00000000
92001f24 00000000
92001f28 00000000
92001f2c 00000000
92001f30 00000000
92001f34 00000000
92001f38 00000000
92001f3c 00000000
92001f40 00000000
92001f44 00000000
92001f48 00000000
92001f4c 00000000
92001f50 00000000
92001f54 00000000
92001f58 00000000
92001f5c 00000000
92001f60 00000000
92001f64 00000000
92001f68 00000000
92001f6c 00000000
92001f70 00000000
92001f74 00000000
92001f78 00000000
92001f7c 00000000
92001f80 00000000
92001f84 00000000
92001f88 00000000
92001f8c 00000000
92001f90 00000000
92001f94 00000000
92001f98 00000000
92001f9c 00000000
92001fa0 00000000
92001fa4 00000000
92001fa8 00000000
92001fac 00000000
92001fb0 00000000
92001fb4 00000000
92001fb8 00000000
92001fbc 00000000
92001fc0 00000000
92001fc4 00000000
92001fc8 00000000
92001fcc 00000000
92001fd0 00000000
92001fd4 00000000
92001fd8 00000000
92001fdc 00000000
92001fe0 00000000
92001fe4 00000000
92001fe8 00000000
92001fec 00000000
92001ff0 00000000
92001ff4 00000000
92001ff8 00000000
92001ffc 00000000
92002000 00000000
92002004 00000000
92002008 00000000
9200200c 00000000
92002010 00000000
92002014 00000000
92002018 00000000
9200201c 00000000
92002020 00000000
92002024 00000000
92002028 00000000
9200202c 00000000
92002030 00000000
92002034 00000000
92002038 00000000
9200203c 00000000
92002040 00000000
92002044 00000000
92002048 00000000
9200204c 00000000
92002050 00000000
92002054 00000000
92002058 00000000
9200205c 00000000
92002060 00000000
92002064 00000000
92002068 00000000
9200206c 00000000
92002070 00000000
92002074 00000000
92002078 00000000
9200207c 00000000
92002080 00000000
92002084 00000000
92002088 00000000
9200208c 00000000
92002090 00000000
92002094 00000000
92002098 00000000
9200209c 00000000
920020a0 00000000
920020a4 00000000
920020a8 00000000
920020ac 00000000
920020b0 00000000
920020b4 00000000
920020b8 00000000
920020bc 00000000
920020c0 00000000
920020c4 00000000
920020c8 00000000
920020cc 00000000
920020d0 00000000
920020d4 00000000
920020d8 00000000
920020dc 00000000
920020e0 00000000
920020e4 00000000
920020e8 00000000
920020ec 00000000
920020f0 00000000
920020f4 00000000
920020f8 00000000
920020fc 00000000
92002100 00000000
92002104 00000000
92002108 00000000
9200210c 00000000
92002110 00000000
92002114 00000000
92002118 00000000
9200211c 00000000
92002120 00000000
92002124 00000000
92002128 00000000
9200212c 00000000
92002130 00000000
92002134 00000000
92002138 00000000
9200213c 00000000
92002140 00000000
92002144 00000000
92002148 00000000
9200214c 00000000
92002150 00000000
92002154 00000000
92002158 00000000
9200215c 00000000
92002160 00000000
92002164 00000000
92002168 00000000
9200216c 00000000
92002170 00000000
92002174 00000000
92002178 00000000
9200217c 00000000
92002180 00000000
92002184 00000000
92002188 00000000
9200218c 00000000
92002190 00000000
92002194 00000000
92002198 00000000
9200219c 00000000
920021a0 00000000
920021a4 00000000
920021a8 00000000
920021ac 00000000
920021b0 00000000
920021b4 00000000
920021b8 00000000
920021bc 00000000
920021c0 00000000
920021c4 00000000
920021c8 00000000
920021cc 00000000
920021d0 00000000
920021d4 00000000
920021d8 00000000
920021dc 00000000
920021e0 00000000
920021e4 00000000
920021e8 00000000
920021ec 00000000
920021f0 00000000
920021f4 00000000
920021f8 00000000
920021fc 00000000
92002200 00000000
92002204 00000000
92002208 00000000
9200220c 00000000
92002210 00000000
92002214 00000000
92002218 00000000
9200221c 00000000
92002220 00000000
92002224 00000000
92002228 00000000
9200222c 00000000
92002230 00000000
92002234 00000000
92002238 00000000
9200223c 00000000
92002240 00000000
92002244 00000000
92002248 00000000
9200224c 00000000
92002250 00000000
92002254 00000000
92002258 00000000
9200225c 00000000
92002260 00000000
92002264 00000000
92002268 00000000
9200226c 00000000
92002270 00000000
92002274 00000000
92002278 00000000
9200227c 00000000
92002280 00000000
92002284 00000000
92002288 00000000
9200228c 00000000
92002290 00000000
92002294 00000000
92002298 00000000
9200229c 00000000
920022a0 00000000
920022a4 00000000
920022a8 00000000
920022ac 00000000
920022b0 00000000
920022b4 00000000
920022b8 00000000
920022bc 00000000
920022c0 00000000
920022c4 00000000
920022c8 00000000
920022cc 00000000
920022d0 00000000
920022d4 00000000
920022d8 00000000
920022dc 00000000
920022e0 00000000
920022e4 00000000
920022e8 00000000
920022ec 00000000
920022f0 00000000
920022f4 00000000
920022f8 00000000
920022fc 00000000
92002300 00000000
92002304 00000000
92002308 00000000
9200230c 00000000
92002310 00000000
92002314 00000000
92002318 00000000
9200231c 00000000
92002320 00000000
92002324 00000000
92002328 00000000
9200232c 00000000
92002330 00000000
92002334 00000000
92002338 00000000
9200233c 00000000
92002340 00000000
92002344 00000000
92002348 00000000
9200234c 00000000
92002350 00000000
92002354 00000000
92002358 00000000
9200235c 00000000
92002360 00000000
92002364 00000000
92002368 00000000
9200236c 00000000
92002370 00000000
92002374 00000000
92002378 00000000
9200237c 00000000
92002380 00000000
92002384 00000000
92002388 00000000
9200238c 00000000
92002390 00000000
92002394 00000000
92002398 00000000
9200239c 00000000
920023a0 00000000
920023a4 00000000
920023a8 00000000
920023ac 00000000
920023b0 00000000
920023b4 00000000
920023b8 00000000
920023bc 00000000
920023c0 00000000
920023c4 00000000
920023c8 00000000
920023cc 00000000
920023d0 00000000
920023d4 00000000
920023d8 00000000
920023dc 00000000
920023e0 00000000
920023e4 00000000
920023e8 00000000
920023ec 00000000
920023f0 00000000
920023f4 00000000
920023f8 00000000
920023fc 00000000
92002400 00000000
92002404 00000000
92002408 00000000
9200240c 00000000
92002410 00000000
92002414 00000000
92002418 00000000
9200241c 00000000
92002420 00000000
92002424 00000000
92002428 00000000
9200242c 00000000
92002430 00000000
92002434 00000000
92002438 00000000
9200243c 00000000
92002440 00000000
92002444 00000000
92002448 00000000
9200244c 00000000
92002450 00000000
92002454 00000000
92002458 00000000
9200245c 00000000
92002460 00000000
92002464 00000000
92002468 00000000
9200246c 00000000
92002470 00000000
92002474 00000000
92002478 00000000
9200247c 00000000
92002480 00000000
92002484 00000000
92002488 00000000
9200248c 00000000
92002490 00000000
92002494 00000000
92002498 00000000
9200249c 00000000
920024a0 00000000
920024a4 00000000
920024a8 00000000
920024ac 00000000
920024b0 00000000
920024b4 00000000
920024b8 00000000
920024bc 00000000
920024c0 00000000
920024c4 00000000
920024c8 00000000
920024cc 00000000
920024d0 00000000
920024d4 00000000
920024d8 00000000
920024dc 00000000
920024e0 00000000
920024e4 00000000
920024e8 00000000
920024ec 00000000
920024f0 00000000
920024f4 00000000
920024f8 00000000
920024fc 00000000
92002500 00000000
92002504 00000000
92002508 00000000
9200250c 00000000
92002510 00000000
92002514 00000000
92002518 00000000
9200251c 00000000
92002520 00000000
92002524 00000000
92002528 00000000
9200252c 00000000
92002530 00000000
92002534 00000000
92002538 00000000
9200253c 00000000
92002540 00000000
92002544 00000000
92002548 00000000
9200254c 00000000
92002550 00000000
92002554 00000000
92002558 00000000
9200255c 00000000
92002560 00000000
92002564 00000000
92002568 00000000
9200256c 00000000
92002570 00000000
92002574 00000000
92002578 00000000
9200257c 00000000
92002580 00000000
92002584 00000000
92002588 00000000
9200258c 00000000
92002590 00000000
92002594 00000000
92002598 00000000
9200259c 00000000
920025a0 00000000
920025a4 00000000
920025a8 00000000
920025ac 00000000
920025b0 00000000
920025b4 00000000
920025b8 00000000
920025bc 00000000
920025c0 00000000
920025c4 00000000
920025c8 00000000
920025cc 00000000
920025d0 00000000
920025d4 00000000
920025d8 00000000
920025dc 00000000
920025e0 00000000
920025e4 00000000
920025e8 00000000
920025ec 00000000
920025f0 00000000
920025f4 00000000
920025f8 00000000
920025fc 00000000
92002600 00000000
92002604 00000000
92002608 00000000
9200260c 00000000
92002610 00000000
92002614 00000000
92002618 00000000
9200261c 00000000
92002620 00000000
92002624 00000000
92002628 00000000
9200262c 00000000
92002630 00000000
92002634 00000000
92002638 00000000
9200263c 00000000
92002640 00000000
92002644 00000000
92002648 00000000
9200264c 00000000
92002650 00000000
92002654 00000000
92002658 00000000
9200265c 00000000
92002660 00000000
92002664 00000000
92002668 00000000
9200266c 00000000
92002670 00000000
92002674 00000000
92002678 00000000
9200267c 00000000
92002680 00000000
92002684 00000000
92002688 00000000
9200268c 00000000
92002690 00000000
92002694 00000000
92002698 00000000
9200269c 00000000
920026a0 00000000
920026a4 00000000
920026a8 00000000
920026ac 00000000
920026b0 00000000
920026b4 00000000
920026b8 00000000
920026bc 00000000
920026c0 00000000
920026c4 00000000
920026c8 00000000
920026cc 00000000
920026d0 00000000
920026d4 00000000
920026d8 00000000
920026dc 00000000
920026e0 00000000
920026e4 00000000
920026e8 00000000
920026ec 00000000
920026f0 00000000
920026f4 00000000
920026f8 00000000
920026fc 00000000
92002700 00000000
92002704 00000000
92002708 00000000
9200270c 00000000
92002710 00000000
92002714 00000000
92002718 00000000
9200271c 00000000
92002720 00000000
92002724 00000000
92002728 00000000
9200272c 00000000
92002730 00000000
92002734 00000000
92002738 00000000
9200273c 00000000
92002740 00000000
92002744 00000000
92002748 00000000
9200274c 00000000
92002750 00000000
92002754 00000000
92002758 00000000
9200275c 00000000
92002760 00000000
92002764 00000000
92002768 00000000
9200276c 00000000
92002770 00000000
92002774 00000000
92002778 00000000
9200277c 00000000
92002780 00000000
92002784 00000000
92002788 00000000
9200278c 00000000
92002790 00000000
92002794 00000000
92002798 00000000
9200279c 00000000
920027a0 00000000
920027a4 00000000
920027a8 00000000
920027ac 00000000
920027b0 00000000
920027b4 00000000
920027b8 00000000
920027bc 00000000
920027c0 00000000
920027c4 00000000
920027c8 00000000
920027cc 00000000
920027d0 00000000
920027d4 00000000
920027d8 00000000
920027dc 00000000
920027e0 00000000
920027e4 00000000
920027e8 00000000
920027ec 00000000
920027f0 00000000
920027f4 00000000
920027f8 00000000
920027fc 00000000
92002800 00000000
92002804 00000000
92002808 00000000
9200280c 00000000
92002810 00000000
92002814 00000000
92002818 00000000
9200281c 00000000
92002820 00000000
92002824 00000000
92002828 00000000
9200282c 00000000
92002830 00000000
92002834 00000000
92002838 00000000
9200283c 00000000
92002840 00000000
92002844 00000000
92002848 00000000
9200284c 00000000
92002850 00000000
92002854 00000000
92002858 00000000
9200285c 00000000
92002860 00000000
92002864 00000000
92002868 00000000
9200286c 00000000
92002870 00000000
92002874 00000000
92002878 00000000
9200287c 00000000
92002880 00000000
92002884 00000000
92002888 00000000
9200288c 00000000
92002890 00000000
92002894 00000000
92002898 00000000
9200289c 00000000
920028a0 00000000
920028a4 00000000
920028a8 00000000
920028ac 00000000
920028b0 00000000
920028b4 00000000
920028b8 00000000
920028bc 00000000
920028c0 00000000
920028c4 00000000
920028c8 00000000
920028cc 00000000
920028d0 00000000
920028d4 00000000
920028d8 00000000
920028dc 00000000
920028e0 00000000
920028e4 00000000
920028e8 00000000
920028ec 00000000
920028f0 00000000
920028f4 00000000
920028f8 00000000
920028fc 00000000
92002900 00000000
92002904 00000000
92002908 00000000
9200290c 00000000
92002910 00000000
92002914 00000000
92002918 00000000
9200291c 00000000
92002920 00000000
92002924 00000000
92002928 00000000
9200292c 00000000
92002930 00000000
92002934 00000000
92002938 00000000
9200293c 00000000
92002940 00000000
92002944 00000000
92002948 00000000
9200294c 00000000
92002950 00000000
92002954 00000000
92002958 00000000
9200295c 00000000
92002960 00000000
92002964 00000000
92002968 00000000
9200296c 00000000
92002970 00000000
92002974 00000000
92002978 00000000
9200297c 00000000
92002980 00000000
92002984 00000000
92002988 00000000
9200298c 00000000
92002990 00000000
92002994 00000000
92002998 00000000
9200299c 00000000
920029a0 00000000
920029a4 00000000
920029a8 00000000
920029ac 00000000
920029b0 00000000
920029b4 00000000
920029b8 00000000
920029bc 00000000
920029c0 00000000
920029c4 00000000
920029c8 00000000
920029cc 00000000
920029d0 00000000
920029d4 00000000
920029d8 00000000
920029dc 00000000
920029e0 00000000
920029e4 00000000
920029e8 00000000
920029ec 00000000
920029f0 00000000
920029f4 00000000
920029f8 00000000
920029fc 00000000
92002a00 00000000
92002a04 00000000
92002a08 00000000
92002a0c 00000000
92002a10 00000000
92002a14 00000000
92002a18 00000000
92002a1c 00000000
92002a20 00000000
92002a24 00000000
92002a28 00000000
92002a2c 00000000
92002a30 00000000
92002a34 00000000
92002a38 00000000
92002a3c 00000000
92002a40 00000000
92002a44 00000000
92002a48 00000000
92002a4c 00000000
92002a50 00000000
92002a54 00000000
92002a58 00000000
92002a5c 00000000
92002a60 00000000
92002a64 00000000
92002a68 00000000
92002a6c 00000000
92002a70 00000000
92002a74 00000000
92002a78 00000000
92002a7c 00000000
92002a80 00000000
92002a84 00000000
92002a88 00000000
92002a8c 00000000
92002a90 00000000
92002a94 00000000
92002a98 00000000
92002a9c 00000000
92002aa0 00000000
92002aa4 00000000
92002aa8 00000000
92002aac 00000000
92002ab0 00000000
92002ab4 00000000
92002ab8 00000000
92002abc 00000000
92002ac0 00000000
92002ac4 00000000
92002ac8 00000000
92002acc 00000000
92002ad0 00000000
92002ad4 00000000
92002ad8 00000000
92002adc 00000000
92002ae0 00000000
92002ae4 00000000
92002ae8 00000000
92002aec 00000000
92002af0 00000000
92002af4 00000000
92002af8 00000000
92002afc 00000000
92002b00 00000000
92002b04 00000000
92002b08 00000000
92002b0c 00000000
92002b10 00000000
92002b14 00000000
92002b18 00000000
92002b1c 00000000
92002b20 00000000
92002b24 00000000
92002b28 00000000
92002b2c 00000000
92002b30 00000000
92002b34 00000000
92002b38 00000000
92002b3c 00000000
92002b40 00000000
92002b44 00000000
92002b48 00000000
92002b4c 00000000
92002b50 00000000
92002b54 00000000
92002b58 00000000
92002b5c 00000000
92002b60 00000000
92002b64 00000000
92002b68 00000000
92002b6c 00000000
92002b70 00000000
92002b74 00000000
92002b78 00000000
92002b7c 00000000
92002b80 00000000
92002b84 00000000
92002b88 00000000
92002b8c 00000000
92002b90 00000000
92002b94 00000000
92002b98 00000000
92002b9c 00000000
92002ba0 00000000
92002ba4 00000000
92002ba8 00000000
92002bac 00000000
92002bb0 00000000
92002bb4 00000000
92002bb8 00000000
92002bbc 00000000
92002bc0 00000000
92002bc4 00000000
92002bc8 00000000
92002bcc 00000000
92002bd0 00000000
92002bd4 00000000
92002bd8 00000000
92002bdc 00000000
92002be0 00000000
92002be4 00000000
92002be8 00000000
92002bec 00000000
92002bf0 00000000
92002bf4 00000000
92002bf8 00000000
92002bfc 00000000
92002c00 00000000
92002c04 00000000
92002c08 00000000
92002c0c 00000000
92002c10 00000000
92002c14 00000000
92002c18 00000000
92002c1c 00000000
92002c20 00000000
92002c24 00000000
92002c28 00000000
92002c2c 00000000
92002c30 00000000
92002c34 00000000
92002c38 00000000
92002c3c 00000000
92002c40 00000000
92002c44 00000000
92002c48 00000000
92002c4c 00000000
92002c50 00000000
92002c54 00000000
92002c58 00000000
92002c5c 00000000
92002c60 00000000
92002c64 00000000
92002c68 00000000
92002c6c 00000000
92002c70 00000000
92002c74 00000000
92002c78 00000000
92002c7c 00000000
92002c80 00000000
92002c84 00000000
92002c88 00000000
92002c8c 00000000
92002c90 00000000
92002c94 00000000
92002c98 00000000
92002c9c 00000000
92002ca0 00000000
92002ca4 00000000
92002ca8 00000000
92002cac 00000000
92002cb0 00000000
92002cb4 00000000
92002cb8 00000000
92002cbc 00000000
92002cc0 00000000
92002cc4 00000000
92002cc8 00000000
92002ccc 00000000
92002cd0 00000000
92002cd4 00000000
92002cd8 00000000
92002cdc 00000000
92002ce0 00000000
92002ce4 00000000
92002ce8 00000000
92002cec 00000000
92002cf0 00000000
92002cf4 00000000
92002cf8 00000000
92002cfc 00000000
92002d00 00000000
92002d04 00000000
92002d08 00000000
92002d0c 00000000
92002d10 00000000
92002d14 00000000
92002d18 00000000
92002d1c 00000000
92002d20 00000000
92002d24 00000000
92002d28 00000000
92002d2c 00000000
92002d30 00000000
92002d34 00000000
92002d38 00000000
92002d3c 00000000
92002d40 00000000
92002d44 00000000
92002d48 00000000
92002d4c 00000000
92002d50 00000000
92002d54 00000000
92002d58 00000000
92002d5c 00000000
92002d60 00000000
92002d64 00000000
92002d68 00000000
92002d6c 00000000
92002d70 00000000
92002d74 00000000
92002d78 00000000
92002d7c 00000000
92002d80 00000000
92002d84 00000000
92002d88 00000000
92002d8c 00000000
92002d90 00000000
92002d94 00000000
92002d98 00000000
92002d9c 00000000
92002da0 00000000
92002da4 00000000
92002da8 00000000
92002dac 00000000
92002db0 00000000
92002db4 00000000
92002db8 00000000
92002dbc 00000000
92002dc0 00000000
92002dc4 00000000
92002dc8 00000000
92002dcc 00000000
92002dd0 00000000
92002dd4 00000000
92002dd8 00000000
92002ddc 00000000
92002de0 00000000
92002de4 00000000
92002de8 00000000
92002dec 00000000
92002df0 00000000
92002df4 00000000
92002df8 00000000
92002dfc 00000000
92002e00 00000000
92002e04 00000000
92002e08 00000000
92002e0c 00000000
92002e10 00000000
92002e14 00000000
92002e18 00000000
92002e1c 00000000
92002e20 00000000
92002e24 00000000
92002e28 00000000
92002e2c 00000000
92002e30 00000000
92002e34 00000000
92002e38 00000000
92002e3c 00000000
92002e40 00000000
92002e44 00000000
92002e48 00000000
92002e4c 00000000
92002e50 00000000
92002e54 00000000
92002e58 00000000
92002e5c 00000000
92002e60 00000000
92002e64 00000000
92002e68 00000000
92002e6c 00000000
92002e70 00000000
92002e74 00000000
92002e78 00000000
92002e7c 00000000
92002e80 00000000
92002e84 00000000
92002e88 00000000
92002e8c 00000000
92002e90 00000000
92002e94 00000000
92002e98 00000000
92002e9c 00000000
92002ea0 00000000
92002ea4 00000000
92002ea8 00000000
92002eac 00000000
92002eb0 00000000
92002eb4 00000000
92002eb8 00000000
92002ebc 00000000
92002ec0 00000000
92002ec4 00000000
92002ec8 00000000
92002ecc 00000000
92002ed0 00000000
92002ed4 00000000
92002ed8 00000000
92002edc 00000000
92002ee0 00000000
92002ee4 00000000
92002ee8 00000000
92002eec 00000000
92002ef0 00000000
92002ef4 00000000
92002ef8 00000000
92002efc 00000000
92002f00 00000000
92002f04 00000000
92002f08 00000000
92002f0c 00000000
92002f10 00000000
92002f14 00000000
92002f18 00000000
92002f1c 00000000
92002f20 00000000
92002f24 00000000
92002f28 00000000
92002f2c 00000000
92002f30 00000000
92002f34 00000000
92002f38 00000000
92002f3c 00000000
92002f40 00000000
92002f44 00000000
92002f48 00000000
92002f4c 00000000
92002f50 00000000
92002f54 00000000
92002f58 00000000
92002f5c 00000000
92002f60 00000000
92002f64 00000000
92002f68 00000000
92002f6c 00000000
92002f70 00000000
92002f74 00000000
92002f78 00000000
92002f7c 00000000
92002f80 00000000
92002f84 00000000
92002f88 00000000
92002f8c 00000000
92002f90 00000000
92002f94 00000000
92002f98 00000000
92002f9c 00000000
92002fa0 00000000
92002fa4 00000000
92002fa8 00000000
92002fac 00000000
92002fb0 00000000
92002fb4 00000000
92002fb8 00000000
92002fbc 00000000
92002fc0 00000000
92002fc4 00000000
92002fc8 00000000
92002fcc 00000000
92002fd0 00000000
92002fd4 00000000
92002fd8 00000000
92002fdc 00000000
92002fe0 00000000
92002fe4 00000000
92002fe8 00000000
92002fec 00000000
92002ff0 00000000
92002ff4 00000000
92002ff8 00000000
92002ffc 00000000
92003000 00000000
92003004 00000000
92003008 00000000
9200300c 00000000
92003010 00000000
92003014 00000000
92003018 00000000
9200301c 00000000
92003020 00000000
92003024 00000000
92003028 00000000
9200302c 00000000
92003030 00000000
92003034 00000000
92003038 00000000
9200303c 00000000
92003040 00000000
92003044 00000000
92003048 00000000
9200304c 00000000
92003050 00000000
92003054 00000000
92003058 00000000
9200305c 00000000
92003060 00000000
92003064 00000000
92003068 00000000
9200306c 00000000
92003070 00000000
92003074 00000000
92003078 00000000
9200307c 00000000
92003080 00000000
92003084 00000000
92003088 00000000
9200308c 00000000
92003090 00000000
92003094 00000000
92003098 00000000
9200309c 00000000
920030a0 00000000
920030a4 00000000
920030a8 00000000
920030ac 00000000
920030b0 00000000
920030b4 00000000
920030b8 00000000
920030bc 00000000
920030c0 00000000
920030c4 00000000
920030c8 00000000
920030cc 00000000
920030d0 00000000
920030d4 00000000
920030d8 00000000
920030dc 00000000
920030e0 00000000
920030e4 00000000
920030e8 00000000
920030ec 00000000
920030f0 00000000
920030f4 00000000
920030f8 00000000
920030fc 00000000
92003100 00000000
92003104 00000000
92003108 00000000
9200310c 00000000
92003110 00000000
92003114 00000000
92003118 00000000
9200311c 00000000
92003120 00000000
92003124 00000000
92003128 00000000
9200312c 00000000
92003130 00000000
92003134 00000000
92003138 00000000
9200313c 00000000
92003140 00000000
92003144 00000000
92003148 00000000
9200314c 00000000
92003150 00000000
92003154 00000000
92003158 00000000
9200315c 00000000
92003160 00000000
92003164 00000000
92003168 00000000
9200316c 00000000
92003170 00000000
92003174 00000000
92003178 00000000
9200317c 00000000
92003180 00000000
92003184 00000000
92003188 00000000
9200318c 00000000
92003190 00000000
92003194 00000000
92003198 00000000
9200319c 00000000
920031a0 00000000
920031a4 00000000
920031a8 00000000
920031ac 00000000
920031b0 00000000
920031b4 00000000
920031b8 00000000
920031bc 00000000
920031c0 00000000
920031c4 00000000
920031c8 00000000
920031cc 00000000
920031d0 00000000
920031d4 00000000
920031d8 00000000
920031dc 00000000
920031e0 00000000
920031e4 00000000
920031e8 00000000
920031ec 00000000
920031f0 00000000
920031f4 00000000
920031f8 00000000
920031fc 00000000
92003200 00000000
92003204 00000000
92003208 00000000
9200320c 00000000
92003210 00000000
92003214 00000000
92003218 00000000
9200321c 00000000
92003220 00000000
92003224 00000000
92003228 00000000
9200322c 00000000
92003230 00000000
92003234 00000000
92003238 00000000
9200323c 00000000
92003240 00000000
92003244 00000000
92003248 00000000
9200324c 00000000
92003250 00000000
92003254 00000000
92003258 00000000
9200325c 00000000
92003260 00000000
92003264 00000000
92003268 00000000
9200326c 00000000
92003270 00000000
92003274 00000000
92003278 00000000
9200327c 00000000
92003280 00000000
92003284 00000000
92003288 00000000
9200328c 00000000
92003290 00000000
92003294 00000000
92003298 00000000
9200329c 00000000
920032a0 00000000
920032a4 00000000
920032a8 00000000
920032ac 00000000
920032b0 00000000
920032b4 00000000
920032b8 00000000
920032bc 00000000
920032c0 00000000
920032c4 00000000
920032c8 00000000
920032cc 00000000
920032d0 00000000
920032d4 00000000
920032d8 00000000
920032dc 00000000
920032e0 00000000
920032e4 00000000
920032e8 00000000
920032ec 00000000
920032f0 00000000
920032f4 00000000
920032f8 00000000
920032fc 00000000
92003300 00000000
92003304 00000000
92003308 00000000
9200330c 00000000
92003310 00000000
92003314 00000000
92003318 00000000
9200331c 00000000
92003320 00000000
92003324 00000000
92003328 00000000
9200332c 00000000
92003330 00000000
92003334 00000000
92003338 00000000
9200333c 00000000
92003340 00000000
92003344 00000000
92003348 00000000
9200334c 00000000
92003350 00000000
92003354 00000000
92003358 00000000
9200335c 00000000
92003360 00000000
92003364 00000000
92003368 00000000
9200336c 00000000
92003370 00000000
92003374 00000000
92003378 00000000
9200337c 00000000
92003380 00000000
92003384 00000000
92003388 00000000
9200338c 00000000
92003390 00000000
92003394 00000000
92003398 00000000
9200339c 00000000
920033a0 00000000
920033a4 00000000
920033a8 00000000
920033ac 00000000
920033b0 00000000
920033b4 00000000
920033b8 00000000
920033bc 00000000
920033c0 00000000
920033c4 00000000
920033c8 00000000
920033cc 00000000
920033d0 00000000
920033d4 00000000
920033d8 00000000
920033dc 00000000
920033e0 00000000
920033e4 00000000
920033e8 00000000
920033ec 00000000
920033f0 00000000
920033f4 00000000
920033f8 00000000
920033fc 00000000
92003400 00000000
92003404 00000000
92003408 00000000
9200340c 00000000
92003410 00000000
92003414 00000000
92003418 00000000
9200341c 00000000
92003420 00000000
92003424 00000000
92003428 00000000
9200342c 00000000
92003430 00000000
92003434 00000000
92003438 00000000
9200343c 00000000
92003440 00000000
92003444 00000000
92003448 00000000
9200344c 00000000
92003450 00000000
92003454 00000000
92003458 00000000
9200345c 00000000
92003460 00000000
92003464 00000000
92003468 00000000
9200346c 00000000
92003470 00000000
92003474 00000000
92003478 00000000
9200347c 00000000
92003480 00000000
92003484 00000000
92003488 00000000
9200348c 00000000
92003490 00000000
92003494 00000000
92003498 00000000
9200349c 00000000
920034a0 00000000
920034a4 00000000
920034a8 00000000
920034ac 00000000
920034b0 00000000
920034b4 00000000
920034b8 00000000
920034bc 00000000
920034c0 00000000
920034c4 00000000
920034c8 00000000
920034cc 00000000
920034d0 00000000
920034d4 00000000
920034d8 00000000
920034dc 00000000
920034e0 00000000
920034e4 00000000
920034e8 00000000
920034ec 00000000
920034f0 00000000
920034f4 00000000
920034f8 00000000
920034fc 00000000
92003500 00000000
92003504 00000000
92003508 00000000
9200350c 00000000
92003510 00000000
92003514 00000000
92003518 00000000
9200351c 00000000
92003520 00000000
92003524 00000000
92003528 00000000
9200352c 00000000
92003530 00000000
92003534 00000000
92003538 00000000
9200353c 00000000
92003540 00000000
92003544 00000000
92003548 00000000
9200354c 00000000
92003550 00000000
92003554 00000000
92003558 00000000
9200355c 00000000
92003560 00000000
92003564 00000000
92003568 00000000
9200356c 00000000
92003570 00000000
92003574 00000000
92003578 00000000
9200357c 00000000
92003580 00000000
92003584 00000000
92003588 00000000
9200358c 00000000
92003590 00000000
92003594 00000000
92003598 00000000
9200359c 00000000
920035a0 00000000
920035a4 00000000
920035a8 00000000
920035ac 00000000
920035b0 00000000
920035b4 00000000
920035b8 00000000
920035bc 00000000
920035c0 00000000
920035c4 00000000
920035c8 00000000
920035cc 00000000
920035d0 00000000
920035d4 00000000
920035d8 00000000
920035dc 00000000
920035e0 00000000
920035e4 00000000
920035e8 00000000
920035ec 00000000
920035f0 00000000
920035f4 00000000
920035f8 00000000
920035fc 00000000
92003600 00000000
92003604 00000000
92003608 00000000
9200360c 00000000
92003610 00000000
92003614 00000000
92003618 00000000
9200361c 00000000
92003620 00000000
92003624 00000000
92003628 00000000
9200362c 00000000
92003630 00000000
92003634 00000000
92003638 00000000
9200363c 00000000
92003640 00000000
92003644 00000000
92003648 00000000
9200364c 00000000
92003650 00000000
92003654 00000000
92003658 00000000
9200365c 00000000
92003660 00000000
92003664 00000000
92003668 00000000
9200366c 00000000
92003670 00000000
92003674 00000000
92003678 00000000
9200367c 00000000
92003680 00000000
92003684 00000000
92003688 00000000
9200368c 00000000
92003690 00000000
92003694 00000000
92003698 00000000
9200369c 00000000
920036a0 00000000
920036a4 00000000
920036a8 00000000
920036ac 00000000
920036b0 00000000
920036b4 00000000
920036b8 00000000
920036bc 00000000
920036c0 00000000
920036c4 00000000
920036c8 00000000
920036cc 00000000
920036d0 00000000
920036d4 00000000
920036d8 00000000
920036dc 00000000
920036e0 00000000
920036e4 00000000
920036e8 00000000
920036ec 00000000
920036f0 00000000
920036f4 00000000
920036f8 00000000
920036fc 00000000
92003700 00000000
92003704 00000000
92003708 00000000
9200370c 00000000
92003710 00000000
92003714 00000000
92003718 00000000
9200371c 00000000
92003720 00000000
92003724 00000000
92003728 00000000
9200372c 00000000
92003730 00000000
92003734 00000000
92003738 00000000
9200373c 00000000
92003740 00000000
92003744 00000000
92003748 00000000
9200374c 00000000
92003750 00000000
92003754 00000000
92003758 00000000
9200375c 00000000
92003760 00000000
92003764 00000000
92003768 00000000
9200376c 00000000
92003770 00000000
92003774 00000000
92003778 00000000
9200377c 00000000
92003780 00000000
92003784 00000000
92003788 00000000
9200378c 00000000
92003790 00000000
92003794 00000000
92003798 00000000
9200379c 00000000
920037a0 00000000
920037a4 00000000
920037a8 00000000
920037ac 00000000
920037b0 00000000
920037b4 00000000
920037b8 00000000
920037bc 00000000
920037c0 00000000
920037c4 00000000
920037c8 00000000
920037cc 00000000
920037d0 00000000
920037d4 00000000
920037d8 00000000
920037dc 00000000
920037e0 00000000
920037e4 00000000
920037e8 00000000
920037ec 00000000
920037f0 00000000
920037f4 00000000
920037f8 00000000
920037fc 00000000
92003800 00000000
92003804 00000000
92003808 00000000
9200380c 00000000
92003810 00000000
92003814 00000000
92003818 00000000
9200381c 00000000
92003820 00000000
92003824 00000000
92003828 00000000
9200382c 00000000
92003830 00000000
92003834 00000000
92003838 00000000
9200383c 00000000
92003840 00000000
92003844 00000000
92003848 00000000
9200384c 00000000
92003850 00000000
92003854 00000000
92003858 00000000
9200385c 00000000
92003860 00000000
92003864 00000000
92003868 00000000
9200386c 00000000
92003870 00000000
92003874 00000000
92003878 00000000
9200387c 00000000
92003880 00000000
92003884 00000000
92003888 00000000
9200388c 00000000
92003890 00000000
92003894 00000000
92003898 00000000
9200389c 00000000
920038a0 00000000
920038a4 00000000
920038a8 00000000
920038ac 00000000
920038b0 00000000
920038b4 00000000
920038b8 00000000
920038bc 00000000
920038c0 00000000
920038c4 00000000
920038c8 00000000
920038cc 00000000
920038d0 00000000
920038d4 00000000
920038d8 00000000
920038dc 00000000
920038e0 00000000
920038e4 00000000
920038e8 00000000
920038ec 00000000
920038f0 00000000
920038f4 00000000
920038f8 00000000
920038fc 00000000
92003900 00000000
92003904 00000000
92003908 00000000
9200390c 00000000
92003910 00000000
92003914 00000000
92003918 00000000
9200391c 00000000
92003920 00000000
92003924 00000000
92003928 00000000
9200392c 00000000
92003930 00000000
92003934 00000000
92003938 00000000
9200393c 00000000
92003940 00000000
92003944 00000000
92003948 00000000
9200394c 00000000
92003950 00000000
92003954 00000000
92003958 00000000
9200395c 00000000
92003960 00000000
92003964 00000000
92003968 00000000
9200396c 00000000
92003970 00000000
92003974 00000000
92003978 00000000
9200397c 00000000
92003980 00000000
92003984 00000000
92003988 00000000
9200398c 00000000
92003990 00000000
92003994 00000000
92003998 00000000
9200399c 00000000
920039a0 00000000
920039a4 00000000
920039a8 00000000
920039ac 00000000
920039b0 00000000
920039b4 00000000
920039b8 00000000
920039bc 00000000
920039c0 00000000
920039c4 00000000
920039c8 00000000
920039cc 00000000
920039d0 00000000
920039d4 00000000
920039d8 00000000
920039dc 00000000
920039e0 00000000
920039e4 00000000
920039e8 00000000
920039ec 00000000
920039f0 00000000
920039f4 00000000
920039f8 00000000
920039fc 00000000
92003a00 00000000
92003a04 00000000
92003a08 00000000
92003a0c 00000000
92003a10 00000000
92003a14 00000000
92003a18 00000000
92003a1c 00000000
92003a20 00000000
92003a24 00000000
92003a28 00000000
92003a2c 00000000
92003a30 00000000
92003a34 00000000
92003a38 00000000
92003a3c 00000000
92003a40 00000000
92003a44 00000000
92003a48 00000000
92003a4c 00000000
92003a50 00000000
92003a54 00000000
92003a58 00000000
92003a5c 00000000
92003a60 00000000
92003a64 00000000
92003a68 00000000
92003a6c 00000000
92003a70 00000000
92003a74 00000000
92003a78 00000000
92003a7c 00000000
92003a80 00000000
92003a84 00000000
92003a88 00000000
92003a8c 00000000
92003a90 00000000
92003a94 00000000
92003a98 00000000
92003a9c 00000000
92003aa0 00000000
92003aa4 00000000
92003aa8 00000000
92003aac 00000000
92003ab0 00000000
92003ab4 00000000
92003ab8 00000000
92003abc 00000000
92003ac0 00000000
92003ac4 00000000
92003ac8 00000000
92003acc 00000000
92003ad0 00000000
92003ad4 00000000
92003ad8 00000000
92003adc 00000000
92003ae0 00000000
92003ae4 00000000
92003ae8 00000000
92003aec 00000000
92003af0 00000000
92003af4 00000000
92003af8 00000000
92003afc 00000000
92003b00 00000000
92003b04 00000000
92003b08 00000000
92003b0c 00000000
92003b10 00000000
92003b14 00000000
92003b18 00000000
92003b1c 00000000
92003b20 00000000
92003b24 00000000
92003b28 00000000
92003b2c 00000000
92003b30 00000000
92003b34 00000000
92003b38 00000000
92003b3c 00000000
92003b40 00000000
92003b44 00000000
92003b48 00000000
92003b4c 00000000
92003b50 00000000
92003b54 00000000
92003b58 00000000
92003b5c 00000000
92003b60 00000000
92003b64 00000000
92003b68 00000000
92003b6c 00000000
92003b70 00000000
92003b74 00000000
92003b78 00000000
92003b7c 00000000
92003b80 00000000
92003b84 00000000
92003b88 00000000
92003b8c 00000000
92003b90 00000000
92003b94 00000000
92003b98 00000000
92003b9c 00000000
92003ba0 00000000
92003ba4 00000000
92003ba8 00000000
92003bac 00000000
92003bb0 00000000
92003bb4 00000000
92003bb8 00000000
92003bbc 00000000
92003bc0 00000000
92003bc4 00000000
92003bc8 00000000
92003bcc 00000000
92003bd0 00000000
92003bd4 00000000
92003bd8 00000000
92003bdc 00000000
92003be0 00000000
92003be4 00000000
92003be8 00000000
92003bec 00000000
92003bf0 00000000
92003bf4 00000000
92003bf8 00000000
92003bfc 00000000
92003c00 00000000
92003c04 00000000
92003c08 00000000
92003c0c 00000000
92003c10 00000000
92003c14 00000000
92003c18 00000000
92003c1c 00000000
92003c20 00000000
92003c24 00000000
92003c28 00000000
92003c2c 00000000
92003c30 00000000
92003c34 00000000
92003c38 00000000
92003c3c 00000000
92003c40 00000000
92003c44 00000000
92003c48 00000000
92003c4c 00000000
92003c50 00000000
92003c54 00000000
92003c58 00000000
92003c5c 00000000
92003c60 00000000
92003c64 00000000
92003c68 00000000
92003c6c 00000000
92003c70 00000000
92003c74 00000000
92003c78 00000000
92003c7c 00000000
92003c80 00000000
92003c84 00000000
92003c88 00000000
92003c8c 00000000
92003c90 00000000
92003c94 00000000
92003c98 00000000
92003c9c 00000000
92003ca0 00000000
92003ca4 00000000
92003ca8 00000000
92003cac 00000000
92003cb0 00000000
92003cb4 00000000
92003cb8 00000000
92003cbc 00000000
92003cc0 00000000
92003cc4 00000000
92003cc8 00000000
92003ccc 00000000
92003cd0 00000000
92003cd4 00000000
92003cd8 00000000
92003cdc 00000000
92003ce0 00000000
92003ce4 00000000
92003ce8 00000000
92003cec 00000000
92003cf0 00000000
92003cf4 00000000
92003cf8 00000000
92003cfc 00000000
92003d00 00000000
92003d04 00000000
92003d08 00000000
92003d0c 00000000
92003d10 00000000
92003d14 00000000
92003d18 00000000
92003d1c 00000000
92003d20 00000000
92003d24 00000000
92003d28 00000000
92003d2c 00000000
92003d30 00000000
92003d34 00000000
92003d38 00000000
92003d3c 00000000
92003d40 00000000
92003d44 00000000
92003d48 00000000
92003d4c 00000000
92003d50 00000000
92003d54 00000000
92003d58 00000000
92003d5c 00000000
92003d60 00000000
92003d64 00000000
92003d68 00000000
92003d6c 00000000
92003d70 00000000
92003d74 00000000
92003d78 00000000
92003d7c 00000000
92003d80 00000000
92003d84 00000000
92003d88 00000000
92003d8c 00000000
92003d90 00000000
92003d94 00000000
92003d98 00000000
92003d9c 00000000
92003da0 00000000
92003da4 00000000
92003da8 00000000
92003dac 00000000
92003db0 00000000
92003db4 00000000
92003db8 00000000
92003dbc 00000000
92003dc0 00000000
92003dc4 00000000
92003dc8 00000000
92003dcc 00000000
92003dd0 00000000
92003dd4 00000000
92003dd8 00000000
92003ddc 00000000
92003de0 00000000
92003de4 00000000
92003de8 00000000
92003dec 00000000
92003df0 00000000
92003df4 00000000
92003df8 00000000
92003dfc 00000000
92003e00 00000000
92003e04 00000000
92003e08 00000000
92003e0c 00000000
92003e10 00000000
92003e14 00000000
92003e18 00000000
92003e1c 00000000
92003e20 00000000
92003e24 00000000
92003e28 00000000
92003e2c 00000000
92003e30 00000000
92003e34 00000000
92003e38 00000000
92003e3c 00000000
92003e40 00000000
92003e44 00000000
92003e48 00000000
92003e4c 00000000
92003e50 00000000
92003e54 00000000
92003e58 00000000
92003e5c 00000000
92003e60 00000000
92003e64 00000000
92003e68 00000000
92003e6c 00000000
92003e70 00000000
92003e74 00000000
92003e78 00000000
92003e7c 00000000
92003e80 00000000
92003e84 00000000
92003e88 00000000
92003e8c 00000000
92003e90 00000000
92003e94 00000000
92003e98 00000000
92003e9c 00000000
92003ea0 00000000
92003ea4 00000000
92003ea8 00000000
92003eac 00000000
92003eb0 00000000
92003eb4 00000000
92003eb8 00000000
92003ebc 00000000
92003ec0 00000000
92003ec4 00000000
92003ec8 00000000
92003ecc 00000000
92003ed0 00000000
92003ed4 00000000
92003ed8 00000000
92003edc 00000000
92003ee0 00000000
92003ee4 00000000
92003ee8 00000000
92003eec 00000000
92003ef0 00000000
92003ef4 00000000
92003ef8 00000000
92003efc 00000000
92003f00 00000000
92003f04 00000000
92003f08 00000000
92003f0c 00000000
92003f10 00000000
92003f14 00000000
92003f18 00000000
92003f1c 00000000
92003f20 00000000
92003f24 00000000
92003f28 00000000
92003f2c 00000000
92003f30 00000000
92003f34 00000000
92003f38 00000000
92003f3c 00000000
92003f40 00000000
92003f44 00000000
92003f48 00000000
92003f4c 00000000
92003f50 00000000
92003f54 00000000
92003f58 00000000
92003f5c 00000000
92003f60 00000000
92003f64 00000000
92003f68 00000000
92003f6c 00000000
92003f70 00000000
92003f74 00000000
92003f78 00000000
92003f7c 00000000
92003f80 00000000
92003f84 00000000
92003f88 00000000
92003f8c 00000000
92003f90 00000000
92003f94 00000000
92003f98 00000000
92003f9c 00000000
92003fa0 00000000
92003fa4 00000000
92003fa8 00000000
92003fac 00000000
92003fb0 00000000
92003fb4 00000000
92003fb8 00000000
92003fbc 00000000
92003fc0 00000000
92003fc4 00000000
92003fc8 00000000
92003fcc 00000000
92003fd0 00000000
92003fd4 00000000
92003fd8 00000000
92003fdc 00000000
92003fe0 00000000
92003fe4 00000000
92003fe8 00000000
92003fec 00000000
92003ff0 00000000
92003ff4 00000000
92003ff8 00000000
92003ffc 00000000
92004000 00000000
92004004 00000000
92004008 00000000
9200400c 00000000
92004010 00000000
92004014 00000000
92004018 00000000
9200401c 00000000
92004020 00000000
92004024 00000000
92004028 00000000
9200402c 00000000
92004030 00000000
92004034 00000000
92004038 00000000
9200403c 00000000
92004040 00000000
92004044 00000000
92004048 00000000
9200404c 00000000
92004050 00000000
92004054 00000000
92004058 00000000
9200405c 00000000
92004060 00000000
92004064 00000000
92004068 00000000
9200406c 00000000
92004070 00000000
92004074 00000000
92004078 00000000
9200407c 00000000
92004080 00000000
92004084 00000000
92004088 00000000
9200408c 00000000
92004090 00000000
92004094 00000000
92004098 00000000
9200409c 00000000
920040a0 00000000
920040a4 00000000
920040a8 00000000
920040ac 00000000
920040b0 00000000
920040b4 00000000
920040b8 00000000
920040bc 00000000
920040c0 00000000
920040c4 00000000
920040c8 00000000
920040cc 00000000
920040d0 00000000
920040d4 00000000
920040d8 00000000
920040dc 00000000
920040e0 00000000
920040e4 00000000
920040e8 00000000
920040ec 00000000
920040f0 00000000
920040f4 00000000
920040f8 00000000
920040fc 00000000
92004100 00000000
92004104 00000000
92004108 00000000
9200410c 00000000
92004110 00000000
92004114 00000000
92004118 00000000
9200411c 00000000
92004120 00000000
92004124 00000000
92004128 00000000
9200412c 00000000
92004130 00000000
92004134 00000000
92004138 00000000
9200413c 00000000
92004140 00000000
92004144 00000000
92004148 00000000
9200414c 00000000
92004150 00000000
92004154 00000000
92004158 00000000
9200415c 00000000
92004160 00000000
92004164 00000000
92004168 00000000
9200416c 00000000
92004170 00000000
92004174 00000000
92004178 00000000
9200417c 00000000
92004180 00000000
92004184 00000000
92004188 00000000
9200418c 00000000
92004190 00000000
92004194 00000000
92004198 00000000
9200419c 00000000
920041a0 00000000
920041a4 00000000
920041a8 00000000
920041ac 00000000
920041b0 00000000
920041b4 00000000
920041b8 00000000
920041bc 00000000
920041c0 00000000
920041c4 00000000
920041c8 00000000
920041cc 00000000
920041d0 00000000
920041d4 00000000
920041d8 00000000
920041dc 00000000
920041e0 00000000
920041e4 00000000
920041e8 00000000
920041ec 00000000
920041f0 00000000
920041f4 00000000
920041f8 00000000
920041fc 00000000
92004200 00000000
92004204 00000000
92004208 00000000
9200420c 00000000
92004210 00000000
92004214 00000000
92004218 00000000
9200421c 00000000
92004220 00000000
92004224 00000000
92004228 00000000
9200422c 00000000
92004230 00000000
92004234 00000000
92004238 00000000
9200423c 00000000
92004240 00000000
92004244 00000000
92004248 00000000
9200424c 00000000
92004250 00000000
92004254 00000000
92004258 00000000
9200425c 00000000
92004260 00000000
92004264 00000000
92004268 00000000
9200426c 00000000
92004270 00000000
92004274 00000000
92004278 00000000
9200427c 00000000
92004280 00000000
92004284 00000000
92004288 00000000
9200428c 00000000
92004290 00000000
92004294 00000000
92004298 00000000
9200429c 00000000
920042a0 00000000
920042a4 00000000
920042a8 00000000
920042ac 00000000
920042b0 00000000
920042b4 00000000
920042b8 00000000
920042bc 00000000
920042c0 00000000
920042c4 00000000
920042c8 00000000
920042cc 00000000
920042d0 00000000
920042d4 00000000
920042d8 00000000
920042dc 00000000
920042e0 00000000
920042e4 00000000
920042e8 00000000
920042ec 00000000
920042f0 00000000
920042f4 00000000
920042f8 00000000
920042fc 00000000
92004300 00000000
92004304 00000000
92004308 00000000
9200430c 00000000
92004310 00000000
92004314 00000000
92004318 00000000
9200431c 00000000
92004320 00000000
92004324 00000000
92004328 00000000
9200432c 00000000
92004330 00000000
92004334 00000000
92004338 00000000
9200433c 00000000
92004340 00000000
92004344 00000000
92004348 00000000
9200434c 00000000
92004350 00000000
92004354 00000000
92004358 00000000
9200435c 00000000
92004360 00000000
92004364 00000000
92004368 00000000
9200436c 00000000
92004370 00000000
92004374 00000000
92004378 00000000
9200437c 00000000
92004380 00000000
92004384 00000000
92004388 00000000
9200438c 00000000
92004390 00000000
92004394 00000000
92004398 00000000
9200439c 00000000
920043a0 00000000
920043a4 00000000
920043a8 00000000
920043ac 00000000
920043b0 00000000
920043b4 00000000
920043b8 00000000
920043bc 00000000
920043c0 00000000
920043c4 00000000
920043c8 00000000
920043cc 00000000
920043d0 00000000
920043d4 00000000
920043d8 00000000
920043dc 00000000
920043e0 00000000
920043e4 00000000
920043e8 00000000
920043ec 00000000
920043f0 00000000
920043f4 00000000
920043f8 00000000
920043fc 00000000
92004400 00000000
92004404 00000000
92004408 00000000
9200440c 00000000
92004410 00000000
92004414 00000000
92004418 00000000
9200441c 00000000
92004420 00000000
92004424 00000000
92004428 00000000
9200442c 00000000
92004430 00000000
92004434 00000000
92004438 00000000
9200443c 00000000
92004440 00000000
92004444 00000000
92004448 00000000
9200444c 00000000
92004450 00000000
92004454 00000000
92004458 00000000
9200445c 00000000
92004460 00000000
92004464 00000000
92004468 00000000
9200446c 00000000
92004470 00000000
92004474 00000000
92004478 00000000
9200447c 00000000
92004480 00000000
92004484 00000000
92004488 00000000
9200448c 00000000
92004490 00000000
92004494 00000000
92004498 00000000
9200449c 00000000
920044a0 00000000
920044a4 00000000
920044a8 00000000
920044ac 00000000
920044b0 00000000
920044b4 00000000
920044b8 00000000
920044bc 00000000
920044c0 00000000
920044c4 00000000
920044c8 00000000
920044cc 00000000
920044d0 00000000
920044d4 00000000
920044d8 00000000
920044dc 00000000
920044e0 00000000
920044e4 00000000
920044e8 00000000
920044ec 00000000
920044f0 00000000
920044f4 00000000
920044f8 00000000
920044fc 00000000
92004500 00000000
92004504 00000000
92004508 00000000
9200450c 00000000
92004510 00000000
92004514 00000000
92004518 00000000
9200451c 00000000
92004520 00000000
92004524 00000000
92004528 00000000
9200452c 00000000
92004530 00000000
92004534 00000000
92004538 00000000
9200453c 00000000
92004540 00000000
92004544 00000000
92004548 00000000
9200454c 00000000
92004550 00000000
92004554 00000000
92004558 00000000
9200455c 00000000
92004560 00000000
92004564 00000000
92004568 00000000
9200456c 00000000
92004570 00000000
92004574 00000000
92004578 00000000
9200457c 00000000
92004580 00000000
92004584 00000000
92004588 00000000
9200458c 00000000
92004590 00000000
92004594 00000000
92004598 00000000
9200459c 00000000
920045a0 00000000
920045a4 00000000
920045a8 00000000
920045ac 00000000
920045b0 00000000
920045b4 00000000
920045b8 00000000
920045bc 00000000
920045c0 00000000
920045c4 00000000
920045c8 00000000
920045cc 00000000
920045d0 00000000
920045d4 00000000
920045d8 00000000
920045dc 00000000
920045e0 00000000
920045e4 00000000
920045e8 00000000
920045ec 00000000
920045f0 00000000
920045f4 00000000
920045f8 00000000
920045fc 00000000
92004600 00000000
92004604 00000000
92004608 00000000
9200460c 00000000
92004610 00000000
92004614 00000000
92004618 00000000
9200461c 00000000
92004620 00000000
92004624 00000000
92004628 00000000
9200462c 00000000
92004630 00000000
92004634 00000000
92004638 00000000
9200463c 00000000
92004640 00000000
92004644 00000000
92004648 00000000
9200464c 00000000
92004650 00000000
92004654 00000000
92004658 00000000
9200465c 00000000
92004660 00000000
92004664 00000000
92004668 00000000
9200466c 00000000
92004670 00000000
92004674 00000000
92004678 00000000
9200467c 00000000
92004680 00000000
92004684 00000000
92004688 00000000
9200468c 00000000
92004690 00000000
92004694 00000000
92004698 00000000
9200469c 00000000
920046a0 00000000
920046a4 00000000
920046a8 00000000
920046ac 00000000
920046b0 00000000
920046b4 00000000
920046b8 00000000
920046bc 00000000
920046c0 00000000
920046c4 00000000
920046c8 00000000
920046cc 00000000
920046d0 00000000
920046d4 00000000
920046d8 00000000
920046dc 00000000
920046e0 00000000
920046e4 00000000
920046e8 00000000
920046ec 00000000
920046f0 00000000
920046f4 00000000
920046f8 00000000
920046fc 00000000
92004700 00000000
92004704 00000000
92004708 00000000
9200470c 00000000
92004710 00000000
92004714 00000000
92004718 00000000
9200471c 00000000
92004720 00000000
92004724 00000000
92004728 00000000
9200472c 00000000
92004730 00000000
92004734 00000000
92004738 00000000
9200473c 00000000
92004740 00000000
92004744 00000000
92004748 00000000
9200474c 00000000
92004750 00000000
92004754 00000000
92004758 00000000
9200475c 00000000
92004760 00000000
92004764 00000000
92004768 00000000
9200476c 00000000
92004770 00000000
92004774 00000000
92004778 00000000
9200477c 00000000
92004780 00000000
92004784 00000000
92004788 00000000
9200478c 00000000
92004790 00000000
92004794 00000000
92004798 00000000
9200479c 00000000
920047a0 00000000
920047a4 00000000
920047a8 00000000
920047ac 00000000
920047b0 00000000
920047b4 00000000
920047b8 00000000
920047bc 00000000
920047c0 00000000
920047c4 00000000
920047c8 00000000
920047cc 00000000
920047d0 00000000
920047d4 00000000
920047d8 00000000
920047dc 00000000
920047e0 00000000
920047e4 00000000
920047e8 00000000
920047ec 00000000
920047f0 00000000
920047f4 00000000
920047f8 00000000
920047fc 00000000
92004800 00000000
92004804 00000000
92004808 00000000
9200480c 00000000
92004810 00000000
92004814 00000000
92004818 00000000
9200481c 00000000
92004820 00000000
92004824 00000000
92004828 00000000
9200482c 00000000
92004830 00000000
92004834 00000000
92004838 00000000
9200483c 00000000
92004840 00000000
92004844 00000000
92004848 00000000
9200484c 00000000
92004850 00000000
92004854 00000000
92004858 00000000
9200485c 00000000
92004860 00000000
92004864 00000000
92004868 00000000
9200486c 00000000
92004870 00000000
92004874 00000000
92004878 00000000
9200487c 00000000
92004880 00000000
92004884 00000000
92004888 00000000
9200488c 00000000
92004890 00000000
92004894 00000000
92004898 00000000
9200489c 00000000
920048a0 00000000
920048a4 00000000
920048a8 00000000
920048ac 00000000
920048b0 00000000
920048b4 00000000
920048b8 00000000
920048bc 00000000
920048c0 00000000
920048c4 00000000
920048c8 00000000
920048cc 00000000
920048d0 00000000
920048d4 00000000
920048d8 00000000
920048dc 00000000
920048e0 00000000
920048e4 00000000
920048e8 00000000
920048ec 00000000
920048f0 00000000
920048f4 00000000
920048f8 00000000
920048fc 00000000
92004900 00000000
92004904 00000000
92004908 00000000
9200490c 00000000
92004910 00000000
92004914 00000000
92004918 00000000
9200491c 00000000
92004920 00000000
92004924 00000000
92004928 00000000
9200492c 00000000
92004930 00000000
92004934 00000000
92004938 00000000
9200493c 00000000
92004940 00000000
92004944 00000000
92004948 00000000
9200494c 00000000
92004950 00000000
92004954 00000000
92004958 00000000
9200495c 00000000
92004960 00000000
92004964 00000000
92004968 00000000
9200496c 00000000
92004970 00000000
92004974 00000000
92004978 00000000
9200497c 00000000
92004980 00000000
92004984 00000000
92004988 00000000
9200498c 00000000
92004990 00000000
92004994 00000000
92004998 00000000
9200499c 00000000
920049a0 00000000
920049a4 00000000
920049a8 00000000
920049ac 00000000
920049b0 00000000
920049b4 00000000
920049b8 00000000
920049bc 00000000
920049c0 00000000
920049c4 00000000
920049c8 00000000
920049cc 00000000
920049d0 00000000
920049d4 00000000
920049d8 00000000
920049dc 00000000
920049e0 00000000
920049e4 00000000
920049e8 00000000
920049ec 00000000
920049f0 00000000
920049f4 00000000
920049f8 00000000
920049fc 00000000
92004a00 00000000
92004a04 00000000
92004a08 00000000
92004a0c 00000000
92004a10 00000000
92004a14 00000000
92004a18 00000000
92004a1c 00000000
92004a20 00000000
92004a24 00000000
92004a28 00000000
92004a2c 00000000
92004a30 00000000
92004a34 00000000
92004a38 00000000
92004a3c 00000000
92004a40 00000000
92004a44 00000000
92004a48 00000000
92004a4c 00000000
92004a50 00000000
92004a54 00000000
92004a58 00000000
92004a5c 00000000
92004a60 00000000
92004a64 00000000
92004a68 00000000
92004a6c 00000000
92004a70 00000000
92004a74 00000000
92004a78 00000000
92004a7c 00000000
92004a80 00000000
92004a84 00000000
92004a88 00000000
92004a8c 00000000
92004a90 00000000
92004a94 00000000
92004a98 00000000
92004a9c 00000000
92004aa0 00000000
92004aa4 00000000
92004aa8 00000000
92004aac 00000000
92004ab0 00000000
92004ab4 00000000
92004ab8 00000000
92004abc 00000000
92004ac0 00000000
92004ac4 00000000
92004ac8 00000000
92004acc 00000000
92004ad0 00000000
92004ad4 00000000
92004ad8 00000000
92004adc 00000000
92004ae0 00000000
92004ae4 00000000
92004ae8 00000000
92004aec 00000000
92004af0 00000000
92004af4 00000000
92004af8 00000000
92004afc 00000000
92004b00 00000000
92004b04 00000000
92004b08 00000000
92004b0c 00000000
92004b10 00000000
92004b14 00000000
92004b18 00000000
92004b1c 00000000
92004b20 00000000
92004b24 00000000
92004b28 00000000
92004b2c 00000000
92004b30 00000000
92004b34 00000000
92004b38 00000000
92004b3c 00000000
92004b40 00000000
92004b44 00000000
92004b48 00000000
92004b4c 00000000
92004b50 00000000
92004b54 00000000
92004b58 00000000
92004b5c 00000000
92004b60 00000000
92004b64 00000000
92004b68 00000000
92004b6c 00000000
92004b70 00000000
92004b74 00000000
92004b78 00000000
92004b7c 00000000
92004b80 00000000
92004b84 00000000
92004b88 00000000
92004b8c 00000000
92004b90 00000000
92004b94 00000000
92004b98 00000000
92004b9c 00000000
92004ba0 00000000
92004ba4 00000000
92004ba8 00000000
92004bac 00000000
92004bb0 00000000
92004bb4 00000000
92004bb8 00000000
92004bbc 00000000
92004bc0 00000000
92004bc4 00000000
92004bc8 00000000
92004bcc 00000000
92004bd0 00000000
92004bd4 00000000
92004bd8 00000000
92004bdc 00000000
92004be0 00000000
92004be4 00000000
92004be8 00000000
92004bec 00000000
92004bf0 00000000
92004bf4 00000000
92004bf8 00000000
92004bfc 00000000
92004c00 00000000
92004c04 00000000
92004c08 00000000
92004c0c 00000000
92004c10 00000000
92004c14 00000000
92004c18 00000000
92004c1c 00000000
92004c20 00000000
92004c24 00000000
92004c28 00000000
92004c2c 00000000
92004c30 00000000
92004c34 00000000
92004c38 00000000
92004c3c 00000000
92004c40 00000000
92004c44 00000000
92004c48 00000000
92004c4c 00000000
92004c50 00000000
92004c54 00000000
92004c58 00000000
92004c5c 00000000
92004c60 00000000
92004c64 00000000
92004c68 00000000
92004c6c 00000000
92004c70 00000000
92004c74 00000000
92004c78 00000000
92004c7c 00000000
92004c80 00000000
92004c84 00000000
92004c88 00000000
92004c8c 00000000
92004c90 00000000
92004c94 00000000
92004c98 00000000
92004c9c 00000000
92004ca0 00000000
92004ca4 00000000
92004ca8 00000000
92004cac 00000000
92004cb0 00000000
92004cb4 00000000
92004cb8 00000000
92004cbc 00000000
92004cc0 00000000
92004cc4 00000000
92004cc8 00000000
92004ccc 00000000
92004cd0 00000000
92004cd4 00000000
92004cd8 00000000
92004cdc 00000000
92004ce0 00000000
92004ce4 00000000
92004ce8 00000000
92004cec 00000000
92004cf0 00000000
92004cf4 00000000
92004cf8 00000000
92004cfc 00000000
92004d00 00000000
92004d04 00000000
92004d08 00000000
92004d0c 00000000
92004d10 00000000
92004d14 00000000
92004d18 00000000
92004d1c 00000000
92004d20 00000000
92004d24 00000000
92004d28 00000000
92004d2c 00000000
92004d30 00000000
92004d34 00000000
92004d38 00000000
92004d3c 00000000
92004d40 00000000
92004d44 00000000
92004d48 00000000
92004d4c 00000000
92004d50 00000000
92004d54 00000000
92004d58 00000000
92004d5c 00000000
92004d60 00000000
92004d64 00000000
92004d68 00000000
92004d6c 00000000
92004d70 00000000
92004d74 00000000
92004d78 00000000
92004d7c 00000000
92004d80 00000000
92004d84 00000000
92004d88 00000000
92004d8c 00000000
92004d90 00000000
92004d94 00000000
92004d98 00000000
92004d9c 00000000
92004da0 00000000
92004da4 00000000
92004da8 00000000
92004dac 00000000
92004db0 00000000
92004db4 00000000
92004db8 00000000
92004dbc 00000000
92004dc0 00000000
92004dc4 00000000
92004dc8 00000000
92004dcc 00000000
92004dd0 00000000
92004dd4 00000000
92004dd8 00000000
92004ddc 00000000
92004de0 00000000
92004de4 00000000
92004de8 00000000
92004dec 00000000
92004df0 00000000
92004df4 00000000
92004df8 00000000
92004dfc 00000000
92004e00 00000000
92004e04 00000000
92004e08 00000000
92004e0c 00000000
92004e10 00000000
92004e14 00000000
92004e18 00000000
92004e1c 00000000
92004e20 00000000
92004e24 00000000
92004e28 00000000
92004e2c 00000000
92004e30 00000000
92004e34 00000000
92004e38 00000000
92004e3c 00000000
92004e40 00000000
92004e44 00000000
92004e48 00000000
92004e4c 00000000
92004e50 00000000
92004e54 00000000
92004e58 00000000
92004e5c 00000000
92004e60 00000000
92004e64 00000000
92004e68 00000000
92004e6c 00000000
92004e70 00000000
92004e74 00000000
92004e78 00000000
92004e7c 00000000
92004e80 00000000
92004e84 00000000
92004e88 00000000
92004e8c 00000000
92004e90 00000000
92004e94 00000000
92004e98 00000000
92004e9c 00000000
92004ea0 00000000
92004ea4 00000000
92004ea8 00000000
92004eac 00000000
92004eb0 00000000
92004eb4 00000000
92004eb8 00000000
92004ebc 00000000
92004ec0 00000000
92004ec4 00000000
92004ec8 00000000
92004ecc 00000000
92004ed0 00000000
92004ed4 00000000
92004ed8 00000000
92004edc 00000000
92004ee0 00000000
92004ee4 00000000
92004ee8 00000000
92004eec 00000000
92004ef0 00000000
92004ef4 00000000
92004ef8 00000000
92004efc 00000000
92004f00 00000000
92004f04 00000000
92004f08 00000000
92004f0c 00000000
92004f10 00000000
92004f14 00000000
92004f18 00000000
92004f1c 00000000
92004f20 00000000
92004f24 00000000
92004f28 00000000
92004f2c 00000000
92004f30 00000000
92004f34 00000000
92004f38 00000000
92004f3c 00000000
92004f40 00000000
92004f44 00000000
92004f48 00000000
92004f4c 00000000
92004f50 00000000
92004f54 00000000
92004f58 00000000
92004f5c 00000000
92004f60 00000000
92004f64 00000000
92004f68 00000000
92004f6c 00000000
92004f70 00000000
92004f74 00000000
92004f78 00000000
92004f7c 00000000
92004f80 00000000
92004f84 00000000
92004f88 00000000
92004f8c 00000000
92004f90 00000000
92004f94 00000000
92004f98 00000000
92004f9c 00000000
92004fa0 00000000
92004fa4 00000000
92004fa8 00000000
92004fac 00000000
92004fb0 00000000
92004fb4 00000000
92004fb8 00000000
92004fbc 00000000
92004fc0 00000000
92004fc4 00000000
92004fc8 00000000
92004fcc 00000000
92004fd0 00000000
92004fd4 00000000
92004fd8 00000000
92004fdc 00000000
92004fe0 00000000
92004fe4 00000000
92004fe8 00000000
92004fec 00000000
92004ff0 00000000
92004ff4 00000000
92004ff8 00000000
92004ffc 00000000
92005000 00000000
92005004 00000000
92005008 00000000
9200500c 00000000
92005010 00000000
92005014 00000000
92005018 00000000
9200501c 00000000
92005020 00000000
92005024 00000000
92005028 00000000
9200502c 00000000
92005030 00000000
92005034 00000000
92005038 00000000
9200503c 00000000
92005040 00000000
92005044 00000000
92005048 00000000
9200504c 00000000
92005050 00000000
92005054 00000000
92005058 00000000
9200505c 00000000
92005060 00000000
92005064 00000000
92005068 00000000
9200506c 00000000
92005070 00000000
92005074 00000000
92005078 00000000
9200507c 00000000
92005080 00000000
92005084 00000000
92005088 00000000
9200508c 00000000
92005090 00000000
92005094 00000000
92005098 00000000
9200509c 00000000
920050a0 00000000
920050a4 00000000
920050a8 00000000
920050ac 00000000
920050b0 00000000
920050b4 00000000
920050b8 00000000
920050bc 00000000
920050c0 00000000
920050c4 00000000
920050c8 00000000
920050cc 00000000
920050d0 00000000
920050d4 00000000
920050d8 00000000
920050dc 00000000
920050e0 00000000
920050e4 00000000
920050e8 00000000
920050ec 00000000
920050f0 00000000
920050f4 00000000
920050f8 00000000
920050fc 00000000
92005100 00000000
92005104 00000000
92005108 00000000
9200510c 00000000
92005110 00000000
92005114 00000000
92005118 00000000
9200511c 00000000
92005120 00000000
92005124 00000000
92005128 00000000
9200512c 00000000
92005130 00000000
92005134 00000000
92005138 00000000
9200513c 00000000
92005140 00000000
92005144 00000000
92005148 00000000
9200514c 00000000
92005150 00000000
92005154 00000000
92005158 00000000
9200515c 00000000
92005160 00000000
92005164 00000000
92005168 00000000
9200516c 00000000
92005170 00000000
92005174 00000000
92005178 00000000
9200517c 00000000
92005180 00000000
92005184 00000000
92005188 00000000
9200518c 00000000
92005190 00000000
92005194 00000000
92005198 00000000
9200519c 00000000
920051a0 00000000
920051a4 00000000
920051a8 00000000
920051ac 00000000
920051b0 00000000
920051b4 00000000
920051b8 00000000
920051bc 00000000
920051c0 00000000
920051c4 00000000
920051c8 00000000
920051cc 00000000
920051d0 00000000
920051d4 00000000
920051d8 00000000
920051dc 00000000
920051e0 00000000
920051e4 00000000
920051e8 00000000
920051ec 00000000
920051f0 00000000
920051f4 00000000
920051f8 00000000
920051fc 00000000
92005200 00000000
92005204 00000000
92005208 00000000
9200520c 00000000
92005210 00000000
92005214 00000000
92005218 00000000
9200521c 00000000
92005220 00000000
92005224 00000000
92005228 00000000
9200522c 00000000
92005230 00000000
92005234 00000000
92005238 00000000
9200523c 00000000
92005240 00000000
92005244 00000000
92005248 00000000
9200524c 00000000
92005250 00000000
92005254 00000000
92005258 00000000
9200525c 00000000
92005260 00000000
92005264 00000000
92005268 00000000
9200526c 00000000
92005270 00000000
92005274 00000000
92005278 00000000
9200527c 00000000
92005280 00000000
92005284 00000000
92005288 00000000
9200528c 00000000
92005290 00000000
92005294 00000000
92005298 00000000
9200529c 00000000
920052a0 00000000
920052a4 00000000
920052a8 00000000
920052ac 00000000
920052b0 00000000
920052b4 00000000
920052b8 00000000
920052bc 00000000
920052c0 00000000
920052c4 00000000
920052c8 00000000
920052cc 00000000
920052d0 00000000
920052d4 00000000
920052d8 00000000
920052dc 00000000
920052e0 00000000
920052e4 00000000
920052e8 00000000
920052ec 00000000
920052f0 00000000
920052f4 00000000
920052f8 00000000
920052fc 00000000
92005300 00000000
92005304 00000000
92005308 00000000
9200530c 00000000
92005310 00000000
92005314 00000000
92005318 00000000
9200531c 00000000
92005320 00000000
92005324 00000000
92005328 00000000
9200532c 00000000
92005330 00000000
92005334 00000000
92005338 00000000
9200533c 00000000
92005340 00000000
92005344 00000000
92005348 00000000
9200534c 00000000
92005350 00000000
92005354 00000000
92005358 00000000
9200535c 00000000
92005360 00000000
92005364 00000000
92005368 00000000
9200536c 00000000
92005370 00000000
92005374 00000000
92005378 00000000
9200537c 00000000
92005380 00000000
92005384 00000000
92005388 00000000
9200538c 00000000
92005390 00000000
92005394 00000000
92005398 00000000
9200539c 00000000
920053a0 00000000
920053a4 00000000
920053a8 00000000
920053ac 00000000
920053b0 00000000
920053b4 00000000
920053b8 00000000
920053bc 00000000
920053c0 00000000
920053c4 00000000
920053c8 00000000
920053cc 00000000
920053d0 00000000
920053d4 00000000
920053d8 00000000
920053dc 00000000
920053e0 00000000
920053e4 00000000
920053e8 00000000
920053ec 00000000
920053f0 00000000
920053f4 00000000
920053f8 00000000
920053fc 00000000
92005400 00000000
92005404 00000000
92005408 00000000
9200540c 00000000
92005410 00000000
92005414 00000000
92005418 00000000
9200541c 00000000
92005420 00000000
92005424 00000000
92005428 00000000
9200542c 00000000
92005430 00000000
92005434 00000000
92005438 00000000
9200543c 00000000
92005440 00000000
92005444 00000000
92005448 00000000
9200544c 00000000
92005450 00000000
92005454 00000000
92005458 00000000
9200545c 00000000
92005460 00000000
92005464 00000000
92005468 00000000
9200546c 00000000
92005470 00000000
92005474 00000000
92005478 00000000
9200547c 00000000
92005480 00000000
92005484 00000000
92005488 00000000
9200548c 00000000
92005490 00000000
92005494 00000000
92005498 00000000
9200549c 00000000
920054a0 00000000
920054a4 00000000
920054a8 00000000
920054ac 00000000
920054b0 00000000
920054b4 00000000
920054b8 00000000
920054bc 00000000
920054c0 00000000
920054c4 00000000
920054c8 00000000
920054cc 00000000
920054d0 00000000
920054d4 00000000
920054d8 00000000
920054dc 00000000
920054e0 00000000
920054e4 00000000
920054e8 00000000
920054ec 00000000
920054f0 00000000
920054f4 00000000
920054f8 00000000
920054fc 00000000
92005500 00000000
92005504 00000000
92005508 00000000
9200550c 00000000
92005510 00000000
92005514 00000000
92005518 00000000
9200551c 00000000
92005520 00000000
92005524 00000000
92005528 00000000
9200552c 00000000
92005530 00000000
92005534 00000000
92005538 00000000
9200553c 00000000
92005540 00000000
92005544 00000000
92005548 00000000
9200554c 00000000
92005550 00000000
92005554 00000000
92005558 00000000
9200555c 00000000
92005560 00000000
92005564 00000000
92005568 00000000
9200556c 00000000
92005570 00000000
92005574 00000000
92005578 00000000
9200557c 00000000
92005580 00000000
92005584 00000000
92005588 00000000
9200558c 00000000
92005590 00000000
92005594 00000000
92005598 00000000
9200559c 00000000
920055a0 00000000
920055a4 00000000
920055a8 00000000
920055ac 00000000
920055b0 00000000
920055b4 00000000
920055b8 00000000
920055bc 00000000
920055c0 00000000
920055c4 00000000
920055c8 00000000
920055cc 00000000
920055d0 00000000
920055d4 00000000
920055d8 00000000
920055dc 00000000
920055e0 00000000
920055e4 00000000
920055e8 00000000
920055ec 00000000
920055f0 00000000
920055f4 00000000
920055f8 00000000
920055fc 00000000
92005600 00000000
92005604 00000000
92005608 00000000
9200560c 00000000
92005610 00000000
92005614 00000000
92005618 00000000
9200561c 00000000
92005620 00000000
92005624 00000000
92005628 00000000
9200562c 00000000
92005630 00000000
92005634 00000000
92005638 00000000
9200563c 00000000
92005640 00000000
92005644 00000000
92005648 00000000
9200564c 00000000
92005650 00000000
92005654 00000000
92005658 00000000
9200565c 00000000
92005660 00000000
92005664 00000000
92005668 00000000
9200566c 00000000
92005670 00000000
92005674 00000000
92005678 00000000
9200567c 00000000
92005680 00000000
92005684 00000000
92005688 00000000
9200568c 00000000
92005690 00000000
92005694 00000000
92005698 00000000
9200569c 00000000
920056a0 00000000
920056a4 00000000
920056a8 00000000
920056ac 00000000
920056b0 00000000
920056b4 00000000
920056b8 00000000
920056bc 00000000
920056c0 00000000
920056c4 00000000
920056c8 00000000
920056cc 00000000
920056d0 00000000
920056d4 00000000
920056d8 00000000
920056dc 00000000
920056e0 00000000
920056e4 00000000
920056e8 00000000
920056ec 00000000
920056f0 00000000
920056f4 00000000
920056f8 00000000
920056fc 00000000
92005700 00000000
92005704 00000000
92005708 00000000
9200570c 00000000
92005710 00000000
92005714 00000000
92005718 00000000
9200571c 00000000
92005720 00000000
92005724 00000000
92005728 00000000
9200572c 00000000
92005730 00000000
92005734 00000000
92005738 00000000
9200573c 00000000
92005740 00000000
92005744 00000000
92005748 00000000
9200574c 00000000
92005750 00000000
92005754 00000000
92005758 00000000
9200575c 00000000
92005760 00000000
92005764 00000000
92005768 00000000
9200576c 00000000
92005770 00000000
92005774 00000000
92005778 00000000
9200577c 00000000
92005780 00000000
92005784 00000000
92005788 00000000
9200578c 00000000
92005790 00000000
92005794 00000000
92005798 00000000
9200579c 00000000
920057a0 00000000
920057a4 00000000
920057a8 00000000
920057ac 00000000
920057b0 00000000
920057b4 00000000
920057b8 00000000
920057bc 00000000
920057c0 00000000
920057c4 00000000
920057c8 00000000
920057cc 00000000
920057d0 00000000
920057d4 00000000
920057d8 00000000
920057dc 00000000
920057e0 00000000
920057e4 00000000
920057e8 00000000
920057ec 00000000
920057f0 00000000
920057f4 00000000
920057f8 00000000
920057fc 00000000
92005800 00000000
92005804 00000000
92005808 00000000
9200580c 00000000
92005810 00000000
92005814 00000000
92005818 00000000
9200581c 00000000
92005820 00000000
92005824 00000000
92005828 00000000
9200582c 00000000
92005830 00000000
92005834 00000000
92005838 00000000
9200583c 00000000
92005840 00000000
92005844 00000000
92005848 00000000
9200584c 00000000
92005850 00000000
92005854 00000000
92005858 00000000
9200585c 00000000
92005860 00000000
92005864 00000000
92005868 00000000
9200586c 00000000
92005870 00000000
92005874 00000000
92005878 00000000
9200587c 00000000
92005880 00000000
92005884 00000000
92005888 00000000
9200588c 00000000
92005890 00000000
92005894 00000000
92005898 00000000
9200589c 00000000
920058a0 00000000
920058a4 00000000
920058a8 00000000
920058ac 00000000
920058b0 00000000
920058b4 00000000
920058b8 00000000
920058bc 00000000
920058c0 00000000
920058c4 00000000
920058c8 00000000
920058cc 00000000
920058d0 00000000
920058d4 00000000
920058d8 00000000
920058dc 00000000
920058e0 00000000
920058e4 00000000
920058e8 00000000
920058ec 00000000
920058f0 00000000
920058f4 00000000
920058f8 00000000
920058fc 00000000
92005900 00000000
92005904 00000000
92005908 00000000
9200590c 00000000
92005910 00000000
92005914 00000000
92005918 00000000
9200591c 00000000
92005920 00000000
92005924 00000000
92005928 00000000
9200592c 00000000
92005930 00000000
92005934 00000000
92005938 00000000
9200593c 00000000
92005940 00000000
92005944 00000000
92005948 00000000
9200594c 00000000
92005950 00000000
92005954 00000000
92005958 00000000
9200595c 00000000
92005960 00000000
92005964 00000000
92005968 00000000
9200596c 00000000
92005970 00000000
92005974 00000000
92005978 00000000
9200597c 00000000
92005980 00000000
92005984 00000000
92005988 00000000
9200598c 00000000
92005990 00000000
92005994 00000000
92005998 00000000
9200599c 00000000
920059a0 00000000
920059a4 00000000
920059a8 00000000
920059ac 00000000
920059b0 00000000
920059b4 00000000
920059b8 00000000
920059bc 00000000
920059c0 00000000
920059c4 00000000
920059c8 00000000
920059cc 00000000
920059d0 00000000
920059d4 00000000
920059d8 00000000
920059dc 00000000
920059e0 00000000
920059e4 00000000
920059e8 00000000
920059ec 00000000
920059f0 00000000
920059f4 00000000
920059f8 00000000
920059fc 00000000
92005a00 00000000
92005a04 00000000
92005a08 00000000
92005a0c 00000000
92005a10 00000000
92005a14 00000000
92005a18 00000000
92005a1c 00000000
92005a20 00000000
92005a24 00000000
92005a28 00000000
92005a2c 00000000
92005a30 00000000
92005a34 00000000
92005a38 00000000
92005a3c 00000000
92005a40 00000000
92005a44 00000000
92005a48 00000000
92005a4c 00000000
92005a50 00000000
92005a54 00000000
92005a58 00000000
92005a5c 00000000
92005a60 00000000
92005a64 00000000
92005a68 00000000
92005a6c 00000000
92005a70 00000000
92005a74 00000000
92005a78 00000000
92005a7c 00000000
92005a80 00000000
92005a84 00000000
92005a88 00000000
92005a8c 00000000
92005a90 00000000
92005a94 00000000
92005a98 00000000
92005a9c 00000000
92005aa0 00000000
92005aa4 00000000
92005aa8 00000000
92005aac 00000000
92005ab0 00000000
92005ab4 00000000
92005ab8 00000000
92005abc 00000000
92005ac0 00000000
92005ac4 00000000
92005ac8 00000000
92005acc 00000000
92005ad0 00000000
92005ad4 00000000
92005ad8 00000000
92005adc 00000000
92005ae0 00000000
92005ae4 00000000
92005ae8 00000000
92005aec 00000000
92005af0 00000000
92005af4 00000000
92005af8 00000000
92005afc 00000000
92005b00 00000000
92005b04 00000000
92005b08 00000000
92005b0c 00000000
92005b10 00000000
92005b14 00000000
92005b18 00000000
92005b1c 00000000
92005b20 00000000
92005b24 00000000
92005b28 00000000
92005b2c 00000000
92005b30 00000000
92005b34 00000000
92005b38 00000000
92005b3c 00000000
92005b40 00000000
92005b44 00000000
92005b48 00000000
92005b4c 00000000
92005b50 00000000
92005b54 00000000
92005b58 00000000
92005b5c 00000000
92005b60 00000000
92005b64 00000000
92005b68 00000000
92005b6c 00000000
92005b70 00000000
92005b74 00000000
92005b78 00000000
92005b7c 00000000
92005b80 00000000
92005b84 00000000
92005b88 00000000
92005b8c 00000000
92005b90 00000000
92005b94 00000000
92005b98 00000000
92005b9c 00000000
92005ba0 00000000
92005ba4 00000000
92005ba8 00000000
92005bac 00000000
92005bb0 00000000
92005bb4 00000000
92005bb8 00000000
92005bbc 00000000
92005bc0 00000000
92005bc4 00000000
92005bc8 00000000
92005bcc 00000000
92005bd0 00000000
92005bd4 00000000
92005bd8 00000000
92005bdc 00000000
92005be0 00000000
92005be4 00000000
92005be8 00000000
92005bec 00000000
92005bf0 00000000
92005bf4 00000000
92005bf8 00000000
92005bfc 00000000
92005c00 00000000
92005c04 00000000
92005c08 00000000
92005c0c 00000000
92005c10 00000000
92005c14 00000000
92005c18 00000000
92005c1c 00000000
92005c20 00000000
92005c24 00000000
92005c28 00000000
92005c2c 00000000
92005c30 00000000
92005c34 00000000
92005c38 00000000
92005c3c 00000000
92005c40 00000000
92005c44 00000000
92005c48 00000000
92005c4c 00000000
92005c50 00000000
92005c54 00000000
92005c58 00000000
92005c5c 00000000
92005c60 00000000
92005c64 00000000
92005c68 00000000
92005c6c 00000000
92005c70 00000000
92005c74 00000000
92005c78 00000000
92005c7c 00000000
92005c80 00000000
92005c84 00000000
92005c88 00000000
92005c8c 00000000
92005c90 00000000
92005c94 00000000
92005c98 00000000
92005c9c 00000000
92005ca0 00000000
92005ca4 00000000
92005ca8 00000000
92005cac 00000000
92005cb0 00000000
92005cb4 00000000
92005cb8 00000000
92005cbc 00000000
92005cc0 00000000
92005cc4 00000000
92005cc8 00000000
92005ccc 00000000
92005cd0 00000000
92005cd4 00000000
92005cd8 00000000
92005cdc 00000000
92005ce0 00000000
92005ce4 00000000
92005ce8 00000000
92005cec 00000000
92005cf0 00000000
92005cf4 00000000
92005cf8 00000000
92005cfc 00000000
92005d00 00000000
92005d04 00000000
92005d08 00000000
92005d0c 00000000
92005d10 00000000
92005d14 00000000
92005d18 00000000
92005d1c 00000000
92005d20 00000000
92005d24 00000000
92005d28 00000000
92005d2c 00000000
92005d30 00000000
92005d34 00000000
92005d38 00000000
92005d3c 00000000
92005d40 00000000
92005d44 00000000
92005d48 00000000
92005d4c 00000000
92005d50 00000000
92005d54 00000000
92005d58 00000000
92005d5c 00000000
92005d60 00000000
92005d64 00000000
92005d68 00000000
92005d6c 00000000
92005d70 00000000
92005d74 00000000
92005d78 00000000
92005d7c 00000000
92005d80 00000000
92005d84 00000000
92005d88 00000000
92005d8c 00000000
92005d90 00000000
92005d94 00000000
92005d98 00000000
92005d9c 00000000
92005da0 00000000
92005da4 00000000
92005da8 00000000
92005dac 00000000
92005db0 00000000
92005db4 00000000
92005db8 00000000
92005dbc 00000000
92005dc0 00000000
92005dc4 00000000
92005dc8 00000000
92005dcc 00000000
92005dd0 00000000
92005dd4 00000000
92005dd8 00000000
92005ddc 00000000
92005de0 00000000
92005de4 00000000
92005de8 00000000
92005dec 00000000
92005df0 00000000
92005df4 00000000
92005df8 00000000
92005dfc 00000000
92005e00 00000000
92005e04 00000000
92005e08 00000000
92005e0c 00000000
92005e10 00000000
92005e14 00000000
92005e18 00000000
92005e1c 00000000
92005e20 00000000
92005e24 00000000
92005e28 00000000
92005e2c 00000000
92005e30 00000000
92005e34 00000000
92005e38 00000000
92005e3c 00000000
92005e40 00000000
92005e44 00000000
92005e48 00000000
92005e4c 00000000
92005e50 00000000
92005e54 00000000
92005e58 00000000
92005e5c 00000000
92005e60 00000000
92005e64 00000000
92005e68 00000000
92005e6c 00000000
92005e70 00000000
92005e74 00000000
92005e78 00000000
92005e7c 00000000
92005e80 00000000
92005e84 00000000
92005e88 00000000
92005e8c 00000000
92005e90 00000000
92005e94 00000000
92005e98 00000000
92005e9c 00000000
92005ea0 00000000
92005ea4 00000000
92005ea8 00000000
92005eac 00000000
92005eb0 00000000
92005eb4 00000000
92005eb8 00000000
92005ebc 00000000
92005ec0 00000000
92005ec4 00000000
92005ec8 00000000
92005ecc 00000000
92005ed0 00000000
92005ed4 00000000
92005ed8 00000000
92005edc 00000000
92005ee0 00000000
92005ee4 00000000
92005ee8 00000000
92005eec 00000000
92005ef0 00000000
92005ef4 00000000
92005ef8 00000000
92005efc 00000000
92005f00 00000000
92005f04 00000000
92005f08 00000000
92005f0c 00000000
92005f10 00000000
92005f14 00000000
92005f18 00000000
92005f1c 00000000
92005f20 00000000
92005f24 00000000
92005f28 00000000
92005f2c 00000000
92005f30 00000000
92005f34 00000000
92005f38 00000000
92005f3c 00000000
92005f40 00000000
92005f44 00000000
92005f48 00000000
92005f4c 00000000
92005f50 00000000
92005f54 00000000
92005f58 00000000
92005f5c 00000000
92005f60 00000000
92005f64 00000000
92005f68 00000000
92005f6c 00000000
92005f70 00000000
92005f74 00000000
92005f78 00000000
92005f7c 00000000
92005f80 00000000
92005f84 00000000
92005f88 00000000
92005f8c 00000000
92005f90 00000000
92005f94 00000000
92005f98 00000000
92005f9c 00000000
92005fa0 00000000
92005fa4 00000000
92005fa8 00000000
92005fac 00000000
92005fb0 00000000
92005fb4 00000000
92005fb8 00000000
92005fbc 00000000
92005fc0 00000000
92005fc4 00000000
92005fc8 00000000
92005fcc 00000000
92005fd0 00000000
92005fd4 00000000
92005fd8 00000000
92005fdc 00000000
92005fe0 00000000
92005fe4 00000000
92005fe8 00000000
92005fec 00000000
92005ff0 00000000
92005ff4 00000000
92005ff8 00000000
92005ffc 00000000
92006000 00000000
92006004 00000000
92006008 00000000
9200600c 00000000
92006010 00000000
92006014 00000000
92006018 00000000
9200601c 00000000
92006020 00000000
92006024 00000000
92006028 00000000
9200602c 00000000
92006030 00000000
92006034 00000000
92006038 00000000
9200603c 00000000
92006040 00000000
92006044 00000000
92006048 00000000
9200604c 00000000
92006050 00000000
92006054 00000000
92006058 00000000
9200605c 00000000
92006060 00000000
92006064 00000000
92006068 00000000
9200606c 00000000
92006070 00000000
92006074 00000000
92006078 00000000
9200607c 00000000
92006080 00000000
92006084 00000000
92006088 00000000
9200608c 00000000
92006090 00000000
92006094 00000000
92006098 00000000
9200609c 00000000
920060a0 00000000
920060a4 00000000
920060a8 00000000
920060ac 00000000
920060b0 00000000
920060b4 00000000
920060b8 00000000
920060bc 00000000
920060c0 00000000
920060c4 00000000
920060c8 00000000
920060cc 00000000
920060d0 00000000
920060d4 00000000
920060d8 00000000
920060dc 00000000
920060e0 00000000
920060e4 00000000
920060e8 00000000
920060ec 00000000
920060f0 00000000
920060f4 00000000
920060f8 00000000
920060fc 00000000
92006100 00000000
92006104 00000000
92006108 00000000
9200610c 00000000
92006110 00000000
92006114 00000000
92006118 00000000
9200611c 00000000
92006120 00000000
92006124 00000000
92006128 00000000
9200612c 00000000
92006130 00000000
92006134 00000000
92006138 00000000
9200613c 00000000
92006140 00000000
92006144 00000000
92006148 00000000
9200614c 00000000
92006150 00000000
92006154 00000000
92006158 00000000
9200615c 00000000
92006160 00000000
92006164 00000000
92006168 00000000
9200616c 00000000
92006170 00000000
92006174 00000000
92006178 00000000
9200617c 00000000
92006180 00000000
92006184 00000000
92006188 00000000
9200618c 00000000
92006190 00000000
92006194 00000000
92006198 00000000
9200619c 00000000
920061a0 00000000
920061a4 00000000
920061a8 00000000
920061ac 00000000
920061b0 00000000
920061b4 00000000
920061b8 00000000
920061bc 00000000
920061c0 00000000
920061c4 00000000
920061c8 00000000
920061cc 00000000
920061d0 00000000
920061d4 00000000
920061d8 00000000
920061dc 00000000
920061e0 00000000
920061e4 00000000
920061e8 00000000
920061ec 00000000
920061f0 00000000
920061f4 00000000
920061f8 00000000
920061fc 00000000
92006200 00000000
92006204 00000000
92006208 00000000
9200620c 00000000
92006210 00000000
92006214 00000000
92006218 00000000
9200621c 00000000
92006220 00000000
92006224 00000000
92006228 00000000
9200622c 00000000
92006230 00000000
92006234 00000000
92006238 00000000
9200623c 00000000
92006240 00000000
92006244 00000000
92006248 00000000
9200624c 00000000
92006250 00000000
92006254 00000000
92006258 00000000
9200625c 00000000
92006260 00000000
92006264 00000000
92006268 00000000
9200626c 00000000
92006270 00000000
92006274 00000000
92006278 00000000
9200627c 00000000
92006280 00000000
92006284 00000000
92006288 00000000
9200628c 00000000
92006290 00000000
92006294 00000000
92006298 00000000
9200629c 00000000
920062a0 00000000
920062a4 00000000
920062a8 00000000
920062ac 00000000
920062b0 00000000
920062b4 00000000
920062b8 00000000
920062bc 00000000
920062c0 00000000
920062c4 00000000
920062c8 00000000
920062cc 00000000
920062d0 00000000
920062d4 00000000
920062d8 00000000
920062dc 00000000
920062e0 00000000
920062e4 00000000
920062e8 00000000
920062ec 00000000
920062f0 00000000
920062f4 00000000
920062f8 00000000
920062fc 00000000
92006300 00000000
92006304 00000000
92006308 00000000
9200630c 00000000
92006310 00000000
92006314 00000000
92006318 00000000
9200631c 00000000
92006320 00000000
92006324 00000000
92006328 00000000
9200632c 00000000
92006330 00000000
92006334 00000000
92006338 00000000
9200633c 00000000
92006340 00000000
92006344 00000000
92006348 00000000
9200634c 00000000
92006350 00000000
92006354 00000000
92006358 00000000
9200635c 00000000
92006360 00000000
92006364 00000000
92006368 00000000
9200636c 00000000
92006370 00000000
92006374 00000000
92006378 00000000
9200637c 00000000
92006380 00000000
92006384 00000000
92006388 00000000
9200638c 00000000
92006390 00000000
92006394 00000000
92006398 00000000
9200639c 00000000
920063a0 00000000
920063a4 00000000
920063a8 00000000
920063ac 00000000
920063b0 00000000
920063b4 00000000
920063b8 00000000
920063bc 00000000
920063c0 00000000
920063c4 00000000
920063c8 00000000
920063cc 00000000
920063d0 00000000
920063d4 00000000
920063d8 00000000
920063dc 00000000
920063e0 00000000
920063e4 00000000
920063e8 00000000
920063ec 00000000
920063f0 00000000
920063f4 00000000
920063f8 00000000
920063fc 00000000
92006400 00000000
92006404 00000000
92006408 00000000
9200640c 00000000
92006410 00000000
92006414 00000000
92006418 00000000
9200641c 00000000
92006420 00000000
92006424 00000000
92006428 00000000
9200642c 00000000
92006430 00000000
92006434 00000000
92006438 00000000
9200643c 00000000
92006440 00000000
92006444 00000000
92006448 00000000
9200644c 00000000
92006450 00000000
92006454 00000000
92006458 00000000
9200645c 00000000
92006460 00000000
92006464 00000000
92006468 00000000
9200646c 00000000
92006470 00000000
92006474 00000000
92006478 00000000
9200647c 00000000
92006480 00000000
92006484 00000000
92006488 00000000
9200648c 00000000
92006490 00000000
92006494 00000000
92006498 00000000
9200649c 00000000
920064a0 00000000
920064a4 00000000
920064a8 00000000
920064ac 00000000
920064b0 00000000
920064b4 00000000
920064b8 00000000
920064bc 00000000
920064c0 00000000
920064c4 00000000
920064c8 00000000
920064cc 00000000
920064d0 00000000
920064d4 00000000
920064d8 00000000
920064dc 00000000
920064e0 00000000
920064e4 00000000
920064e8 00000000
920064ec 00000000
920064f0 00000000
920064f4 00000000
920064f8 00000000
920064fc 00000000
92006500 00000000
92006504 00000000
92006508 00000000
9200650c 00000000
92006510 00000000
92006514 00000000
92006518 00000000
9200651c 00000000
92006520 00000000
92006524 00000000
92006528 00000000
9200652c 00000000
92006530 00000000
92006534 00000000
92006538 00000000
9200653c 00000000
92006540 00000000
92006544 00000000
92006548 00000000
9200654c 00000000
92006550 00000000
92006554 00000000
92006558 00000000
9200655c 00000000
92006560 00000000
92006564 00000000
92006568 00000000
9200656c 00000000
92006570 00000000
92006574 00000000
92006578 00000000
9200657c 00000000
92006580 00000000
92006584 00000000
92006588 00000000
9200658c 00000000
92006590 00000000
92006594 00000000
92006598 00000000
9200659c 00000000
920065a0 00000000
920065a4 00000000
920065a8 00000000
920065ac 00000000
920065b0 00000000
920065b4 00000000
920065b8 00000000
920065bc 00000000
920065c0 00000000
920065c4 00000000
920065c8 00000000
920065cc 00000000
920065d0 00000000
920065d4 00000000
920065d8 00000000
920065dc 00000000
920065e0 00000000
920065e4 00000000
920065e8 00000000
920065ec 00000000
920065f0 00000000
920065f4 00000000
920065f8 00000000
920065fc 00000000
92006600 00000000
92006604 00000000
92006608 00000000
9200660c 00000000
92006610 00000000
92006614 00000000
92006618 00000000
9200661c 00000000
92006620 00000000
92006624 00000000
92006628 00000000
9200662c 00000000
92006630 00000000
92006634 00000000
92006638 00000000
9200663c 00000000
92006640 00000000
92006644 00000000
92006648 00000000
9200664c 00000000
92006650 00000000
92006654 00000000
92006658 00000000
9200665c 00000000
92006660 00000000
92006664 00000000
92006668 00000000
9200666c 00000000
92006670 00000000
92006674 00000000
92006678 00000000
9200667c 00000000
92006680 00000000
92006684 00000000
92006688 00000000
9200668c 00000000
92006690 00000000
92006694 00000000
92006698 00000000
9200669c 00000000
920066a0 00000000
920066a4 00000000
920066a8 00000000
920066ac 00000000
920066b0 00000000
920066b4 00000000
920066b8 00000000
920066bc 00000000
920066c0 00000000
920066c4 00000000
920066c8 00000000
920066cc 00000000
920066d0 00000000
920066d4 00000000
920066d8 00000000
920066dc 00000000
920066e0 00000000
920066e4 00000000
920066e8 00000000
920066ec 00000000
920066f0 00000000
920066f4 00000000
920066f8 00000000
920066fc 00000000
92006700 00000000
92006704 00000000
92006708 00000000
9200670c 00000000
92006710 00000000
92006714 00000000
92006718 00000000
9200671c 00000000
92006720 00000000
92006724 00000000
92006728 00000000
9200672c 00000000
92006730 00000000
92006734 00000000
92006738 00000000
9200673c 00000000
92006740 00000000
92006744 00000000
92006748 00000000
9200674c 00000000
92006750 00000000
92006754 00000000
92006758 00000000
9200675c 00000000
92006760 00000000
92006764 00000000
92006768 00000000
9200676c 00000000
92006770 00000000
92006774 00000000
92006778 00000000
9200677c 00000000
92006780 00000000
92006784 00000000
92006788 00000000
9200678c 00000000
92006790 00000000
92006794 00000000
92006798 00000000
9200679c 00000000
920067a0 00000000
920067a4 00000000
920067a8 00000000
920067ac 00000000
920067b0 00000000
920067b4 00000000
920067b8 00000000
920067bc 00000000
920067c0 00000000
920067c4 00000000
920067c8 00000000
920067cc 00000000
920067d0 00000000
920067d4 00000000
920067d8 00000000
920067dc 00000000
920067e0 00000000
920067e4 00000000
920067e8 00000000
920067ec 00000000
920067f0 00000000
920067f4 00000000
920067f8 00000000
920067fc 00000000
92006800 00000000
92006804 00000000
92006808 00000000
9200680c 00000000
92006810 00000000
92006814 00000000
92006818 00000000
9200681c 00000000
92006820 00000000
92006824 00000000
92006828 00000000
9200682c 00000000
92006830 00000000
92006834 00000000
92006838 00000000
9200683c 00000000
92006840 00000000
92006844 00000000
92006848 00000000
9200684c 00000000
92006850 00000000
92006854 00000000
92006858 00000000
9200685c 00000000
92006860 00000000
92006864 00000000
92006868 00000000
9200686c 00000000
92006870 00000000
92006874 00000000
92006878 00000000
9200687c 00000000
92006880 00000000
92006884 00000000
92006888 00000000
9200688c 00000000
92006890 00000000
92006894 00000000
92006898 00000000
9200689c 00000000
920068a0 00000000
920068a4 00000000
920068a8 00000000
920068ac 00000000
920068b0 00000000
920068b4 00000000
920068b8 00000000
920068bc 00000000
920068c0 00000000
920068c4 00000000
920068c8 00000000
920068cc 00000000
920068d0 00000000
920068d4 00000000
920068d8 00000000
920068dc 00000000
920068e0 00000000
920068e4 00000000
920068e8 00000000
920068ec 00000000
920068f0 00000000
920068f4 00000000
920068f8 00000000
920068fc 00000000
92006900 00000000
92006904 00000000
92006908 00000000
9200690c 00000000
92006910 00000000
92006914 00000000
92006918 00000000
9200691c 00000000
92006920 00000000
92006924 00000000
92006928 00000000
9200692c 00000000
92006930 00000000
92006934 00000000
92006938 00000000
9200693c 00000000
92006940 00000000
92006944 00000000
92006948 00000000
9200694c 00000000
92006950 00000000
92006954 00000000
92006958 00000000
9200695c 00000000
92006960 00000000
92006964 00000000
92006968 00000000
9200696c 00000000
92006970 00000000
92006974 00000000
92006978 00000000
9200697c 00000000
92006980 00000000
92006984 00000000
92006988 00000000
9200698c 00000000
92006990 00000000
92006994 00000000
92006998 00000000
9200699c 00000000
920069a0 00000000
920069a4 00000000
920069a8 00000000
920069ac 00000000
920069b0 00000000
920069b4 00000000
920069b8 00000000
920069bc 00000000
920069c0 00000000
920069c4 00000000
920069c8 00000000
920069cc 00000000
920069d0 00000000
920069d4 00000000
920069d8 00000000
920069dc 00000000
920069e0 00000000
920069e4 00000000
920069e8 00000000
920069ec 00000000
920069f0 00000000
920069f4 00000000
920069f8 00000000
920069fc 00000000
92006a00 00000000
92006a04 00000000
92006a08 00000000
92006a0c 00000000
92006a10 00000000
92006a14 00000000
92006a18 00000000
92006a1c 00000000
92006a20 00000000
92006a24 00000000
92006a28 00000000
92006a2c 00000000
92006a30 00000000
92006a34 00000000
92006a38 00000000
92006a3c 00000000
92006a40 00000000
92006a44 00000000
92006a48 00000000
92006a4c 00000000
92006a50 00000000
92006a54 00000000
92006a58 00000000
92006a5c 00000000
92006a60 00000000
92006a64 00000000
92006a68 00000000
92006a6c 00000000
92006a70 00000000
92006a74 00000000
92006a78 00000000
92006a7c 00000000
92006a80 00000000
92006a84 00000000
92006a88 00000000
92006a8c 00000000
92006a90 00000000
92006a94 00000000
92006a98 00000000
92006a9c 00000000
92006aa0 00000000
92006aa4 00000000
92006aa8 00000000
92006aac 00000000
92006ab0 00000000
92006ab4 00000000
92006ab8 00000000
92006abc 00000000
92006ac0 00000000
92006ac4 00000000
92006ac8 00000000
92006acc 00000000
92006ad0 00000000
92006ad4 00000000
92006ad8 00000000
92006adc 00000000
92006ae0 00000000
92006ae4 00000000
92006ae8 00000000
92006aec 00000000
92006af0 00000000
92006af4 00000000
92006af8 00000000
92006afc 00000000
92006b00 00000000
92006b04 00000000
92006b08 00000000
92006b0c 00000000
92006b10 00000000
92006b14 00000000
92006b18 00000000
92006b1c 00000000
92006b20 00000000
92006b24 00000000
92006b28 00000000
92006b2c 00000000
92006b30 00000000
92006b34 00000000
92006b38 00000000
92006b3c 00000000
92006b40 00000000
92006b44 00000000
92006b48 00000000
92006b4c 00000000
92006b50 00000000
92006b54 00000000
92006b58 00000000
92006b5c 00000000
92006b60 00000000
92006b64 00000000
92006b68 00000000
92006b6c 00000000
92006b70 00000000
92006b74 00000000
92006b78 00000000
92006b7c 00000000
92006b80 00000000
92006b84 00000000
92006b88 00000000
92006b8c 00000000
92006b90 00000000
92006b94 00000000
92006b98 00000000
92006b9c 00000000
92006ba0 00000000
92006ba4 00000000
92006ba8 00000000
92006bac 00000000
92006bb0 00000000
92006bb4 00000000
92006bb8 00000000
92006bbc 00000000
92006bc0 00000000
92006bc4 00000000
92006bc8 00000000
92006bcc 00000000
92006bd0 00000000
92006bd4 00000000
92006bd8 00000000
92006bdc 00000000
92006be0 00000000
92006be4 00000000
92006be8 00000000
92006bec 00000000
92006bf0 00000000
92006bf4 00000000
92006bf8 00000000
92006bfc 00000000
92006c00 00000000
92006c04 00000000
92006c08 00000000
92006c0c 00000000
92006c10 00000000
92006c14 00000000
92006c18 00000000
92006c1c 00000000
92006c20 00000000
92006c24 00000000
92006c28 00000000
92006c2c 00000000
92006c30 00000000
92006c34 00000000
92006c38 00000000
92006c3c 00000000
92006c40 00000000
92006c44 00000000
92006c48 00000000
92006c4c 00000000
92006c50 00000000
92006c54 00000000
92006c58 00000000
92006c5c 00000000
92006c60 00000000
92006c64 00000000
92006c68 00000000
92006c6c 00000000
92006c70 00000000
92006c74 00000000
92006c78 00000000
92006c7c 00000000
92006c80 00000000
92006c84 00000000
92006c88 00000000
92006c8c 00000000
92006c90 00000000
92006c94 00000000
92006c98 00000000
92006c9c 00000000
92006ca0 00000000
92006ca4 00000000
92006ca8 00000000
92006cac 00000000
92006cb0 00000000
92006cb4 00000000
92006cb8 00000000
92006cbc 00000000
92006cc0 00000000
92006cc4 00000000
92006cc8 00000000
92006ccc 00000000
92006cd0 00000000
92006cd4 00000000
92006cd8 00000000
92006cdc 00000000
92006ce0 00000000
92006ce4 00000000
92006ce8 00000000
92006cec 00000000
92006cf0 00000000
92006cf4 00000000
92006cf8 00000000
92006cfc 00000000
92006d00 00000000
92006d04 00000000
92006d08 00000000
92006d0c 00000000
92006d10 00000000
92006d14 00000000
92006d18 00000000
92006d1c 00000000
92006d20 00000000
92006d24 00000000
92006d28 00000000
92006d2c 00000000
92006d30 00000000
92006d34 00000000
92006d38 00000000
92006d3c 00000000
92006d40 00000000
92006d44 00000000
92006d48 00000000
92006d4c 00000000
92006d50 00000000
92006d54 00000000
92006d58 00000000
92006d5c 00000000
92006d60 00000000
92006d64 00000000
92006d68 00000000
92006d6c 00000000
92006d70 00000000
92006d74 00000000
92006d78 00000000
92006d7c 00000000
92006d80 00000000
92006d84 00000000
92006d88 00000000
92006d8c 00000000
92006d90 00000000
92006d94 00000000
92006d98 00000000
92006d9c 00000000
92006da0 00000000
92006da4 00000000
92006da8 00000000
92006dac 00000000
92006db0 00000000
92006db4 00000000
92006db8 00000000
92006dbc 00000000
92006dc0 00000000
92006dc4 00000000
92006dc8 00000000
92006dcc 00000000
92006dd0 00000000
92006dd4 00000000
92006dd8 00000000
92006ddc 00000000
92006de0 00000000
92006de4 00000000
92006de8 00000000
92006dec 00000000
92006df0 00000000
92006df4 00000000
92006df8 00000000
92006dfc 00000000
92006e00 00000000
92006e04 00000000
92006e08 00000000
92006e0c 00000000
92006e10 00000000
92006e14 00000000
92006e18 00000000
92006e1c 00000000
92006e20 00000000
92006e24 00000000
92006e28 00000000
92006e2c 00000000
92006e30 00000000
92006e34 00000000
92006e38 00000000
92006e3c 00000000
92006e40 00000000
92006e44 00000000
92006e48 00000000
92006e4c 00000000
92006e50 00000000
92006e54 00000000
92006e58 00000000
92006e5c 00000000
92006e60 00000000
92006e64 00000000
92006e68 00000000
92006e6c 00000000
92006e70 00000000
92006e74 00000000
92006e78 00000000
92006e7c 00000000
92006e80 00000000
92006e84 00000000
92006e88 00000000
92006e8c 00000000
92006e90 00000000
92006e94 00000000
92006e98 00000000
92006e9c 00000000
92006ea0 00000000
92006ea4 00000000
92006ea8 00000000
92006eac 00000000
92006eb0 00000000
92006eb4 00000000
92006eb8 00000000
92006ebc 00000000
92006ec0 00000000
92006ec4 00000000
92006ec8 00000000
92006ecc 00000000
92006ed0 00000000
92006ed4 00000000
92006ed8 00000000
92006edc 00000000
92006ee0 00000000
92006ee4 00000000
92006ee8 00000000
92006eec 00000000
92006ef0 00000000
92006ef4 00000000
92006ef8 00000000
92006efc 00000000
92006f00 00000000
92006f04 00000000
92006f08 00000000
92006f0c 00000000
92006f10 00000000
92006f14 00000000
92006f18 00000000
92006f1c 00000000
92006f20 00000000
92006f24 00000000
92006f28 00000000
92006f2c 00000000
92006f30 00000000
92006f34 00000000
92006f38 00000000
92006f3c 00000000
92006f40 00000000
92006f44 00000000
92006f48 00000000
92006f4c 00000000
92006f50 00000000
92006f54 00000000
92006f58 00000000
92006f5c 00000000
92006f60 00000000
92006f64 00000000
92006f68 00000000
92006f6c 00000000
92006f70 00000000
92006f74 00000000
92006f78 00000000
92006f7c 00000000
92006f80 00000000
92006f84 00000000
92006f88 00000000
92006f8c 00000000
92006f90 00000000
92006f94 00000000
92006f98 00000000
92006f9c 00000000
92006fa0 00000000
92006fa4 00000000
92006fa8 00000000
92006fac 00000000
92006fb0 00000000
92006fb4 00000000
92006fb8 00000000
92006fbc 00000000
92006fc0 00000000
92006fc4 00000000
92006fc8 00000000
92006fcc 00000000
92006fd0 00000000
92006fd4 00000000
92006fd8 00000000
92006fdc 00000000
92006fe0 00000000
92006fe4 00000000
92006fe8 00000000
92006fec 00000000
92006ff0 00000000
92006ff4 00000000
92006ff8 00000000
92006ffc 00000000
92007000 00000000
92007004 00000000
92007008 00000000
9200700c 00000000
92007010 00000000
92007014 00000000
92007018 00000000
9200701c 00000000
92007020 00000000
92007024 00000000
92007028 00000000
9200702c 00000000
92007030 00000000
92007034 00000000
92007038 00000000
9200703c 00000000
92007040 00000000
92007044 00000000
92007048 00000000
9200704c 00000000
92007050 00000000
92007054 00000000
92007058 00000000
9200705c 00000000
92007060 00000000
92007064 00000000
92007068 00000000
9200706c 00000000
92007070 00000000
92007074 00000000
92007078 00000000
9200707c 00000000
92007080 00000000
92007084 00000000
92007088 00000000
9200708c 00000000
92007090 00000000
92007094 00000000
92007098 00000000
9200709c 00000000
920070a0 00000000
920070a4 00000000
920070a8 00000000
920070ac 00000000
920070b0 00000000
920070b4 00000000
920070b8 00000000
920070bc 00000000
920070c0 00000000
920070c4 00000000
920070c8 00000000
920070cc 00000000
920070d0 00000000
920070d4 00000000
920070d8 00000000
920070dc 00000000
920070e0 00000000
920070e4 00000000
920070e8 00000000
920070ec 00000000
920070f0 00000000
920070f4 00000000
920070f8 00000000
920070fc 00000000
92007100 00000000
92007104 00000000
92007108 00000000
9200710c 00000000
92007110 00000000
92007114 00000000
92007118 00000000
9200711c 00000000
92007120 00000000
92007124 00000000
92007128 00000000
9200712c 00000000
92007130 00000000
92007134 00000000
92007138 00000000
9200713c 00000000
92007140 00000000
92007144 00000000
92007148 00000000
9200714c 00000000
92007150 00000000
92007154 00000000
92007158 00000000
9200715c 00000000
92007160 00000000
92007164 00000000
92007168 00000000
9200716c 00000000
92007170 00000000
92007174 00000000
92007178 00000000
9200717c 00000000
92007180 00000000
92007184 00000000
92007188 00000000
9200718c 00000000
92007190 00000000
92007194 00000000
92007198 00000000
9200719c 00000000
920071a0 00000000
920071a4 00000000
920071a8 00000000
920071ac 00000000
920071b0 00000000
920071b4 00000000
920071b8 00000000
920071bc 00000000
920071c0 00000000
920071c4 00000000
920071c8 00000000
920071cc 00000000
920071d0 00000000
920071d4 00000000
920071d8 00000000
920071dc 00000000
920071e0 00000000
920071e4 00000000
920071e8 00000000
920071ec 00000000
920071f0 00000000
920071f4 00000000
920071f8 00000000
920071fc 00000000
92007200 00000000
92007204 00000000
92007208 00000000
9200720c 00000000
92007210 00000000
92007214 00000000
92007218 00000000
9200721c 00000000
92007220 00000000
92007224 00000000
92007228 00000000
9200722c 00000000
92007230 00000000
92007234 00000000
92007238 00000000
9200723c 00000000
92007240 00000000
92007244 00000000
92007248 00000000
9200724c 00000000
92007250 00000000
92007254 00000000
92007258 00000000
9200725c 00000000
92007260 00000000
92007264 00000000
92007268 00000000
9200726c 00000000
92007270 00000000
92007274 00000000
92007278 00000000
9200727c 00000000
92007280 00000000
92007284 00000000
92007288 00000000
9200728c 00000000
92007290 00000000
92007294 00000000
92007298 00000000
9200729c 00000000
920072a0 00000000
920072a4 00000000
920072a8 00000000
920072ac 00000000
920072b0 00000000
920072b4 00000000
920072b8 00000000
920072bc 00000000
920072c0 00000000
920072c4 00000000
920072c8 00000000
920072cc 00000000
920072d0 00000000
920072d4 00000000
920072d8 00000000
920072dc 00000000
920072e0 00000000
920072e4 00000000
920072e8 00000000
920072ec 00000000
920072f0 00000000
920072f4 00000000
920072f8 00000000
920072fc 00000000
92007300 00000000
92007304 00000000
92007308 00000000
9200730c 00000000
92007310 00000000
92007314 00000000
92007318 00000000
9200731c 00000000
92007320 00000000
92007324 00000000
92007328 00000000
9200732c 00000000
92007330 00000000
92007334 00000000
92007338 00000000
9200733c 00000000
92007340 00000000
92007344 00000000
92007348 00000000
9200734c 00000000
92007350 00000000
92007354 00000000
92007358 00000000
9200735c 00000000
92007360 00000000
92007364 00000000
92007368 00000000
9200736c 00000000
92007370 00000000
92007374 00000000
92007378 00000000
9200737c 00000000
92007380 00000000
92007384 00000000
92007388 00000000
9200738c 00000000
92007390 00000000
92007394 00000000
92007398 00000000
9200739c 00000000
920073a0 00000000
920073a4 00000000
920073a8 00000000
920073ac 00000000
920073b0 00000000
920073b4 00000000
920073b8 00000000
920073bc 00000000
920073c0 00000000
920073c4 00000000
920073c8 00000000
920073cc 00000000
920073d0 00000000
920073d4 00000000
920073d8 00000000
920073dc 00000000
920073e0 00000000
920073e4 00000000
920073e8 00000000
920073ec 00000000
920073f0 00000000
920073f4 00000000
920073f8 00000000
920073fc 00000000
92007400 00000000
92007404 00000000
92007408 00000000
9200740c 00000000
92007410 00000000
92007414 00000000
92007418 00000000
9200741c 00000000
92007420 00000000
92007424 00000000
92007428 00000000
9200742c 00000000
92007430 00000000
92007434 00000000
92007438 00000000
9200743c 00000000
92007440 00000000
92007444 00000000
92007448 00000000
9200744c 00000000
92007450 00000000
92007454 00000000
92007458 00000000
9200745c 00000000
92007460 00000000
92007464 00000000
92007468 00000000
9200746c 00000000
92007470 00000000
92007474 00000000
92007478 00000000
9200747c 00000000
92007480 00000000
92007484 00000000
92007488 00000000
9200748c 00000000
92007490 00000000
92007494 00000000
92007498 00000000
9200749c 00000000
920074a0 00000000
920074a4 00000000
920074a8 00000000
920074ac 00000000
920074b0 00000000
920074b4 00000000
920074b8 00000000
920074bc 00000000
920074c0 00000000
920074c4 00000000
920074c8 00000000
920074cc 00000000
920074d0 00000000
920074d4 00000000
920074d8 00000000
920074dc 00000000
920074e0 00000000
920074e4 00000000
920074e8 00000000
920074ec 00000000
920074f0 00000000
920074f4 00000000
920074f8 00000000
920074fc 00000000
92007500 00000000
92007504 00000000
92007508 00000000
9200750c 00000000
92007510 00000000
92007514 00000000
92007518 00000000
9200751c 00000000
92007520 00000000
92007524 00000000
92007528 00000000
9200752c 00000000
92007530 00000000
92007534 00000000
92007538 00000000
9200753c 00000000
92007540 00000000
92007544 00000000
92007548 00000000
9200754c 00000000
92007550 00000000
92007554 00000000
92007558 00000000
9200755c 00000000
92007560 00000000
92007564 00000000
92007568 00000000
9200756c 00000000
92007570 00000000
92007574 00000000
92007578 00000000
9200757c 00000000
92007580 00000000
92007584 00000000
92007588 00000000
9200758c 00000000
92007590 00000000
92007594 00000000
92007598 00000000
9200759c 00000000
920075a0 00000000
920075a4 00000000
920075a8 00000000
920075ac 00000000
920075b0 00000000
920075b4 00000000
920075b8 00000000
920075bc 00000000
920075c0 00000000
920075c4 00000000
920075c8 00000000
920075cc 00000000
920075d0 00000000
920075d4 00000000
920075d8 00000000
920075dc 00000000
920075e0 00000000
920075e4 00000000
920075e8 00000000
920075ec 00000000
920075f0 00000000
920075f4 00000000
920075f8 00000000
920075fc 00000000
92007600 00000000
92007604 00000000
92007608 00000000
9200760c 00000000
92007610 00000000
92007614 00000000
92007618 00000000
9200761c 00000000
92007620 00000000
92007624 00000000
92007628 00000000
9200762c 00000000
92007630 00000000
92007634 00000000
92007638 00000000
9200763c 00000000
92007640 00000000
92007644 00000000
92007648 00000000
9200764c 00000000
92007650 00000000
92007654 00000000
92007658 00000000
9200765c 00000000
92007660 00000000
92007664 00000000
92007668 00000000
9200766c 00000000
92007670 00000000
92007674 00000000
92007678 00000000
9200767c 00000000
92007680 00000000
92007684 00000000
92007688 00000000
9200768c 00000000
92007690 00000000
92007694 00000000
92007698 00000000
9200769c 00000000
920076a0 00000000
920076a4 00000000
920076a8 00000000
920076ac 00000000
920076b0 00000000
920076b4 00000000
920076b8 00000000
920076bc 00000000
920076c0 00000000
920076c4 00000000
920076c8 00000000
920076cc 00000000
920076d0 00000000
920076d4 00000000
920076d8 00000000
920076dc 00000000
920076e0 00000000
920076e4 00000000
920076e8 00000000
920076ec 00000000
920076f0 00000000
920076f4 00000000
920076f8 00000000
920076fc 00000000
92007700 00000000
92007704 00000000
92007708 00000000
9200770c 00000000
92007710 00000000
92007714 00000000
92007718 00000000
9200771c 00000000
92007720 00000000
92007724 00000000
92007728 00000000
9200772c 00000000
92007730 00000000
92007734 00000000
92007738 00000000
9200773c 00000000
92007740 00000000
92007744 00000000
92007748 00000000
9200774c 00000000
92007750 00000000
92007754 00000000
92007758 00000000
9200775c 00000000
92007760 00000000
92007764 00000000
92007768 00000000
9200776c 00000000
92007770 00000000
92007774 00000000
92007778 00000000
9200777c 00000000
92007780 00000000
92007784 00000000
92007788 00000000
9200778c 00000000
92007790 00000000
92007794 00000000
92007798 00000000
9200779c 00000000
920077a0 00000000
920077a4 00000000
920077a8 00000000
920077ac 00000000
920077b0 00000000
920077b4 00000000
920077b8 00000000
920077bc 00000000
920077c0 00000000
920077c4 00000000
920077c8 00000000
920077cc 00000000
920077d0 00000000
920077d4 00000000
920077d8 00000000
920077dc 00000000
920077e0 00000000
920077e4 00000000
920077e8 00000000
920077ec 00000000
920077f0 00000000
920077f4 00000000
920077f8 00000000
920077fc 00000000
92007800 00000000
92007804 00000000
92007808 00000000
9200780c 00000000
92007810 00000000
92007814 00000000
92007818 00000000
9200781c 00000000
92007820 00000000
92007824 00000000
92007828 00000000
9200782c 00000000
92007830 00000000
92007834 00000000
92007838 00000000
9200783c 00000000
92007840 00000000
92007844 00000000
92007848 00000000
9200784c 00000000
92007850 00000000
92007854 00000000
92007858 00000000
9200785c 00000000
92007860 00000000
92007864 00000000
92007868 00000000
9200786c 00000000
92007870 00000000
92007874 00000000
92007878 00000000
9200787c 00000000
92007880 00000000
92007884 00000000
92007888 00000000
9200788c 00000000
92007890 00000000
92007894 00000000
92007898 00000000
9200789c 00000000
920078a0 00000000
920078a4 00000000
920078a8 00000000
920078ac 00000000
920078b0 00000000
920078b4 00000000
920078b8 00000000
920078bc 00000000
920078c0 00000000
920078c4 00000000
920078c8 00000000
920078cc 00000000
920078d0 00000000
920078d4 00000000
920078d8 00000000
920078dc 00000000
920078e0 00000000
920078e4 00000000
920078e8 00000000
920078ec 00000000
920078f0 00000000
920078f4 00000000
920078f8 00000000
920078fc 00000000
92007900 00000000
92007904 00000000
92007908 00000000
9200790c 00000000
92007910 00000000
92007914 00000000
92007918 00000000
9200791c 00000000
92007920 00000000
92007924 00000000
92007928 00000000
9200792c 00000000
92007930 00000000
92007934 00000000
92007938 00000000
9200793c 00000000
92007940 00000000
92007944 00000000
92007948 00000000
9200794c 00000000
92007950 00000000
92007954 00000000
92007958 00000000
9200795c 00000000
92007960 00000000
92007964 00000000
92007968 00000000
9200796c 00000000
92007970 00000000
92007974 00000000
92007978 00000000
9200797c 00000000
92007980 00000000
92007984 00000000
92007988 00000000
9200798c 00000000
92007990 00000000
92007994 00000000
92007998 00000000
9200799c 00000000
920079a0 00000000
920079a4 00000000
920079a8 00000000
920079ac 00000000
920079b0 00000000
920079b4 00000000
920079b8 00000000
920079bc 00000000
920079c0 00000000
920079c4 00000000
920079c8 00000000
920079cc 00000000
920079d0 00000000
920079d4 00000000
920079d8 00000000
920079dc 00000000
920079e0 00000000
920079e4 00000000
920079e8 00000000
920079ec 00000000
920079f0 00000000
920079f4 00000000
920079f8 00000000
920079fc 00000000
92007a00 00000000
92007a04 00000000
92007a08 00000000
92007a0c 00000000
92007a10 00000000
92007a14 00000000
92007a18 00000000
92007a1c 00000000
92007a20 00000000
92007a24 00000000
92007a28 00000000
92007a2c 00000000
92007a30 00000000
92007a34 00000000
92007a38 00000000
92007a3c 00000000
92007a40 00000000
92007a44 00000000
92007a48 00000000
92007a4c 00000000
92007a50 00000000
92007a54 00000000
92007a58 00000000
92007a5c 00000000
92007a60 00000000
92007a64 00000000
92007a68 00000000
92007a6c 00000000
92007a70 00000000
92007a74 00000000
92007a78 00000000
92007a7c 00000000
92007a80 00000000
92007a84 00000000
92007a88 00000000
92007a8c 00000000
92007a90 00000000
92007a94 00000000
92007a98 00000000
92007a9c 00000000
92007aa0 00000000
92007aa4 00000000
92007aa8 00000000
92007aac 00000000
92007ab0 00000000
92007ab4 00000000
92007ab8 00000000
92007abc 00000000
92007ac0 00000000
92007ac4 00000000
92007ac8 00000000
92007acc 00000000
92007ad0 00000000
92007ad4 00000000
92007ad8 00000000
92007adc 00000000
92007ae0 00000000
92007ae4 00000000
92007ae8 00000000
92007aec 00000000
92007af0 00000000
92007af4 00000000
92007af8 00000000
92007afc 00000000
92007b00 00000000
92007b04 00000000
92007b08 00000000
92007b0c 00000000
92007b10 00000000
92007b14 00000000
92007b18 00000000
92007b1c 00000000
92007b20 00000000
92007b24 00000000
92007b28 00000000
92007b2c 00000000
92007b30 00000000
92007b34 00000000
92007b38 00000000
92007b3c 00000000
92007b40 00000000
92007b44 00000000
92007b48 00000000
92007b4c 00000000
92007b50 00000000
92007b54 00000000
92007b58 00000000
92007b5c 00000000
92007b60 00000000
92007b64 00000000
92007b68 00000000
92007b6c 00000000
92007b70 00000000
92007b74 00000000
92007b78 00000000
92007b7c 00000000
92007b80 00000000
92007b84 00000000
92007b88 00000000
92007b8c 00000000
92007b90 00000000
92007b94 00000000
92007b98 00000000
92007b9c 00000000
92007ba0 00000000
92007ba4 00000000
92007ba8 00000000
92007bac 00000000
92007bb0 00000000
92007bb4 00000000
92007bb8 00000000
92007bbc 00000000
92007bc0 00000000
92007bc4 00000000
92007bc8 00000000
92007bcc 00000000
92007bd0 00000000
92007bd4 00000000
92007bd8 00000000
92007bdc 00000000
92007be0 00000000
92007be4 00000000
92007be8 00000000
92007bec 00000000
92007bf0 00000000
92007bf4 00000000
92007bf8 00000000
92007bfc 00000000
92007c00 00000000
92007c04 00000000
92007c08 00000000
92007c0c 00000000
92007c10 00000000
92007c14 00000000
92007c18 00000000
92007c1c 00000000
92007c20 00000000
92007c24 00000000
92007c28 00000000
92007c2c 00000000
92007c30 00000000
92007c34 00000000
92007c38 00000000
92007c3c 00000000
92007c40 00000000
92007c44 00000000
92007c48 00000000
92007c4c 00000000
92007c50 00000000
92007c54 00000000
92007c58 00000000
92007c5c 00000000
92007c60 00000000
92007c64 00000000
92007c68 00000000
92007c6c 00000000
92007c70 00000000
92007c74 00000000
92007c78 00000000
92007c7c 00000000
92007c80 00000000
92007c84 00000000
92007c88 00000000
92007c8c 00000000
92007c90 00000000
92007c94 00000000
92007c98 00000000
92007c9c 00000000
92007ca0 00000000
92007ca4 00000000
92007ca8 00000000
92007cac 00000000
92007cb0 00000000
92007cb4 00000000
92007cb8 00000000
92007cbc 00000000
92007cc0 00000000
92007cc4 00000000
92007cc8 00000000
92007ccc 00000000
92007cd0 00000000
92007cd4 00000000
92007cd8 00000000
92007cdc 00000000
92007ce0 00000000
92007ce4 00000000
92007ce8 00000000
92007cec 00000000
92007cf0 00000000
92007cf4 00000000
92007cf8 00000000
92007cfc 00000000
92007d00 00000000
92007d04 00000000
92007d08 00000000
92007d0c 00000000
92007d10 00000000
92007d14 00000000
92007d18 00000000
92007d1c 00000000
92007d20 00000000
92007d24 00000000
92007d28 00000000
92007d2c 00000000
92007d30 00000000
92007d34 00000000
92007d38 00000000
92007d3c 00000000
92007d40 00000000
92007d44 00000000
92007d48 00000000
92007d4c 00000000
92007d50 00000000
92007d54 00000000
92007d58 00000000
92007d5c 00000000
92007d60 00000000
92007d64 00000000
92007d68 00000000
92007d6c 00000000
92007d70 00000000
92007d74 00000000
92007d78 00000000
92007d7c 00000000
92007d80 00000000
92007d84 00000000
92007d88 00000000
92007d8c 00000000
92007d90 00000000
92007d94 00000000
92007d98 00000000
92007d9c 00000000
92007da0 00000000
92007da4 00000000
92007da8 00000000
92007dac 00000000
92007db0 00000000
92007db4 00000000
92007db8 00000000
92007dbc 00000000
92007dc0 00000000
92007dc4 00000000
92007dc8 00000000
92007dcc 00000000
92007dd0 00000000
92007dd4 00000000
92007dd8 00000000
92007ddc 00000000
92007de0 00000000
92007de4 00000000
92007de8 00000000
92007dec 00000000
92007df0 00000000
92007df4 00000000
92007df8 00000000
92007dfc 00000000
92007e00 00000000
92007e04 00000000
92007e08 00000000
92007e0c 00000000
92007e10 00000000
92007e14 00000000
92007e18 00000000
92007e1c 00000000
92007e20 00000000
92007e24 00000000
92007e28 00000000
92007e2c 00000000
92007e30 00000000
92007e34 00000000
92007e38 00000000
92007e3c 00000000
92007e40 00000000
92007e44 00000000
92007e48 00000000
92007e4c 00000000
92007e50 00000000
92007e54 00000000
92007e58 00000000
92007e5c 00000000
92007e60 00000000
92007e64 00000000
92007e68 00000000
92007e6c 00000000
92007e70 00000000
92007e74 00000000
92007e78 00000000
92007e7c 00000000
92007e80 00000000
92007e84 00000000
92007e88 00000000
92007e8c 00000000
92007e90 00000000
92007e94 00000000
92007e98 00000000
92007e9c 00000000
92007ea0 00000000
92007ea4 00000000
92007ea8 00000000
92007eac 00000000
92007eb0 00000000
92007eb4 00000000
92007eb8 00000000
92007ebc 00000000
92007ec0 00000000
92007ec4 00000000
92007ec8 00000000
92007ecc 00000000
92007ed0 00000000
92007ed4 00000000
92007ed8 00000000
92007edc 00000000
92007ee0 00000000
92007ee4 00000000
92007ee8 00000000
92007eec 00000000
92007ef0 00000000
92007ef4 00000000
92007ef8 00000000
92007efc 00000000
92007f00 00000000
92007f04 00000000
92007f08 00000000
92007f0c 00000000
92007f10 00000000
92007f14 00000000
92007f18 00000000
92007f1c 00000000
92007f20 00000000
92007f24 00000000
92007f28 00000000
92007f2c 00000000
92007f30 00000000
92007f34 00000000
92007f38 00000000
92007f3c 00000000
92007f40 00000000
92007f44 00000000
92007f48 00000000
92007f4c 00000000
92007f50 00000000
92007f54 00000000
92007f58 00000000
92007f5c 00000000
92007f60 00000000
92007f64 00000000
92007f68 00000000
92007f6c 00000000
92007f70 00000000
92007f74 00000000
92007f78 00000000
92007f7c 00000000
92007f80 00000000
92007f84 00000000
92007f88 00000000
92007f8c 00000000
92007f90 00000000
92007f94 00000000
92007f98 00000000
92007f9c 00000000
92007fa0 00000000
92007fa4 00000000
92007fa8 00000000
92007fac 00000000
92007fb0 00000000
92007fb4 00000000
92007fb8 00000000
92007fbc 00000000
92007fc0 00000000
92007fc4 00000000
92007fc8 00000000
92007fcc 00000000
92007fd0 00000000
92007fd4 00000000
92007fd8 00000000
92007fdc 00000000
92007fe0 00000000
92007fe4 00000000
92007fe8 00000000
92007fec 00000000
92007ff0 00000000
92007ff4 00000000
92007ff8 00000000
92007ffc 00000000
92008000 00000000
92008004 00000000
92008008 00000000
9200800c 00000000
92008010 00000000
92008014 00000000
92008018 00000000
9200801c 00000000
92008020 00000000
92008024 00000000
92008028 00000000
9200802c 00000000
92008030 00000000
92008034 00000000
92008038 00000000
9200803c 00000000
92008040 00000000
92008044 00000000
92008048 00000000
9200804c 00000000
92008050 00000000
92008054 00000000
92008058 00000000
9200805c 00000000
92008060 00000000
92008064 00000000
92008068 00000000
9200806c 00000000
92008070 00000000
92008074 00000000
92008078 00000000
9200807c 00000000
92008080 00000000
92008084 00000000
92008088 00000000
9200808c 00000000
92008090 00000000
92008094 00000000
92008098 00000000
9200809c 00000000
920080a0 00000000
920080a4 00000000
920080a8 00000000
920080ac 00000000
920080b0 00000000
920080b4 00000000
920080b8 00000000
920080bc 00000000
920080c0 00000000
920080c4 00000000
920080c8 00000000
920080cc 00000000
920080d0 00000000
920080d4 00000000
920080d8 00000000
920080dc 00000000
920080e0 00000000
920080e4 00000000
920080e8 00000000
920080ec 00000000
920080f0 00000000
920080f4 00000000
920080f8 00000000
920080fc 00000000
92008100 00000000
92008104 00000000
92008108 00000000
9200810c 00000000
92008110 00000000
92008114 00000000
92008118 00000000
9200811c 00000000
92008120 00000000
92008124 00000000
92008128 00000000
9200812c 00000000
92008130 00000000
92008134 00000000
92008138 00000000
9200813c 00000000
92008140 00000000
92008144 00000000
92008148 00000000
9200814c 00000000
92008150 00000000
92008154 00000000
92008158 00000000
9200815c 00000000
92008160 00000000
92008164 00000000
92008168 00000000
9200816c 00000000
92008170 00000000
92008174 00000000
92008178 00000000
9200817c 00000000
92008180 00000000
92008184 00000000
92008188 00000000
9200818c 00000000
92008190 00000000
92008194 00000000
92008198 00000000
9200819c 00000000
920081a0 00000000
920081a4 00000000
920081a8 00000000
920081ac 00000000
920081b0 00000000
920081b4 00000000
920081b8 00000000
920081bc 00000000
920081c0 00000000
920081c4 00000000
920081c8 00000000
920081cc 00000000
920081d0 00000000
920081d4 00000000
920081d8 00000000
920081dc 00000000
920081e0 00000000
920081e4 00000000
920081e8 00000000
920081ec 00000000
920081f0 00000000
920081f4 00000000
920081f8 00000000
920081fc 00000000
92008200 00000000
92008204 00000000
92008208 00000000
9200820c 00000000
92008210 00000000
92008214 00000000
92008218 00000000
9200821c 00000000
92008220 00000000
92008224 00000000
92008228 00000000
9200822c 00000000
92008230 00000000
92008234 00000000
92008238 00000000
9200823c 00000000
92008240 00000000
92008244 00000000
92008248 00000000
9200824c 00000000
92008250 00000000
92008254 00000000
92008258 00000000
9200825c 00000000
92008260 00000000
92008264 00000000
92008268 00000000
9200826c 00000000
92008270 00000000
92008274 00000000
92008278 00000000
9200827c 00000000
92008280 00000000
92008284 00000000
92008288 00000000
9200828c 00000000
92008290 00000000
92008294 00000000
92008298 00000000
9200829c 00000000
920082a0 00000000
920082a4 00000000
920082a8 00000000
920082ac 00000000
920082b0 00000000
920082b4 00000000
920082b8 00000000
920082bc 00000000
920082c0 00000000
920082c4 00000000
920082c8 00000000
920082cc 00000000
920082d0 00000000
920082d4 00000000
920082d8 00000000
920082dc 00000000
920082e0 00000000
920082e4 00000000
920082e8 00000000
920082ec 00000000
920082f0 00000000
920082f4 00000000
920082f8 00000000
920082fc 00000000
92008300 00000000
92008304 00000000
92008308 00000000
9200830c 00000000
92008310 00000000
92008314 00000000
92008318 00000000
9200831c 00000000
92008320 00000000
92008324 00000000
92008328 00000000
9200832c 00000000
92008330 00000000
92008334 00000000
92008338 00000000
9200833c 00000000
92008340 00000000
92008344 00000000
92008348 00000000
9200834c 00000000
92008350 00000000
92008354 00000000
92008358 00000000
9200835c 00000000
92008360 00000000
92008364 00000000
92008368 00000000
9200836c 00000000
92008370 00000000
92008374 00000000
92008378 00000000
9200837c 00000000
92008380 00000000
92008384 00000000
92008388 00000000
9200838c 00000000
92008390 00000000
92008394 00000000
92008398 00000000
9200839c 00000000
920083a0 00000000
920083a4 00000000
920083a8 00000000
920083ac 00000000
920083b0 00000000
920083b4 00000000
920083b8 00000000
920083bc 00000000
920083c0 00000000
920083c4 00000000
920083c8 00000000
920083cc 00000000
920083d0 00000000
920083d4 00000000
920083d8 00000000
920083dc 00000000
920083e0 00000000
920083e4 00000000
920083e8 00000000
920083ec 00000000
920083f0 00000000
920083f4 00000000
920083f8 00000000
920083fc 00000000
92008400 00000000
92008404 00000000
92008408 00000000
9200840c 00000000
92008410 00000000
92008414 00000000
92008418 00000000
9200841c 00000000
92008420 00000000
92008424 00000000
92008428 00000000
9200842c 00000000
92008430 00000000
92008434 00000000
92008438 00000000
9200843c 00000000
92008440 00000000
92008444 00000000
92008448 00000000
9200844c 00000000
92008450 00000000
92008454 00000000
92008458 00000000
9200845c 00000000
92008460 00000000
92008464 00000000
92008468 00000000
9200846c 00000000
92008470 00000000
92008474 00000000
92008478 00000000
9200847c 00000000
92008480 00000000
92008484 00000000
92008488 00000000
9200848c 00000000
92008490 00000000
92008494 00000000
92008498 00000000
9200849c 00000000
920084a0 00000000
920084a4 00000000
920084a8 00000000
920084ac 00000000
920084b0 00000000
920084b4 00000000
920084b8 00000000
920084bc 00000000
920084c0 00000000
920084c4 00000000
920084c8 00000000
920084cc 00000000
920084d0 00000000
920084d4 00000000
920084d8 00000000
920084dc 00000000
920084e0 00000000
920084e4 00000000
920084e8 00000000
920084ec 00000000
920084f0 00000000
920084f4 00000000
920084f8 00000000
920084fc 00000000
92008500 00000000
92008504 00000000
92008508 00000000
9200850c 00000000
92008510 00000000
92008514 00000000
92008518 00000000
9200851c 00000000
92008520 00000000
92008524 00000000
92008528 00000000
9200852c 00000000
92008530 00000000
92008534 00000000
92008538 00000000
9200853c 00000000
92008540 00000000
92008544 00000000
92008548 00000000
9200854c 00000000
92008550 00000000
92008554 00000000
92008558 00000000
9200855c 00000000
92008560 00000000
92008564 00000000
92008568 00000000
9200856c 00000000
92008570 00000000
92008574 00000000
92008578 00000000
9200857c 00000000
92008580 00000000
92008584 00000000
92008588 00000000
9200858c 00000000
92008590 00000000
92008594 00000000
92008598 00000000
9200859c 00000000
920085a0 00000000
920085a4 00000000
920085a8 00000000
920085ac 00000000
920085b0 00000000
920085b4 00000000
920085b8 00000000
920085bc 00000000
920085c0 00000000
920085c4 00000000
920085c8 00000000
920085cc 00000000
920085d0 00000000
920085d4 00000000
920085d8 00000000
920085dc 00000000
920085e0 00000000
920085e4 00000000
920085e8 00000000
920085ec 00000000
920085f0 00000000
920085f4 00000000
920085f8 00000000
920085fc 00000000
92008600 00000000
92008604 00000000
92008608 00000000
9200860c 00000000
92008610 00000000
92008614 00000000
92008618 00000000
9200861c 00000000
92008620 00000000
92008624 00000000
92008628 00000000
9200862c 00000000
92008630 00000000
92008634 00000000
92008638 00000000
9200863c 00000000
92008640 00000000
92008644 00000000
92008648 00000000
9200864c 00000000
92008650 00000000
92008654 00000000
92008658 00000000
9200865c 00000000
92008660 00000000
92008664 00000000
92008668 00000000
9200866c 00000000
92008670 00000000
92008674 00000000
92008678 00000000
9200867c 00000000
92008680 00000000
92008684 00000000
92008688 00000000
9200868c 00000000
92008690 00000000
92008694 00000000
92008698 00000000
9200869c 00000000
920086a0 00000000
920086a4 00000000
920086a8 00000000
920086ac 00000000
920086b0 00000000
920086b4 00000000
920086b8 00000000
920086bc 00000000
920086c0 00000000
920086c4 00000000
920086c8 00000000
920086cc 00000000
920086d0 00000000
920086d4 00000000
920086d8 00000000
920086dc 00000000
920086e0 00000000
920086e4 00000000
920086e8 00000000
920086ec 00000000
920086f0 00000000
920086f4 00000000
920086f8 00000000
920086fc 00000000
92008700 00000000
92008704 00000000
92008708 00000000
9200870c 00000000
92008710 00000000
92008714 00000000
92008718 00000000
9200871c 00000000
92008720 00000000
92008724 00000000
92008728 00000000
9200872c 00000000
92008730 00000000
92008734 00000000
92008738 00000000
9200873c 00000000
92008740 00000000
92008744 00000000
92008748 00000000
9200874c 00000000
92008750 00000000
92008754 00000000
92008758 00000000
9200875c 00000000
92008760 00000000
92008764 00000000
92008768 00000000
9200876c 00000000
92008770 00000000
92008774 00000000
92008778 00000000
9200877c 00000000
92008780 00000000
92008784 00000000
92008788 00000000
9200878c 00000000
92008790 00000000
92008794 00000000
92008798 00000000
9200879c 00000000
920087a0 00000000
920087a4 00000000
920087a8 00000000
920087ac 00000000
920087b0 00000000
920087b4 00000000
920087b8 00000000
920087bc 00000000
920087c0 00000000
920087c4 00000000
920087c8 00000000
920087cc 00000000
920087d0 00000000
920087d4 00000000
920087d8 00000000
920087dc 00000000
920087e0 00000000
920087e4 00000000
920087e8 00000000
920087ec 00000000
920087f0 00000000
920087f4 00000000
920087f8 00000000
920087fc 00000000
92008800 00000000
92008804 00000000
92008808 00000000
9200880c 00000000
92008810 00000000
92008814 00000000
92008818 00000000
9200881c 00000000
92008820 00000000
92008824 00000000
92008828 00000000
9200882c 00000000
92008830 00000000
92008834 00000000
92008838 00000000
9200883c 00000000
92008840 00000000
92008844 00000000
92008848 00000000
9200884c 00000000
92008850 00000000
92008854 00000000
92008858 00000000
9200885c 00000000
92008860 00000000
92008864 00000000
92008868 00000000
9200886c 00000000
92008870 00000000
92008874 00000000
92008878 00000000
9200887c 00000000
92008880 00000000
92008884 00000000
92008888 00000000
9200888c 00000000
92008890 00000000
92008894 00000000
92008898 00000000
9200889c 00000000
920088a0 00000000
920088a4 00000000
920088a8 00000000
920088ac 00000000
920088b0 00000000
920088b4 00000000
920088b8 00000000
920088bc 00000000
920088c0 00000000
920088c4 00000000
920088c8 00000000
920088cc 00000000
920088d0 00000000
920088d4 00000000
920088d8 00000000
920088dc 00000000
920088e0 00000000
920088e4 00000000
920088e8 00000000
920088ec 00000000
920088f0 00000000
920088f4 00000000
920088f8 00000000
920088fc 00000000
92008900 00000000
92008904 00000000
92008908 00000000
9200890c 00000000
92008910 00000000
92008914 00000000
92008918 00000000
9200891c 00000000
92008920 00000000
92008924 00000000
92008928 00000000
9200892c 00000000
92008930 00000000
92008934 00000000
92008938 00000000
9200893c 00000000
92008940 00000000
92008944 00000000
92008948 00000000
9200894c 00000000
92008950 00000000
92008954 00000000
92008958 00000000
9200895c 00000000
92008960 00000000
92008964 00000000
92008968 00000000
9200896c 00000000
92008970 00000000
92008974 00000000
92008978 00000000
9200897c 00000000
92008980 00000000
92008984 00000000
92008988 00000000
9200898c 00000000
92008990 00000000
92008994 00000000
92008998 00000000
9200899c 00000000
920089a0 00000000
920089a4 00000000
920089a8 00000000
920089ac 00000000
920089b0 00000000
920089b4 00000000
920089b8 00000000
920089bc 00000000
920089c0 00000000
920089c4 00000000
920089c8 00000000
920089cc 00000000
920089d0 00000000
920089d4 00000000
920089d8 00000000
920089dc 00000000
920089e0 00000000
920089e4 00000000
920089e8 00000000
920089ec 00000000
920089f0 00000000
920089f4 00000000
920089f8 00000000
920089fc 00000000
92008a00 00000000
92008a04 00000000
92008a08 00000000
92008a0c 00000000
92008a10 00000000
92008a14 00000000
92008a18 00000000
92008a1c 00000000
92008a20 00000000
92008a24 00000000
92008a28 00000000
92008a2c 00000000
92008a30 00000000
92008a34 00000000
92008a38 00000000
92008a3c 00000000
92008a40 00000000
92008a44 00000000
92008a48 00000000
92008a4c 00000000
92008a50 00000000
92008a54 00000000
92008a58 00000000
92008a5c 00000000
92008a60 00000000
92008a64 00000000
92008a68 00000000
92008a6c 00000000
92008a70 00000000
92008a74 00000000
92008a78 00000000
92008a7c 00000000
92008a80 00000000
92008a84 00000000
92008a88 00000000
92008a8c 00000000
92008a90 00000000
92008a94 00000000
92008a98 00000000
92008a9c 00000000
92008aa0 00000000
92008aa4 00000000
92008aa8 00000000
92008aac 00000000
92008ab0 00000000
92008ab4 00000000
92008ab8 00000000
92008abc 00000000
92008ac0 00000000
92008ac4 00000000
92008ac8 00000000
92008acc 00000000
92008ad0 00000000
92008ad4 00000000
92008ad8 00000000
92008adc 00000000
92008ae0 00000000
92008ae4 00000000
92008ae8 00000000
92008aec 00000000
92008af0 00000000
92008af4 00000000
92008af8 00000000
92008afc 00000000
92008b00 00000000
92008b04 00000000
92008b08 00000000
92008b0c 00000000
92008b10 00000000
92008b14 00000000
92008b18 00000000
92008b1c 00000000
92008b20 00000000
92008b24 00000000
92008b28 00000000
92008b2c 00000000
92008b30 00000000
92008b34 00000000
92008b38 00000000
92008b3c 00000000
92008b40 00000000
92008b44 00000000
92008b48 00000000
92008b4c 00000000
92008b50 00000000
92008b54 00000000
92008b58 00000000
92008b5c 00000000
92008b60 00000000
92008b64 00000000
92008b68 00000000
92008b6c 00000000
92008b70 00000000
92008b74 00000000
92008b78 00000000
92008b7c 00000000
92008b80 00000000
92008b84 00000000
92008b88 00000000
92008b8c 00000000
92008b90 00000000
92008b94 00000000
92008b98 00000000
92008b9c 00000000
92008ba0 00000000
92008ba4 00000000
92008ba8 00000000
92008bac 00000000
92008bb0 00000000
92008bb4 00000000
92008bb8 00000000
92008bbc 00000000
92008bc0 00000000
92008bc4 00000000
92008bc8 00000000
92008bcc 00000000
92008bd0 00000000
92008bd4 00000000
92008bd8 00000000
92008bdc 00000000
92008be0 00000000
92008be4 00000000
92008be8 00000000
92008bec 00000000
92008bf0 00000000
92008bf4 00000000
92008bf8 00000000
92008bfc 00000000
92008c00 00000000
92008c04 00000000
92008c08 00000000
92008c0c 00000000
92008c10 00000000
92008c14 00000000
92008c18 00000000
92008c1c 00000000
92008c20 00000000
92008c24 00000000
92008c28 00000000
92008c2c 00000000
92008c30 00000000
92008c34 00000000
92008c38 00000000
92008c3c 00000000
92008c40 00000000
92008c44 00000000
92008c48 00000000
92008c4c 00000000
92008c50 00000000
92008c54 00000000
92008c58 00000000
92008c5c 00000000
92008c60 00000000
92008c64 00000000
92008c68 00000000
92008c6c 00000000
92008c70 00000000
92008c74 00000000
92008c78 00000000
92008c7c 00000000
92008c80 00000000
92008c84 00000000
92008c88 00000000
92008c8c 00000000
92008c90 00000000
92008c94 00000000
92008c98 00000000
92008c9c 00000000
92008ca0 00000000
92008ca4 00000000
92008ca8 00000000
92008cac 00000000
92008cb0 00000000
92008cb4 00000000
92008cb8 00000000
92008cbc 00000000
92008cc0 00000000
92008cc4 00000000
92008cc8 00000000
92008ccc 00000000
92008cd0 00000000
92008cd4 00000000
92008cd8 00000000
92008cdc 00000000
92008ce0 00000000
92008ce4 00000000
92008ce8 00000000
92008cec 00000000
92008cf0 00000000
92008cf4 00000000
92008cf8 00000000
92008cfc 00000000
92008d00 00000000
92008d04 00000000
92008d08 00000000
92008d0c 00000000
92008d10 00000000
92008d14 00000000
92008d18 00000000
92008d1c 00000000
92008d20 00000000
92008d24 00000000
92008d28 00000000
92008d2c 00000000
92008d30 00000000
92008d34 00000000
92008d38 00000000
92008d3c 00000000
92008d40 00000000
92008d44 00000000
92008d48 00000000
92008d4c 00000000
92008d50 00000000
92008d54 00000000
92008d58 00000000
92008d5c 00000000
92008d60 00000000
92008d64 00000000
92008d68 00000000
92008d6c 00000000
92008d70 00000000
92008d74 00000000
92008d78 00000000
92008d7c 00000000
92008d80 00000000
92008d84 00000000
92008d88 00000000
92008d8c 00000000
92008d90 00000000
92008d94 00000000
92008d98 00000000
92008d9c 00000000
92008da0 00000000
92008da4 00000000
92008da8 00000000
92008dac 00000000
92008db0 00000000
92008db4 00000000
92008db8 00000000
92008dbc 00000000
92008dc0 00000000
92008dc4 00000000
92008dc8 00000000
92008dcc 00000000
92008dd0 00000000
92008dd4 00000000
92008dd8 00000000
92008ddc 00000000
92008de0 00000000
92008de4 00000000
92008de8 00000000
92008dec 00000000
92008df0 00000000
92008df4 00000000
92008df8 00000000
92008dfc 00000000
92008e00 00000000
92008e04 00000000
92008e08 00000000
92008e0c 00000000
92008e10 00000000
92008e14 00000000
92008e18 00000000
92008e1c 00000000
92008e20 00000000
92008e24 00000000
92008e28 00000000
92008e2c 00000000
92008e30 00000000
92008e34 00000000
92008e38 00000000
92008e3c 00000000
92008e40 00000000
92008e44 00000000
92008e48 00000000
92008e4c 00000000
92008e50 00000000
92008e54 00000000
92008e58 00000000
92008e5c 00000000
92008e60 00000000
92008e64 00000000
92008e68 00000000
92008e6c 00000000
92008e70 00000000
92008e74 00000000
92008e78 00000000
92008e7c 00000000
92008e80 00000000
92008e84 00000000
92008e88 00000000
92008e8c 00000000
92008e90 00000000
92008e94 00000000
92008e98 00000000
92008e9c 00000000
92008ea0 00000000
92008ea4 00000000
92008ea8 00000000
92008eac 00000000
92008eb0 00000000
92008eb4 00000000
92008eb8 00000000
92008ebc 00000000
92008ec0 00000000
92008ec4 00000000
92008ec8 00000000
92008ecc 00000000
92008ed0 00000000
92008ed4 00000000
92008ed8 00000000
92008edc 00000000
92008ee0 00000000
92008ee4 00000000
92008ee8 00000000
92008eec 00000000
92008ef0 00000000
92008ef4 00000000
92008ef8 00000000
92008efc 00000000
92008f00 00000000
92008f04 00000000
92008f08 00000000
92008f0c 00000000
92008f10 00000000
92008f14 00000000
92008f18 00000000
92008f1c 00000000
92008f20 00000000
92008f24 00000000
92008f28 00000000
92008f2c 00000000
92008f30 00000000
92008f34 00000000
92008f38 00000000
92008f3c 00000000
92008f40 00000000
92008f44 00000000
92008f48 00000000
92008f4c 00000000
92008f50 00000000
92008f54 00000000
92008f58 00000000
92008f5c 00000000
92008f60 00000000
92008f64 00000000
92008f68 00000000
92008f6c 00000000
92008f70 00000000
92008f74 00000000
92008f78 00000000
92008f7c 00000000
92008f80 00000000
92008f84 00000000
92008f88 00000000
92008f8c 00000000
92008f90 00000000
92008f94 00000000
92008f98 00000000
92008f9c 00000000
92008fa0 00000000
92008fa4 00000000
92008fa8 00000000
92008fac 00000000
92008fb0 00000000
92008fb4 00000000
92008fb8 00000000
92008fbc 00000000
92008fc0 00000000
92008fc4 00000000
92008fc8 00000000
92008fcc 00000000
92008fd0 00000000
92008fd4 00000000
92008fd8 00000000
92008fdc 00000000
92008fe0 00000000
92008fe4 00000000
92008fe8 00000000
92008fec 00000000
92008ff0 00000000
92008ff4 00000000
92008ff8 00000000
92008ffc 00000000
92009000 00000000
92009004 00000000
92009008 00000000
9200900c 00000000
92009010 00000000
92009014 00000000
92009018 00000000
9200901c 00000000
92009020 00000000
92009024 00000000
92009028 00000000
9200902c 00000000
92009030 00000000
92009034 00000000
92009038 00000000
9200903c 00000000
92009040 00000000
92009044 00000000
92009048 00000000
9200904c 00000000
92009050 00000000
92009054 00000000
92009058 00000000
9200905c 00000000
92009060 00000000
92009064 00000000
92009068 00000000
9200906c 00000000
92009070 00000000
92009074 00000000
92009078 00000000
9200907c 00000000
92009080 00000000
92009084 00000000
92009088 00000000
9200908c 00000000
92009090 00000000
92009094 00000000
92009098 00000000
9200909c 00000000
920090a0 00000000
920090a4 00000000
920090a8 00000000
920090ac 00000000
920090b0 00000000
920090b4 00000000
920090b8 00000000
920090bc 00000000
920090c0 00000000
920090c4 00000000
920090c8 00000000
920090cc 00000000
920090d0 00000000
920090d4 00000000
920090d8 00000000
920090dc 00000000
920090e0 00000000
920090e4 00000000
920090e8 00000000
920090ec 00000000
920090f0 00000000
920090f4 00000000
920090f8 00000000
920090fc 00000000
92009100 00000000
92009104 00000000
92009108 00000000
9200910c 00000000
92009110 00000000
92009114 00000000
92009118 00000000
9200911c 00000000
92009120 00000000
92009124 00000000
92009128 00000000
9200912c 00000000
92009130 00000000
92009134 00000000
92009138 00000000
9200913c 00000000
92009140 00000000
92009144 00000000
92009148 00000000
9200914c 00000000
92009150 00000000
92009154 00000000
92009158 00000000
9200915c 00000000
92009160 00000000
92009164 00000000
92009168 00000000
9200916c 00000000
92009170 00000000
92009174 00000000
92009178 00000000
9200917c 00000000
92009180 00000000
92009184 00000000
92009188 00000000
9200918c 00000000
92009190 00000000
92009194 00000000
92009198 00000000
9200919c 00000000
920091a0 00000000
920091a4 00000000
920091a8 00000000
920091ac 00000000
920091b0 00000000
920091b4 00000000
920091b8 00000000
920091bc 00000000
920091c0 00000000
920091c4 00000000
920091c8 00000000
920091cc 00000000
920091d0 00000000
920091d4 00000000
920091d8 00000000
920091dc 00000000
920091e0 00000000
920091e4 00000000
920091e8 00000000
920091ec 00000000
920091f0 00000000
920091f4 00000000
920091f8 00000000
920091fc 00000000
92009200 00000000
92009204 00000000
92009208 00000000
9200920c 00000000
92009210 00000000
92009214 00000000
92009218 00000000
9200921c 00000000
92009220 00000000
92009224 00000000
92009228 00000000
9200922c 00000000
92009230 00000000
92009234 00000000
92009238 00000000
9200923c 00000000
92009240 00000000
92009244 00000000
92009248 00000000
9200924c 00000000
92009250 00000000
92009254 00000000
92009258 00000000
9200925c 00000000
92009260 00000000
92009264 00000000
92009268 00000000
9200926c 00000000
92009270 00000000
92009274 00000000
92009278 00000000
9200927c 00000000
92009280 00000000
92009284 00000000
92009288 00000000
9200928c 00000000
92009290 00000000
92009294 00000000
92009298 00000000
9200929c 00000000
920092a0 00000000
920092a4 00000000
920092a8 00000000
920092ac 00000000
920092b0 00000000
920092b4 00000000
920092b8 00000000
920092bc 00000000
920092c0 00000000
920092c4 00000000
920092c8 00000000
920092cc 00000000
920092d0 00000000
920092d4 00000000
920092d8 00000000
920092dc 00000000
920092e0 00000000
920092e4 00000000
920092e8 00000000
920092ec 00000000
920092f0 00000000
920092f4 00000000
920092f8 00000000
920092fc 00000000
92009300 00000000
92009304 00000000
92009308 00000000
9200930c 00000000
92009310 00000000
92009314 00000000
92009318 00000000
9200931c 00000000
92009320 00000000
92009324 00000000
92009328 00000000
9200932c 00000000
92009330 00000000
92009334 00000000
92009338 00000000
9200933c 00000000
92009340 00000000
92009344 00000000
92009348 00000000
9200934c 00000000
92009350 00000000
92009354 00000000
92009358 00000000
9200935c 00000000
92009360 00000000
92009364 00000000
92009368 00000000
9200936c 00000000
92009370 00000000
92009374 00000000
92009378 00000000
9200937c 00000000
92009380 00000000
92009384 00000000
92009388 00000000
9200938c 00000000
92009390 00000000
92009394 00000000
92009398 00000000
9200939c 00000000
920093a0 00000000
920093a4 00000000
920093a8 00000000
920093ac 00000000
920093b0 00000000
920093b4 00000000
920093b8 00000000
920093bc 00000000
920093c0 00000000
920093c4 00000000
920093c8 00000000
920093cc 00000000
920093d0 00000000
920093d4 00000000
920093d8 00000000
920093dc 00000000
920093e0 00000000
920093e4 00000000
920093e8 00000000
920093ec 00000000
920093f0 00000000
920093f4 00000000
920093f8 00000000
920093fc 00000000
92009400 00000000
92009404 00000000
92009408 00000000
9200940c 00000000
92009410 00000000
92009414 00000000
92009418 00000000
9200941c 00000000
92009420 00000000
92009424 00000000
92009428 00000000
9200942c 00000000
92009430 00000000
92009434 00000000
92009438 00000000
9200943c 00000000
92009440 00000000
92009444 00000000
92009448 00000000
9200944c 00000000
92009450 00000000
92009454 00000000
92009458 00000000
9200945c 00000000
92009460 00000000
92009464 00000000
92009468 00000000
9200946c 00000000
92009470 00000000
92009474 00000000
92009478 00000000
9200947c 00000000
92009480 00000000
92009484 00000000
92009488 00000000
9200948c 00000000
92009490 00000000
92009494 00000000
92009498 00000000
9200949c 00000000
920094a0 00000000
920094a4 00000000
920094a8 00000000
920094ac 00000000
920094b0 00000000
920094b4 00000000
920094b8 00000000
920094bc 00000000
920094c0 00000000
920094c4 00000000
920094c8 00000000
920094cc 00000000
920094d0 00000000
920094d4 00000000
920094d8 00000000
920094dc 00000000
920094e0 00000000
920094e4 00000000
920094e8 00000000
920094ec 00000000
920094f0 00000000
920094f4 00000000
920094f8 00000000
920094fc 00000000
92009500 00000000
92009504 00000000
92009508 00000000
9200950c 00000000
92009510 00000000
92009514 00000000
92009518 00000000
9200951c 00000000
92009520 00000000
92009524 00000000
92009528 00000000
9200952c 00000000
92009530 00000000
92009534 00000000
92009538 00000000
9200953c 00000000
92009540 00000000
92009544 00000000
92009548 00000000
9200954c 00000000
92009550 00000000
92009554 00000000
92009558 00000000
9200955c 00000000
92009560 00000000
92009564 00000000
92009568 00000000
9200956c 00000000
92009570 00000000
92009574 00000000
92009578 00000000
9200957c 00000000
92009580 00000000
92009584 00000000
92009588 00000000
9200958c 00000000
92009590 00000000
92009594 00000000
92009598 00000000
9200959c 00000000
920095a0 00000000
920095a4 00000000
920095a8 00000000
920095ac 00000000
920095b0 00000000
920095b4 00000000
920095b8 00000000
920095bc 00000000
920095c0 00000000
920095c4 00000000
920095c8 00000000
920095cc 00000000
920095d0 00000000
920095d4 00000000
920095d8 00000000
920095dc 00000000
920095e0 00000000
920095e4 00000000
920095e8 00000000
920095ec 00000000
920095f0 00000000
920095f4 00000000
920095f8 00000000
920095fc 00000000
92009600 00000000
92009604 00000000
92009608 00000000
9200960c 00000000
92009610 00000000
92009614 00000000
92009618 00000000
9200961c 00000000
92009620 00000000
92009624 00000000
92009628 00000000
9200962c 00000000
92009630 00000000
92009634 00000000
92009638 00000000
9200963c 00000000
92009640 00000000
92009644 00000000
92009648 00000000
9200964c 00000000
92009650 00000000
92009654 00000000
92009658 00000000
9200965c 00000000
92009660 00000000
92009664 00000000
92009668 00000000
9200966c 00000000
92009670 00000000
92009674 00000000
92009678 00000000
9200967c 00000000
92009680 00000000
92009684 00000000
92009688 00000000
9200968c 00000000
92009690 00000000
92009694 00000000
92009698 00000000
9200969c 00000000
920096a0 00000000
920096a4 00000000
920096a8 00000000
920096ac 00000000
920096b0 00000000
920096b4 00000000
920096b8 00000000
920096bc 00000000
920096c0 00000000
920096c4 00000000
920096c8 00000000
920096cc 00000000
920096d0 00000000
920096d4 00000000
920096d8 00000000
920096dc 00000000
920096e0 00000000
920096e4 00000000
920096e8 00000000
920096ec 00000000
920096f0 00000000
920096f4 00000000
920096f8 00000000
920096fc 00000000
92009700 00000000
92009704 00000000
92009708 00000000
9200970c 00000000
92009710 00000000
92009714 00000000
92009718 00000000
9200971c 00000000
92009720 00000000
92009724 00000000
92009728 00000000
9200972c 00000000
92009730 00000000
92009734 00000000
92009738 00000000
9200973c 00000000
92009740 00000000
92009744 00000000
92009748 00000000
9200974c 00000000
92009750 00000000
92009754 00000000
92009758 00000000
9200975c 00000000
92009760 00000000
92009764 00000000
92009768 00000000
9200976c 00000000
92009770 00000000
92009774 00000000
92009778 00000000
9200977c 00000000
92009780 00000000
92009784 00000000
92009788 00000000
9200978c 00000000
92009790 00000000
92009794 00000000
92009798 00000000
9200979c 00000000
920097a0 00000000
920097a4 00000000
920097a8 00000000
920097ac 00000000
920097b0 00000000
920097b4 00000000
920097b8 00000000
920097bc 00000000
920097c0 00000000
920097c4 00000000
920097c8 00000000
920097cc 00000000
920097d0 00000000
920097d4 00000000
920097d8 00000000
920097dc 00000000
920097e0 00000000
920097e4 00000000
920097e8 00000000
920097ec 00000000
920097f0 00000000
920097f4 00000000
920097f8 00000000
920097fc 00000000
92009800 00000000
92009804 00000000
92009808 00000000
9200980c 00000000
92009810 00000000
92009814 00000000
92009818 00000000
9200981c 00000000
92009820 00000000
92009824 00000000
92009828 00000000
9200982c 00000000
92009830 00000000
92009834 00000000
92009838 00000000
9200983c 00000000
92009840 00000000
92009844 00000000
92009848 00000000
9200984c 00000000
92009850 00000000
92009854 00000000
92009858 00000000
9200985c 00000000
92009860 00000000
92009864 00000000
92009868 00000000
9200986c 00000000
92009870 00000000
92009874 00000000
92009878 00000000
9200987c 00000000
92009880 00000000
92009884 00000000
92009888 00000000
9200988c 00000000
92009890 00000000
92009894 00000000
92009898 00000000
9200989c 00000000
920098a0 00000000
920098a4 00000000
920098a8 00000000
920098ac 00000000
920098b0 00000000
920098b4 00000000
920098b8 00000000
920098bc 00000000
920098c0 00000000
920098c4 00000000
920098c8 00000000
920098cc 00000000
920098d0 00000000
920098d4 00000000
920098d8 00000000
920098dc 00000000
920098e0 00000000
920098e4 00000000
920098e8 00000000
920098ec 00000000
920098f0 00000000
920098f4 00000000
920098f8 00000000
920098fc 00000000
92009900 00000000
92009904 00000000
92009908 00000000
9200990c 00000000
92009910 00000000
92009914 00000000
92009918 00000000
9200991c 00000000
92009920 00000000
92009924 00000000
92009928 00000000
9200992c 00000000
92009930 00000000
92009934 00000000
92009938 00000000
9200993c 00000000
92009940 00000000
92009944 00000000
92009948 00000000
9200994c 00000000
92009950 00000000
92009954 00000000
92009958 00000000
9200995c 00000000
92009960 00000000
92009964 00000000
92009968 00000000
9200996c 00000000
92009970 00000000
92009974 00000000
92009978 00000000
9200997c 00000000
92009980 00000000
92009984 00000000
92009988 00000000
9200998c 00000000
92009990 00000000
92009994 00000000
92009998 00000000
9200999c 00000000
920099a0 00000000
920099a4 00000000
920099a8 00000000
920099ac 00000000
920099b0 00000000
920099b4 00000000
920099b8 00000000
920099bc 00000000
920099c0 00000000
920099c4 00000000
920099c8 00000000
920099cc 00000000
920099d0 00000000
920099d4 00000000
920099d8 00000000
920099dc 00000000
920099e0 00000000
920099e4 00000000
920099e8 00000000
920099ec 00000000
920099f0 00000000
920099f4 00000000
920099f8 00000000
920099fc 00000000
92009a00 00000000
92009a04 00000000
92009a08 00000000
92009a0c 00000000
92009a10 00000000
92009a14 00000000
92009a18 00000000
92009a1c 00000000
92009a20 00000000
92009a24 00000000
92009a28 00000000
92009a2c 00000000
92009a30 00000000
92009a34 00000000
92009a38 00000000
92009a3c 00000000
92009a40 00000000
92009a44 00000000
92009a48 00000000
92009a4c 00000000
92009a50 00000000
92009a54 00000000
92009a58 00000000
92009a5c 00000000
92009a60 00000000
92009a64 00000000
92009a68 00000000
92009a6c 00000000
92009a70 00000000
92009a74 00000000
92009a78 00000000
92009a7c 00000000
92009a80 00000000
92009a84 00000000
92009a88 00000000
92009a8c 00000000
92009a90 00000000
92009a94 00000000
92009a98 00000000
92009a9c 00000000
92009aa0 00000000
92009aa4 00000000
92009aa8 00000000
92009aac 00000000
92009ab0 00000000
92009ab4 00000000
92009ab8 00000000
92009abc 00000000
92009ac0 00000000
92009ac4 00000000
92009ac8 00000000
92009acc 00000000
92009ad0 00000000
92009ad4 00000000
92009ad8 00000000
92009adc 00000000
92009ae0 00000000
92009ae4 00000000
92009ae8 00000000
92009aec 00000000
92009af0 00000000
92009af4 00000000
92009af8 00000000
92009afc 00000000
92009b00 00000000
92009b04 00000000
92009b08 00000000
92009b0c 00000000
92009b10 00000000
92009b14 00000000
92009b18 00000000
92009b1c 00000000
92009b20 00000000
92009b24 00000000
92009b28 00000000
92009b2c 00000000
92009b30 00000000
92009b34 00000000
92009b38 00000000
92009b3c 00000000
92009b40 00000000
92009b44 00000000
92009b48 00000000
92009b4c 00000000
92009b50 00000000
92009b54 00000000
92009b58 00000000
92009b5c 00000000
92009b60 00000000
92009b64 00000000
92009b68 00000000
92009b6c 00000000
92009b70 00000000
92009b74 00000000
92009b78 00000000
92009b7c 00000000
92009b80 00000000
92009b84 00000000
92009b88 00000000
92009b8c 00000000
92009b90 00000000
92009b94 00000000
92009b98 00000000
92009b9c 00000000
92009ba0 00000000
92009ba4 00000000
92009ba8 00000000
92009bac 00000000
92009bb0 00000000
92009bb4 00000000
92009bb8 00000000
92009bbc 00000000
92009bc0 00000000
92009bc4 00000000
92009bc8 00000000
92009bcc 00000000
92009bd0 00000000
92009bd4 00000000
92009bd8 00000000
92009bdc 00000000
92009be0 00000000
92009be4 00000000
92009be8 00000000
92009bec 00000000
92009bf0 00000000
92009bf4 00000000
92009bf8 00000000
92009bfc 00000000
92009c00 00000000
92009c04 00000000
92009c08 00000000
92009c0c 00000000
92009c10 00000000
92009c14 00000000
92009c18 00000000
92009c1c 00000000
92009c20 00000000
92009c24 00000000
92009c28 00000000
92009c2c 00000000
92009c30 00000000
92009c34 00000000
92009c38 00000000
92009c3c 00000000
92009c40 00000000
92009c44 00000000
92009c48 00000000
92009c4c 00000000
92009c50 00000000
92009c54 00000000
92009c58 00000000
92009c5c 00000000
92009c60 00000000
92009c64 00000000
92009c68 00000000
92009c6c 00000000
92009c70 00000000
92009c74 00000000
92009c78 00000000
92009c7c 00000000
92009c80 00000000
92009c84 00000000
92009c88 00000000
92009c8c 00000000
92009c90 00000000
92009c94 00000000
92009c98 00000000
92009c9c 00000000
92009ca0 00000000
92009ca4 00000000
92009ca8 00000000
92009cac 00000000
92009cb0 00000000
92009cb4 00000000
92009cb8 00000000
92009cbc 00000000
92009cc0 00000000
92009cc4 00000000
92009cc8 00000000
92009ccc 00000000
92009cd0 00000000
92009cd4 00000000
92009cd8 00000000
92009cdc 00000000
92009ce0 00000000
92009ce4 00000000
92009ce8 00000000
92009cec 00000000
92009cf0 00000000
92009cf4 00000000
92009cf8 00000000
92009cfc 00000000
92009d00 00000000
92009d04 00000000
92009d08 00000000
92009d0c 00000000
92009d10 00000000
92009d14 00000000
92009d18 00000000
92009d1c 00000000
92009d20 00000000
92009d24 00000000
92009d28 00000000
92009d2c 00000000
92009d30 00000000
92009d34 00000000
92009d38 00000000
92009d3c 00000000
92009d40 00000000
92009d44 00000000
92009d48 00000000
92009d4c 00000000
92009d50 00000000
92009d54 00000000
92009d58 00000000
92009d5c 00000000
92009d60 00000000
92009d64 00000000
92009d68 00000000
92009d6c 00000000
92009d70 00000000
92009d74 00000000
92009d78 00000000
92009d7c 00000000
92009d80 00000000
92009d84 00000000
92009d88 00000000
92009d8c 00000000
92009d90 00000000
92009d94 00000000
92009d98 00000000
92009d9c 00000000
92009da0 00000000
92009da4 00000000
92009da8 00000000
92009dac 00000000
92009db0 00000000
92009db4 00000000
92009db8 00000000
92009dbc 00000000
92009dc0 00000000
92009dc4 00000000
92009dc8 00000000
92009dcc 00000000
92009dd0 00000000
92009dd4 00000000
92009dd8 00000000
92009ddc 00000000
92009de0 00000000
92009de4 00000000
92009de8 00000000
92009dec 00000000
92009df0 00000000
92009df4 00000000
92009df8 00000000
92009dfc 00000000
92009e00 00000000
92009e04 00000000
92009e08 00000000
92009e0c 00000000
92009e10 00000000
92009e14 00000000
92009e18 00000000
92009e1c 00000000
92009e20 00000000
92009e24 00000000
92009e28 00000000
92009e2c 00000000
92009e30 00000000
92009e34 00000000
92009e38 00000000
92009e3c 00000000
92009e40 00000000
92009e44 00000000
92009e48 00000000
92009e4c 00000000
92009e50 00000000
92009e54 00000000
92009e58 00000000
92009e5c 00000000
92009e60 00000000
92009e64 00000000
92009e68 00000000
92009e6c 00000000
92009e70 00000000
92009e74 00000000
92009e78 00000000
92009e7c 00000000
92009e80 00000000
92009e84 00000000
92009e88 00000000
92009e8c 00000000
92009e90 00000000
92009e94 00000000
92009e98 00000000
92009e9c 00000000
92009ea0 00000000
92009ea4 00000000
92009ea8 00000000
92009eac 00000000
92009eb0 00000000
92009eb4 00000000
92009eb8 00000000
92009ebc 00000000
92009ec0 00000000
92009ec4 00000000
92009ec8 00000000
92009ecc 00000000
92009ed0 00000000
92009ed4 00000000
92009ed8 00000000
92009edc 00000000
92009ee0 00000000
92009ee4 00000000
92009ee8 00000000
92009eec 00000000
92009ef0 00000000
92009ef4 00000000
92009ef8 00000000
92009efc 00000000
92009f00 00000000
92009f04 00000000
92009f08 00000000
92009f0c 00000000
92009f10 00000000
92009f14 00000000
92009f18 00000000
92009f1c 00000000
92009f20 00000000
92009f24 00000000
92009f28 00000000
92009f2c 00000000
92009f30 00000000
92009f34 00000000
92009f38 00000000
92009f3c 00000000
92009f40 00000000
92009f44 00000000
92009f48 00000000
92009f4c 00000000
92009f50 00000000
92009f54 00000000
92009f58 00000000
92009f5c 00000000
92009f60 00000000
92009f64 00000000
92009f68 00000000
92009f6c 00000000
92009f70 00000000
92009f74 00000000
92009f78 00000000
92009f7c 00000000
92009f80 00000000
92009f84 00000000
92009f88 00000000
92009f8c 00000000
92009f90 00000000
92009f94 00000000
92009f98 00000000
92009f9c 00000000
92009fa0 00000000
92009fa4 00000000
92009fa8 00000000
92009fac 00000000
92009fb0 00000000
92009fb4 00000000
92009fb8 00000000
92009fbc 00000000
92009fc0 00000000
92009fc4 00000000
92009fc8 00000000
92009fcc 00000000
92009fd0 00000000
92009fd4 00000000
92009fd8 00000000
92009fdc 00000000
92009fe0 00000000
92009fe4 00000000
92009fe8 00000000
92009fec 00000000
92009ff0 00000000
92009ff4 00000000
92009ff8 00000000
92009ffc 00000000
9200a000 00000000
9200a004 00000000
9200a008 00000000
9200a00c 00000000
9200a010 00000000
9200a014 00000000
9200a018 00000000
9200a01c 00000000
9200a020 00000000
9200a024 00000000
9200a028 00000000
9200a02c 00000000
9200a030 00000000
9200a034 00000000
9200a038 00000000
9200a03c 00000000
9200a040 00000000
9200a044 00000000
9200a048 00000000
9200a04c 00000000
9200a050 00000000
9200a054 00000000
9200a058 00000000
9200a05c 00000000
9200a060 00000000
9200a064 00000000
9200a068 00000000
9200a06c 00000000
9200a070 00000000
9200a074 00000000
9200a078 00000000
9200a07c 00000000
9200a080 00000000
9200a084 00000000
9200a088 00000000
9200a08c 00000000
9200a090 00000000
9200a094 00000000
9200a098 00000000
9200a09c 00000000
9200a0a0 00000000
9200a0a4 00000000
9200a0a8 00000000
9200a0ac 00000000
9200a0b0 00000000
9200a0b4 00000000
9200a0b8 00000000
9200a0bc 00000000
9200a0c0 00000000
9200a0c4 00000000
9200a0c8 00000000
9200a0cc 00000000
9200a0d0 00000000
9200a0d4 00000000
9200a0d8 00000000
9200a0dc 00000000
9200a0e0 00000000
9200a0e4 00000000
9200a0e8 00000000
9200a0ec 00000000
9200a0f0 00000000
9200a0f4 00000000
9200a0f8 00000000
9200a0fc 00000000
9200a100 00000000
9200a104 00000000
9200a108 00000000
9200a10c 00000000
9200a110 00000000
9200a114 00000000
9200a118 00000000
9200a11c 00000000
9200a120 00000000
9200a124 00000000
9200a128 00000000
9200a12c 00000000
9200a130 00000000
9200a134 00000000
9200a138 00000000
9200a13c 00000000
9200a140 00000000
9200a144 00000000
9200a148 00000000
9200a14c 00000000
9200a150 00000000
9200a154 00000000
9200a158 00000000
9200a15c 00000000
9200a160 00000000
9200a164 00000000
9200a168 00000000
9200a16c 00000000
9200a170 00000000
9200a174 00000000
9200a178 00000000
9200a17c 00000000
9200a180 00000000
9200a184 00000000
9200a188 00000000
9200a18c 00000000
9200a190 00000000
9200a194 00000000
9200a198 00000000
9200a19c 00000000
9200a1a0 00000000
9200a1a4 00000000
9200a1a8 00000000
9200a1ac 00000000
9200a1b0 00000000
9200a1b4 00000000
9200a1b8 00000000
9200a1bc 00000000
9200a1c0 00000000
9200a1c4 00000000
9200a1c8 00000000
9200a1cc 00000000
9200a1d0 00000000
9200a1d4 00000000
9200a1d8 00000000
9200a1dc 00000000
9200a1e0 00000000
9200a1e4 00000000
9200a1e8 00000000
9200a1ec 00000000
9200a1f0 00000000
9200a1f4 00000000
9200a1f8 00000000
9200a1fc 00000000
9200a200 00000000
9200a204 00000000
9200a208 00000000
9200a20c 00000000
9200a210 00000000
9200a214 00000000
9200a218 00000000
9200a21c 00000000
9200a220 00000000
9200a224 00000000
9200a228 00000000
9200a22c 00000000
9200a230 00000000
9200a234 00000000
9200a238 00000000
9200a23c 00000000
9200a240 00000000
9200a244 00000000
9200a248 00000000
9200a24c 00000000
9200a250 00000000
9200a254 00000000
9200a258 00000000
9200a25c 00000000
9200a260 00000000
9200a264 00000000
9200a268 00000000
9200a26c 00000000
9200a270 00000000
9200a274 00000000
9200a278 00000000
9200a27c 00000000
9200a280 00000000
9200a284 00000000
9200a288 00000000
9200a28c 00000000
9200a290 00000000
9200a294 00000000
9200a298 00000000
9200a29c 00000000
9200a2a0 00000000
9200a2a4 00000000
9200a2a8 00000000
9200a2ac 00000000
9200a2b0 00000000
9200a2b4 00000000
9200a2b8 00000000
9200a2bc 00000000
9200a2c0 00000000
9200a2c4 00000000
9200a2c8 00000000
9200a2cc 00000000
9200a2d0 00000000
9200a2d4 00000000
9200a2d8 00000000
9200a2dc 00000000
9200a2e0 00000000
9200a2e4 00000000
9200a2e8 00000000
9200a2ec 00000000
9200a2f0 00000000
9200a2f4 00000000
9200a2f8 00000000
9200a2fc 00000000
9200a300 00000000
9200a304 00000000
9200a308 00000000
9200a30c 00000000
9200a310 00000000
9200a314 00000000
9200a318 00000000
9200a31c 00000000
9200a320 00000000
9200a324 00000000
9200a328 00000000
9200a32c 00000000
9200a330 00000000
9200a334 00000000
9200a338 00000000
9200a33c 00000000
9200a340 00000000
9200a344 00000000
9200a348 00000000
9200a34c 00000000
9200a350 00000000
9200a354 00000000
9200a358 00000000
9200a35c 00000000
9200a360 00000000
9200a364 00000000
9200a368 00000000
9200a36c 00000000
9200a370 00000000
9200a374 00000000
9200a378 00000000
9200a37c 00000000
9200a380 00000000
9200a384 00000000
9200a388 00000000
9200a38c 00000000
9200a390 00000000
9200a394 00000000
9200a398 00000000
9200a39c 00000000
9200a3a0 00000000
9200a3a4 00000000
9200a3a8 00000000
9200a3ac 00000000
9200a3b0 00000000
9200a3b4 00000000
9200a3b8 00000000
9200a3bc 00000000
9200a3c0 00000000
9200a3c4 00000000
9200a3c8 00000000
9200a3cc 00000000
9200a3d0 00000000
9200a3d4 00000000
9200a3d8 00000000
9200a3dc 00000000
9200a3e0 00000000
9200a3e4 00000000
9200a3e8 00000000
9200a3ec 00000000
9200a3f0 00000000
9200a3f4 00000000
9200a3f8 00000000
9200a3fc 00000000
9200a400 00000000
9200a404 00000000
9200a408 00000000
9200a40c 00000000
9200a410 00000000
9200a414 00000000
9200a418 00000000
9200a41c 00000000
9200a420 00000000
9200a424 00000000
9200a428 00000000
9200a42c 00000000
9200a430 00000000
9200a434 00000000
9200a438 00000000
9200a43c 00000000
9200a440 00000000
9200a444 00000000
9200a448 00000000
9200a44c 00000000
9200a450 00000000
9200a454 00000000
9200a458 00000000
9200a45c 00000000
9200a460 00000000
9200a464 00000000
9200a468 00000000
9200a46c 00000000
9200a470 00000000
9200a474 00000000
9200a478 00000000
9200a47c 00000000
9200a480 00000000
9200a484 00000000
9200a488 00000000
9200a48c 00000000
9200a490 00000000
9200a494 00000000
9200a498 00000000
9200a49c 00000000
9200a4a0 00000000
9200a4a4 00000000
9200a4a8 00000000
9200a4ac 00000000
9200a4b0 00000000
9200a4b4 00000000
9200a4b8 00000000
9200a4bc 00000000
9200a4c0 00000000
9200a4c4 00000000
9200a4c8 00000000
9200a4cc 00000000
9200a4d0 00000000
9200a4d4 00000000
9200a4d8 00000000
9200a4dc 00000000
9200a4e0 00000000
9200a4e4 00000000
9200a4e8 00000000
9200a4ec 00000000
9200a4f0 00000000
9200a4f4 00000000
9200a4f8 00000000
9200a4fc 00000000
9200a500 00000000
9200a504 00000000
9200a508 00000000
9200a50c 00000000
9200a510 00000000
9200a514 00000000
9200a518 00000000
9200a51c 00000000
9200a520 00000000
9200a524 00000000
9200a528 00000000
9200a52c 00000000
9200a530 00000000
9200a534 00000000
9200a538 00000000
9200a53c 00000000
9200a540 00000000
9200a544 00000000
9200a548 00000000
9200a54c 00000000
9200a550 00000000
9200a554 00000000
9200a558 00000000
9200a55c 00000000
9200a560 00000000
9200a564 00000000
9200a568 00000000
9200a56c 00000000
9200a570 00000000
9200a574 00000000
9200a578 00000000
9200a57c 00000000
9200a580 00000000
9200a584 00000000
9200a588 00000000
9200a58c 00000000
9200a590 00000000
9200a594 00000000
9200a598 00000000
9200a59c 00000000
9200a5a0 00000000
9200a5a4 00000000
9200a5a8 00000000
9200a5ac 00000000
9200a5b0 00000000
9200a5b4 00000000
9200a5b8 00000000
9200a5bc 00000000
9200a5c0 00000000
9200a5c4 00000000
9200a5c8 00000000
9200a5cc 00000000
9200a5d0 00000000
9200a5d4 00000000
9200a5d8 00000000
9200a5dc 00000000
9200a5e0 00000000
9200a5e4 00000000
9200a5e8 00000000
9200a5ec 00000000
9200a5f0 00000000
9200a5f4 00000000
9200a5f8 00000000
9200a5fc 00000000
9200a600 00000000
9200a604 00000000
9200a608 00000000
9200a60c 00000000
9200a610 00000000
9200a614 00000000
9200a618 00000000
9200a61c 00000000
9200a620 00000000
9200a624 00000000
9200a628 00000000
9200a62c 00000000
9200a630 00000000
9200a634 00000000
9200a638 00000000
9200a63c 00000000
9200a640 00000000
9200a644 00000000
9200a648 00000000
9200a64c 00000000
9200a650 00000000
9200a654 00000000
9200a658 00000000
9200a65c 00000000
9200a660 00000000
9200a664 00000000
9200a668 00000000
9200a66c 00000000
9200a670 00000000
9200a674 00000000
9200a678 00000000
9200a67c 00000000
9200a680 00000000
9200a684 00000000
9200a688 00000000
9200a68c 00000000
9200a690 00000000
9200a694 00000000
9200a698 00000000
9200a69c 00000000
9200a6a0 00000000
9200a6a4 00000000
9200a6a8 00000000
9200a6ac 00000000
9200a6b0 00000000
9200a6b4 00000000
9200a6b8 00000000
9200a6bc 00000000
9200a6c0 00000000
9200a6c4 00000000
9200a6c8 00000000
9200a6cc 00000000
9200a6d0 00000000
9200a6d4 00000000
9200a6d8 00000000
9200a6dc 00000000
9200a6e0 00000000
9200a6e4 00000000
9200a6e8 00000000
9200a6ec 00000000
9200a6f0 00000000
9200a6f4 00000000
9200a6f8 00000000
9200a6fc 00000000
9200a700 00000000
9200a704 00000000
9200a708 00000000
9200a70c 00000000
9200a710 00000000
9200a714 00000000
9200a718 00000000
9200a71c 00000000
9200a720 00000000
9200a724 00000000
9200a728 00000000
9200a72c 00000000
9200a730 00000000
9200a734 00000000
9200a738 00000000
9200a73c 00000000
9200a740 00000000
9200a744 00000000
9200a748 00000000
9200a74c 00000000
9200a750 00000000
9200a754 00000000
9200a758 00000000
9200a75c 00000000
9200a760 00000000
9200a764 00000000
9200a768 00000000
9200a76c 00000000
9200a770 00000000
9200a774 00000000
9200a778 00000000
9200a77c 00000000
9200a780 00000000
9200a784 00000000
9200a788 00000000
9200a78c 00000000
9200a790 00000000
9200a794 00000000
9200a798 00000000
9200a79c 00000000
9200a7a0 00000000
9200a7a4 00000000
9200a7a8 00000000
9200a7ac 00000000
9200a7b0 00000000
9200a7b4 00000000
9200a7b8 00000000
9200a7bc 00000000
9200a7c0 00000000
9200a7c4 00000000
9200a7c8 00000000
9200a7cc 00000000
9200a7d0 00000000
9200a7d4 00000000
9200a7d8 00000000
9200a7dc 00000000
9200a7e0 00000000
9200a7e4 00000000
9200a7e8 00000000
9200a7ec 00000000
9200a7f0 00000000
9200a7f4 00000000
9200a7f8 00000000
9200a7fc 00000000
9200a800 00000000
9200a804 00000000
9200a808 00000000
9200a80c 00000000
9200a810 00000000
9200a814 00000000
9200a818 00000000
9200a81c 00000000
9200a820 00000000
9200a824 00000000
9200a828 00000000
9200a82c 00000000
9200a830 00000000
9200a834 00000000
9200a838 00000000
9200a83c 00000000
9200a840 00000000
9200a844 00000000
9200a848 00000000
9200a84c 00000000
9200a850 00000000
9200a854 00000000
9200a858 00000000
9200a85c 00000000
9200a860 00000000
9200a864 00000000
9200a868 00000000
9200a86c 00000000
9200a870 00000000
9200a874 00000000
9200a878 00000000
9200a87c 00000000
9200a880 00000000
9200a884 00000000
9200a888 00000000
9200a88c 00000000
9200a890 00000000
9200a894 00000000
9200a898 00000000
9200a89c 00000000
9200a8a0 00000000
9200a8a4 00000000
9200a8a8 00000000
9200a8ac 00000000
9200a8b0 00000000
9200a8b4 00000000
9200a8b8 00000000
9200a8bc 00000000
9200a8c0 00000000
9200a8c4 00000000
9200a8c8 00000000
9200a8cc 00000000
9200a8d0 00000000
9200a8d4 00000000
9200a8d8 00000000
9200a8dc 00000000
9200a8e0 00000000
9200a8e4 00000000
9200a8e8 00000000
9200a8ec 00000000
9200a8f0 00000000
9200a8f4 00000000
9200a8f8 00000000
9200a8fc 00000000
9200a900 00000000
9200a904 00000000
9200a908 00000000
9200a90c 00000000
9200a910 00000000
9200a914 00000000
9200a918 00000000
9200a91c 00000000
9200a920 00000000
9200a924 00000000
9200a928 00000000
9200a92c 00000000
9200a930 00000000
9200a934 00000000
9200a938 00000000
9200a93c 00000000
9200a940 00000000
9200a944 00000000
9200a948 00000000
9200a94c 00000000
9200a950 00000000
9200a954 00000000
9200a958 00000000
9200a95c 00000000
9200a960 00000000
9200a964 00000000
9200a968 00000000
9200a96c 00000000
9200a970 00000000
9200a974 00000000
9200a978 00000000
9200a97c 00000000
9200a980 00000000
9200a984 00000000
9200a988 00000000
9200a98c 00000000
9200a990 00000000
9200a994 00000000
9200a998 00000000
9200a99c 00000000
9200a9a0 00000000
9200a9a4 00000000
9200a9a8 00000000
9200a9ac 00000000
9200a9b0 00000000
9200a9b4 00000000
9200a9b8 00000000
9200a9bc 00000000
9200a9c0 00000000
9200a9c4 00000000
9200a9c8 00000000
9200a9cc 00000000
9200a9d0 00000000
9200a9d4 00000000
9200a9d8 00000000
9200a9dc 00000000
9200a9e0 00000000
9200a9e4 00000000
9200a9e8 00000000
9200a9ec 00000000
9200a9f0 00000000
9200a9f4 00000000
9200a9f8 00000000
9200a9fc 00000000
9200aa00 00000000
9200aa04 00000000
9200aa08 00000000
9200aa0c 00000000
9200aa10 00000000
9200aa14 00000000
9200aa18 00000000
9200aa1c 00000000
9200aa20 00000000
9200aa24 00000000
9200aa28 00000000
9200aa2c 00000000
9200aa30 00000000
9200aa34 00000000
9200aa38 00000000
9200aa3c 00000000
9200aa40 00000000
9200aa44 00000000
9200aa48 00000000
9200aa4c 00000000
9200aa50 00000000
9200aa54 00000000
9200aa58 00000000
9200aa5c 00000000
9200aa60 00000000
9200aa64 00000000
9200aa68 00000000
9200aa6c 00000000
9200aa70 00000000
9200aa74 00000000
9200aa78 00000000
9200aa7c 00000000
9200aa80 00000000
9200aa84 00000000
9200aa88 00000000
9200aa8c 00000000
9200aa90 00000000
9200aa94 00000000
9200aa98 00000000
9200aa9c 00000000
9200aaa0 00000000
9200aaa4 00000000
9200aaa8 00000000
9200aaac 00000000
9200aab0 00000000
9200aab4 00000000
9200aab8 00000000
9200aabc 00000000
9200aac0 00000000
9200aac4 00000000
9200aac8 00000000
9200aacc 00000000
9200aad0 00000000
9200aad4 00000000
9200aad8 00000000
9200aadc 00000000
9200aae0 00000000
9200aae4 00000000
9200aae8 00000000
9200aaec 00000000
9200aaf0 00000000
9200aaf4 00000000
9200aaf8 00000000
9200aafc 00000000
9200ab00 00000000
9200ab04 00000000
9200ab08 00000000
9200ab0c 00000000
9200ab10 00000000
9200ab14 00000000
9200ab18 00000000
9200ab1c 00000000
9200ab20 00000000
9200ab24 00000000
9200ab28 00000000
9200ab2c 00000000
9200ab30 00000000
9200ab34 00000000
9200ab38 00000000
9200ab3c 00000000
9200ab40 00000000
9200ab44 00000000
9200ab48 00000000
9200ab4c 00000000
9200ab50 00000000
9200ab54 00000000
9200ab58 00000000
9200ab5c 00000000
9200ab60 00000000
9200ab64 00000000
9200ab68 00000000
9200ab6c 00000000
9200ab70 00000000
9200ab74 00000000
9200ab78 00000000
9200ab7c 00000000
9200ab80 00000000
9200ab84 00000000
9200ab88 00000000
9200ab8c 00000000
9200ab90 00000000
9200ab94 00000000
9200ab98 00000000
9200ab9c 00000000
9200aba0 00000000
9200aba4 00000000
9200aba8 00000000
9200abac 00000000
9200abb0 00000000
9200abb4 00000000
9200abb8 00000000
9200abbc 00000000
9200abc0 00000000
9200abc4 00000000
9200abc8 00000000
9200abcc 00000000
9200abd0 00000000
9200abd4 00000000
9200abd8 00000000
9200abdc 00000000
9200abe0 00000000
9200abe4 00000000
9200abe8 00000000
9200abec 00000000
9200abf0 00000000
9200abf4 00000000
9200abf8 00000000
9200abfc 00000000
9200ac00 00000000
9200ac04 00000000
9200ac08 00000000
9200ac0c 00000000
9200ac10 00000000
9200ac14 00000000
9200ac18 00000000
9200ac1c 00000000
9200ac20 00000000
9200ac24 00000000
9200ac28 00000000
9200ac2c 00000000
9200ac30 00000000
9200ac34 00000000
9200ac38 00000000
9200ac3c 00000000
9200ac40 00000000
9200ac44 00000000
9200ac48 00000000
9200ac4c 00000000
9200ac50 00000000
9200ac54 00000000
9200ac58 00000000
9200ac5c 00000000
9200ac60 00000000
9200ac64 00000000
9200ac68 00000000
9200ac6c 00000000
9200ac70 00000000
9200ac74 00000000
9200ac78 00000000
9200ac7c 00000000
9200ac80 00000000
9200ac84 00000000
9200ac88 00000000
9200ac8c 00000000
9200ac90 00000000
9200ac94 00000000
9200ac98 00000000
9200ac9c 00000000
9200aca0 00000000
9200aca4 00000000
9200aca8 00000000
9200acac 00000000
9200acb0 00000000
9200acb4 00000000
9200acb8 00000000
9200acbc 00000000
9200acc0 00000000
9200acc4 00000000
9200acc8 00000000
9200accc 00000000
9200acd0 00000000
9200acd4 00000000
9200acd8 00000000
9200acdc 00000000
9200ace0 00000000
9200ace4 00000000
9200ace8 00000000
9200acec 00000000
9200acf0 00000000
9200acf4 00000000
9200acf8 00000000
9200acfc 00000000
9200ad00 00000000
9200ad04 00000000
9200ad08 00000000
9200ad0c 00000000
9200ad10 00000000
9200ad14 00000000
9200ad18 00000000
9200ad1c 00000000
9200ad20 00000000
9200ad24 00000000
9200ad28 00000000
9200ad2c 00000000
9200ad30 00000000
9200ad34 00000000
9200ad38 00000000
9200ad3c 00000000
9200ad40 00000000
9200ad44 00000000
9200ad48 00000000
9200ad4c 00000000
9200ad50 00000000
9200ad54 00000000
9200ad58 00000000
9200ad5c 00000000
9200ad60 00000000
9200ad64 00000000
9200ad68 00000000
9200ad6c 00000000
9200ad70 00000000
9200ad74 00000000
9200ad78 00000000
9200ad7c 00000000
9200ad80 00000000
9200ad84 00000000
9200ad88 00000000
9200ad8c 00000000
9200ad90 00000000
9200ad94 00000000
9200ad98 00000000
9200ad9c 00000000
9200ada0 00000000
9200ada4 00000000
9200ada8 00000000
9200adac 00000000
9200adb0 00000000
9200adb4 00000000
9200adb8 00000000
9200adbc 00000000
9200adc0 00000000
9200adc4 00000000
9200adc8 00000000
9200adcc 00000000
9200add0 00000000
9200add4 00000000
9200add8 00000000
9200addc 00000000
9200ade0 00000000
9200ade4 00000000
9200ade8 00000000
9200adec 00000000
9200adf0 00000000
9200adf4 00000000
9200adf8 00000000
9200adfc 00000000
9200ae00 00000000
9200ae04 00000000
9200ae08 00000000
9200ae0c 00000000
9200ae10 00000000
9200ae14 00000000
9200ae18 00000000
9200ae1c 00000000
9200ae20 00000000
9200ae24 00000000
9200ae28 00000000
9200ae2c 00000000
9200ae30 00000000
9200ae34 00000000
9200ae38 00000000
9200ae3c 00000000
9200ae40 00000000
9200ae44 00000000
9200ae48 00000000
9200ae4c 00000000
9200ae50 00000000
9200ae54 00000000
9200ae58 00000000
9200ae5c 00000000
9200ae60 00000000
9200ae64 00000000
9200ae68 00000000
9200ae6c 00000000
9200ae70 00000000
9200ae74 00000000
9200ae78 00000000
9200ae7c 00000000
9200ae80 00000000
9200ae84 00000000
9200ae88 00000000
9200ae8c 00000000
9200ae90 00000000
9200ae94 00000000
9200ae98 00000000
9200ae9c 00000000
9200aea0 00000000
9200aea4 00000000
9200aea8 00000000
9200aeac 00000000
9200aeb0 00000000
9200aeb4 00000000
9200aeb8 00000000
9200aebc 00000000
9200aec0 00000000
9200aec4 00000000
9200aec8 00000000
9200aecc 00000000
9200aed0 00000000
9200aed4 00000000
9200aed8 00000000
9200aedc 00000000
9200aee0 00000000
9200aee4 00000000
9200aee8 00000000
9200aeec 00000000
9200aef0 00000000
9200aef4 00000000
9200aef8 00000000
9200aefc 00000000
9200af00 00000000
9200af04 00000000
9200af08 00000000
9200af0c 00000000
9200af10 00000000
9200af14 00000000
9200af18 00000000
9200af1c 00000000
9200af20 00000000
9200af24 00000000
9200af28 00000000
9200af2c 00000000
9200af30 00000000
9200af34 00000000
9200af38 00000000
9200af3c 00000000
9200af40 00000000
9200af44 00000000
9200af48 00000000
9200af4c 00000000
9200af50 00000000
9200af54 00000000
9200af58 00000000
9200af5c 00000000
9200af60 00000000
9200af64 00000000
9200af68 00000000
9200af6c 00000000
9200af70 00000000
9200af74 00000000
9200af78 00000000
9200af7c 00000000
9200af80 00000000
9200af84 00000000
9200af88 00000000
9200af8c 00000000
9200af90 00000000
9200af94 00000000
9200af98 00000000
9200af9c 00000000
9200afa0 00000000
9200afa4 00000000
9200afa8 00000000
9200afac 00000000
9200afb0 00000000
9200afb4 00000000
9200afb8 00000000
9200afbc 00000000
9200afc0 00000000
9200afc4 00000000
9200afc8 00000000
9200afcc 00000000
9200afd0 00000000
9200afd4 00000000
9200afd8 00000000
9200afdc 00000000
9200afe0 00000000
9200afe4 00000000
9200afe8 00000000
9200afec 00000000
9200aff0 00000000
9200aff4 00000000
9200aff8 00000000
9200affc 00000000
9200b000 00000000
9200b004 00000000
9200b008 00000000
9200b00c 00000000
9200b010 00000000
9200b014 00000000
9200b018 00000000
9200b01c 00000000
9200b020 00000000
9200b024 00000000
9200b028 00000000
9200b02c 00000000
9200b030 00000000
9200b034 00000000
9200b038 00000000
9200b03c 00000000
9200b040 00000000
9200b044 00000000
9200b048 00000000
9200b04c 00000000
9200b050 00000000
9200b054 00000000
9200b058 00000000
9200b05c 00000000
9200b060 00000000
9200b064 00000000
9200b068 00000000
9200b06c 00000000
9200b070 00000000
9200b074 00000000
9200b078 00000000
9200b07c 00000000
9200b080 00000000
9200b084 00000000
9200b088 00000000
9200b08c 00000000
9200b090 00000000
9200b094 00000000
9200b098 00000000
9200b09c 00000000
9200b0a0 00000000
9200b0a4 00000000
9200b0a8 00000000
9200b0ac 00000000
9200b0b0 00000000
9200b0b4 00000000
9200b0b8 00000000
9200b0bc 00000000
9200b0c0 00000000
9200b0c4 00000000
9200b0c8 00000000
9200b0cc 00000000
9200b0d0 00000000
9200b0d4 00000000
9200b0d8 00000000
9200b0dc 00000000
9200b0e0 00000000
9200b0e4 00000000
9200b0e8 00000000
9200b0ec 00000000
9200b0f0 00000000
9200b0f4 00000000
9200b0f8 00000000
9200b0fc 00000000
9200b100 00000000
9200b104 00000000
9200b108 00000000
9200b10c 00000000
9200b110 00000000
9200b114 00000000
9200b118 00000000
9200b11c 00000000
9200b120 00000000
9200b124 00000000
9200b128 00000000
9200b12c 00000000
9200b130 00000000
9200b134 00000000
9200b138 00000000
9200b13c 00000000
9200b140 00000000
9200b144 00000000
9200b148 00000000
9200b14c 00000000
9200b150 00000000
9200b154 00000000
9200b158 00000000
9200b15c 00000000
9200b160 00000000
9200b164 00000000
9200b168 00000000
9200b16c 00000000
9200b170 00000000
9200b174 00000000
9200b178 00000000
9200b17c 00000000
9200b180 00000000
9200b184 00000000
9200b188 00000000
9200b18c 00000000
9200b190 00000000
9200b194 00000000
9200b198 00000000
9200b19c 00000000
9200b1a0 00000000
9200b1a4 00000000
9200b1a8 00000000
9200b1ac 00000000
9200b1b0 00000000
9200b1b4 00000000
9200b1b8 00000000
9200b1bc 00000000
9200b1c0 00000000
9200b1c4 00000000
9200b1c8 00000000
9200b1cc 00000000
9200b1d0 00000000
9200b1d4 00000000
9200b1d8 00000000
9200b1dc 00000000
9200b1e0 00000000
9200b1e4 00000000
9200b1e8 00000000
9200b1ec 00000000
9200b1f0 00000000
9200b1f4 00000000
9200b1f8 00000000
9200b1fc 00000000
9200b200 00000000
9200b204 00000000
9200b208 00000000
9200b20c 00000000
9200b210 00000000
9200b214 00000000
9200b218 00000000
9200b21c 00000000
9200b220 00000000
9200b224 00000000
9200b228 00000000
9200b22c 00000000
9200b230 00000000
9200b234 00000000
9200b238 00000000
9200b23c 00000000
9200b240 00000000
9200b244 00000000
9200b248 00000000
9200b24c 00000000
9200b250 00000000
9200b254 00000000
9200b258 00000000
9200b25c 00000000
9200b260 00000000
9200b264 00000000
9200b268 00000000
9200b26c 00000000
9200b270 00000000
9200b274 00000000
9200b278 00000000
9200b27c 00000000
9200b280 00000000
9200b284 00000000
9200b288 00000000
9200b28c 00000000
9200b290 00000000
9200b294 00000000
9200b298 00000000
9200b29c 00000000
9200b2a0 00000000
9200b2a4 00000000
9200b2a8 00000000
9200b2ac 00000000
9200b2b0 00000000
9200b2b4 00000000
9200b2b8 00000000
9200b2bc 00000000
9200b2c0 00000000
9200b2c4 00000000
9200b2c8 00000000
9200b2cc 00000000
9200b2d0 00000000
9200b2d4 00000000
9200b2d8 00000000
9200b2dc 00000000
9200b2e0 00000000
9200b2e4 00000000
9200b2e8 00000000
9200b2ec 00000000
9200b2f0 00000000
9200b2f4 00000000
9200b2f8 00000000
9200b2fc 00000000
9200b300 00000000
9200b304 00000000
9200b308 00000000
9200b30c 00000000
9200b310 00000000
9200b314 00000000
9200b318 00000000
9200b31c 00000000
9200b320 00000000
9200b324 00000000
9200b328 00000000
9200b32c 00000000
9200b330 00000000
9200b334 00000000
9200b338 00000000
9200b33c 00000000
9200b340 00000000
9200b344 00000000
9200b348 00000000
9200b34c 00000000
9200b350 00000000
9200b354 00000000
9200b358 00000000
9200b35c 00000000
9200b360 00000000
9200b364 00000000
9200b368 00000000
9200b36c 00000000
9200b370 00000000
9200b374 00000000
9200b378 00000000
9200b37c 00000000
9200b380 00000000
9200b384 00000000
9200b388 00000000
9200b38c 00000000
9200b390 00000000
9200b394 00000000
9200b398 00000000
9200b39c 00000000
9200b3a0 00000000
9200b3a4 00000000
9200b3a8 00000000
9200b3ac 00000000
9200b3b0 00000000
9200b3b4 00000000
9200b3b8 00000000
9200b3bc 00000000
9200b3c0 00000000
9200b3c4 00000000
9200b3c8 00000000
9200b3cc 00000000
9200b3d0 00000000
9200b3d4 00000000
9200b3d8 00000000
9200b3dc 00000000
9200b3e0 00000000
9200b3e4 00000000
9200b3e8 00000000
9200b3ec 00000000
9200b3f0 00000000
9200b3f4 00000000
9200b3f8 00000000
9200b3fc 00000000
9200b400 00000000
9200b404 00000000
9200b408 00000000
9200b40c 00000000
9200b410 00000000
9200b414 00000000
9200b418 00000000
9200b41c 00000000
9200b420 00000000
9200b424 00000000
9200b428 00000000
9200b42c 00000000
9200b430 00000000
9200b434 00000000
9200b438 00000000
9200b43c 00000000
9200b440 00000000
9200b444 00000000
9200b448 00000000
9200b44c 00000000
9200b450 00000000
9200b454 00000000
9200b458 00000000
9200b45c 00000000
9200b460 00000000
9200b464 00000000
9200b468 00000000
9200b46c 00000000
9200b470 00000000
9200b474 00000000
9200b478 00000000
9200b47c 00000000
9200b480 00000000
9200b484 00000000
9200b488 00000000
9200b48c 00000000
9200b490 00000000
9200b494 00000000
9200b498 00000000
9200b49c 00000000
9200b4a0 00000000
9200b4a4 00000000
9200b4a8 00000000
9200b4ac 00000000
9200b4b0 00000000
9200b4b4 00000000
9200b4b8 00000000
9200b4bc 00000000
9200b4c0 00000000
9200b4c4 00000000
9200b4c8 00000000
9200b4cc 00000000
9200b4d0 00000000
9200b4d4 00000000
9200b4d8 00000000
9200b4dc 00000000
9200b4e0 00000000
9200b4e4 00000000
9200b4e8 00000000
9200b4ec 00000000
9200b4f0 00000000
9200b4f4 00000000
9200b4f8 00000000
9200b4fc 00000000
9200b500 00000000
9200b504 00000000
9200b508 00000000
9200b50c 00000000
9200b510 00000000
9200b514 00000000
9200b518 00000000
9200b51c 00000000
9200b520 00000000
9200b524 00000000
9200b528 00000000
9200b52c 00000000
9200b530 00000000
9200b534 00000000
9200b538 00000000
9200b53c 00000000
9200b540 00000000
9200b544 00000000
9200b548 00000000
9200b54c 00000000
9200b550 00000000
9200b554 00000000
9200b558 00000000
9200b55c 00000000
9200b560 00000000
9200b564 00000000
9200b568 00000000
9200b56c 00000000
9200b570 00000000
9200b574 00000000
9200b578 00000000
9200b57c 00000000
9200b580 00000000
9200b584 00000000
9200b588 00000000
9200b58c 00000000
9200b590 00000000
9200b594 00000000
9200b598 00000000
9200b59c 00000000
9200b5a0 00000000
9200b5a4 00000000
9200b5a8 00000000
9200b5ac 00000000
9200b5b0 00000000
9200b5b4 00000000
9200b5b8 00000000
9200b5bc 00000000
9200b5c0 00000000
9200b5c4 00000000
9200b5c8 00000000
9200b5cc 00000000
9200b5d0 00000000
9200b5d4 00000000
9200b5d8 00000000
9200b5dc 00000000
9200b5e0 00000000
9200b5e4 00000000
9200b5e8 00000000
9200b5ec 00000000
9200b5f0 00000000
9200b5f4 00000000
9200b5f8 00000000
9200b5fc 00000000
9200b600 00000000
9200b604 00000000
9200b608 00000000
9200b60c 00000000
9200b610 00000000
9200b614 00000000
9200b618 00000000
9200b61c 00000000
9200b620 00000000
9200b624 00000000
9200b628 00000000
9200b62c 00000000
9200b630 00000000
9200b634 00000000
9200b638 00000000
9200b63c 00000000
9200b640 00000000
9200b644 00000000
9200b648 00000000
9200b64c 00000000
9200b650 00000000
9200b654 00000000
9200b658 00000000
9200b65c 00000000
9200b660 00000000
9200b664 00000000
9200b668 00000000
9200b66c 00000000
9200b670 00000000
9200b674 00000000
9200b678 00000000
9200b67c 00000000
9200b680 00000000
9200b684 00000000
9200b688 00000000
9200b68c 00000000
9200b690 00000000
9200b694 00000000
9200b698 00000000
9200b69c 00000000
9200b6a0 00000000
9200b6a4 00000000
9200b6a8 00000000
9200b6ac 00000000
9200b6b0 00000000
9200b6b4 00000000
9200b6b8 00000000
9200b6bc 00000000
9200b6c0 00000000
9200b6c4 00000000
9200b6c8 00000000
9200b6cc 00000000
9200b6d0 00000000
9200b6d4 00000000
9200b6d8 00000000
9200b6dc 00000000
9200b6e0 00000000
9200b6e4 00000000
9200b6e8 00000000
9200b6ec 00000000
9200b6f0 00000000
9200b6f4 00000000
9200b6f8 00000000
9200b6fc 00000000
9200b700 00000000
9200b704 00000000
9200b708 00000000
9200b70c 00000000
9200b710 00000000
9200b714 00000000
9200b718 00000000
9200b71c 00000000
9200b720 00000000
9200b724 00000000
9200b728 00000000
9200b72c 00000000
9200b730 00000000
9200b734 00000000
9200b738 00000000
9200b73c 00000000
9200b740 00000000
9200b744 00000000
9200b748 00000000
9200b74c 00000000
9200b750 00000000
9200b754 00000000
9200b758 00000000
9200b75c 00000000
9200b760 00000000
9200b764 00000000
9200b768 00000000
9200b76c 00000000
9200b770 00000000
9200b774 00000000
9200b778 00000000
9200b77c 00000000
9200b780 00000000
9200b784 00000000
9200b788 00000000
9200b78c 00000000
9200b790 00000000
9200b794 00000000
9200b798 00000000
9200b79c 00000000
9200b7a0 00000000
9200b7a4 00000000
9200b7a8 00000000
9200b7ac 00000000
9200b7b0 00000000
9200b7b4 00000000
9200b7b8 00000000
9200b7bc 00000000
9200b7c0 00000000
9200b7c4 00000000
9200b7c8 00000000
9200b7cc 00000000
9200b7d0 00000000
9200b7d4 00000000
9200b7d8 00000000
9200b7dc 00000000
9200b7e0 00000000
9200b7e4 00000000
9200b7e8 00000000
9200b7ec 00000000
9200b7f0 00000000
9200b7f4 00000000
9200b7f8 00000000
9200b7fc 00000000
9200b800 00000000
9200b804 00000000
9200b808 00000000
9200b80c 00000000
9200b810 00000000
9200b814 00000000
9200b818 00000000
9200b81c 00000000
9200b820 00000000
9200b824 00000000
9200b828 00000000
9200b82c 00000000
9200b830 00000000
9200b834 00000000
9200b838 00000000
9200b83c 00000000
9200b840 00000000
9200b844 00000000
9200b848 00000000
9200b84c 00000000
9200b850 00000000
9200b854 00000000
9200b858 00000000
9200b85c 00000000
9200b860 00000000
9200b864 00000000
9200b868 00000000
9200b86c 00000000
9200b870 00000000
9200b874 00000000
9200b878 00000000
9200b87c 00000000
9200b880 00000000
9200b884 00000000
9200b888 00000000
9200b88c 00000000
9200b890 00000000
9200b894 00000000
9200b898 00000000
9200b89c 00000000
9200b8a0 00000000
9200b8a4 00000000
9200b8a8 00000000
9200b8ac 00000000
9200b8b0 00000000
9200b8b4 00000000
9200b8b8 00000000
9200b8bc 00000000
9200b8c0 00000000
9200b8c4 00000000
9200b8c8 00000000
9200b8cc 00000000
9200b8d0 00000000
9200b8d4 00000000
9200b8d8 00000000
9200b8dc 00000000
9200b8e0 00000000
9200b8e4 00000000
9200b8e8 00000000
9200b8ec 00000000
9200b8f0 00000000
9200b8f4 00000000
9200b8f8 00000000
9200b8fc 00000000
9200b900 00000000
9200b904 00000000
9200b908 00000000
9200b90c 00000000
9200b910 00000000
9200b914 00000000
9200b918 00000000
9200b91c 00000000
9200b920 00000000
9200b924 00000000
9200b928 00000000
9200b92c 00000000
9200b930 00000000
9200b934 00000000
9200b938 00000000
9200b93c 00000000
9200b940 00000000
9200b944 00000000
9200b948 00000000
9200b94c 00000000
9200b950 00000000
9200b954 00000000
9200b958 00000000
9200b95c 00000000
9200b960 00000000
9200b964 00000000
9200b968 00000000
9200b96c 00000000
9200b970 00000000
9200b974 00000000
9200b978 00000000
9200b97c 00000000
9200b980 00000000
9200b984 00000000
9200b988 00000000
9200b98c 00000000
9200b990 00000000
9200b994 00000000
9200b998 00000000
9200b99c 00000000
9200b9a0 00000000
9200b9a4 00000000
9200b9a8 00000000
9200b9ac 00000000
9200b9b0 00000000
9200b9b4 00000000
9200b9b8 00000000
9200b9bc 00000000
9200b9c0 00000000
9200b9c4 00000000
9200b9c8 00000000
9200b9cc 00000000
9200b9d0 00000000
9200b9d4 00000000
9200b9d8 00000000
9200b9dc 00000000
9200b9e0 00000000
9200b9e4 00000000
9200b9e8 00000000
9200b9ec 00000000
9200b9f0 00000000
9200b9f4 00000000
9200b9f8 00000000
9200b9fc 00000000
9200ba00 00000000
9200ba04 00000000
9200ba08 00000000
9200ba0c 00000000
9200ba10 00000000
9200ba14 00000000
9200ba18 00000000
9200ba1c 00000000
9200ba20 00000000
9200ba24 00000000
9200ba28 00000000
9200ba2c 00000000
9200ba30 00000000
9200ba34 00000000
9200ba38 00000000
9200ba3c 00000000
9200ba40 00000000
9200ba44 00000000
9200ba48 00000000
9200ba4c 00000000
9200ba50 00000000
9200ba54 00000000
9200ba58 00000000
9200ba5c 00000000
9200ba60 00000000
9200ba64 00000000
9200ba68 00000000
9200ba6c 00000000
9200ba70 00000000
9200ba74 00000000
9200ba78 00000000
9200ba7c 00000000
9200ba80 00000000
9200ba84 00000000
9200ba88 00000000
9200ba8c 00000000
9200ba90 00000000
9200ba94 00000000
9200ba98 00000000
9200ba9c 00000000
9200baa0 00000000
9200baa4 00000000
9200baa8 00000000
9200baac 00000000
9200bab0 00000000
9200bab4 00000000
9200bab8 00000000
9200babc 00000000
9200bac0 00000000
9200bac4 00000000
9200bac8 00000000
9200bacc 00000000
9200bad0 00000000
9200bad4 00000000
9200bad8 00000000
9200badc 00000000
9200bae0 00000000
9200bae4 00000000
9200bae8 00000000
9200baec 00000000
9200baf0 00000000
9200baf4 00000000
9200baf8 00000000
9200bafc 00000000
9200bb00 00000000
9200bb04 00000000
9200bb08 00000000
9200bb0c 00000000
9200bb10 00000000
9200bb14 00000000
9200bb18 00000000
9200bb1c 00000000
9200bb20 00000000
9200bb24 00000000
9200bb28 00000000
9200bb2c 00000000
9200bb30 00000000
9200bb34 00000000
9200bb38 00000000
9200bb3c 00000000
9200bb40 00000000
9200bb44 00000000
9200bb48 00000000
9200bb4c 00000000
9200bb50 00000000
9200bb54 00000000
9200bb58 00000000
9200bb5c 00000000
9200bb60 00000000
9200bb64 00000000
9200bb68 00000000
9200bb6c 00000000
9200bb70 00000000
9200bb74 00000000
9200bb78 00000000
9200bb7c 00000000
9200bb80 00000000
9200bb84 00000000
9200bb88 00000000
9200bb8c 00000000
9200bb90 00000000
9200bb94 00000000
9200bb98 00000000
9200bb9c 00000000
9200bba0 00000000
9200bba4 00000000
9200bba8 00000000
9200bbac 00000000
9200bbb0 00000000
9200bbb4 00000000
9200bbb8 00000000
9200bbbc 00000000
9200bbc0 00000000
9200bbc4 00000000
9200bbc8 00000000
9200bbcc 00000000
9200bbd0 00000000
9200bbd4 00000000
9200bbd8 00000000
9200bbdc 00000000
9200bbe0 00000000
9200bbe4 00000000
9200bbe8 00000000
9200bbec 00000000
9200bbf0 00000000
9200bbf4 00000000
9200bbf8 00000000
9200bbfc 00000000
9200bc00 00000000
9200bc04 00000000
9200bc08 00000000
9200bc0c 00000000
9200bc10 00000000
9200bc14 00000000
9200bc18 00000000
9200bc1c 00000000
9200bc20 00000000
9200bc24 00000000
9200bc28 00000000
9200bc2c 00000000
9200bc30 00000000
9200bc34 00000000
9200bc38 00000000
9200bc3c 00000000
9200bc40 00000000
9200bc44 00000000
9200bc48 00000000
9200bc4c 00000000
9200bc50 00000000
9200bc54 00000000
9200bc58 00000000
9200bc5c 00000000
9200bc60 00000000
9200bc64 00000000
9200bc68 00000000
9200bc6c 00000000
9200bc70 00000000
9200bc74 00000000
9200bc78 00000000
9200bc7c 00000000
9200bc80 00000000
9200bc84 00000000
9200bc88 00000000
9200bc8c 00000000
9200bc90 00000000
9200bc94 00000000
9200bc98 00000000
9200bc9c 00000000
9200bca0 00000000
9200bca4 00000000
9200bca8 00000000
9200bcac 00000000
9200bcb0 00000000
9200bcb4 00000000
9200bcb8 00000000
9200bcbc 00000000
9200bcc0 00000000
9200bcc4 00000000
9200bcc8 00000000
9200bccc 00000000
9200bcd0 00000000
9200bcd4 00000000
9200bcd8 00000000
9200bcdc 00000000
9200bce0 00000000
9200bce4 00000000
9200bce8 00000000
9200bcec 00000000
9200bcf0 00000000
9200bcf4 00000000
9200bcf8 00000000
9200bcfc 00000000
9200bd00 00000000
9200bd04 00000000
9200bd08 00000000
9200bd0c 00000000
9200bd10 00000000
9200bd14 00000000
9200bd18 00000000
9200bd1c 00000000
9200bd20 00000000
9200bd24 00000000
9200bd28 00000000
9200bd2c 00000000
9200bd30 00000000
9200bd34 00000000
9200bd38 00000000
9200bd3c 00000000
9200bd40 00000000
9200bd44 00000000
9200bd48 00000000
9200bd4c 00000000
9200bd50 00000000
9200bd54 00000000
9200bd58 00000000
9200bd5c 00000000
9200bd60 00000000
9200bd64 00000000
9200bd68 00000000
9200bd6c 00000000
9200bd70 00000000
9200bd74 00000000
9200bd78 00000000
9200bd7c 00000000
9200bd80 00000000
9200bd84 00000000
9200bd88 00000000
9200bd8c 00000000
9200bd90 00000000
9200bd94 00000000
9200bd98 00000000
9200bd9c 00000000
9200bda0 00000000
9200bda4 00000000
9200bda8 00000000
9200bdac 00000000
9200bdb0 00000000
9200bdb4 00000000
9200bdb8 00000000
9200bdbc 00000000
9200bdc0 00000000
9200bdc4 00000000
9200bdc8 00000000
9200bdcc 00000000
9200bdd0 00000000
9200bdd4 00000000
9200bdd8 00000000
9200bddc 00000000
9200bde0 00000000
9200bde4 00000000
9200bde8 00000000
9200bdec 00000000
9200bdf0 00000000
9200bdf4 00000000
9200bdf8 00000000
9200bdfc 00000000
9200be00 00000000
9200be04 00000000
9200be08 00000000
9200be0c 00000000
9200be10 00000000
9200be14 00000000
9200be18 00000000
9200be1c 00000000
9200be20 00000000
9200be24 00000000
9200be28 00000000
9200be2c 00000000
9200be30 00000000
9200be34 00000000
9200be38 00000000
9200be3c 00000000
9200be40 00000000
9200be44 00000000
9200be48 00000000
9200be4c 00000000
9200be50 00000000
9200be54 00000000
9200be58 00000000
9200be5c 00000000
9200be60 00000000
9200be64 00000000
9200be68 00000000
9200be6c 00000000
9200be70 00000000
9200be74 00000000
9200be78 00000000
9200be7c 00000000
9200be80 00000000
9200be84 00000000
9200be88 00000000
9200be8c 00000000
9200be90 00000000
9200be94 00000000
9200be98 00000000
9200be9c 00000000
9200bea0 00000000
9200bea4 00000000
9200bea8 00000000
9200beac 00000000
9200beb0 00000000
9200beb4 00000000
9200beb8 00000000
9200bebc 00000000
9200bec0 00000000
9200bec4 00000000
9200bec8 00000000
9200becc 00000000
9200bed0 00000000
9200bed4 00000000
9200bed8 00000000
9200bedc 00000000
9200bee0 00000000
9200bee4 00000000
9200bee8 00000000
9200beec 00000000
9200bef0 00000000
9200bef4 00000000
9200bef8 00000000
9200befc 00000000
9200bf00 00000000
9200bf04 00000000
9200bf08 00000000
9200bf0c 00000000
9200bf10 00000000
9200bf14 00000000
9200bf18 00000000
9200bf1c 00000000
9200bf20 00000000
9200bf24 00000000
9200bf28 00000000
9200bf2c 00000000
9200bf30 00000000
9200bf34 00000000
9200bf38 00000000
9200bf3c 00000000
9200bf40 00000000
9200bf44 00000000
9200bf48 00000000
9200bf4c 00000000
9200bf50 00000000
9200bf54 00000000
9200bf58 00000000
9200bf5c 00000000
9200bf60 00000000
9200bf64 00000000
9200bf68 00000000
9200bf6c 00000000
9200bf70 00000000
9200bf74 00000000
9200bf78 00000000
9200bf7c 00000000
9200bf80 00000000
9200bf84 00000000
9200bf88 00000000
9200bf8c 00000000
9200bf90 00000000
9200bf94 00000000
9200bf98 00000000
9200bf9c 00000000
9200bfa0 00000000
9200bfa4 00000000
9200bfa8 00000000
9200bfac 00000000
9200bfb0 00000000
9200bfb4 00000000
9200bfb8 00000000
9200bfbc 00000000
9200bfc0 00000000
9200bfc4 00000000
9200bfc8 00000000
9200bfcc 00000000
9200bfd0 00000000
9200bfd4 00000000
9200bfd8 00000000
9200bfdc 00000000
9200bfe0 00000000
9200bfe4 00000000
9200bfe8 00000000
9200bfec 00000000
9200bff0 00000000
9200bff4 00000000
9200bff8 00000000
9200bffc 00000000
9200c000 00000000
9200c004 00000000
9200c008 00000000
9200c00c 00000000
9200c010 00000000
9200c014 00000000
9200c018 00000000
9200c01c 00000000
9200c020 00000000
9200c024 00000000
9200c028 00000000
9200c02c 00000000
9200c030 00000000
9200c034 00000000
9200c038 00000000
9200c03c 00000000
9200c040 00000000
9200c044 00000000
9200c048 00000000
9200c04c 00000000
9200c050 00000000
9200c054 00000000
9200c058 00000000
9200c05c 00000000
9200c060 00000000
9200c064 00000000
9200c068 00000000
9200c06c 00000000
9200c070 00000000
9200c074 00000000
9200c078 00000000
9200c07c 00000000
9200c080 00000000
9200c084 00000000
9200c088 00000000
9200c08c 00000000
9200c090 00000000
9200c094 00000000
9200c098 00000000
9200c09c 00000000
9200c0a0 00000000
9200c0a4 00000000
9200c0a8 00000000
9200c0ac 00000000
9200c0b0 00000000
9200c0b4 00000000
9200c0b8 00000000
9200c0bc 00000000
9200c0c0 00000000
9200c0c4 00000000
9200c0c8 00000000
9200c0cc 00000000
9200c0d0 00000000
9200c0d4 00000000
9200c0d8 00000000
9200c0dc 00000000
9200c0e0 00000000
9200c0e4 00000000
9200c0e8 00000000
9200c0ec 00000000
9200c0f0 00000000
9200c0f4 00000000
9200c0f8 00000000
9200c0fc 00000000
9200c100 00000000
9200c104 00000000
9200c108 00000000
9200c10c 00000000
9200c110 00000000
9200c114 00000000
9200c118 00000000
9200c11c 00000000
9200c120 00000000
9200c124 00000000
9200c128 00000000
9200c12c 00000000
9200c130 00000000
9200c134 00000000
9200c138 00000000
9200c13c 00000000
9200c140 00000000
9200c144 00000000
9200c148 00000000
9200c14c 00000000
9200c150 00000000
9200c154 00000000
9200c158 00000000
9200c15c 00000000
9200c160 00000000
9200c164 00000000
9200c168 00000000
9200c16c 00000000
9200c170 00000000
9200c174 00000000
9200c178 00000000
9200c17c 00000000
9200c180 00000000
9200c184 00000000
9200c188 00000000
9200c18c 00000000
9200c190 00000000
9200c194 00000000
9200c198 00000000
9200c19c 00000000
9200c1a0 00000000
9200c1a4 00000000
9200c1a8 00000000
9200c1ac 00000000
9200c1b0 00000000
9200c1b4 00000000
9200c1b8 00000000
9200c1bc 00000000
9200c1c0 00000000
9200c1c4 00000000
9200c1c8 00000000
9200c1cc 00000000
9200c1d0 00000000
9200c1d4 00000000
9200c1d8 00000000
9200c1dc 00000000
9200c1e0 00000000
9200c1e4 00000000
9200c1e8 00000000
9200c1ec 00000000
9200c1f0 00000000
9200c1f4 00000000
9200c1f8 00000000
9200c1fc 00000000
9200c200 00000000
9200c204 00000000
9200c208 00000000
9200c20c 00000000
9200c210 00000000
9200c214 00000000
9200c218 00000000
9200c21c 00000000
9200c220 00000000
9200c224 00000000
9200c228 00000000
9200c22c 00000000
9200c230 00000000
9200c234 00000000
9200c238 00000000
9200c23c 00000000
9200c240 00000000
9200c244 00000000
9200c248 00000000
9200c24c 00000000
9200c250 00000000
9200c254 00000000
9200c258 00000000
9200c25c 00000000
9200c260 00000000
9200c264 00000000
9200c268 00000000
9200c26c 00000000
9200c270 00000000
9200c274 00000000
9200c278 00000000
9200c27c 00000000
9200c280 00000000
9200c284 00000000
9200c288 00000000
9200c28c 00000000
9200c290 00000000
9200c294 00000000
9200c298 00000000
9200c29c 00000000
9200c2a0 00000000
9200c2a4 00000000
9200c2a8 00000000
9200c2ac 00000000
9200c2b0 00000000
9200c2b4 00000000
9200c2b8 00000000
9200c2bc 00000000
9200c2c0 00000000
9200c2c4 00000000
9200c2c8 00000000
9200c2cc 00000000
9200c2d0 00000000
9200c2d4 00000000
9200c2d8 00000000
9200c2dc 00000000
9200c2e0 00000000
9200c2e4 00000000
9200c2e8 00000000
9200c2ec 00000000
9200c2f0 00000000
9200c2f4 00000000
9200c2f8 00000000
9200c2fc 00000000
9200c300 00000000
9200c304 00000000
9200c308 00000000
9200c30c 00000000
9200c310 00000000
9200c314 00000000
9200c318 00000000
9200c31c 00000000
9200c320 00000000
9200c324 00000000
9200c328 00000000
9200c32c 00000000
9200c330 00000000
9200c334 00000000
9200c338 00000000
9200c33c 00000000
9200c340 00000000
9200c344 00000000
9200c348 00000000
9200c34c 00000000
9200c350 00000000
9200c354 00000000
9200c358 00000000
9200c35c 00000000
9200c360 00000000
9200c364 00000000
9200c368 00000000
9200c36c 00000000
9200c370 00000000
9200c374 00000000
9200c378 00000000
9200c37c 00000000
9200c380 00000000
9200c384 00000000
9200c388 00000000
9200c38c 00000000
9200c390 00000000
9200c394 00000000
9200c398 00000000
9200c39c 00000000
9200c3a0 00000000
9200c3a4 00000000
9200c3a8 00000000
9200c3ac 00000000
9200c3b0 00000000
9200c3b4 00000000
9200c3b8 00000000
9200c3bc 00000000
9200c3c0 00000000
9200c3c4 00000000
9200c3c8 00000000
9200c3cc 00000000
9200c3d0 00000000
9200c3d4 00000000
9200c3d8 00000000
9200c3dc 00000000
9200c3e0 00000000
9200c3e4 00000000
9200c3e8 00000000
9200c3ec 00000000
9200c3f0 00000000
9200c3f4 00000000
9200c3f8 00000000
9200c3fc 00000000
9200c400 00000000
9200c404 00000000
9200c408 00000000
9200c40c 00000000
9200c410 00000000
9200c414 00000000
9200c418 00000000
9200c41c 00000000
9200c420 00000000
9200c424 00000000
9200c428 00000000
9200c42c 00000000
9200c430 00000000
9200c434 00000000
9200c438 00000000
9200c43c 00000000
9200c440 00000000
9200c444 00000000
9200c448 00000000
9200c44c 00000000
9200c450 00000000
9200c454 00000000
9200c458 00000000
9200c45c 00000000
9200c460 00000000
9200c464 00000000
9200c468 00000000
9200c46c 00000000
9200c470 00000000
9200c474 00000000
9200c478 00000000
9200c47c 00000000
9200c480 00000000
9200c484 00000000
9200c488 00000000
9200c48c 00000000
9200c490 00000000
9200c494 00000000
9200c498 00000000
9200c49c 00000000
9200c4a0 00000000
9200c4a4 00000000
9200c4a8 00000000
9200c4ac 00000000
9200c4b0 00000000
9200c4b4 00000000
9200c4b8 00000000
9200c4bc 00000000
9200c4c0 00000000
9200c4c4 00000000
9200c4c8 00000000
9200c4cc 00000000
9200c4d0 00000000
9200c4d4 00000000
9200c4d8 00000000
9200c4dc 00000000
9200c4e0 00000000
9200c4e4 00000000
9200c4e8 00000000
9200c4ec 00000000
9200c4f0 00000000
9200c4f4 00000000
9200c4f8 00000000
9200c4fc 00000000
9200c500 00000000
9200c504 00000000
9200c508 00000000
9200c50c 00000000
9200c510 00000000
9200c514 00000000
9200c518 00000000
9200c51c 00000000
9200c520 00000000
9200c524 00000000
9200c528 00000000
9200c52c 00000000
9200c530 00000000
9200c534 00000000
9200c538 00000000
9200c53c 00000000
9200c540 00000000
9200c544 00000000
9200c548 00000000
9200c54c 00000000
9200c550 00000000
9200c554 00000000
9200c558 00000000
9200c55c 00000000
9200c560 00000000
9200c564 00000000
9200c568 00000000
9200c56c 00000000
9200c570 00000000
9200c574 00000000
9200c578 00000000
9200c57c 00000000
9200c580 00000000
9200c584 00000000
9200c588 00000000
9200c58c 00000000
9200c590 00000000
9200c594 00000000
9200c598 00000000
9200c59c 00000000
9200c5a0 00000000
9200c5a4 00000000
9200c5a8 00000000
9200c5ac 00000000
9200c5b0 00000000
9200c5b4 00000000
9200c5b8 00000000
9200c5bc 00000000
9200c5c0 00000000
9200c5c4 00000000
9200c5c8 00000000
9200c5cc 00000000
9200c5d0 00000000
9200c5d4 00000000
9200c5d8 00000000
9200c5dc 00000000
9200c5e0 00000000
9200c5e4 00000000
9200c5e8 00000000
9200c5ec 00000000
9200c5f0 00000000
9200c5f4 00000000
9200c5f8 00000000
9200c5fc 00000000
9200c600 00000000
9200c604 00000000
9200c608 00000000
9200c60c 00000000
9200c610 00000000
9200c614 00000000
9200c618 00000000
9200c61c 00000000
9200c620 00000000
9200c624 00000000
9200c628 00000000
9200c62c 00000000
9200c630 00000000
9200c634 00000000
9200c638 00000000
9200c63c 00000000
9200c640 00000000
9200c644 00000000
9200c648 00000000
9200c64c 00000000
9200c650 00000000
9200c654 00000000
9200c658 00000000
9200c65c 00000000
9200c660 00000000
9200c664 00000000
9200c668 00000000
9200c66c 00000000
9200c670 00000000
9200c674 00000000
9200c678 00000000
9200c67c 00000000
9200c680 00000000
9200c684 00000000
9200c688 00000000
9200c68c 00000000
9200c690 00000000
9200c694 00000000
9200c698 00000000
9200c69c 00000000
9200c6a0 00000000
9200c6a4 00000000
9200c6a8 00000000
9200c6ac 00000000
9200c6b0 00000000
9200c6b4 00000000
9200c6b8 00000000
9200c6bc 00000000
9200c6c0 00000000
9200c6c4 00000000
9200c6c8 00000000
9200c6cc 00000000
9200c6d0 00000000
9200c6d4 00000000
9200c6d8 00000000
9200c6dc 00000000
9200c6e0 00000000
9200c6e4 00000000
9200c6e8 00000000
9200c6ec 00000000
9200c6f0 00000000
9200c6f4 00000000
9200c6f8 00000000
9200c6fc 00000000
9200c700 00000000
9200c704 00000000
9200c708 00000000
9200c70c 00000000
9200c710 00000000
9200c714 00000000
9200c718 00000000
9200c71c 00000000
9200c720 00000000
9200c724 00000000
9200c728 00000000
9200c72c 00000000
9200c730 00000000
9200c734 00000000
9200c738 00000000
9200c73c 00000000
9200c740 00000000
9200c744 00000000
9200c748 00000000
9200c74c 00000000
9200c750 00000000
9200c754 00000000
9200c758 00000000
9200c75c 00000000
9200c760 00000000
9200c764 00000000
9200c768 00000000
9200c76c 00000000
9200c770 00000000
9200c774 00000000
9200c778 00000000
9200c77c 00000000
9200c780 00000000
9200c784 00000000
9200c788 00000000
9200c78c 00000000
9200c790 00000000
9200c794 00000000
9200c798 00000000
9200c79c 00000000
9200c7a0 00000000
9200c7a4 00000000
9200c7a8 00000000
9200c7ac 00000000
9200c7b0 00000000
9200c7b4 00000000
9200c7b8 00000000
9200c7bc 00000000
9200c7c0 00000000
9200c7c4 00000000
9200c7c8 00000000
9200c7cc 00000000
9200c7d0 00000000
9200c7d4 00000000
9200c7d8 00000000
9200c7dc 00000000
9200c7e0 00000000
9200c7e4 00000000
9200c7e8 00000000
9200c7ec 00000000
9200c7f0 00000000
9200c7f4 00000000
9200c7f8 00000000
9200c7fc 00000000
9200c800 00000000
9200c804 00000000
9200c808 00000000
9200c80c 00000000
9200c810 00000000
9200c814 00000000
9200c818 00000000
9200c81c 00000000
9200c820 00000000
9200c824 00000000
9200c828 00000000
9200c82c 00000000
9200c830 00000000
9200c834 00000000
9200c838 00000000
9200c83c 00000000
9200c840 00000000
9200c844 00000000
9200c848 00000000
9200c84c 00000000
9200c850 00000000
9200c854 00000000
9200c858 00000000
9200c85c 00000000
9200c860 00000000
9200c864 00000000
9200c868 00000000
9200c86c 00000000
9200c870 00000000
9200c874 00000000
9200c878 00000000
9200c87c 00000000
9200c880 00000000
9200c884 00000000
9200c888 00000000
9200c88c 00000000
9200c890 00000000
9200c894 00000000
9200c898 00000000
9200c89c 00000000
9200c8a0 00000000
9200c8a4 00000000
9200c8a8 00000000
9200c8ac 00000000
9200c8b0 00000000
9200c8b4 00000000
9200c8b8 00000000
9200c8bc 00000000
9200c8c0 00000000
9200c8c4 00000000
9200c8c8 00000000
9200c8cc 00000000
9200c8d0 00000000
9200c8d4 00000000
9200c8d8 00000000
9200c8dc 00000000
9200c8e0 00000000
9200c8e4 00000000
9200c8e8 00000000
9200c8ec 00000000
9200c8f0 00000000
9200c8f4 00000000
9200c8f8 00000000
9200c8fc 00000000
9200c900 00000000
9200c904 00000000
9200c908 00000000
9200c90c 00000000
9200c910 00000000
9200c914 00000000
9200c918 00000000
9200c91c 00000000
9200c920 00000000
9200c924 00000000
9200c928 00000000
9200c92c 00000000
9200c930 00000000
9200c934 00000000
9200c938 00000000
9200c93c 00000000
9200c940 00000000
9200c944 00000000
9200c948 00000000
9200c94c 00000000
9200c950 00000000
9200c954 00000000
9200c958 00000000
9200c95c 00000000
9200c960 00000000
9200c964 00000000
9200c968 00000000
9200c96c 00000000
9200c970 00000000
9200c974 00000000
9200c978 00000000
9200c97c 00000000
9200c980 00000000
9200c984 00000000
9200c988 00000000
9200c98c 00000000
9200c990 00000000
9200c994 00000000
9200c998 00000000
9200c99c 00000000
9200c9a0 00000000
9200c9a4 00000000
9200c9a8 00000000
9200c9ac 00000000
9200c9b0 00000000
9200c9b4 00000000
9200c9b8 00000000
9200c9bc 00000000
9200c9c0 00000000
9200c9c4 00000000
9200c9c8 00000000
9200c9cc 00000000
9200c9d0 00000000
9200c9d4 00000000
9200c9d8 00000000
9200c9dc 00000000
9200c9e0 00000000
9200c9e4 00000000
9200c9e8 00000000
9200c9ec 00000000
9200c9f0 00000000
9200c9f4 00000000
9200c9f8 00000000
9200c9fc 00000000
9200ca00 00000000
9200ca04 00000000
9200ca08 00000000
9200ca0c 00000000
9200ca10 00000000
9200ca14 00000000
9200ca18 00000000
9200ca1c 00000000
9200ca20 00000000
9200ca24 00000000
9200ca28 00000000
9200ca2c 00000000
9200ca30 00000000
9200ca34 00000000
9200ca38 00000000
9200ca3c 00000000
9200ca40 00000000
9200ca44 00000000
9200ca48 00000000
9200ca4c 00000000
9200ca50 00000000
9200ca54 00000000
9200ca58 00000000
9200ca5c 00000000
9200ca60 00000000
9200ca64 00000000
9200ca68 00000000
9200ca6c 00000000
9200ca70 00000000
9200ca74 00000000
9200ca78 00000000
9200ca7c 00000000
9200ca80 00000000
9200ca84 00000000
9200ca88 00000000
9200ca8c 00000000
9200ca90 00000000
9200ca94 00000000
9200ca98 00000000
9200ca9c 00000000
9200caa0 00000000
9200caa4 00000000
9200caa8 00000000
9200caac 00000000
9200cab0 00000000
9200cab4 00000000
9200cab8 00000000
9200cabc 00000000
9200cac0 00000000
9200cac4 00000000
9200cac8 00000000
9200cacc 00000000
9200cad0 00000000
9200cad4 00000000
9200cad8 00000000
9200cadc 00000000
9200cae0 00000000
9200cae4 00000000
9200cae8 00000000
9200caec 00000000
9200caf0 00000000
9200caf4 00000000
9200caf8 00000000
9200cafc 00000000
9200cb00 00000000
9200cb04 00000000
9200cb08 00000000
9200cb0c 00000000
9200cb10 00000000
9200cb14 00000000
9200cb18 00000000
9200cb1c 00000000
9200cb20 00000000
9200cb24 00000000
9200cb28 00000000
9200cb2c 00000000
9200cb30 00000000
9200cb34 00000000
9200cb38 00000000
9200cb3c 00000000
9200cb40 00000000
9200cb44 00000000
9200cb48 00000000
9200cb4c 00000000
9200cb50 00000000
9200cb54 00000000
9200cb58 00000000
9200cb5c 00000000
9200cb60 00000000
9200cb64 00000000
9200cb68 00000000
9200cb6c 00000000
9200cb70 00000000
9200cb74 00000000
9200cb78 00000000
9200cb7c 00000000
9200cb80 00000000
9200cb84 00000000
9200cb88 00000000
9200cb8c 00000000
9200cb90 00000000
9200cb94 00000000
9200cb98 00000000
9200cb9c 00000000
9200cba0 00000000
9200cba4 00000000
9200cba8 00000000
9200cbac 00000000
9200cbb0 00000000
9200cbb4 00000000
9200cbb8 00000000
9200cbbc 00000000
9200cbc0 00000000
9200cbc4 00000000
9200cbc8 00000000
9200cbcc 00000000
9200cbd0 00000000
9200cbd4 00000000
9200cbd8 00000000
9200cbdc 00000000
9200cbe0 00000000
9200cbe4 00000000
9200cbe8 00000000
9200cbec 00000000
9200cbf0 00000000
9200cbf4 00000000
9200cbf8 00000000
9200cbfc 00000000
9200cc00 00000000
9200cc04 00000000
9200cc08 00000000
9200cc0c 00000000
9200cc10 00000000
9200cc14 00000000
9200cc18 00000000
9200cc1c 00000000
9200cc20 00000000
9200cc24 00000000
9200cc28 00000000
9200cc2c 00000000
9200cc30 00000000
9200cc34 00000000
9200cc38 00000000
9200cc3c 00000000
9200cc40 00000000
9200cc44 00000000
9200cc48 00000000
9200cc4c 00000000
9200cc50 00000000
9200cc54 00000000
9200cc58 00000000
9200cc5c 00000000
9200cc60 00000000
9200cc64 00000000
9200cc68 00000000
9200cc6c 00000000
9200cc70 00000000
9200cc74 00000000
9200cc78 00000000
9200cc7c 00000000
9200cc80 00000000
9200cc84 00000000
9200cc88 00000000
9200cc8c 00000000
9200cc90 00000000
9200cc94 00000000
9200cc98 00000000
9200cc9c 00000000
9200cca0 00000000
9200cca4 00000000
9200cca8 00000000
9200ccac 00000000
9200ccb0 00000000
9200ccb4 00000000
9200ccb8 00000000
9200ccbc 00000000
9200ccc0 00000000
9200ccc4 00000000
9200ccc8 00000000
9200cccc 00000000
9200ccd0 00000000
9200ccd4 00000000
9200ccd8 00000000
9200ccdc 00000000
9200cce0 00000000
9200cce4 00000000
9200cce8 00000000
9200ccec 00000000
9200ccf0 00000000
9200ccf4 00000000
9200ccf8 00000000
9200ccfc 00000000
9200cd00 00000000
9200cd04 00000000
9200cd08 00000000
9200cd0c 00000000
9200cd10 00000000
9200cd14 00000000
9200cd18 00000000
9200cd1c 00000000
9200cd20 00000000
9200cd24 00000000
9200cd28 00000000
9200cd2c 00000000
9200cd30 00000000
9200cd34 00000000
9200cd38 00000000
9200cd3c 00000000
9200cd40 00000000
9200cd44 00000000
9200cd48 00000000
9200cd4c 00000000
9200cd50 00000000
9200cd54 00000000
9200cd58 00000000
9200cd5c 00000000
9200cd60 00000000
9200cd64 00000000
9200cd68 00000000
9200cd6c 00000000
9200cd70 00000000
9200cd74 00000000
9200cd78 00000000
9200cd7c 00000000
9200cd80 00000000
9200cd84 00000000
9200cd88 00000000
9200cd8c 00000000
9200cd90 00000000
9200cd94 00000000
9200cd98 00000000
9200cd9c 00000000
9200cda0 00000000
9200cda4 00000000
9200cda8 00000000
9200cdac 00000000
9200cdb0 00000000
9200cdb4 00000000
9200cdb8 00000000
9200cdbc 00000000
9200cdc0 00000000
9200cdc4 00000000
9200cdc8 00000000
9200cdcc 00000000
9200cdd0 00000000
9200cdd4 00000000
9200cdd8 00000000
9200cddc 00000000
9200cde0 00000000
9200cde4 00000000
9200cde8 00000000
9200cdec 00000000
9200cdf0 00000000
9200cdf4 00000000
9200cdf8 00000000
9200cdfc 00000000
9200ce00 00000000
9200ce04 00000000
9200ce08 00000000
9200ce0c 00000000
9200ce10 00000000
9200ce14 00000000
9200ce18 00000000
9200ce1c 00000000
9200ce20 00000000
9200ce24 00000000
9200ce28 00000000
9200ce2c 00000000
9200ce30 00000000
9200ce34 00000000
9200ce38 00000000
9200ce3c 00000000
9200ce40 00000000
9200ce44 00000000
9200ce48 00000000
9200ce4c 00000000
9200ce50 00000000
9200ce54 00000000
9200ce58 00000000
9200ce5c 00000000
9200ce60 00000000
9200ce64 00000000
9200ce68 00000000
9200ce6c 00000000
9200ce70 00000000
9200ce74 00000000
9200ce78 00000000
9200ce7c 00000000
9200ce80 00000000
9200ce84 00000000
9200ce88 00000000
9200ce8c 00000000
9200ce90 00000000
9200ce94 00000000
9200ce98 00000000
9200ce9c 00000000
9200cea0 00000000
9200cea4 00000000
9200cea8 00000000
9200ceac 00000000
9200ceb0 00000000
9200ceb4 00000000
9200ceb8 00000000
9200cebc 00000000
9200cec0 00000000
9200cec4 00000000
9200cec8 00000000
9200cecc 00000000
9200ced0 00000000
9200ced4 00000000
9200ced8 00000000
9200cedc 00000000
9200cee0 00000000
9200cee4 00000000
9200cee8 00000000
9200ceec 00000000
9200cef0 00000000
9200cef4 00000000
9200cef8 00000000
9200cefc 00000000
9200cf00 00000000
9200cf04 00000000
9200cf08 00000000
9200cf0c 00000000
9200cf10 00000000
9200cf14 00000000
9200cf18 00000000
9200cf1c 00000000
9200cf20 00000000
9200cf24 00000000
9200cf28 00000000
9200cf2c 00000000
9200cf30 00000000
9200cf34 00000000
9200cf38 00000000
9200cf3c 00000000
9200cf40 00000000
9200cf44 00000000
9200cf48 00000000
9200cf4c 00000000
9200cf50 00000000
9200cf54 00000000
9200cf58 00000000
9200cf5c 00000000
9200cf60 00000000
9200cf64 00000000
9200cf68 00000000
9200cf6c 00000000
9200cf70 00000000
9200cf74 00000000
9200cf78 00000000
9200cf7c 00000000
9200cf80 00000000
9200cf84 00000000
9200cf88 00000000
9200cf8c 00000000
9200cf90 00000000
9200cf94 00000000
9200cf98 00000000
9200cf9c 00000000
9200cfa0 00000000
9200cfa4 00000000
9200cfa8 00000000
9200cfac 00000000
9200cfb0 00000000
9200cfb4 00000000
9200cfb8 00000000
9200cfbc 00000000
9200cfc0 00000000
9200cfc4 00000000
9200cfc8 00000000
9200cfcc 00000000
9200cfd0 00000000
9200cfd4 00000000
9200cfd8 00000000
9200cfdc 00000000
9200cfe0 00000000
9200cfe4 00000000
9200cfe8 00000000
9200cfec 00000000
9200cff0 00000000
9200cff4 00000000
9200cff8 00000000
9200cffc 00000000
9200d000 00000000
9200d004 00000000
9200d008 00000000
9200d00c 00000000
9200d010 00000000
9200d014 00000000
9200d018 00000000
9200d01c 00000000
9200d020 00000000
9200d024 00000000
9200d028 00000000
9200d02c 00000000
9200d030 00000000
9200d034 00000000
9200d038 00000000
9200d03c 00000000
9200d040 00000000
9200d044 00000000
9200d048 00000000
9200d04c 00000000
9200d050 00000000
9200d054 00000000
9200d058 00000000
9200d05c 00000000
9200d060 00000000
9200d064 00000000
9200d068 00000000
9200d06c 00000000
9200d070 00000000
9200d074 00000000
9200d078 00000000
9200d07c 00000000
9200d080 00000000
9200d084 00000000
9200d088 00000000
9200d08c 00000000
9200d090 00000000
9200d094 00000000
9200d098 00000000
9200d09c 00000000
9200d0a0 00000000
9200d0a4 00000000
9200d0a8 00000000
9200d0ac 00000000
9200d0b0 00000000
9200d0b4 00000000
9200d0b8 00000000
9200d0bc 00000000
9200d0c0 00000000
9200d0c4 00000000
9200d0c8 00000000
9200d0cc 00000000
9200d0d0 00000000
9200d0d4 00000000
9200d0d8 00000000
9200d0dc 00000000
9200d0e0 00000000
9200d0e4 00000000
9200d0e8 00000000
9200d0ec 00000000
9200d0f0 00000000
9200d0f4 00000000
9200d0f8 00000000
9200d0fc 00000000
9200d100 00000000
9200d104 00000000
9200d108 00000000
9200d10c 00000000
9200d110 00000000
9200d114 00000000
9200d118 00000000
9200d11c 00000000
9200d120 00000000
9200d124 00000000
9200d128 00000000
9200d12c 00000000
9200d130 00000000
9200d134 00000000
9200d138 00000000
9200d13c 00000000
9200d140 00000000
9200d144 00000000
9200d148 00000000
9200d14c 00000000
9200d150 00000000
9200d154 00000000
9200d158 00000000
9200d15c 00000000
9200d160 00000000
9200d164 00000000
9200d168 00000000
9200d16c 00000000
9200d170 00000000
9200d174 00000000
9200d178 00000000
9200d17c 00000000
9200d180 00000000
9200d184 00000000
9200d188 00000000
9200d18c 00000000
9200d190 00000000
9200d194 00000000
9200d198 00000000
9200d19c 00000000
9200d1a0 00000000
9200d1a4 00000000
9200d1a8 00000000
9200d1ac 00000000
9200d1b0 00000000
9200d1b4 00000000
9200d1b8 00000000
9200d1bc 00000000
9200d1c0 00000000
9200d1c4 00000000
9200d1c8 00000000
9200d1cc 00000000
9200d1d0 00000000
9200d1d4 00000000
9200d1d8 00000000
9200d1dc 00000000
9200d1e0 00000000
9200d1e4 00000000
9200d1e8 00000000
9200d1ec 00000000
9200d1f0 00000000
9200d1f4 00000000
9200d1f8 00000000
9200d1fc 00000000
9200d200 00000000
9200d204 00000000
9200d208 00000000
9200d20c 00000000
9200d210 00000000
9200d214 00000000
9200d218 00000000
9200d21c 00000000
9200d220 00000000
9200d224 00000000
9200d228 00000000
9200d22c 00000000
9200d230 00000000
9200d234 00000000
9200d238 00000000
9200d23c 00000000
9200d240 00000000
9200d244 00000000
9200d248 00000000
9200d24c 00000000
9200d250 00000000
9200d254 00000000
9200d258 00000000
9200d25c 00000000
9200d260 00000000
9200d264 00000000
9200d268 00000000
9200d26c 00000000
9200d270 00000000
9200d274 00000000
9200d278 00000000
9200d27c 00000000
9200d280 00000000
9200d284 00000000
9200d288 00000000
9200d28c 00000000
9200d290 00000000
9200d294 00000000
9200d298 00000000
9200d29c 00000000
9200d2a0 00000000
9200d2a4 00000000
9200d2a8 00000000
9200d2ac 00000000
9200d2b0 00000000
9200d2b4 00000000
9200d2b8 00000000
9200d2bc 00000000
9200d2c0 00000000
9200d2c4 00000000
9200d2c8 00000000
9200d2cc 00000000
9200d2d0 00000000
9200d2d4 00000000
9200d2d8 00000000
9200d2dc 00000000
9200d2e0 00000000
9200d2e4 00000000
9200d2e8 00000000
9200d2ec 00000000
9200d2f0 00000000
9200d2f4 00000000
9200d2f8 00000000
9200d2fc 00000000
9200d300 00000000
9200d304 00000000
9200d308 00000000
9200d30c 00000000
9200d310 00000000
9200d314 00000000
9200d318 00000000
9200d31c 00000000
9200d320 00000000
9200d324 00000000
9200d328 00000000
9200d32c 00000000
9200d330 00000000
9200d334 00000000
9200d338 00000000
9200d33c 00000000
9200d340 00000000
9200d344 00000000
9200d348 00000000
9200d34c 00000000
9200d350 00000000
9200d354 00000000
9200d358 00000000
9200d35c 00000000
9200d360 00000000
9200d364 00000000
9200d368 00000000
9200d36c 00000000
9200d370 00000000
9200d374 00000000
9200d378 00000000
9200d37c 00000000
9200d380 00000000
9200d384 00000000
9200d388 00000000
9200d38c 00000000
9200d390 00000000
9200d394 00000000
9200d398 00000000
9200d39c 00000000
9200d3a0 00000000
9200d3a4 00000000
9200d3a8 00000000
9200d3ac 00000000
9200d3b0 00000000
9200d3b4 00000000
9200d3b8 00000000
9200d3bc 00000000
9200d3c0 00000000
9200d3c4 00000000
9200d3c8 00000000
9200d3cc 00000000
9200d3d0 00000000
9200d3d4 00000000
9200d3d8 00000000
9200d3dc 00000000
9200d3e0 00000000
9200d3e4 00000000
9200d3e8 00000000
9200d3ec 00000000
9200d3f0 00000000
9200d3f4 00000000
9200d3f8 00000000
9200d3fc 00000000
9200d400 00000000
9200d404 00000000
9200d408 00000000
9200d40c 00000000
9200d410 00000000
9200d414 00000000
9200d418 00000000
9200d41c 00000000
9200d420 00000000
9200d424 00000000
9200d428 00000000
9200d42c 00000000
9200d430 00000000
9200d434 00000000
9200d438 00000000
9200d43c 00000000
9200d440 00000000
9200d444 00000000
9200d448 00000000
9200d44c 00000000
9200d450 00000000
9200d454 00000000
9200d458 00000000
9200d45c 00000000
9200d460 00000000
9200d464 00000000
9200d468 00000000
9200d46c 00000000
9200d470 00000000
9200d474 00000000
9200d478 00000000
9200d47c 00000000
9200d480 00000000
9200d484 00000000
9200d488 00000000
9200d48c 00000000
9200d490 00000000
9200d494 00000000
9200d498 00000000
9200d49c 00000000
9200d4a0 00000000
9200d4a4 00000000
9200d4a8 00000000
9200d4ac 00000000
9200d4b0 00000000
9200d4b4 00000000
9200d4b8 00000000
9200d4bc 00000000
9200d4c0 00000000
9200d4c4 00000000
9200d4c8 00000000
9200d4cc 00000000
9200d4d0 00000000
9200d4d4 00000000
9200d4d8 00000000
9200d4dc 00000000
9200d4e0 00000000
9200d4e4 00000000
9200d4e8 00000000
9200d4ec 00000000
9200d4f0 00000000
9200d4f4 00000000
9200d4f8 00000000
9200d4fc 00000000
9200d500 00000000
9200d504 00000000
9200d508 00000000
9200d50c 00000000
9200d510 00000000
9200d514 00000000
9200d518 00000000
9200d51c 00000000
9200d520 00000000
9200d524 00000000
9200d528 00000000
9200d52c 00000000
9200d530 00000000
9200d534 00000000
9200d538 00000000
9200d53c 00000000
9200d540 00000000
9200d544 00000000
9200d548 00000000
9200d54c 00000000
9200d550 00000000
9200d554 00000000
9200d558 00000000
9200d55c 00000000
9200d560 00000000
9200d564 00000000
9200d568 00000000
9200d56c 00000000
9200d570 00000000
9200d574 00000000
9200d578 00000000
9200d57c 00000000
9200d580 00000000
9200d584 00000000
9200d588 00000000
9200d58c 00000000
9200d590 00000000
9200d594 00000000
9200d598 00000000
9200d59c 00000000
9200d5a0 00000000
9200d5a4 00000000
9200d5a8 00000000
9200d5ac 00000000
9200d5b0 00000000
9200d5b4 00000000
9200d5b8 00000000
9200d5bc 00000000
9200d5c0 00000000
9200d5c4 00000000
9200d5c8 00000000
9200d5cc 00000000
9200d5d0 00000000
9200d5d4 00000000
9200d5d8 00000000
9200d5dc 00000000
9200d5e0 00000000
9200d5e4 00000000
9200d5e8 00000000
9200d5ec 00000000
9200d5f0 00000000
9200d5f4 00000000
9200d5f8 00000000
9200d5fc 00000000
9200d600 00000000
9200d604 00000000
9200d608 00000000
9200d60c 00000000
9200d610 00000000
9200d614 00000000
9200d618 00000000
9200d61c 00000000
9200d620 00000000
9200d624 00000000
9200d628 00000000
9200d62c 00000000
9200d630 00000000
9200d634 00000000
9200d638 00000000
9200d63c 00000000
9200d640 00000000
9200d644 00000000
9200d648 00000000
9200d64c 00000000
9200d650 00000000
9200d654 00000000
9200d658 00000000
9200d65c 00000000
9200d660 00000000
9200d664 00000000
9200d668 00000000
9200d66c 00000000
9200d670 00000000
9200d674 00000000
9200d678 00000000
9200d67c 00000000
9200d680 00000000
9200d684 00000000
9200d688 00000000
9200d68c 00000000
9200d690 00000000
9200d694 00000000
9200d698 00000000
9200d69c 00000000
9200d6a0 00000000
9200d6a4 00000000
9200d6a8 00000000
9200d6ac 00000000
9200d6b0 00000000
9200d6b4 00000000
9200d6b8 00000000
9200d6bc 00000000
9200d6c0 00000000
9200d6c4 00000000
9200d6c8 00000000
9200d6cc 00000000
9200d6d0 00000000
9200d6d4 00000000
9200d6d8 00000000
9200d6dc 00000000
9200d6e0 00000000
9200d6e4 00000000
9200d6e8 00000000
9200d6ec 00000000
9200d6f0 00000000
9200d6f4 00000000
9200d6f8 00000000
9200d6fc 00000000
9200d700 00000000
9200d704 00000000
9200d708 00000000
9200d70c 00000000
9200d710 00000000
9200d714 00000000
9200d718 00000000
9200d71c 00000000
9200d720 00000000
9200d724 00000000
9200d728 00000000
9200d72c 00000000
9200d730 00000000
9200d734 00000000
9200d738 00000000
9200d73c 00000000
9200d740 00000000
9200d744 00000000
9200d748 00000000
9200d74c 00000000
9200d750 00000000
9200d754 00000000
9200d758 00000000
9200d75c 00000000
9200d760 00000000
9200d764 00000000
9200d768 00000000
9200d76c 00000000
9200d770 00000000
9200d774 00000000
9200d778 00000000
9200d77c 00000000
9200d780 00000000
9200d784 00000000
9200d788 00000000
9200d78c 00000000
9200d790 00000000
9200d794 00000000
9200d798 00000000
9200d79c 00000000
9200d7a0 00000000
9200d7a4 00000000
9200d7a8 00000000
9200d7ac 00000000
9200d7b0 00000000
9200d7b4 00000000
9200d7b8 00000000
9200d7bc 00000000
9200d7c0 00000000
9200d7c4 00000000
9200d7c8 00000000
9200d7cc 00000000
9200d7d0 00000000
9200d7d4 00000000
9200d7d8 00000000
9200d7dc 00000000
9200d7e0 00000000
9200d7e4 00000000
9200d7e8 00000000
9200d7ec 00000000
9200d7f0 00000000
9200d7f4 00000000
9200d7f8 00000000
9200d7fc 00000000
9200d800 00000000
9200d804 00000000
9200d808 00000000
9200d80c 00000000
9200d810 00000000
9200d814 00000000
9200d818 00000000
9200d81c 00000000
9200d820 00000000
9200d824 00000000
9200d828 00000000
9200d82c 00000000
9200d830 00000000
9200d834 00000000
9200d838 00000000
9200d83c 00000000
9200d840 00000000
9200d844 00000000
9200d848 00000000
9200d84c 00000000
9200d850 00000000
9200d854 00000000
9200d858 00000000
9200d85c 00000000
9200d860 00000000
9200d864 00000000
9200d868 00000000
9200d86c 00000000
9200d870 00000000
9200d874 00000000
9200d878 00000000
9200d87c 00000000
9200d880 00000000
9200d884 00000000
9200d888 00000000
9200d88c 00000000
9200d890 00000000
9200d894 00000000
9200d898 00000000
9200d89c 00000000
9200d8a0 00000000
9200d8a4 00000000
9200d8a8 00000000
9200d8ac 00000000
9200d8b0 00000000
9200d8b4 00000000
9200d8b8 00000000
9200d8bc 00000000
9200d8c0 00000000
9200d8c4 00000000
9200d8c8 00000000
9200d8cc 00000000
9200d8d0 00000000
9200d8d4 00000000
9200d8d8 00000000
9200d8dc 00000000
9200d8e0 00000000
9200d8e4 00000000
9200d8e8 00000000
9200d8ec 00000000
9200d8f0 00000000
9200d8f4 00000000
9200d8f8 00000000
9200d8fc 00000000
9200d900 00000000
9200d904 00000000
9200d908 00000000
9200d90c 00000000
9200d910 00000000
9200d914 00000000
9200d918 00000000
9200d91c 00000000
9200d920 00000000
9200d924 00000000
9200d928 00000000
9200d92c 00000000
9200d930 00000000
9200d934 00000000
9200d938 00000000
9200d93c 00000000
9200d940 00000000
9200d944 00000000
9200d948 00000000
9200d94c 00000000
9200d950 00000000
9200d954 00000000
9200d958 00000000
9200d95c 00000000
9200d960 00000000
9200d964 00000000
9200d968 00000000
9200d96c 00000000
9200d970 00000000
9200d974 00000000
9200d978 00000000
9200d97c 00000000
9200d980 00000000
9200d984 00000000
9200d988 00000000
9200d98c 00000000
9200d990 00000000
9200d994 00000000
9200d998 00000000
9200d99c 00000000
9200d9a0 00000000
9200d9a4 00000000
9200d9a8 00000000
9200d9ac 00000000
9200d9b0 00000000
9200d9b4 00000000
9200d9b8 00000000
9200d9bc 00000000
9200d9c0 00000000
9200d9c4 00000000
9200d9c8 00000000
9200d9cc 00000000
9200d9d0 00000000
9200d9d4 00000000
9200d9d8 00000000
9200d9dc 00000000
9200d9e0 00000000
9200d9e4 00000000
9200d9e8 00000000
9200d9ec 00000000
9200d9f0 00000000
9200d9f4 00000000
9200d9f8 00000000
9200d9fc 00000000
9200da00 00000000
9200da04 00000000
9200da08 00000000
9200da0c 00000000
9200da10 00000000
9200da14 00000000
9200da18 00000000
9200da1c 00000000
9200da20 00000000
9200da24 00000000
9200da28 00000000
9200da2c 00000000
9200da30 00000000
9200da34 00000000
9200da38 00000000
9200da3c 00000000
9200da40 00000000
9200da44 00000000
9200da48 00000000
9200da4c 00000000
9200da50 00000000
9200da54 00000000
9200da58 00000000
9200da5c 00000000
9200da60 00000000
9200da64 00000000
9200da68 00000000
9200da6c 00000000
9200da70 00000000
9200da74 00000000
9200da78 00000000
9200da7c 00000000
9200da80 00000000
9200da84 00000000
9200da88 00000000
9200da8c 00000000
9200da90 00000000
9200da94 00000000
9200da98 00000000
9200da9c 00000000
9200daa0 00000000
9200daa4 00000000
9200daa8 00000000
9200daac 00000000
9200dab0 00000000
9200dab4 00000000
9200dab8 00000000
9200dabc 00000000
9200dac0 00000000
9200dac4 00000000
9200dac8 00000000
9200dacc 00000000
9200dad0 00000000
9200dad4 00000000
9200dad8 00000000
9200dadc 00000000
9200dae0 00000000
9200dae4 00000000
9200dae8 00000000
9200daec 00000000
9200daf0 00000000
9200daf4 00000000
9200daf8 00000000
9200dafc 00000000
9200db00 00000000
9200db04 00000000
9200db08 00000000
9200db0c 00000000
9200db10 00000000
9200db14 00000000
9200db18 00000000
9200db1c 00000000
9200db20 00000000
9200db24 00000000
9200db28 00000000
9200db2c 00000000
9200db30 00000000
9200db34 00000000
9200db38 00000000
9200db3c 00000000
9200db40 00000000
9200db44 00000000
9200db48 00000000
9200db4c 00000000
9200db50 00000000
9200db54 00000000
9200db58 00000000
9200db5c 00000000
9200db60 00000000
9200db64 00000000
9200db68 00000000
9200db6c 00000000
9200db70 00000000
9200db74 00000000
9200db78 00000000
9200db7c 00000000
9200db80 00000000
9200db84 00000000
9200db88 00000000
9200db8c 00000000
9200db90 00000000
9200db94 00000000
9200db98 00000000
9200db9c 00000000
9200dba0 00000000
9200dba4 00000000
9200dba8 00000000
9200dbac 00000000
9200dbb0 00000000
9200dbb4 00000000
9200dbb8 00000000
9200dbbc 00000000
9200dbc0 00000000
9200dbc4 00000000
9200dbc8 00000000
9200dbcc 00000000
9200dbd0 00000000
9200dbd4 00000000
9200dbd8 00000000
9200dbdc 00000000
9200dbe0 00000000
9200dbe4 00000000
9200dbe8 00000000
9200dbec 00000000
9200dbf0 00000000
9200dbf4 00000000
9200dbf8 00000000
9200dbfc 00000000
9200dc00 00000000
9200dc04 00000000
9200dc08 00000000
9200dc0c 00000000
9200dc10 00000000
9200dc14 00000000
9200dc18 00000000
9200dc1c 00000000
9200dc20 00000000
9200dc24 00000000
9200dc28 00000000
9200dc2c 00000000
9200dc30 00000000
9200dc34 00000000
9200dc38 00000000
9200dc3c 00000000
9200dc40 00000000
9200dc44 00000000
9200dc48 00000000
9200dc4c 00000000
9200dc50 00000000
9200dc54 00000000
9200dc58 00000000
9200dc5c 00000000
9200dc60 00000000
9200dc64 00000000
9200dc68 00000000
9200dc6c 00000000
9200dc70 00000000
9200dc74 00000000
9200dc78 00000000
9200dc7c 00000000
9200dc80 00000000
9200dc84 00000000
9200dc88 00000000
9200dc8c 00000000
9200dc90 00000000
9200dc94 00000000
9200dc98 00000000
9200dc9c 00000000
9200dca0 00000000
9200dca4 00000000
9200dca8 00000000
9200dcac 00000000
9200dcb0 00000000
9200dcb4 00000000
9200dcb8 00000000
9200dcbc 00000000
9200dcc0 00000000
9200dcc4 00000000
9200dcc8 00000000
9200dccc 00000000
9200dcd0 00000000
9200dcd4 00000000
9200dcd8 00000000
9200dcdc 00000000
9200dce0 00000000
9200dce4 00000000
9200dce8 00000000
9200dcec 00000000
9200dcf0 00000000
9200dcf4 00000000
9200dcf8 00000000
9200dcfc 00000000
9200dd00 00000000
9200dd04 00000000
9200dd08 00000000
9200dd0c 00000000
9200dd10 00000000
9200dd14 00000000
9200dd18 00000000
9200dd1c 00000000
9200dd20 00000000
9200dd24 00000000
9200dd28 00000000
9200dd2c 00000000
9200dd30 00000000
9200dd34 00000000
9200dd38 00000000
9200dd3c 00000000
9200dd40 00000000
9200dd44 00000000
9200dd48 00000000
9200dd4c 00000000
9200dd50 00000000
9200dd54 00000000
9200dd58 00000000
9200dd5c 00000000
9200dd60 00000000
9200dd64 00000000
9200dd68 00000000
9200dd6c 00000000
9200dd70 00000000
9200dd74 00000000
9200dd78 00000000
9200dd7c 00000000
9200dd80 00000000
9200dd84 00000000
9200dd88 00000000
9200dd8c 00000000
9200dd90 00000000
9200dd94 00000000
9200dd98 00000000
9200dd9c 00000000
9200dda0 00000000
9200dda4 00000000
9200dda8 00000000
9200ddac 00000000
9200ddb0 00000000
9200ddb4 00000000
9200ddb8 00000000
9200ddbc 00000000
9200ddc0 00000000
9200ddc4 00000000
9200ddc8 00000000
9200ddcc 00000000
9200ddd0 00000000
9200ddd4 00000000
9200ddd8 00000000
9200dddc 00000000
9200dde0 00000000
9200dde4 00000000
9200dde8 00000000
9200ddec 00000000
9200ddf0 00000000
9200ddf4 00000000
9200ddf8 00000000
9200ddfc 00000000
9200de00 00000000
9200de04 00000000
9200de08 00000000
9200de0c 00000000
9200de10 00000000
9200de14 00000000
9200de18 00000000
9200de1c 00000000
9200de20 00000000
9200de24 00000000
9200de28 00000000
9200de2c 00000000
9200de30 00000000
9200de34 00000000
9200de38 00000000
9200de3c 00000000
9200de40 00000000
9200de44 00000000
9200de48 00000000
9200de4c 00000000
9200de50 00000000
9200de54 00000000
9200de58 00000000
9200de5c 00000000
9200de60 00000000
9200de64 00000000
9200de68 00000000
9200de6c 00000000
9200de70 00000000
9200de74 00000000
9200de78 00000000
9200de7c 00000000
9200de80 00000000
9200de84 00000000
9200de88 00000000
9200de8c 00000000
9200de90 00000000
9200de94 00000000
9200de98 00000000
9200de9c 00000000
9200dea0 00000000
9200dea4 00000000
9200dea8 00000000
9200deac 00000000
9200deb0 00000000
9200deb4 00000000
9200deb8 00000000
9200debc 00000000
9200dec0 00000000
9200dec4 00000000
9200dec8 00000000
9200decc 00000000
9200ded0 00000000
9200ded4 00000000
9200ded8 00000000
9200dedc 00000000
9200dee0 00000000
9200dee4 00000000
9200dee8 00000000
9200deec 00000000
9200def0 00000000
9200def4 00000000
9200def8 00000000
9200defc 00000000
9200df00 00000000
9200df04 00000000
9200df08 00000000
9200df0c 00000000
9200df10 00000000
9200df14 00000000
9200df18 00000000
9200df1c 00000000
9200df20 00000000
9200df24 00000000
9200df28 00000000
9200df2c 00000000
9200df30 00000000
9200df34 00000000
9200df38 00000000
9200df3c 00000000
9200df40 00000000
9200df44 00000000
9200df48 00000000
9200df4c 00000000
9200df50 00000000
9200df54 00000000
9200df58 00000000
9200df5c 00000000
9200df60 00000000
9200df64 00000000
9200df68 00000000
9200df6c 00000000
9200df70 00000000
9200df74 00000000
9200df78 00000000
9200df7c 00000000
9200df80 00000000
9200df84 00000000
9200df88 00000000
9200df8c 00000000
9200df90 00000000
9200df94 00000000
9200df98 00000000
9200df9c 00000000
9200dfa0 00000000
9200dfa4 00000000
9200dfa8 00000000
9200dfac 00000000
9200dfb0 00000000
9200dfb4 00000000
9200dfb8 00000000
9200dfbc 00000000
9200dfc0 00000000
9200dfc4 00000000
9200dfc8 00000000
9200dfcc 00000000
9200dfd0 00000000
9200dfd4 00000000
9200dfd8 00000000
9200dfdc 00000000
9200dfe0 00000000
9200dfe4 00000000
9200dfe8 00000000
9200dfec 00000000
9200dff0 00000000
9200dff4 00000000
9200dff8 00000000
9200dffc 00000000
9200e000 00000000
9200e004 00000000
9200e008 00000000
9200e00c 00000000
9200e010 00000000
9200e014 00000000
9200e018 00000000
9200e01c 00000000
9200e020 00000000
9200e024 00000000
9200e028 00000000
9200e02c 00000000
9200e030 00000000
9200e034 00000000
9200e038 00000000
9200e03c 00000000
9200e040 00000000
9200e044 00000000
9200e048 00000000
9200e04c 00000000
9200e050 00000000
9200e054 00000000
9200e058 00000000
9200e05c 00000000
9200e060 00000000
9200e064 00000000
9200e068 00000000
9200e06c 00000000
9200e070 00000000
9200e074 00000000
9200e078 00000000
9200e07c 00000000
9200e080 00000000
9200e084 00000000
9200e088 00000000
9200e08c 00000000
9200e090 00000000
9200e094 00000000
9200e098 00000000
9200e09c 00000000
9200e0a0 00000000
9200e0a4 00000000
9200e0a8 00000000
9200e0ac 00000000
9200e0b0 00000000
9200e0b4 00000000
9200e0b8 00000000
9200e0bc 00000000
9200e0c0 00000000
9200e0c4 00000000
9200e0c8 00000000
9200e0cc 00000000
9200e0d0 00000000
9200e0d4 00000000
9200e0d8 00000000
9200e0dc 00000000
9200e0e0 00000000
9200e0e4 00000000
9200e0e8 00000000
9200e0ec 00000000
9200e0f0 00000000
9200e0f4 00000000
9200e0f8 00000000
9200e0fc 00000000
9200e100 00000000
9200e104 00000000
9200e108 00000000
9200e10c 00000000
9200e110 00000000
9200e114 00000000
9200e118 00000000
9200e11c 00000000
9200e120 00000000
9200e124 00000000
9200e128 00000000
9200e12c 00000000
9200e130 00000000
9200e134 00000000
9200e138 00000000
9200e13c 00000000
9200e140 00000000
9200e144 00000000
9200e148 00000000
9200e14c 00000000
9200e150 00000000
9200e154 00000000
9200e158 00000000
9200e15c 00000000
9200e160 00000000
9200e164 00000000
9200e168 00000000
9200e16c 00000000
9200e170 00000000
9200e174 00000000
9200e178 00000000
9200e17c 00000000
9200e180 00000000
9200e184 00000000
9200e188 00000000
9200e18c 00000000
9200e190 00000000
9200e194 00000000
9200e198 00000000
9200e19c 00000000
9200e1a0 00000000
9200e1a4 00000000
9200e1a8 00000000
9200e1ac 00000000
9200e1b0 00000000
9200e1b4 00000000
9200e1b8 00000000
9200e1bc 00000000
9200e1c0 00000000
9200e1c4 00000000
9200e1c8 00000000
9200e1cc 00000000
9200e1d0 00000000
9200e1d4 00000000
9200e1d8 00000000
9200e1dc 00000000
9200e1e0 00000000
9200e1e4 00000000
9200e1e8 00000000
9200e1ec 00000000
9200e1f0 00000000
9200e1f4 00000000
9200e1f8 00000000
9200e1fc 00000000
9200e200 00000000
9200e204 00000000
9200e208 00000000
9200e20c 00000000
9200e210 00000000
9200e214 00000000
9200e218 00000000
9200e21c 00000000
9200e220 00000000
9200e224 00000000
9200e228 00000000
9200e22c 00000000
9200e230 00000000
9200e234 00000000
9200e238 00000000
9200e23c 00000000
9200e240 00000000
9200e244 00000000
9200e248 00000000
9200e24c 00000000
9200e250 00000000
9200e254 00000000
9200e258 00000000
9200e25c 00000000
9200e260 00000000
9200e264 00000000
9200e268 00000000
9200e26c 00000000
9200e270 00000000
9200e274 00000000
9200e278 00000000
9200e27c 00000000
9200e280 00000000
9200e284 00000000
9200e288 00000000
9200e28c 00000000
9200e290 00000000
9200e294 00000000
9200e298 00000000
9200e29c 00000000
9200e2a0 00000000
9200e2a4 00000000
9200e2a8 00000000
9200e2ac 00000000
9200e2b0 00000000
9200e2b4 00000000
9200e2b8 00000000
9200e2bc 00000000
9200e2c0 00000000
9200e2c4 00000000
9200e2c8 00000000
9200e2cc 00000000
9200e2d0 00000000
9200e2d4 00000000
9200e2d8 00000000
9200e2dc 00000000
9200e2e0 00000000
9200e2e4 00000000
9200e2e8 00000000
9200e2ec 00000000
9200e2f0 00000000
9200e2f4 00000000
9200e2f8 00000000
9200e2fc 00000000
9200e300 00000000
9200e304 00000000
9200e308 00000000
9200e30c 00000000
9200e310 00000000
9200e314 00000000
9200e318 00000000
9200e31c 00000000
9200e320 00000000
9200e324 00000000
9200e328 00000000
9200e32c 00000000
9200e330 00000000
9200e334 00000000
9200e338 00000000
9200e33c 00000000
9200e340 00000000
9200e344 00000000
9200e348 00000000
9200e34c 00000000
9200e350 00000000
9200e354 00000000
9200e358 00000000
9200e35c 00000000
9200e360 00000000
9200e364 00000000
9200e368 00000000
9200e36c 00000000
9200e370 00000000
9200e374 00000000
9200e378 00000000
9200e37c 00000000
9200e380 00000000
9200e384 00000000
9200e388 00000000
9200e38c 00000000
9200e390 00000000
9200e394 00000000
9200e398 00000000
9200e39c 00000000
9200e3a0 00000000
9200e3a4 00000000
9200e3a8 00000000
9200e3ac 00000000
9200e3b0 00000000
9200e3b4 00000000
9200e3b8 00000000
9200e3bc 00000000
9200e3c0 00000000
9200e3c4 00000000
9200e3c8 00000000
9200e3cc 00000000
9200e3d0 00000000
9200e3d4 00000000
9200e3d8 00000000
9200e3dc 00000000
9200e3e0 00000000
9200e3e4 00000000
9200e3e8 00000000
9200e3ec 00000000
9200e3f0 00000000
9200e3f4 00000000
9200e3f8 00000000
9200e3fc 00000000
9200e400 00000000
9200e404 00000000
9200e408 00000000
9200e40c 00000000
9200e410 00000000
9200e414 00000000
9200e418 00000000
9200e41c 00000000
9200e420 00000000
9200e424 00000000
9200e428 00000000
9200e42c 00000000
9200e430 00000000
9200e434 00000000
9200e438 00000000
9200e43c 00000000
9200e440 00000000
9200e444 00000000
9200e448 00000000
9200e44c 00000000
9200e450 00000000
9200e454 00000000
9200e458 00000000
9200e45c 00000000
9200e460 00000000
9200e464 00000000
9200e468 00000000
9200e46c 00000000
9200e470 00000000
9200e474 00000000
9200e478 00000000
9200e47c 00000000
9200e480 00000000
9200e484 00000000
9200e488 00000000
9200e48c 00000000
9200e490 00000000
9200e494 00000000
9200e498 00000000
9200e49c 00000000
9200e4a0 00000000
9200e4a4 00000000
9200e4a8 00000000
9200e4ac 00000000
9200e4b0 00000000
9200e4b4 00000000
9200e4b8 00000000
9200e4bc 00000000
9200e4c0 00000000
9200e4c4 00000000
9200e4c8 00000000
9200e4cc 00000000
9200e4d0 00000000
9200e4d4 00000000
9200e4d8 00000000
9200e4dc 00000000
9200e4e0 00000000
9200e4e4 00000000
9200e4e8 00000000
9200e4ec 00000000
9200e4f0 00000000
9200e4f4 00000000
9200e4f8 00000000
9200e4fc 00000000
9200e500 00000000
9200e504 00000000
9200e508 00000000
9200e50c 00000000
9200e510 00000000
9200e514 00000000
9200e518 00000000
9200e51c 00000000
9200e520 00000000
9200e524 00000000
9200e528 00000000
9200e52c 00000000
9200e530 00000000
9200e534 00000000
9200e538 00000000
9200e53c 00000000
9200e540 00000000
9200e544 00000000
9200e548 00000000
9200e54c 00000000
9200e550 00000000
9200e554 00000000
9200e558 00000000
9200e55c 00000000
9200e560 00000000
9200e564 00000000
9200e568 00000000
9200e56c 00000000
9200e570 00000000
9200e574 00000000
9200e578 00000000
9200e57c 00000000
9200e580 00000000
9200e584 00000000
9200e588 00000000
9200e58c 00000000
9200e590 00000000
9200e594 00000000
9200e598 00000000
9200e59c 00000000
9200e5a0 00000000
9200e5a4 00000000
9200e5a8 00000000
9200e5ac 00000000
9200e5b0 00000000
9200e5b4 00000000
9200e5b8 00000000
9200e5bc 00000000
9200e5c0 00000000
9200e5c4 00000000
9200e5c8 00000000
9200e5cc 00000000
9200e5d0 00000000
9200e5d4 00000000
9200e5d8 00000000
9200e5dc 00000000
9200e5e0 00000000
9200e5e4 00000000
9200e5e8 00000000
9200e5ec 00000000
9200e5f0 00000000
9200e5f4 00000000
9200e5f8 00000000
9200e5fc 00000000
9200e600 00000000
9200e604 00000000
9200e608 00000000
9200e60c 00000000
9200e610 00000000
9200e614 00000000
9200e618 00000000
9200e61c 00000000
9200e620 00000000
9200e624 00000000
9200e628 00000000
9200e62c 00000000
9200e630 00000000
9200e634 00000000
9200e638 00000000
9200e63c 00000000
9200e640 00000000
9200e644 00000000
9200e648 00000000
9200e64c 00000000
9200e650 00000000
9200e654 00000000
9200e658 00000000
9200e65c 00000000
9200e660 00000000
9200e664 00000000
9200e668 00000000
9200e66c 00000000
9200e670 00000000
9200e674 00000000
9200e678 00000000
9200e67c 00000000
9200e680 00000000
9200e684 00000000
9200e688 00000000
9200e68c 00000000
9200e690 00000000
9200e694 00000000
9200e698 00000000
9200e69c 00000000
9200e6a0 00000000
9200e6a4 00000000
9200e6a8 00000000
9200e6ac 00000000
9200e6b0 00000000
9200e6b4 00000000
9200e6b8 00000000
9200e6bc 00000000
9200e6c0 00000000
9200e6c4 00000000
9200e6c8 00000000
9200e6cc 00000000
9200e6d0 00000000
9200e6d4 00000000
9200e6d8 00000000
9200e6dc 00000000
9200e6e0 00000000
9200e6e4 00000000
9200e6e8 00000000
9200e6ec 00000000
9200e6f0 00000000
9200e6f4 00000000
9200e6f8 00000000
9200e6fc 00000000
9200e700 00000000
9200e704 00000000
9200e708 00000000
9200e70c 00000000
9200e710 00000000
9200e714 00000000
9200e718 00000000
9200e71c 00000000
9200e720 00000000
9200e724 00000000
9200e728 00000000
9200e72c 00000000
9200e730 00000000
9200e734 00000000
9200e738 00000000
9200e73c 00000000
9200e740 00000000
9200e744 00000000
9200e748 00000000
9200e74c 00000000
9200e750 00000000
9200e754 00000000
9200e758 00000000
9200e75c 00000000
9200e760 00000000
9200e764 00000000
9200e768 00000000
9200e76c 00000000
9200e770 00000000
9200e774 00000000
9200e778 00000000
9200e77c 00000000
9200e780 00000000
9200e784 00000000
9200e788 00000000
9200e78c 00000000
9200e790 00000000
9200e794 00000000
9200e798 00000000
9200e79c 00000000
9200e7a0 00000000
9200e7a4 00000000
9200e7a8 00000000
9200e7ac 00000000
9200e7b0 00000000
9200e7b4 00000000
9200e7b8 00000000
9200e7bc 00000000
9200e7c0 00000000
9200e7c4 00000000
9200e7c8 00000000
9200e7cc 00000000
9200e7d0 00000000
9200e7d4 00000000
9200e7d8 00000000
9200e7dc 00000000
9200e7e0 00000000
9200e7e4 00000000
9200e7e8 00000000
9200e7ec 00000000
9200e7f0 00000000
9200e7f4 00000000
9200e7f8 00000000
9200e7fc 00000000
9200e800 00000000
9200e804 00000000
9200e808 00000000
9200e80c 00000000
9200e810 00000000
9200e814 00000000
9200e818 00000000
9200e81c 00000000
9200e820 00000000
9200e824 00000000
9200e828 00000000
9200e82c 00000000
9200e830 00000000
9200e834 00000000
9200e838 00000000
9200e83c 00000000
9200e840 00000000
9200e844 00000000
9200e848 00000000
9200e84c 00000000
9200e850 00000000
9200e854 00000000
9200e858 00000000
9200e85c 00000000
9200e860 00000000
9200e864 00000000
9200e868 00000000
9200e86c 00000000
9200e870 00000000
9200e874 00000000
9200e878 00000000
9200e87c 00000000
9200e880 00000000
9200e884 00000000
9200e888 00000000
9200e88c 00000000
9200e890 00000000
9200e894 00000000
9200e898 00000000
9200e89c 00000000
9200e8a0 00000000
9200e8a4 00000000
9200e8a8 00000000
9200e8ac 00000000
9200e8b0 00000000
9200e8b4 00000000
9200e8b8 00000000
9200e8bc 00000000
9200e8c0 00000000
9200e8c4 00000000
9200e8c8 00000000
9200e8cc 00000000
9200e8d0 00000000
9200e8d4 00000000
9200e8d8 00000000
9200e8dc 00000000
9200e8e0 00000000
9200e8e4 00000000
9200e8e8 00000000
9200e8ec 00000000
9200e8f0 00000000
9200e8f4 00000000
9200e8f8 00000000
9200e8fc 00000000
9200e900 00000000
9200e904 00000000
9200e908 00000000
9200e90c 00000000
9200e910 00000000
9200e914 00000000
9200e918 00000000
9200e91c 00000000
9200e920 00000000
9200e924 00000000
9200e928 00000000
9200e92c 00000000
9200e930 00000000
9200e934 00000000
9200e938 00000000
9200e93c 00000000
9200e940 00000000
9200e944 00000000
9200e948 00000000
9200e94c 00000000
9200e950 00000000
9200e954 00000000
9200e958 00000000
9200e95c 00000000
9200e960 00000000
9200e964 00000000
9200e968 00000000
9200e96c 00000000
9200e970 00000000
9200e974 00000000
9200e978 00000000
9200e97c 00000000
9200e980 00000000
9200e984 00000000
9200e988 00000000
9200e98c 00000000
9200e990 00000000
9200e994 00000000
9200e998 00000000
9200e99c 00000000
9200e9a0 00000000
9200e9a4 00000000
9200e9a8 00000000
9200e9ac 00000000
9200e9b0 00000000
9200e9b4 00000000
9200e9b8 00000000
9200e9bc 00000000
9200e9c0 00000000
9200e9c4 00000000
9200e9c8 00000000
9200e9cc 00000000
9200e9d0 00000000
9200e9d4 00000000
9200e9d8 00000000
9200e9dc 00000000
9200e9e0 00000000
9200e9e4 00000000
9200e9e8 00000000
9200e9ec 00000000
9200e9f0 00000000
9200e9f4 00000000
9200e9f8 00000000
9200e9fc 00000000
9200ea00 00000000
9200ea04 00000000
9200ea08 00000000
9200ea0c 00000000
9200ea10 00000000
9200ea14 00000000
9200ea18 00000000
9200ea1c 00000000
9200ea20 00000000
9200ea24 00000000
9200ea28 00000000
9200ea2c 00000000
9200ea30 00000000
9200ea34 00000000
9200ea38 00000000
9200ea3c 00000000
9200ea40 00000000
9200ea44 00000000
9200ea48 00000000
9200ea4c 00000000
9200ea50 00000000
9200ea54 00000000
9200ea58 00000000
9200ea5c 00000000
9200ea60 00000000
9200ea64 00000000
9200ea68 00000000
9200ea6c 00000000
9200ea70 00000000
9200ea74 00000000
9200ea78 00000000
9200ea7c 00000000
9200ea80 00000000
9200ea84 00000000
9200ea88 00000000
9200ea8c 00000000
9200ea90 00000000
9200ea94 00000000
9200ea98 00000000
9200ea9c 00000000
9200eaa0 00000000
9200eaa4 00000000
9200eaa8 00000000
9200eaac 00000000
9200eab0 00000000
9200eab4 00000000
9200eab8 00000000
9200eabc 00000000
9200eac0 00000000
9200eac4 00000000
9200eac8 00000000
9200eacc 00000000
9200ead0 00000000
9200ead4 00000000
9200ead8 00000000
9200eadc 00000000
9200eae0 00000000
9200eae4 00000000
9200eae8 00000000
9200eaec 00000000
9200eaf0 00000000
9200eaf4 00000000
9200eaf8 00000000
9200eafc 00000000
9200eb00 00000000
9200eb04 00000000
9200eb08 00000000
9200eb0c 00000000
9200eb10 00000000
9200eb14 00000000
9200eb18 00000000
9200eb1c 00000000
9200eb20 00000000
9200eb24 00000000
9200eb28 00000000
9200eb2c 00000000
9200eb30 00000000
9200eb34 00000000
9200eb38 00000000
9200eb3c 00000000
9200eb40 00000000
9200eb44 00000000
9200eb48 00000000
9200eb4c 00000000
9200eb50 00000000
9200eb54 00000000
9200eb58 00000000
9200eb5c 00000000
9200eb60 00000000
9200eb64 00000000
9200eb68 00000000
9200eb6c 00000000
9200eb70 00000000
9200eb74 00000000
9200eb78 00000000
9200eb7c 00000000
9200eb80 00000000
9200eb84 00000000
9200eb88 00000000
9200eb8c 00000000
9200eb90 00000000
9200eb94 00000000
9200eb98 00000000
9200eb9c 00000000
9200eba0 00000000
9200eba4 00000000
9200eba8 00000000
9200ebac 00000000
9200ebb0 00000000
9200ebb4 00000000
9200ebb8 00000000
9200ebbc 00000000
9200ebc0 00000000
9200ebc4 00000000
9200ebc8 00000000
9200ebcc 00000000
9200ebd0 00000000
9200ebd4 00000000
9200ebd8 00000000
9200ebdc 00000000
9200ebe0 00000000
9200ebe4 00000000
9200ebe8 00000000
9200ebec 00000000
9200ebf0 00000000
9200ebf4 00000000
9200ebf8 00000000
9200ebfc 00000000
9200ec00 00000000
9200ec04 00000000
9200ec08 00000000
9200ec0c 00000000
9200ec10 00000000
9200ec14 00000000
9200ec18 00000000
9200ec1c 00000000
9200ec20 00000000
9200ec24 00000000
9200ec28 00000000
9200ec2c 00000000
9200ec30 00000000
9200ec34 00000000
9200ec38 00000000
9200ec3c 00000000
9200ec40 00000000
9200ec44 00000000
9200ec48 00000000
9200ec4c 00000000
9200ec50 00000000
9200ec54 00000000
9200ec58 00000000
9200ec5c 00000000
9200ec60 00000000
9200ec64 00000000
9200ec68 00000000
9200ec6c 00000000
9200ec70 00000000
9200ec74 00000000
9200ec78 00000000
9200ec7c 00000000
9200ec80 00000000
9200ec84 00000000
9200ec88 00000000
9200ec8c 00000000
9200ec90 00000000
9200ec94 00000000
9200ec98 00000000
9200ec9c 00000000
9200eca0 00000000
9200eca4 00000000
9200eca8 00000000
9200ecac 00000000
9200ecb0 00000000
9200ecb4 00000000
9200ecb8 00000000
9200ecbc 00000000
9200ecc0 00000000
9200ecc4 00000000
9200ecc8 00000000
9200eccc 00000000
9200ecd0 00000000
9200ecd4 00000000
9200ecd8 00000000
9200ecdc 00000000
9200ece0 00000000
9200ece4 00000000
9200ece8 00000000
9200ecec 00000000
9200ecf0 00000000
9200ecf4 00000000
9200ecf8 00000000
9200ecfc 00000000
9200ed00 00000000
9200ed04 00000000
9200ed08 00000000
9200ed0c 00000000
9200ed10 00000000
9200ed14 00000000
9200ed18 00000000
9200ed1c 00000000
9200ed20 00000000
9200ed24 00000000
9200ed28 00000000
9200ed2c 00000000
9200ed30 00000000
9200ed34 00000000
9200ed38 00000000
9200ed3c 00000000
9200ed40 00000000
9200ed44 00000000
9200ed48 00000000
9200ed4c 00000000
9200ed50 00000000
9200ed54 00000000
9200ed58 00000000
9200ed5c 00000000
9200ed60 00000000
9200ed64 00000000
9200ed68 00000000
9200ed6c 00000000
9200ed70 00000000
9200ed74 00000000
9200ed78 00000000
9200ed7c 00000000
9200ed80 00000000
9200ed84 00000000
9200ed88 00000000
9200ed8c 00000000
9200ed90 00000000
9200ed94 00000000
9200ed98 00000000
9200ed9c 00000000
9200eda0 00000000
9200eda4 00000000
9200eda8 00000000
9200edac 00000000
9200edb0 00000000
9200edb4 00000000
9200edb8 00000000
9200edbc 00000000
9200edc0 00000000
9200edc4 00000000
9200edc8 00000000
9200edcc 00000000
9200edd0 00000000
9200edd4 00000000
9200edd8 00000000
9200eddc 00000000
9200ede0 00000000
9200ede4 00000000
9200ede8 00000000
9200edec 00000000
9200edf0 00000000
9200edf4 00000000
9200edf8 00000000
9200edfc 00000000
9200ee00 00000000
9200ee04 00000000
9200ee08 00000000
9200ee0c 00000000
9200ee10 00000000
9200ee14 00000000
9200ee18 00000000
9200ee1c 00000000
9200ee20 00000000
9200ee24 00000000
9200ee28 00000000
9200ee2c 00000000
9200ee30 00000000
9200ee34 00000000
9200ee38 00000000
9200ee3c 00000000
9200ee40 00000000
9200ee44 00000000
9200ee48 00000000
9200ee4c 00000000
9200ee50 00000000
9200ee54 00000000
9200ee58 00000000
9200ee5c 00000000
9200ee60 00000000
9200ee64 00000000
9200ee68 00000000
9200ee6c 00000000
9200ee70 00000000
9200ee74 00000000
9200ee78 00000000
9200ee7c 00000000
9200ee80 00000000
9200ee84 00000000
9200ee88 00000000
9200ee8c 00000000
9200ee90 00000000
9200ee94 00000000
9200ee98 00000000
9200ee9c 00000000
9200eea0 00000000
9200eea4 00000000
9200eea8 00000000
9200eeac 00000000
9200eeb0 00000000
9200eeb4 00000000
9200eeb8 00000000
9200eebc 00000000
9200eec0 00000000
9200eec4 00000000
9200eec8 00000000
9200eecc 00000000
9200eed0 00000000
9200eed4 00000000
9200eed8 00000000
9200eedc 00000000
9200eee0 00000000
9200eee4 00000000
9200eee8 00000000
9200eeec 00000000
9200eef0 00000000
9200eef4 00000000
9200eef8 00000000
9200eefc 00000000
9200ef00 00000000
9200ef04 00000000
9200ef08 00000000
9200ef0c 00000000
9200ef10 00000000
9200ef14 00000000
9200ef18 00000000
9200ef1c 00000000
9200ef20 00000000
9200ef24 00000000
9200ef28 00000000
9200ef2c 00000000
9200ef30 00000000
9200ef34 00000000
9200ef38 00000000
9200ef3c 00000000
9200ef40 00000000
9200ef44 00000000
9200ef48 00000000
9200ef4c 00000000
9200ef50 00000000
9200ef54 00000000
9200ef58 00000000
9200ef5c 00000000
9200ef60 00000000
9200ef64 00000000
9200ef68 00000000
9200ef6c 00000000
9200ef70 00000000
9200ef74 00000000
9200ef78 00000000
9200ef7c 00000000
9200ef80 00000000
9200ef84 00000000
9200ef88 00000000
9200ef8c 00000000
9200ef90 00000000
9200ef94 00000000
9200ef98 00000000
9200ef9c 00000000
9200efa0 00000000
9200efa4 00000000
9200efa8 00000000
9200efac 00000000
9200efb0 00000000
9200efb4 00000000
9200efb8 00000000
9200efbc 00000000
9200efc0 00000000
9200efc4 00000000
9200efc8 00000000
9200efcc 00000000
9200efd0 00000000
9200efd4 00000000
9200efd8 00000000
9200efdc 00000000
9200efe0 00000000
9200efe4 00000000
9200efe8 00000000
9200efec 00000000
9200eff0 00000000
9200eff4 00000000
9200eff8 00000000
9200effc 00000000
9200f000 00000000
9200f004 00000000
9200f008 00000000
9200f00c 00000000
9200f010 00000000
9200f014 00000000
9200f018 00000000
9200f01c 00000000
9200f020 00000000
9200f024 00000000
9200f028 00000000
9200f02c 00000000
9200f030 00000000
9200f034 00000000
9200f038 00000000
9200f03c 00000000
9200f040 00000000
9200f044 00000000
9200f048 00000000
9200f04c 00000000
9200f050 00000000
9200f054 00000000
9200f058 00000000
9200f05c 00000000
9200f060 00000000
9200f064 00000000
9200f068 00000000
9200f06c 00000000
9200f070 00000000
9200f074 00000000
9200f078 00000000
9200f07c 00000000
9200f080 00000000
9200f084 00000000
9200f088 00000000
9200f08c 00000000
9200f090 00000000
9200f094 00000000
9200f098 00000000
9200f09c 00000000
9200f0a0 00000000
9200f0a4 00000000
9200f0a8 00000000
9200f0ac 00000000
9200f0b0 00000000
9200f0b4 00000000
9200f0b8 00000000
9200f0bc 00000000
9200f0c0 00000000
9200f0c4 00000000
9200f0c8 00000000
9200f0cc 00000000
9200f0d0 00000000
9200f0d4 00000000
9200f0d8 00000000
9200f0dc 00000000
9200f0e0 00000000
9200f0e4 00000000
9200f0e8 00000000
9200f0ec 00000000
9200f0f0 00000000
9200f0f4 00000000
9200f0f8 00000000
9200f0fc 00000000
9200f100 00000000
9200f104 00000000
9200f108 00000000
9200f10c 00000000
9200f110 00000000
9200f114 00000000
9200f118 00000000
9200f11c 00000000
9200f120 00000000
9200f124 00000000
9200f128 00000000
9200f12c 00000000
9200f130 00000000
9200f134 00000000
9200f138 00000000
9200f13c 00000000
9200f140 00000000
9200f144 00000000
9200f148 00000000
9200f14c 00000000
9200f150 00000000
9200f154 00000000
9200f158 00000000
9200f15c 00000000
9200f160 00000000
9200f164 00000000
9200f168 00000000
9200f16c 00000000
9200f170 00000000
9200f174 00000000
9200f178 00000000
9200f17c 00000000
9200f180 00000000
9200f184 00000000
9200f188 00000000
9200f18c 00000000
9200f190 00000000
9200f194 00000000
9200f198 00000000
9200f19c 00000000
9200f1a0 00000000
9200f1a4 00000000
9200f1a8 00000000
9200f1ac 00000000
9200f1b0 00000000
9200f1b4 00000000
9200f1b8 00000000
9200f1bc 00000000
9200f1c0 00000000
9200f1c4 00000000
9200f1c8 00000000
9200f1cc 00000000
9200f1d0 00000000
9200f1d4 00000000
9200f1d8 00000000
9200f1dc 00000000
9200f1e0 00000000
9200f1e4 00000000
9200f1e8 00000000
9200f1ec 00000000
9200f1f0 00000000
9200f1f4 00000000
9200f1f8 00000000
9200f1fc 00000000
9200f200 00000000
9200f204 00000000
9200f208 00000000
9200f20c 00000000
9200f210 00000000
9200f214 00000000
9200f218 00000000
9200f21c 00000000
9200f220 00000000
9200f224 00000000
9200f228 00000000
9200f22c 00000000
9200f230 00000000
9200f234 00000000
9200f238 00000000
9200f23c 00000000
9200f240 00000000
9200f244 00000000
9200f248 00000000
9200f24c 00000000
9200f250 00000000
9200f254 00000000
9200f258 00000000
9200f25c 00000000
9200f260 00000000
9200f264 00000000
9200f268 00000000
9200f26c 00000000
9200f270 00000000
9200f274 00000000
9200f278 00000000
9200f27c 00000000
9200f280 00000000
9200f284 00000000
9200f288 00000000
9200f28c 00000000
9200f290 00000000
9200f294 00000000
9200f298 00000000
9200f29c 00000000
9200f2a0 00000000
9200f2a4 00000000
9200f2a8 00000000
9200f2ac 00000000
9200f2b0 00000000
9200f2b4 00000000
9200f2b8 00000000
9200f2bc 00000000
9200f2c0 00000000
9200f2c4 00000000
9200f2c8 00000000
9200f2cc 00000000
9200f2d0 00000000
9200f2d4 00000000
9200f2d8 00000000
9200f2dc 00000000
9200f2e0 00000000
9200f2e4 00000000
9200f2e8 00000000
9200f2ec 00000000
9200f2f0 00000000
9200f2f4 00000000
9200f2f8 00000000
9200f2fc 00000000
9200f300 00000000
9200f304 00000000
9200f308 00000000
9200f30c 00000000
9200f310 00000000
9200f314 00000000
9200f318 00000000
9200f31c 00000000
9200f320 00000000
9200f324 00000000
9200f328 00000000
9200f32c 00000000
9200f330 00000000
9200f334 00000000
9200f338 00000000
9200f33c 00000000
9200f340 00000000
9200f344 00000000
9200f348 00000000
9200f34c 00000000
9200f350 00000000
9200f354 00000000
9200f358 00000000
9200f35c 00000000
9200f360 00000000
9200f364 00000000
9200f368 00000000
9200f36c 00000000
9200f370 00000000
9200f374 00000000
9200f378 00000000
9200f37c 00000000
9200f380 00000000
9200f384 00000000
9200f388 00000000
9200f38c 00000000
9200f390 00000000
9200f394 00000000
9200f398 00000000
9200f39c 00000000
9200f3a0 00000000
9200f3a4 00000000
9200f3a8 00000000
9200f3ac 00000000
9200f3b0 00000000
9200f3b4 00000000
9200f3b8 00000000
9200f3bc 00000000
9200f3c0 00000000
9200f3c4 00000000
9200f3c8 00000000
9200f3cc 00000000
9200f3d0 00000000
9200f3d4 00000000
9200f3d8 00000000
9200f3dc 00000000
9200f3e0 00000000
9200f3e4 00000000
9200f3e8 00000000
9200f3ec 00000000
9200f3f0 00000000
9200f3f4 00000000
9200f3f8 00000000
9200f3fc 00000000
9200f400 00000000
9200f404 00000000
9200f408 00000000
9200f40c 00000000
9200f410 00000000
9200f414 00000000
9200f418 00000000
9200f41c 00000000
9200f420 00000000
9200f424 00000000
9200f428 00000000
9200f42c 00000000
9200f430 00000000
9200f434 00000000
9200f438 00000000
9200f43c 00000000
9200f440 00000000
9200f444 00000000
9200f448 00000000
9200f44c 00000000
9200f450 00000000
9200f454 00000000
9200f458 00000000
9200f45c 00000000
9200f460 00000000
9200f464 00000000
9200f468 00000000
9200f46c 00000000
9200f470 00000000
9200f474 00000000
9200f478 00000000
9200f47c 00000000
9200f480 00000000
9200f484 00000000
9200f488 00000000
9200f48c 00000000
9200f490 00000000
9200f494 00000000
9200f498 00000000
9200f49c 00000000
9200f4a0 00000000
9200f4a4 00000000
9200f4a8 00000000
9200f4ac 00000000
9200f4b0 00000000
9200f4b4 00000000
9200f4b8 00000000
9200f4bc 00000000
9200f4c0 00000000
9200f4c4 00000000
9200f4c8 00000000
9200f4cc 00000000
9200f4d0 00000000
9200f4d4 00000000
9200f4d8 00000000
9200f4dc 00000000
9200f4e0 00000000
9200f4e4 00000000
9200f4e8 00000000
9200f4ec 00000000
9200f4f0 00000000
9200f4f4 00000000
9200f4f8 00000000
9200f4fc 00000000
9200f500 00000000
9200f504 00000000
9200f508 00000000
9200f50c 00000000
9200f510 00000000
9200f514 00000000
9200f518 00000000
9200f51c 00000000
9200f520 00000000
9200f524 00000000
9200f528 00000000
9200f52c 00000000
9200f530 00000000
9200f534 00000000
9200f538 00000000
9200f53c 00000000
9200f540 00000000
9200f544 00000000
9200f548 00000000
9200f54c 00000000
9200f550 00000000
9200f554 00000000
9200f558 00000000
9200f55c 00000000
9200f560 00000000
9200f564 00000000
9200f568 00000000
9200f56c 00000000
9200f570 00000000
9200f574 00000000
9200f578 00000000
9200f57c 00000000
9200f580 00000000
9200f584 00000000
9200f588 00000000
9200f58c 00000000
9200f590 00000000
9200f594 00000000
9200f598 00000000
9200f59c 00000000
9200f5a0 00000000
9200f5a4 00000000
9200f5a8 00000000
9200f5ac 00000000
9200f5b0 00000000
9200f5b4 00000000
9200f5b8 00000000
9200f5bc 00000000
9200f5c0 00000000
9200f5c4 00000000
9200f5c8 00000000
9200f5cc 00000000
9200f5d0 00000000
9200f5d4 00000000
9200f5d8 00000000
9200f5dc 00000000
9200f5e0 00000000
9200f5e4 00000000
9200f5e8 00000000
9200f5ec 00000000
9200f5f0 00000000
9200f5f4 00000000
9200f5f8 00000000
9200f5fc 00000000
9200f600 00000000
9200f604 00000000
9200f608 00000000
9200f60c 00000000
9200f610 00000000
9200f614 00000000
9200f618 00000000
9200f61c 00000000
9200f620 00000000
9200f624 00000000
9200f628 00000000
9200f62c 00000000
9200f630 00000000
9200f634 00000000
9200f638 00000000
9200f63c 00000000
9200f640 00000000
9200f644 00000000
9200f648 00000000
9200f64c 00000000
9200f650 00000000
9200f654 00000000
9200f658 00000000
9200f65c 00000000
9200f660 00000000
9200f664 00000000
9200f668 00000000
9200f66c 00000000
9200f670 00000000
9200f674 00000000
9200f678 00000000
9200f67c 00000000
9200f680 00000000
9200f684 00000000
9200f688 00000000
9200f68c 00000000
9200f690 00000000
9200f694 00000000
9200f698 00000000
9200f69c 00000000
9200f6a0 00000000
9200f6a4 00000000
9200f6a8 00000000
9200f6ac 00000000
9200f6b0 00000000
9200f6b4 00000000
9200f6b8 00000000
9200f6bc 00000000
9200f6c0 00000000
9200f6c4 00000000
9200f6c8 00000000
9200f6cc 00000000
9200f6d0 00000000
9200f6d4 00000000
9200f6d8 00000000
9200f6dc 00000000
9200f6e0 00000000
9200f6e4 00000000
9200f6e8 00000000
9200f6ec 00000000
9200f6f0 00000000
9200f6f4 00000000
9200f6f8 00000000
9200f6fc 00000000
9200f700 00000000
9200f704 00000000
9200f708 00000000
9200f70c 00000000
9200f710 00000000
9200f714 00000000
9200f718 00000000
9200f71c 00000000
9200f720 00000000
9200f724 00000000
9200f728 00000000
9200f72c 00000000
9200f730 00000000
9200f734 00000000
9200f738 00000000
9200f73c 00000000
9200f740 00000000
9200f744 00000000
9200f748 00000000
9200f74c 00000000
9200f750 00000000
9200f754 00000000
9200f758 00000000
9200f75c 00000000
9200f760 00000000
9200f764 00000000
9200f768 00000000
9200f76c 00000000
9200f770 00000000
9200f774 00000000
9200f778 00000000
9200f77c 00000000
9200f780 00000000
9200f784 00000000
9200f788 00000000
9200f78c 00000000
9200f790 00000000
9200f794 00000000
9200f798 00000000
9200f79c 00000000
9200f7a0 00000000
9200f7a4 00000000
9200f7a8 00000000
9200f7ac 00000000
9200f7b0 00000000
9200f7b4 00000000
9200f7b8 00000000
9200f7bc 00000000
9200f7c0 00000000
9200f7c4 00000000
9200f7c8 00000000
9200f7cc 00000000
9200f7d0 00000000
9200f7d4 00000000
9200f7d8 00000000
9200f7dc 00000000
9200f7e0 00000000
9200f7e4 00000000
9200f7e8 00000000
9200f7ec 00000000
9200f7f0 00000000
9200f7f4 00000000
9200f7f8 00000000
9200f7fc 00000000
9200f800 00000000
9200f804 00000000
9200f808 00000000
9200f80c 00000000
9200f810 00000000
9200f814 00000000
9200f818 00000000
9200f81c 00000000
9200f820 00000000
9200f824 00000000
9200f828 00000000
9200f82c 00000000
9200f830 00000000
9200f834 00000000
9200f838 00000000
9200f83c 00000000
9200f840 00000000
9200f844 00000000
9200f848 00000000
9200f84c 00000000
9200f850 00000000
9200f854 00000000
9200f858 00000000
9200f85c 00000000
9200f860 00000000
9200f864 00000000
9200f868 00000000
9200f86c 00000000
9200f870 00000000
9200f874 00000000
9200f878 00000000
9200f87c 00000000
9200f880 00000000
9200f884 00000000
9200f888 00000000
9200f88c 00000000
9200f890 00000000
9200f894 00000000
9200f898 00000000
9200f89c 00000000
9200f8a0 00000000
9200f8a4 00000000
9200f8a8 00000000
9200f8ac 00000000
9200f8b0 00000000
9200f8b4 00000000
9200f8b8 00000000
9200f8bc 00000000
9200f8c0 00000000
9200f8c4 00000000
9200f8c8 00000000
9200f8cc 00000000
9200f8d0 00000000
9200f8d4 00000000
9200f8d8 00000000
9200f8dc 00000000
9200f8e0 00000000
9200f8e4 00000000
9200f8e8 00000000
9200f8ec 00000000
9200f8f0 00000000
9200f8f4 00000000
9200f8f8 00000000
9200f8fc 00000000
9200f900 00000000
9200f904 00000000
9200f908 00000000
9200f90c 00000000
9200f910 00000000
9200f914 00000000
9200f918 00000000
9200f91c 00000000
9200f920 00000000
9200f924 00000000
9200f928 00000000
9200f92c 00000000
9200f930 00000000
9200f934 00000000
9200f938 00000000
9200f93c 00000000
9200f940 00000000
9200f944 00000000
9200f948 00000000
9200f94c 00000000
9200f950 00000000
9200f954 00000000
9200f958 00000000
9200f95c 00000000
9200f960 00000000
9200f964 00000000
9200f968 00000000
9200f96c 00000000
9200f970 00000000
9200f974 00000000
9200f978 00000000
9200f97c 00000000
9200f980 00000000
9200f984 00000000
9200f988 00000000
9200f98c 00000000
9200f990 00000000
9200f994 00000000
9200f998 00000000
9200f99c 00000000
9200f9a0 00000000
9200f9a4 00000000
9200f9a8 00000000
9200f9ac 00000000
9200f9b0 00000000
9200f9b4 00000000
9200f9b8 00000000
9200f9bc 00000000
9200f9c0 00000000
9200f9c4 00000000
9200f9c8 00000000
9200f9cc 00000000
9200f9d0 00000000
9200f9d4 00000000
9200f9d8 00000000
9200f9dc 00000000
9200f9e0 00000000
9200f9e4 00000000
9200f9e8 00000000
9200f9ec 00000000
9200f9f0 00000000
9200f9f4 00000000
9200f9f8 00000000
9200f9fc 00000000
9200fa00 00000000
9200fa04 00000000
9200fa08 00000000
9200fa0c 00000000
9200fa10 00000000
9200fa14 00000000
9200fa18 00000000
9200fa1c 00000000
9200fa20 00000000
9200fa24 00000000
9200fa28 00000000
9200fa2c 00000000
9200fa30 00000000
9200fa34 00000000
9200fa38 00000000
9200fa3c 00000000
9200fa40 00000000
9200fa44 00000000
9200fa48 00000000
9200fa4c 00000000
9200fa50 00000000
9200fa54 00000000
9200fa58 00000000
9200fa5c 00000000
9200fa60 00000000
9200fa64 00000000
9200fa68 00000000
9200fa6c 00000000
9200fa70 00000000
9200fa74 00000000
9200fa78 00000000
9200fa7c 00000000
9200fa80 00000000
9200fa84 00000000
9200fa88 00000000
9200fa8c 00000000
9200fa90 00000000
9200fa94 00000000
9200fa98 00000000
9200fa9c 00000000
9200faa0 00000000
9200faa4 00000000
9200faa8 00000000
9200faac 00000000
9200fab0 00000000
9200fab4 00000000
9200fab8 00000000
9200fabc 00000000
9200fac0 00000000
9200fac4 00000000
9200fac8 00000000
9200facc 00000000
9200fad0 00000000
9200fad4 00000000
9200fad8 00000000
9200fadc 00000000
9200fae0 00000000
9200fae4 00000000
9200fae8 00000000
9200faec 00000000
9200faf0 00000000
9200faf4 00000000
9200faf8 00000000
9200fafc 00000000
9200fb00 00000000
9200fb04 00000000
9200fb08 00000000
9200fb0c 00000000
9200fb10 00000000
9200fb14 00000000
9200fb18 00000000
9200fb1c 00000000
9200fb20 00000000
9200fb24 00000000
9200fb28 00000000
9200fb2c 00000000
9200fb30 00000000
9200fb34 00000000
9200fb38 00000000
9200fb3c 00000000
9200fb40 00000000
9200fb44 00000000
9200fb48 00000000
9200fb4c 00000000
9200fb50 00000000
9200fb54 00000000
9200fb58 00000000
9200fb5c 00000000
9200fb60 00000000
9200fb64 00000000
9200fb68 00000000
9200fb6c 00000000
9200fb70 00000000
9200fb74 00000000
9200fb78 00000000
9200fb7c 00000000
9200fb80 00000000
9200fb84 00000000
9200fb88 00000000
9200fb8c 00000000
9200fb90 00000000
9200fb94 00000000
9200fb98 00000000
9200fb9c 00000000
9200fba0 00000000
9200fba4 00000000
9200fba8 00000000
9200fbac 00000000
9200fbb0 00000000
9200fbb4 00000000
9200fbb8 00000000
9200fbbc 00000000
9200fbc0 00000000
9200fbc4 00000000
9200fbc8 00000000
9200fbcc 00000000
9200fbd0 00000000
9200fbd4 00000000
9200fbd8 00000000
9200fbdc 00000000
9200fbe0 00000000
9200fbe4 00000000
9200fbe8 00000000
9200fbec 00000000
9200fbf0 00000000
9200fbf4 00000000
9200fbf8 00000000
9200fbfc 00000000
9200fc00 00000000
9200fc04 00000000
9200fc08 00000000
9200fc0c 00000000
9200fc10 00000000
9200fc14 00000000
9200fc18 00000000
9200fc1c 00000000
9200fc20 00000000
9200fc24 00000000
9200fc28 00000000
9200fc2c 00000000
9200fc30 00000000
9200fc34 00000000
9200fc38 00000000
9200fc3c 00000000
9200fc40 00000000
9200fc44 00000000
9200fc48 00000000
9200fc4c 00000000
9200fc50 00000000
9200fc54 00000000
9200fc58 00000000
9200fc5c 00000000
9200fc60 00000000
9200fc64 00000000
9200fc68 00000000
9200fc6c 00000000
9200fc70 00000000
9200fc74 00000000
9200fc78 00000000
9200fc7c 00000000
9200fc80 00000000
9200fc84 00000000
9200fc88 00000000
9200fc8c 00000000
9200fc90 00000000
9200fc94 00000000
9200fc98 00000000
9200fc9c 00000000
9200fca0 00000000
9200fca4 00000000
9200fca8 00000000
9200fcac 00000000
9200fcb0 00000000
9200fcb4 00000000
9200fcb8 00000000
9200fcbc 00000000
9200fcc0 00000000
9200fcc4 00000000
9200fcc8 00000000
9200fccc 00000000
9200fcd0 00000000
9200fcd4 00000000
9200fcd8 00000000
9200fcdc 00000000
9200fce0 00000000
9200fce4 00000000
9200fce8 00000000
9200fcec 00000000
9200fcf0 00000000
9200fcf4 00000000
9200fcf8 00000000
9200fcfc 00000000
9200fd00 00000000
9200fd04 00000000
9200fd08 00000000
9200fd0c 00000000
9200fd10 00000000
9200fd14 00000000
9200fd18 00000000
9200fd1c 00000000
9200fd20 00000000
9200fd24 00000000
9200fd28 00000000
9200fd2c 00000000
9200fd30 00000000
9200fd34 00000000
9200fd38 00000000
9200fd3c 00000000
9200fd40 00000000
9200fd44 00000000
9200fd48 00000000
9200fd4c 00000000
9200fd50 00000000
9200fd54 00000000
9200fd58 00000000
9200fd5c 00000000
9200fd60 00000000
9200fd64 00000000
9200fd68 00000000
9200fd6c 00000000
9200fd70 00000000
9200fd74 00000000
9200fd78 00000000
9200fd7c 00000000
9200fd80 00000000
9200fd84 00000000
9200fd88 00000000
9200fd8c 00000000
9200fd90 00000000
9200fd94 00000000
9200fd98 00000000
9200fd9c 00000000
9200fda0 00000000
9200fda4 00000000
9200fda8 00000000
9200fdac 00000000
9200fdb0 00000000
9200fdb4 00000000
9200fdb8 00000000
9200fdbc 00000000
9200fdc0 00000000
9200fdc4 00000000
9200fdc8 00000000
9200fdcc 00000000
9200fdd0 00000000
9200fdd4 00000000
9200fdd8 00000000
9200fddc 00000000
9200fde0 00000000
9200fde4 00000000
9200fde8 00000000
9200fdec 00000000
9200fdf0 00000000
9200fdf4 00000000
9200fdf8 00000000
9200fdfc 00000000
9200fe00 00000000
9200fe04 00000000
9200fe08 00000000
9200fe0c 00000000
9200fe10 00000000
9200fe14 00000000
9200fe18 00000000
9200fe1c 00000000
9200fe20 00000000
9200fe24 00000000
9200fe28 00000000
9200fe2c 00000000
9200fe30 00000000
9200fe34 00000000
9200fe38 00000000
9200fe3c 00000000
9200fe40 00000000
9200fe44 00000000
9200fe48 00000000
9200fe4c 00000000
9200fe50 00000000
9200fe54 00000000
9200fe58 00000000
9200fe5c 00000000
9200fe60 00000000
9200fe64 00000000
9200fe68 00000000
9200fe6c 00000000
9200fe70 00000000
9200fe74 00000000
9200fe78 00000000
9200fe7c 00000000
9200fe80 00000000
9200fe84 00000000
9200fe88 00000000
9200fe8c 00000000
9200fe90 00000000
9200fe94 00000000
9200fe98 00000000
9200fe9c 00000000
9200fea0 00000000
9200fea4 00000000
9200fea8 00000000
9200feac 00000000
9200feb0 00000000
9200feb4 00000000
9200feb8 00000000
9200febc 00000000
9200fec0 00000000
9200fec4 00000000
9200fec8 00000000
9200fecc 00000000
9200fed0 00000000
9200fed4 00000000
9200fed8 00000000
9200fedc 00000000
9200fee0 00000000
9200fee4 00000000
9200fee8 00000000
9200feec 00000000
9200fef0 00000000
9200fef4 00000000
9200fef8 00000000
9200fefc 00000000
9200ff00 00000000
9200ff04 00000000
9200ff08 00000000
9200ff0c 00000000
9200ff10 00000000
9200ff14 00000000
9200ff18 00000000
9200ff1c 00000000
9200ff20 00000000
9200ff24 00000000
9200ff28 00000000
9200ff2c 00000000
9200ff30 00000000
9200ff34 00000000
9200ff38 00000000
9200ff3c 00000000
9200ff40 00000000
9200ff44 00000000
9200ff48 00000000
9200ff4c 00000000
9200ff50 00000000
9200ff54 00000000
9200ff58 00000000
9200ff5c 00000000
9200ff60 00000000
9200ff64 00000000
9200ff68 00000000
9200ff6c 00000000
9200ff70 00000000
9200ff74 00000000
9200ff78 00000000
9200ff7c 00000000
9200ff80 00000000
9200ff84 00000000
9200ff88 00000000
9200ff8c 00000000
9200ff90 00000000
9200ff94 00000000
9200ff98 00000000
9200ff9c 00000000
9200ffa0 00000000
9200ffa4 00000000
9200ffa8 00000000
9200ffac 00000000
9200ffb0 00000000
9200ffb4 00000000
9200ffb8 00000000
9200ffbc 00000000
9200ffc0 00000000
9200ffc4 00000000
9200ffc8 00000000
9200ffcc 00000000
9200ffd0 00000000
9200ffd4 00000000
9200ffd8 00000000
9200ffdc 00000000
9200ffe0 00000000
9200ffe4 00000000
9200ffe8 00000000
9200ffec 00000000
9200fff0 00000000
9200fff4 00000000
9200fff8 00000000
9200fffc 00000000
